method,policy,epoch,elapsed_s,elapsed_min,replan_epoch,traffic_state,traffic_change,center_bins,affected_edges,peak_tt_multiplier,speed_multiplier,recovery_progress,network_speed_kmh,sim_hour,remaining_bins_before,served_bins_epoch,remaining_bins_after,epoch_energy_kwh,epoch_energy_per_served_bin_kwh,cumulative_energy_kwh,epoch_operating_s,cumulative_operating_s,oracle_runtime_s,solver_runtime_s,planning_runtime_s,cumulative_planning_runtime_s,compute_wait_aux_energy_kwh,cumulative_compute_wait_aux_energy_kwh,latency_adjusted_energy_kwh,latency_adjusted_time_s,planned_remaining_energy_kwh,planned_remaining_makespan_s,incumbent_plan_energy_kwh,candidate_plan_energy_kwh,candidate_energy_improvement_kwh,replan_attempted,replan_accepted,acceptance_reason,candidate_next_choice_changes,candidate_reassigned_bins,next_choice_changes,reassigned_bins,traversed_edges,disrupted_edges_traversed,disrupted_edge_share,min_battery_kwh,max_payload_kg,returned_to_depot,converged,rounds,replanned,active_planning_vehicles,vehicles_still_requiring_first_service
proposed,adaptive,0,0.0,0.0,0,hourly_linear,interpolating,,0,1.0,1.0,0.0,30.174448413430188,12.0,84,0,84,23.380705729925406,23.380705729925406,23.380705729925406,60.0,60.0,14.402112999930978,853.226403699955,867.628516699886,867.628516699886,0.0,0.0,23.380705729925406,60.0,168.72990592054177,2767.4177602893296,,,,False,False,initial_plan,0,0,0,0,105,0,0.0,176.47672468520423,0.0,False,,,True,10,10
proposed,adaptive,1,60.0,1.0,0,hourly_linear,interpolating,,0,1.0,1.0,0.016666666666666666,30.206396594963294,12.016666666666667,84,0,84,7.143057880459665,7.143057880459665,30.52376361038507,60.0,120.0,0.0,0.0,0.0,867.628516699886,0.0,0.0,30.52376361038507,120.0,144.78107441065944,2706.4560644484663,,,,False,False,not_attempted,0,0,0,0,113,0,0.0,175.7251226551207,0.0,False,,,False,10,10
proposed,adaptive,2,120.0,2.0,0,hourly_linear,interpolating,,0,1.0,1.0,0.03333333333333333,30.238412500560123,12.033333333333333,84,1,83,5.6408559788512305,5.6408559788512305,36.1646195892363,60.0,180.0,0.0,0.0,0.0,867.628516699886,0.0,0.0,36.1646195892363,180.0,136.4944636991991,2646.5689640022147,,,,False,False,not_attempted,0,0,0,0,59,0,0.0,174.946826553161,95.0,False,,,False,8,9
proposed,adaptive,3,180.0,3.0,0,hourly_linear,interpolating,,0,1.0,1.0,0.05,30.270496345792353,12.05,83,4,79,3.882586861726989,0.9706467154317473,40.047206450963294,60.0,240.0,0.0,0.0,0.0,867.628516699886,0.0,0.0,40.047206450963294,240.0,131.84885582038578,2587.080713440878,,,,False,False,not_attempted,0,0,0,0,45,0,0.0,174.26849223230155,205.0,False,,,False,8,5
proposed,adaptive,4,240.0,4.0,0,hourly_linear,interpolating,,0,1.0,1.0,0.06666666666666667,30.30264834714753,12.066666666666666,79,0,79,5.343856021059563,5.343856021059563,45.39106247202286,60.0,300.0,0.0,0.0,0.0,867.628516699886,0.0,0.0,45.39106247202286,300.0,127.36344884890332,2527.743573437885,,,,False,False,not_attempted,0,0,0,0,40,0,0.0,173.1258451697553,205.0,False,,,False,7,5
proposed,adaptive,5,300.0,5.0,1,hourly_linear,interpolating,,0,1.0,1.0,0.08333333333333333,30.334868722033978,12.083333333333334,79,3,76,3.7535819923424394,1.2511939974474797,49.1446444643653,60.0,360.0,13.372222899924964,455.99619049998,469.36841339990497,1336.996930099791,0.0,0.0,49.1446444643653,360.0,122.42949741297201,2429.6737116688482,122.42949741297201,132.60229755562517,-10.17280014265316,True,False,incumbent_not_worse,4,41,0,0,29,0,0.0,171.86034420376987,396.0,False,False,32.0,True,7,4
proposed,adaptive,6,360.0,6.0,1,hourly_linear,interpolating,,0,1.0,1.0,0.1,30.367157688785635,12.1,76,1,75,1.6772534181307521,1.6772534181307521,50.82189788249605,60.0,420.0,0.0,0.0,0.0,1336.996930099791,0.0,0.0,50.82189788249605,420.0,118.37056125610759,2413.329172872771,,,,False,False,not_attempted,0,0,0,0,13,0,0.0,171.76701087043654,396.0,False,,,False,7,3
proposed,adaptive,7,420.0,7.0,1,hourly_linear,interpolating,,0,1.0,1.0,0.11666666666666667,30.39951546666707,12.116666666666667,75,4,71,5.979004178467981,1.4947510446169952,56.800902060964034,60.0,480.0,0.0,0.0,0.0,1336.996930099791,0.0,0.0,56.800902060964034,480.0,117.05630320831125,2255.899956309712,,,,False,False,not_attempted,0,0,0,0,39,0,0.0,169.2338378597761,430.0,False,,,False,7,1
proposed,adaptive,8,480.0,8.0,1,hourly_linear,interpolating,,0,1.0,1.0,0.13333333333333333,30.431942275878352,12.133333333333333,71,1,70,4.071103032267132,4.071103032267132,60.87200509323117,60.0,540.0,0.0,0.0,0.0,1336.996930099791,0.0,0.0,60.87200509323117,540.0,111.01848540041544,2258.5908624897606,,,,False,False,not_attempted,0,0,0,0,28,0,0.0,167.68363049271744,430.0,False,,,False,7,1
proposed,adaptive,9,540.0,9.0,1,hourly_linear,interpolating,,0,1.0,1.0,0.15,30.464438337560132,12.15,70,1,69,0.8863004709403166,0.8863004709403166,61.758305564171486,60.0,600.0,0.0,0.0,0.0,1336.996930099791,0.0,0.0,61.758305564171486,600.0,106.94607480119016,2242.7757862415137,,,,False,False,not_attempted,0,0,0,0,1,0,0.0,167.5902971593841,487.0,False,,,False,7,1
proposed,adaptive,10,600.0,10.0,2,hourly_linear,interpolating,,0,1.0,1.0,0.16666666666666666,30.497003873798615,12.166666666666666,69,3,66,2.304425077969464,0.768141692656488,64.06273064214095,60.0,660.0,13.988478199811652,230.36415229993872,244.35263049975038,1581.3495605995413,0.0,0.0,64.06273064214095,660.0,106.54501570160163,2130.3940271792703,106.54501570160163,120.18391587907756,-13.638900177475932,True,False,incumbent_not_worse,5,46,0,0,22,0,0.0,166.98067168788629,647.0,False,False,32.0,True,7,1
proposed,adaptive,11,660.0,11.0,2,hourly_linear,interpolating,,0,1.0,1.0,0.18333333333333332,30.52963910763063,12.183333333333334,66,2,64,4.951047309405706,2.475523654702853,69.01377795154666,60.0,720.0,0.0,0.0,0.0,1581.3495605995413,0.0,0.0,69.01377795154666,720.0,104.19263650089835,2128.0025043082987,,,,False,False,not_attempted,0,0,0,0,58,0,0.0,165.72747843215717,647.0,False,,,False,7,1
proposed,adaptive,12,720.0,12.0,2,hourly_linear,interpolating,,0,1.0,1.0,0.2,30.562344263048733,12.2,64,2,62,3.441864249219696,1.720932124609848,72.45564220076635,60.0,780.0,0.0,0.0,0.0,1581.3495605995413,0.0,0.0,72.45564220076635,780.0,99.20865655990545,2075.25938331832,,,,False,False,not_attempted,0,0,0,0,22,0,0.0,165.25697348906098,713.0,False,,,False,7,0
proposed,adaptive,13,780.0,13.0,2,hourly_linear,interpolating,,0,1.0,1.0,0.21666666666666667,30.59511956500633,12.216666666666667,62,2,60,2.2119634098232845,1.1059817049116423,74.66760561058963,60.0,840.0,0.0,0.0,0.0,1581.3495605995413,0.0,0.0,74.66760561058963,840.0,95.0927754571855,1939.4999783209503,,,,False,False,not_attempted,0,0,0,0,10,0,0.0,165.16364015572765,787.0,False,,,False,7,0
proposed,adaptive,14,840.0,14.0,2,hourly_linear,interpolating,,0,1.0,1.0,0.23333333333333334,30.627965239422828,12.233333333333333,60,3,57,2.82314431511206,0.9410481050373534,77.49074992570169,60.0,900.0,0.0,0.0,0.0,1581.3495605995413,0.0,0.0,77.49074992570169,900.0,93.57015116829731,1941.8447053992252,,,,False,False,not_attempted,0,0,0,0,29,0,0.0,164.31288432467468,820.0,False,,,False,7,0
proposed,adaptive,15,900.0,15.0,3,hourly_linear,interpolating,,0,1.0,1.0,0.25,30.66088151318881,12.25,57,2,55,3.5896740402244625,1.7948370201122312,81.08042396592616,60.0,960.0,11.157035699812695,213.65998120000586,224.81701689981855,1806.1665774993598,0.0,0.0,81.08042396592616,960.0,90.75865487168795,1902.1425753662531,90.75865487168795,94.77976166008587,-4.0211067883979155,True,False,incumbent_not_worse,4,27,0,0,38,0,0.0,164.21955099134135,905.0,False,True,26.0,True,7,0
proposed,adaptive,16,960.0,16.0,3,hourly_linear,interpolating,,0,1.0,1.0,0.26666666666666666,30.693868614171308,12.266666666666667,55,2,53,3.574367257642037,1.7871836288210186,84.6547912235682,60.0,1020.0,0.0,0.0,0.0,1806.1665774993598,0.0,0.0,84.6547912235682,1020.0,87.0584343754476,1809.4070730315511,,,,False,False,not_attempted,0,0,0,0,41,0,0.0,163.25695093329847,905.0,False,,,False,7,0
proposed,adaptive,17,1020.0,17.0,3,hourly_linear,interpolating,,0,1.0,1.0,0.2833333333333333,30.726926771219016,12.283333333333333,53,2,51,2.7168202802993693,1.3584101401496846,87.37161150386757,60.0,1080.0,0.0,0.0,0.0,1806.1665774993598,0.0,0.0,87.37161150386757,1080.0,82.46162734453065,1765.159485640049,,,,False,False,not_attempted,0,0,0,0,29,0,0.0,162.28483745321063,977.0,False,,,False,7,0
proposed,adaptive,18,1080.0,18.0,3,hourly_linear,interpolating,,0,1.0,1.0,0.3,30.760056214167587,12.3,51,3,48,4.098770550072483,1.366256850024161,91.47038205394006,60.0,1140.0,0.0,0.0,0.0,1806.1665774993598,0.0,0.0,91.47038205394006,1140.0,80.52846583861077,1689.166850006479,,,,False,False,not_attempted,0,0,0,0,47,0,0.0,162.1915041198773,1119.0,False,,,False,7,0
proposed,adaptive,19,1140.0,19.0,3,hourly_linear,interpolating,,0,1.0,1.0,0.31666666666666665,30.793257173844985,12.316666666666666,48,1,47,4.2499215735780504,4.2499215735780504,95.7203036275181,60.0,1200.0,0.0,0.0,0.0,1806.1665774993598,0.0,0.0,95.7203036275181,1200.0,76.21506753071351,1547.3064784179453,,,,False,False,not_attempted,0,0,0,0,33,0,0.0,160.26961393240381,1119.0,False,,,False,7,0
proposed,adaptive,20,1200.0,20.0,4,hourly_linear,interpolating,,0,1.0,1.0,0.3333333333333333,30.826529882076823,12.333333333333334,47,2,45,2.356870383348992,1.178435191674496,98.0771740108671,60.0,1260.0,14.279542800039053,177.8176567000337,192.09719950007275,1998.2637769994326,0.0,0.0,98.0771740108671,1260.0,72.07632121951649,1512.7423450790686,72.07632121951649,73.42793633259555,-1.3516151130790632,True,False,incumbent_not_worse,2,13,0,0,33,0,0.0,159.51466688142852,1208.0,False,True,27.0,True,7,0
proposed,adaptive,21,1260.0,21.0,4,hourly_linear,interpolating,,0,1.0,1.0,0.35,30.859874571691766,12.35,45,1,44,2.6671673553530653,2.6671673553530653,100.74434136622017,60.0,1320.0,0.0,0.0,0.0,1998.2637769994326,0.0,0.0,100.74434136622017,1320.0,69.40811384721829,1500.2171846031538,,,,False,False,not_attempted,0,0,0,0,36,0,0.0,159.4213335480952,1294.0,False,,,False,7,0
proposed,adaptive,22,1320.0,22.0,4,hourly_linear,interpolating,,0,1.0,1.0,0.36666666666666664,30.89329147652697,12.366666666666667,44,3,41,3.1597199376597187,1.0532399792199063,103.90406130387989,60.0,1380.0,0.0,0.0,0.0,1998.2637769994326,0.0,0.0,103.90406130387989,1380.0,67.068255391875,1443.355107370425,,,,False,False,not_attempted,0,0,0,0,35,0,0.0,159.30565622289032,1294.0,False,,,False,7,0
proposed,adaptive,23,1380.0,23.0,4,hourly_linear,interpolating,,0,1.0,1.0,0.38333333333333336,30.92678083143352,12.383333333333333,41,1,40,2.9414411709290778,2.9414411709290778,106.84550247480897,60.0,1440.0,0.0,0.0,0.0,1998.2637769994326,0.0,0.0,106.84550247480897,1440.0,63.84512300611339,1412.8353900941863,,,,False,False,not_attempted,0,0,0,0,37,0,0.0,158.02685082327102,1367.0,False,,,False,7,0
proposed,adaptive,24,1440.0,24.0,4,hourly_linear,interpolating,,0,1.0,1.0,0.4,30.960342872281974,12.4,40,3,37,2.306920703509612,0.7689735678365374,109.15242317831859,60.0,1500.0,0.0,0.0,0.0,1998.2637769994326,0.0,0.0,109.15242317831859,1500.0,60.96793744957506,1370.853741158901,,,,False,False,not_attempted,0,0,0,0,25,0,0.0,157.93351748993769,1367.0,False,,,False,7,0
proposed,adaptive,25,1500.0,25.0,5,hourly_linear,interpolating,,0,1.0,1.0,0.4166666666666667,30.993944051169926,12.416666666666666,37,1,36,3.393764593684883,3.393764593684883,112.54618777200346,60.0,1560.0,12.51418359996751,124.13982750009745,136.65401110006496,2134.9177880994976,0.0,0.0,112.54618777200346,1560.0,57.93102749984424,1205.3862842755063,57.93102749984424,61.94460531040866,-4.013577810564421,True,False,incumbent_not_worse,1,10,0,0,7,0,0.0,157.44913552422602,1367.0,False,False,32.0,True,6,0
proposed,adaptive,26,1560.0,26.0,5,hourly_linear,interpolating,,0,1.0,1.0,0.43333333333333335,31.02760425688384,12.433333333333334,36,5,31,3.454184180638071,0.6908368361276142,116.00037195264153,60.0,1620.0,0.0,0.0,0.0,2134.9177880994976,0.0,0.0,116.00037195264153,1620.0,55.044855296243746,1205.948854532025,,,,False,False,not_attempted,0,0,0,0,48,0,0.0,157.1750521238328,1513.0,False,,,False,6,0
proposed,adaptive,27,1620.0,27.0,5,hourly_linear,interpolating,,0,1.0,1.0,0.45,31.061337653751583,12.45,31,0,31,1.6202895343395314,1.6202895343395314,117.62066148698106,60.0,1680.0,0.0,0.0,0.0,2134.9177880994976,0.0,0.0,117.62066148698106,1680.0,51.63750378999981,1194.5235571349285,,,,False,False,not_attempted,0,0,0,0,26,0,0.0,157.08171879049948,1513.0,False,,,False,6,0
proposed,adaptive,28,1680.0,28.0,5,hourly_linear,interpolating,,0,1.0,1.0,0.4666666666666667,31.095144480754556,12.466666666666667,31,3,28,2.3330615091527522,0.7776871697175841,119.95372299613382,60.0,1740.0,0.0,0.0,0.0,2134.9177880994976,0.0,0.0,119.95372299613382,1740.0,50.02476047091512,1045.3700213151485,,,,False,False,not_attempted,0,0,0,0,31,0,0.0,156.5085587756793,1513.0,False,,,False,6,0
proposed,adaptive,29,1740.0,29.0,5,hourly_linear,interpolating,,0,1.0,1.0,0.48333333333333334,31.12902497791571,12.483333333333333,28,2,26,1.3063333842631932,0.6531666921315966,121.26005638039702,60.0,1800.0,0.0,0.0,0.0,2134.9177880994976,0.0,0.0,121.26005638039702,1800.0,47.7997652437091,1045.9258288565045,,,,False,False,not_attempted,0,0,0,0,16,0,0.0,156.38952388130207,1513.0,False,,,False,6,0
proposed,adaptive,30,1800.0,30.0,6,hourly_linear,interpolating,,0,1.0,1.0,0.5,31.162979386305228,12.5,26,1,25,1.2559406813500642,1.2559406813500642,122.51599706174709,60.0,1860.0,12.596749000018463,115.24366719997488,127.84041619999334,2262.758204299491,0.0,0.0,122.51599706174709,1860.0,46.16439708318416,1010.797303524623,46.16439708318416,50.26227859260799,-4.097881509423829,True,False,incumbent_not_worse,2,10,0,0,8,0,0.0,156.29619054796873,1607.0,False,True,20.0,True,6,0
proposed,adaptive,31,1860.0,31.0,6,hourly_linear,interpolating,,0,1.0,1.0,0.5166666666666667,31.197007948046263,12.516666666666667,25,3,22,2.273553456179409,0.757851152059803,124.7895505179265,60.0,1920.0,0.0,0.0,0.0,2262.758204299491,0.0,0.0,124.7895505179265,1920.0,45.208359626167585,899.2149169871772,,,,False,False,not_attempted,0,0,0,0,33,0,0.0,156.09539549144998,1607.0,False,,,False,6,0
proposed,adaptive,32,1920.0,32.0,6,hourly_linear,interpolating,,0,1.0,1.0,0.5333333333333333,31.23111090632065,12.533333333333333,22,1,21,1.4167028644721513,1.4167028644721513,126.20625338239866,60.0,1980.0,0.0,0.0,0.0,2262.758204299491,0.0,0.0,126.20625338239866,1980.0,42.52949028926653,888.5397272070436,,,,False,False,not_attempted,0,0,0,0,20,0,0.0,156.00206215811664,1607.0,False,,,False,6,0
proposed,adaptive,33,1980.0,33.0,6,hourly_linear,interpolating,,0,1.0,1.0,0.55,31.265288505374734,12.55,21,4,17,2.412252170791877,0.6030630426979693,128.61850555319054,60.0,2040.0,0.0,0.0,0.0,2262.758204299491,0.0,0.0,128.61850555319054,2040.0,41.34985855136344,837.131278279634,,,,False,False,not_attempted,0,0,0,0,35,0,0.0,155.51948462323253,1607.0,False,,,False,5,0
proposed,adaptive,34,2040.0,34.0,6,hourly_linear,interpolating,,0,1.0,1.0,0.5666666666666667,31.2995409905252,12.566666666666666,17,1,16,2.749738695519714,2.749738695519714,131.36824424871025,60.0,2100.0,0.0,0.0,0.0,2262.758204299491,0.0,0.0,131.36824424871025,2100.0,38.77778301412493,724.0545832328203,,,,False,False,not_attempted,0,0,0,0,19,0,0.0,153.96009886036634,1846.0,False,,,False,5,0
proposed,adaptive,35,2100.0,35.0,7,hourly_linear,interpolating,,0,1.0,1.0,0.5833333333333334,31.333868608164906,12.583333333333334,16,2,14,3.429253967094634,1.714626983547317,134.7974982158049,60.0,2160.0,13.048803700134158,15.817728699883446,28.866532400017604,2291.6247366995085,0.0,0.0,134.7974982158049,2160.0,35.812872921884775,717.7565333239705,35.88793512841111,35.812872921884775,0.07506220652633289,True,True,lower_residual_energy,0,1,0,1,22,0,0.0,151.8840313135515,1846.0,False,True,26.0,True,5,0
proposed,adaptive,36,2160.0,36.0,7,hourly_linear,interpolating,,0,1.0,1.0,0.6,31.36827160576884,12.6,14,2,12,3.6208926210897845,1.8104463105448922,138.41839083689467,60.0,2220.0,0.0,0.0,0.0,2291.6247366995085,0.0,0.0,138.41839083689467,2220.0,32.553424434893294,717.4330273266028,,,,False,False,not_attempted,0,0,0,0,43,0,0.0,151.3019101890994,1846.0,False,,,False,5,0
proposed,adaptive,37,2220.0,37.0,7,hourly_linear,interpolating,,0,1.0,1.0,0.6166666666666667,31.40275023190004,12.616666666666667,12,0,12,0.9717557491607705,0.9717557491607705,139.39014658605544,60.0,2280.0,0.0,0.0,0.0,2291.6247366995085,0.0,0.0,139.39014658605544,2280.0,28.80046489533294,653.8345383366692,,,,False,False,not_attempted,0,0,0,0,18,0,0.0,151.25465965135135,1846.0,False,,,False,5,0
proposed,adaptive,38,2280.0,38.0,7,hourly_linear,interpolating,,0,1.0,1.0,0.6333333333333333,31.43730473621558,12.633333333333333,12,2,10,2.343304574523089,1.1716522872615445,141.73345116057854,60.0,2340.0,0.0,0.0,0.0,2291.6247366995085,0.0,0.0,141.73345116057854,2340.0,27.861924677054077,523.1962016513612,,,,False,False,not_attempted,0,0,0,0,20,0,0.0,151.0664832589048,1846.0,False,,,False,5,0
proposed,adaptive,39,2340.0,39.0,7,hourly_linear,interpolating,,0,1.0,1.0,0.65,31.471935369472607,12.65,10,1,9,0.7445844719646557,0.7445844719646557,142.4780356325432,60.0,2400.0,0.0,0.0,0.0,2291.6247366995085,0.0,0.0,142.4780356325432,2400.0,25.12619772394004,520.989128991644,,,,False,False,not_attempted,0,0,0,0,8,0,0.0,150.95365885401986,1846.0,False,,,False,3,0
proposed,adaptive,40,2400.0,40.0,8,hourly_linear,interpolating,,0,1.0,1.0,0.6666666666666666,31.506642383534384,12.666666666666666,9,3,6,0.886836699521419,0.2956122331738063,143.3648723320646,60.0,2460.0,13.303730100160465,14.449382799910381,27.753112900070846,2319.3778495995793,0.0,0.0,143.3648723320646,2460.0,24.54619982280292,483.1419703505747,24.546199822802922,24.54619982280292,3.552713678800501e-15,True,False,incumbent_not_worse,0,0,0,0,2,0,0.0,150.86032552068653,1929.0,False,True,21.0,True,2,0
proposed,adaptive,41,2460.0,41.0,8,hourly_linear,interpolating,,0,1.0,1.0,0.6833333333333333,31.541426031376442,12.683333333333334,6,1,5,1.5691067346600052,1.5691067346600052,144.93397906672462,60.0,2520.0,0.0,0.0,0.0,2319.3778495995793,0.0,0.0,144.93397906672462,2520.0,23.43963527146869,361.30720630798544,,,,False,False,not_attempted,0,0,0,0,3,0,0.0,150.85433298944739,1929.0,False,,,False,2,0
proposed,adaptive,42,2520.0,42.0,8,hourly_linear,interpolating,,0,1.0,1.0,0.7,31.57628656709267,12.7,5,1,4,0.6542433042247362,0.6542433042247362,145.58822237094935,60.0,2580.0,0.0,0.0,0.0,2319.3778495995793,0.0,0.0,145.58822237094935,2580.0,22.171605783811028,361.0620943095181,,,,False,False,not_attempted,0,0,0,0,10,0,0.0,150.85433298944739,1929.0,False,,,False,2,0
proposed,adaptive,43,2580.0,43.0,8,hourly_linear,interpolating,,0,1.0,1.0,0.7166666666666667,31.611224245901536,12.716666666666667,4,1,3,0.8027671912075072,0.8027671912075072,146.39098956215685,60.0,2640.0,0.0,0.0,0.0,2319.3778495995793,0.0,0.0,146.39098956215685,2640.0,21.414901211847475,230.9396395941904,,,,False,False,not_attempted,0,0,0,0,6,0,0.0,150.85433298944739,1929.0,False,,,False,2,0
proposed,adaptive,44,2640.0,44.0,8,hourly_linear,interpolating,,0,1.0,1.0,0.7333333333333333,31.64623932415231,12.733333333333333,3,1,2,2.0764372473219015,2.0764372473219015,148.46742680947875,60.0,2700.0,0.0,0.0,0.0,2319.3778495995793,0.0,0.0,148.46742680947875,2700.0,20.670706115863094,208.3798804995339,,,,False,False,not_attempted,0,0,0,0,8,0,0.0,150.85433298944739,1929.0,False,,,False,2,0
proposed,adaptive,45,2700.0,45.0,9,hourly_linear,interpolating,,0,1.0,1.0,0.75,31.681332059331346,12.75,2,0,2,0.18666666666666665,0.18666666666666665,148.65409347614542,60.0,2760.0,0.0,0.0,0.0,2319.3778495995793,0.0,0.0,148.65409347614542,2760.0,18.29140017168898,208.06549341496753,,,,False,False,not_attempted,0,0,0,0,0,0,0.0,150.85433298944739,1929.0,False,,,False,0,0
proposed,adaptive,46,2760.0,46.0,9,hourly_linear,interpolating,,0,1.0,1.0,0.7666666666666667,31.716502710068355,12.766666666666667,2,2,0,18.329145796358073,9.164572898179037,166.9832392725035,261.1708674980358,3021.170867498036,0.0,0.0,0.0,2319.3778495995793,0.0,0.0,166.9832392725035,3021.170867498036,18.247991165808248,207.75110633040114,,,,False,False,not_attempted,0,0,0,0,154,0,0.0,148.19870593979974,1929.0,True,,,False,0,0
nn,adaptive,0,0.0,0.0,0,hourly_linear,interpolating,,0,1.0,1.0,0.0,30.174448413430188,12.0,84,0,84,21.820413106824226,21.820413106824226,21.820413106824226,60.0,60.0,12.799356800038368,0.26138690020889044,13.060743700247258,13.060743700247258,0.0,0.0,21.820413106824226,60.0,211.10304995364461,3267.907867428107,,,,False,False,initial_plan,0,0,0,0,111,0,0.0,177.0238692788932,0.0,False,,,True,10,10
nn,adaptive,1,60.0,1.0,0,hourly_linear,interpolating,,0,1.0,1.0,0.016666666666666666,30.206396594963294,12.016666666666667,84,0,84,3.280372899210011,3.280372899210011,25.100786006034237,60.0,120.0,0.0,0.0,0.0,13.060743700247258,0.0,0.0,25.100786006034237,120.0,188.4392997688085,3194.879624726832,,,,False,False,not_attempted,0,0,0,0,24,0,0.0,176.89858221523264,0.0,False,,,False,9,10
nn,adaptive,2,120.0,2.0,0,hourly_linear,interpolating,,0,1.0,1.0,0.03333333333333333,30.238412500560123,12.033333333333333,84,4,80,0.8997416060597612,0.2249354015149403,26.000527612093997,60.0,180.0,0.0,0.0,0.0,13.060743700247258,0.0,0.0,26.000527612093997,180.0,185.0616426774026,3031.788915654829,,,,False,False,not_attempted,0,0,0,0,3,0,0.0,176.8052488818993,230.0,False,,,False,9,6
nn,adaptive,3,180.0,3.0,0,hourly_linear,interpolating,,0,1.0,1.0,0.05,30.270496345792353,12.05,80,6,74,5.57207865212019,0.928679775353365,31.572606264214187,60.0,240.0,0.0,0.0,0.0,13.060743700247258,0.0,0.0,31.572606264214187,240.0,183.82859021557516,3026.210643054388,,,,False,False,not_attempted,0,0,0,0,49,0,0.0,176.07032111562836,230.0,False,,,False,9,0
nn,adaptive,4,240.0,4.0,0,hourly_linear,interpolating,,0,1.0,1.0,0.06666666666666667,30.30264834714753,12.066666666666666,74,0,74,4.917150536625637,4.917150536625637,36.48975680083982,60.0,300.0,0.0,0.0,0.0,13.060743700247258,0.0,0.0,36.48975680083982,300.0,178.58844865708326,2991.3002563396058,,,,False,False,not_attempted,0,0,0,0,52,0,0.0,174.79067483193234,230.0,False,,,False,9,0
nn,adaptive,5,300.0,5.0,1,hourly_linear,interpolating,,0,1.0,1.0,0.08333333333333333,30.334868722033978,12.083333333333334,74,3,71,5.186212221411006,1.728737407137002,41.675969022250825,60.0,360.0,14.179969100048766,0.19705340010114014,14.377022500149906,27.437766200397164,0.0,0.0,41.675969022250825,360.0,174.2266607905974,2945.9093631979654,174.2266607905974,185.11513617445917,-10.88847538386176,True,False,incumbent_not_worse,3,27,0,0,36,0,0.0,174.0037256022152,469.0,False,,,True,9,0
nn,adaptive,6,360.0,6.0,1,hourly_linear,interpolating,,0,1.0,1.0,0.1,30.367157688785635,12.1,71,3,68,7.961460237613471,2.65382007920449,49.6374292598643,60.0,420.0,0.0,0.0,0.0,27.437766200397164,0.0,0.0,49.6374292598643,420.0,168.66002236518543,2931.5694916948655,,,,False,False,not_attempted,0,0,0,0,85,0,0.0,172.00340040011523,469.0,False,,,False,8,0
nn,adaptive,7,420.0,7.0,1,hourly_linear,interpolating,,0,1.0,1.0,0.11666666666666667,30.39951546666707,12.116666666666667,68,1,67,3.3359777037685006,3.3359777037685006,52.9734069636328,60.0,480.0,0.0,0.0,0.0,27.437766200397164,0.0,0.0,52.9734069636328,480.0,161.17601710102048,2765.165026192062,,,,False,False,not_attempted,0,0,0,0,39,0,0.0,170.61290494686887,469.0,False,,,False,8,0
nn,adaptive,8,480.0,8.0,1,hourly_linear,interpolating,,0,1.0,1.0,0.13333333333333333,30.431942275878352,12.133333333333333,67,2,65,2.3219879795406766,1.1609939897703383,55.29539494317348,60.0,540.0,0.0,0.0,0.0,27.437766200397164,0.0,0.0,55.29539494317348,540.0,157.66138746051288,2763.9898270866515,,,,False,False,not_attempted,0,0,0,0,27,0,0.0,170.25260403422294,615.0,False,,,False,8,0
nn,adaptive,9,540.0,9.0,1,hourly_linear,interpolating,,0,1.0,1.0,0.15,30.464438337560132,12.15,65,4,61,4.625074615924348,1.156268653981087,59.920469559097825,60.0,600.0,0.0,0.0,0.0,27.437766200397164,0.0,0.0,59.920469559097825,600.0,155.47423563719448,2742.1111313039037,,,,False,False,not_attempted,0,0,0,0,50,0,0.0,170.1592707008896,615.0,False,,,False,7,0
nn,adaptive,10,600.0,10.0,2,hourly_linear,interpolating,,0,1.0,1.0,0.16666666666666666,30.497003873798615,12.166666666666666,61,2,59,2.05752938894111,1.028764694470555,61.97799894803894,60.0,660.0,12.650349600007758,0.11244870000518858,12.762798300012946,40.20056450041011,0.0,0.0,61.97799894803894,660.0,150.78878796958998,2674.3106855739597,150.78878796958998,158.20569089656985,-7.416902926979873,True,False,incumbent_not_worse,7,35,0,0,23,0,0.0,170.12676464226442,733.0,False,,,True,7,0
nn,adaptive,11,660.0,11.0,2,hourly_linear,interpolating,,0,1.0,1.0,0.18333333333333332,30.52963910763063,12.183333333333334,59,4,55,3.164624206133979,0.7911560515334948,65.14262315417292,60.0,720.0,0.0,0.0,0.0,40.20056450041011,0.0,0.0,65.14262315417292,720.0,149.25669258375532,2626.4234166648566,,,,False,False,not_attempted,0,0,0,0,54,0,0.0,170.12676464226442,733.0,False,,,False,7,0
nn,adaptive,12,720.0,12.0,2,hourly_linear,interpolating,,0,1.0,1.0,0.2,30.562344263048733,12.2,55,0,55,5.342973476166895,5.342973476166895,70.48559663033981,60.0,780.0,0.0,0.0,0.0,40.20056450041011,0.0,0.0,70.48559663033981,780.0,145.74591687386928,2566.4727146934492,,,,False,False,not_attempted,0,0,0,0,59,0,0.0,170.12676464226442,733.0,False,,,False,7,0
nn,adaptive,13,780.0,13.0,2,hourly_linear,interpolating,,0,1.0,1.0,0.21666666666666667,30.59511956500633,12.216666666666667,55,2,53,2.852475854821611,1.4262379274108055,73.33807248516142,60.0,840.0,0.0,0.0,0.0,40.20056450041011,0.0,0.0,73.33807248516142,840.0,140.65942468268943,2497.010286653601,,,,False,False,not_attempted,0,0,0,0,39,0,0.0,170.12676464226442,763.0,False,,,False,7,0
nn,adaptive,14,840.0,14.0,2,hourly_linear,interpolating,,0,1.0,1.0,0.23333333333333334,30.627965239422828,12.233333333333333,53,1,52,2.312852649031416,2.312852649031416,75.65092513419283,60.0,900.0,0.0,0.0,0.0,40.20056450041011,0.0,0.0,75.65092513419283,900.0,137.70675993570921,2376.1500862088687,,,,False,False,not_attempted,0,0,0,0,36,0,0.0,169.7829770668203,776.0,False,,,False,7,0
nn,adaptive,15,900.0,15.0,3,hourly_linear,interpolating,,0,1.0,1.0,0.25,30.66088151318881,12.25,52,2,50,3.215777932924541,1.6078889664622704,78.86670306711737,60.0,960.0,12.753634999971837,0.08708280022256076,12.840717800194398,53.04128230060451,0.0,0.0,78.86670306711737,960.0,135.62609975356352,2388.870827037639,135.62609975356352,140.9945933111435,-5.368493557579967,True,False,incumbent_not_worse,5,28,0,0,29,0,0.0,168.81592044596428,832.0,False,,,True,7,0
nn,adaptive,16,960.0,16.0,3,hourly_linear,interpolating,,0,1.0,1.0,0.26666666666666666,30.693868614171308,12.266666666666667,50,2,48,1.4247054912658093,0.7123527456329046,80.29140855838318,60.0,1020.0,0.0,0.0,0.0,53.04128230060451,0.0,0.0,80.29140855838318,1020.0,132.19673065359834,2219.362425701078,,,,False,False,not_attempted,0,0,0,0,30,0,0.0,168.71998982524406,953.0,False,,,False,7,0
nn,adaptive,17,1020.0,17.0,3,hourly_linear,interpolating,,0,1.0,1.0,0.2833333333333333,30.726926771219016,12.283333333333333,48,3,45,3.2119596441735205,1.070653214724507,83.5033682025567,60.0,1080.0,0.0,0.0,0.0,53.04128230060451,0.0,0.0,83.5033682025567,1080.0,130.81731747707576,2218.456758637797,,,,False,False,not_attempted,0,0,0,0,25,0,0.0,168.62665649191072,953.0,False,,,False,7,0
nn,adaptive,18,1080.0,18.0,3,hourly_linear,interpolating,,0,1.0,1.0,0.3,30.760056214167587,12.3,45,3,42,2.3523280013457044,0.7841093337819015,85.85569620390241,60.0,1140.0,0.0,0.0,0.0,53.04128230060451,0.0,0.0,85.85569620390241,1140.0,126.98453981593619,2214.2309981332337,,,,False,False,not_attempted,0,0,0,0,13,0,0.0,168.0999786169801,1026.0,False,,,False,7,0
nn,adaptive,19,1140.0,19.0,3,hourly_linear,interpolating,,0,1.0,1.0,0.31666666666666665,30.793257173844985,12.316666666666666,42,2,40,3.4367394997749128,1.7183697498874564,89.29243570367733,60.0,1200.0,0.0,0.0,0.0,53.04128230060451,0.0,0.0,89.29243570367733,1200.0,125.18064488748203,2066.494118549707,,,,False,False,not_attempted,0,0,0,0,37,0,0.0,168.00664528364678,1198.0,False,,,False,7,0
nn,adaptive,20,1200.0,20.0,4,hourly_linear,interpolating,,0,1.0,1.0,0.3333333333333333,30.826529882076823,12.333333333333334,40,3,37,1.8536334644925492,0.6178778214975164,91.14606916816987,60.0,1260.0,12.975737900007516,0.07740120007656515,13.053139100084081,66.09442140068859,0.0,0.0,91.14606916816987,1260.0,120.94627551242446,1884.5970666240496,121.88584216865608,120.94627551242446,0.9395666562316194,True,True,lower_residual_energy,2,13,2,13,18,0,0.0,167.3903602120234,1202.0,False,,,True,7,0
nn,adaptive,21,1260.0,21.0,4,hourly_linear,interpolating,,0,1.0,1.0,0.35,30.859874571691766,12.35,37,1,36,1.7945186028493916,1.7945186028493916,92.94058777101927,60.0,1320.0,0.0,0.0,0.0,66.09442140068859,0.0,0.0,92.94058777101927,1320.0,118.72594732967059,1745.9826388131091,,,,False,False,not_attempted,0,0,0,0,15,0,0.0,167.28744357482495,1248.0,False,,,False,7,0
nn,adaptive,22,1320.0,22.0,4,hourly_linear,interpolating,,0,1.0,1.0,0.36666666666666664,30.89329147652697,12.366666666666667,36,4,32,2.4871339542369864,0.6217834885592466,95.42772172525625,60.0,1380.0,0.0,0.0,0.0,66.09442140068859,0.0,0.0,95.42772172525625,1380.0,117.17540804219013,1747.8827491178247,,,,False,False,not_attempted,0,0,0,0,46,0,0.0,166.83828329824343,1276.0,False,,,False,7,0
nn,adaptive,23,1380.0,23.0,4,hourly_linear,interpolating,,0,1.0,1.0,0.38333333333333336,30.92678083143352,12.383333333333333,32,3,29,5.019316129300942,1.6731053764336474,100.4470378545572,60.0,1440.0,0.0,0.0,0.0,66.09442140068859,0.0,0.0,100.4470378545572,1440.0,114.65306178246261,1699.3846158839576,,,,False,False,not_attempted,0,0,0,0,55,0,0.0,165.89364046400735,1341.0,False,,,False,7,0
nn,adaptive,24,1440.0,24.0,4,hourly_linear,interpolating,,0,1.0,1.0,0.4,30.960342872281974,12.4,29,1,28,2.1799960964111955,2.1799960964111955,102.6270339509684,60.0,1500.0,0.0,0.0,0.0,66.09442140068859,0.0,0.0,102.6270339509684,1500.0,109.26098359389454,1638.0096805850021,,,,False,False,not_attempted,0,0,0,0,22,0,0.0,164.89694158163238,1341.0,False,,,False,7,0
nn,adaptive,25,1500.0,25.0,5,hourly_linear,interpolating,,0,1.0,1.0,0.4166666666666667,30.993944051169926,12.416666666666666,28,3,25,3.365884278454504,1.1219614261515014,105.9929182294229,60.0,1560.0,13.09682169998996,0.025071399984881282,13.12189309997484,79.21631450066343,0.0,0.0,105.9929182294229,1560.0,103.15165643735102,1586.3376409258015,107.37903577194214,103.15165643735102,4.22737933459112,True,True,lower_residual_energy,1,2,1,2,32,0,0.0,164.0051647045147,1466.0,False,,,True,7,0
nn,adaptive,26,1560.0,26.0,5,hourly_linear,interpolating,,0,1.0,1.0,0.43333333333333335,31.02760425688384,12.433333333333334,25,2,23,4.476036514956118,2.238018257478059,110.46895474437902,60.0,1620.0,0.0,0.0,0.0,79.21631450066343,0.0,0.0,110.46895474437902,1620.0,100.00288111815183,1529.2166231092513,,,,False,False,not_attempted,0,0,0,0,73,0,0.0,163.91183137118136,1480.0,False,,,False,7,0
nn,adaptive,27,1620.0,27.0,5,hourly_linear,interpolating,,0,1.0,1.0,0.45,31.061337653751583,12.45,23,1,22,2.1285398119572005,2.1285398119572005,112.59749455633622,60.0,1680.0,0.0,0.0,0.0,79.21631450066343,0.0,0.0,112.59749455633622,1680.0,94.82879820921765,1450.8229606411574,,,,False,False,not_attempted,0,0,0,0,14,0,0.0,163.3964170472689,1480.0,False,,,False,7,0
nn,adaptive,28,1680.0,28.0,5,hourly_linear,interpolating,,0,1.0,1.0,0.4666666666666667,31.095144480754556,12.466666666666667,22,4,18,5.372602237863285,1.3431505594658213,117.9700967941995,60.0,1740.0,0.0,0.0,0.0,79.21631450066343,0.0,0.0,117.9700967941995,1740.0,93.36361346551276,1402.1488598854744,,,,False,False,not_attempted,0,0,0,0,45,0,0.0,162.0961002404944,1655.0,False,,,False,7,0
nn,adaptive,29,1740.0,29.0,5,hourly_linear,interpolating,,0,1.0,1.0,0.48333333333333334,31.12902497791571,12.483333333333333,18,1,17,4.5517408279378975,4.5517408279378975,122.5218376221374,60.0,1800.0,0.0,0.0,0.0,79.21631450066343,0.0,0.0,122.5218376221374,1800.0,87.01047296074685,1254.707230386552,,,,False,False,not_attempted,0,0,0,0,13,0,0.0,162.00276690716106,1695.0,False,,,False,6,0
nn,adaptive,30,1800.0,30.0,6,hourly_linear,interpolating,,0,1.0,1.0,0.5,31.162979386305228,12.5,17,4,13,1.727202132233049,0.43180053305826227,124.24903975437044,60.0,1860.0,13.148149800021201,0.006060800049453974,13.154210600070655,92.37052510073408,0.0,0.0,124.24903975437044,1860.0,82.8844977321988,1489.0454298543516,83.05313143326481,82.8844977321988,0.16863370106601394,True,True,lower_residual_energy,1,1,1,1,13,0,0.0,161.16737527816906,1706.0,False,,,True,6,0
nn,adaptive,31,1860.0,31.0,6,hourly_linear,interpolating,,0,1.0,1.0,0.5166666666666667,31.197007948046263,12.516666666666667,13,3,10,4.151424259391122,1.3838080864637075,128.40046401376156,60.0,1920.0,0.0,0.0,0.0,92.37052510073408,0.0,0.0,128.40046401376156,1920.0,81.16509232822982,1457.8058551740935,,,,False,False,not_attempted,0,0,0,0,48,0,0.0,160.39712064068547,1847.0,False,,,False,6,0
nn,adaptive,32,1920.0,32.0,6,hourly_linear,interpolating,,0,1.0,1.0,0.5333333333333333,31.23111090632065,12.533333333333333,10,0,10,7.870727390790201,7.870727390790201,136.27119140455176,60.0,1980.0,0.0,0.0,0.0,92.37052510073408,0.0,0.0,136.27119140455176,1980.0,76.47962477135823,1393.5260644974235,,,,False,False,not_attempted,0,0,0,0,59,0,0.0,159.59997395848387,1847.0,False,,,False,5,0
nn,adaptive,33,1980.0,33.0,6,hourly_linear,interpolating,,0,1.0,1.0,0.55,31.265288505374734,12.55,10,1,9,1.270088903959908,1.270088903959908,137.54128030851166,60.0,2040.0,0.0,0.0,0.0,92.37052510073408,0.0,0.0,137.54128030851166,2040.0,69.13358162308711,1224.6185968206441,,,,False,False,not_attempted,0,0,0,0,2,0,0.0,159.50664062515054,1849.0,False,,,False,2,0
nn,adaptive,34,2040.0,34.0,6,hourly_linear,interpolating,,0,1.0,1.0,0.5666666666666667,31.2995409905252,12.566666666666666,9,4,5,0.5944863935791911,0.14862159839479777,138.13576670209085,60.0,2100.0,0.0,0.0,0.0,92.37052510073408,0.0,0.0,138.13576670209085,2100.0,68.15664067906243,1224.0920675280634,,,,False,False,not_attempted,0,0,0,0,2,0,0.0,159.14288131352822,1970.0,False,,,False,2,0
nn,adaptive,35,2100.0,35.0,7,hourly_linear,interpolating,,0,1.0,1.0,0.5833333333333334,31.333868608164906,12.583333333333334,5,1,4,2.9430368742709008,2.9430368742709008,141.07880357636174,60.0,2160.0,13.445006600115448,0.001223099883645773,13.446229699999094,105.81675480073318,0.0,0.0,141.07880357636174,2160.0,67.74381539135342,1212.8839069030448,67.74381539135342,67.74381539135342,0.0,True,False,incumbent_not_worse,0,0,0,0,49,0,0.0,158.04380040141322,1970.0,False,,,True,2,0
nn,adaptive,36,2160.0,36.0,7,hourly_linear,interpolating,,0,1.0,1.0,0.6,31.36827160576884,12.6,4,0,4,3.5877753539577077,3.5877753539577077,144.66657893031945,60.0,2220.0,0.0,0.0,0.0,105.81675480073318,0.0,0.0,144.66657893031945,2220.0,64.85976161110398,1155.0780223988163,,,,False,False,not_attempted,0,0,0,0,11,0,0.0,155.53061703461668,1970.0,False,,,False,2,0
nn,adaptive,37,2220.0,37.0,7,hourly_linear,interpolating,,0,1.0,1.0,0.6166666666666667,31.40275023190004,12.616666666666667,4,0,4,0.9005764044802189,0.9005764044802189,145.56715533479965,60.0,2280.0,0.0,0.0,0.0,105.81675480073318,0.0,0.0,145.56715533479965,2280.0,60.997477849465795,1074.9650746944803,,,,False,False,not_attempted,0,0,0,0,5,0,0.0,154.9283445210345,1970.0,False,,,False,2,0
nn,adaptive,38,2280.0,38.0,7,hourly_linear,interpolating,,0,1.0,1.0,0.6333333333333333,31.43730473621558,12.633333333333333,4,0,4,0.2548843538313384,0.2548843538313384,145.82203968863098,60.0,2340.0,0.0,0.0,0.0,105.81675480073318,0.0,0.0,145.82203968863098,2340.0,59.58935259877224,797.5303092697601,,,,False,False,not_attempted,0,0,0,0,0,0,0.0,154.7667935005365,1970.0,False,,,False,2,0
nn,adaptive,39,2340.0,39.0,7,hourly_linear,interpolating,,0,1.0,1.0,0.65,31.471935369472607,12.65,4,1,3,0.4013897616654051,0.4013897616654051,146.22342945029638,60.0,2400.0,0.0,0.0,0.0,105.81675480073318,0.0,0.0,146.22342945029638,2400.0,59.559252915285946,797.3058286656673,,,,False,False,not_attempted,0,0,0,0,6,0,0.0,154.60525466582232,1970.0,False,,,False,2,0
nn,adaptive,40,2400.0,40.0,8,hourly_linear,interpolating,,0,1.0,1.0,0.6666666666666666,31.506642383534384,12.666666666666666,3,0,3,0.32504685092842867,0.32504685092842867,146.5484763012248,60.0,2460.0,13.933953299885616,0.0008638999424874783,13.934817199828103,119.75157200056128,0.0,0.0,146.5484763012248,2460.0,59.3117769504065,797.0813480615744,59.3117769504065,59.3117769504065,0.0,True,False,incumbent_not_worse,0,0,0,0,5,0,0.0,154.44372796100416,1970.0,False,,,True,2,0
nn,adaptive,41,2460.0,41.0,8,hourly_linear,interpolating,,0,1.0,1.0,0.6833333333333333,31.541426031376442,12.683333333333334,3,0,3,0.9141335399375617,0.9141335399375617,147.46260984116236,60.0,2520.0,0.0,0.0,0.0,119.75157200056128,0.0,0.0,147.46260984116236,2520.0,58.99153307443751,796.8568674574822,,,,False,False,not_attempted,0,0,0,0,6,0,0.0,154.2861161978773,1970.0,False,,,False,2,0
nn,adaptive,42,2520.0,42.0,8,hourly_linear,interpolating,,0,1.0,1.0,0.7,31.57628656709267,12.7,3,0,3,1.2437353154437132,1.2437353154437132,148.70634515660606,60.0,2580.0,0.0,0.0,0.0,119.75157200056128,0.0,0.0,148.70634515660606,2580.0,58.13557836600149,676.6323868533893,,,,False,False,not_attempted,0,0,0,0,6,0,0.0,154.19278286454397,1970.0,False,,,False,1,0
nn,adaptive,43,2580.0,43.0,8,hourly_linear,interpolating,,0,1.0,1.0,0.7166666666666667,31.611224245901536,12.716666666666667,3,1,2,1.2976558150380186,1.2976558150380186,150.00400097164407,60.0,2640.0,0.0,0.0,0.0,119.75157200056128,0.0,0.0,150.00400097164407,2640.0,56.86968726411308,676.4079062492965,,,,False,False,not_attempted,0,0,0,0,6,0,0.0,153.82692701972348,1970.0,False,,,False,1,0
nn,adaptive,44,2640.0,44.0,8,hourly_linear,interpolating,,0,1.0,1.0,0.7333333333333333,31.64623932415231,12.733333333333333,2,0,2,0.09333333333333332,0.09333333333333332,150.0973343049774,60.0,2700.0,0.0,0.0,0.0,119.75157200056128,0.0,0.0,150.0973343049774,2700.0,55.64670042733776,676.183425645204,,,,False,False,not_attempted,0,0,0,0,0,0,0.0,153.73359368639015,1970.0,False,,,False,1,0
nn,adaptive,45,2700.0,45.0,9,hourly_linear,interpolating,,0,1.0,1.0,0.75,31.681332059331346,12.75,2,1,1,0.6147692851041058,0.6147692851041058,150.7121035900815,60.0,2760.0,12.612203999888152,0.00032400013878941536,12.612528000026941,132.36410000058822,0.0,0.0,150.7121035900815,2760.0,55.62653026454979,675.9589450411113,55.62653026454979,55.62653026454979,0.0,True,False,incumbent_not_worse,0,0,0,0,5,0,0.0,153.11882440128608,1970.0,False,,,True,1,0
nn,adaptive,46,2760.0,46.0,9,hourly_linear,interpolating,,0,1.0,1.0,0.7666666666666667,31.716502710068355,12.766666666666667,1,0,1,2.289094147678032,2.289094147678032,153.00119773775955,60.0,2820.0,0.0,0.0,0.0,132.36410000058822,0.0,0.0,153.00119773775955,2820.0,54.97661679355867,675.7344644370187,,,,False,False,not_attempted,0,0,0,0,10,0,0.0,150.82973025360806,1970.0,False,,,False,1,0
nn,adaptive,47,2820.0,47.0,9,hourly_linear,interpolating,,0,1.0,1.0,0.7833333333333333,31.751751536142788,12.783333333333333,1,0,1,0.09333333333333332,0.09333333333333332,153.0945310710929,60.0,2880.0,0.0,0.0,0.0,132.36410000058822,0.0,0.0,153.0945310710929,2880.0,52.55003266853909,675.5099838329261,,,,False,False,not_attempted,0,0,0,0,0,0,0.0,150.73639692027473,1970.0,False,,,False,0,0
nn,adaptive,48,2880.0,48.0,9,hourly_linear,interpolating,,0,1.0,1.0,0.8,31.787078798490246,12.8,1,1,0,52.500572856107574,52.500572856107574,205.59510392720046,725.2434378886836,3605.2434378886833,0.0,0.0,0.0,132.36410000058822,0.0,0.0,205.59510392720046,3605.2434378886833,52.519404041739655,675.2855032288331,,,,False,False,not_attempted,0,0,0,0,454,0,0.0,142.96925691876368,1970.0,True,,,False,0,0
aco,adaptive,0,0.0,0.0,0,hourly_linear,interpolating,,0,1.0,1.0,0.0,30.174448413430188,12.0,84,0,84,24.16761237259316,24.16761237259316,24.16761237259316,60.0,60.0,13.767964099999517,28.55261759995483,42.320581699954346,42.320581699954346,0.0,0.0,24.16761237259316,60.0,169.60938890296694,3905.3017922537174,,,,False,False,initial_plan,0,0,0,0,109,0,0.0,176.67979498392492,0.0,False,,,True,10,10
aco,adaptive,1,60.0,1.0,0,hourly_linear,interpolating,,0,1.0,1.0,0.016666666666666666,30.206396594963294,12.016666666666667,84,0,84,5.914977398120443,5.914977398120443,30.082589770713604,60.0,120.0,0.0,0.0,0.0,42.320581699954346,0.0,0.0,30.082589770713604,120.0,144.33366938391094,3842.6969633773306,,,,False,False,not_attempted,0,0,0,0,101,0,0.0,176.24753708514737,0.0,False,,,False,10,10
aco,adaptive,2,120.0,2.0,0,hourly_linear,interpolating,,0,1.0,1.0,0.03333333333333333,30.238412500560123,12.033333333333333,84,1,83,4.350782419572188,4.350782419572188,34.433372190285795,60.0,180.0,0.0,0.0,0.0,42.320581699954346,0.0,0.0,34.433372190285795,180.0,138.68107305743922,3781.1667298955563,,,,False,False,not_attempted,0,0,0,0,57,0,0.0,174.946826553161,95.0,False,,,False,8,9
aco,adaptive,3,180.0,3.0,0,hourly_linear,interpolating,,0,1.0,1.0,0.05,30.270496345792353,12.05,83,4,79,3.0487200494980713,0.7621800123745178,37.48209223978387,60.0,240.0,0.0,0.0,0.0,42.320581699954346,0.0,0.0,37.48209223978387,240.0,134.54341808900003,3717.692160497695,,,,False,False,not_attempted,0,0,0,0,57,0,0.0,174.26849223230155,205.0,False,,,False,8,5
aco,adaptive,4,240.0,4.0,0,hourly_linear,interpolating,,0,1.0,1.0,0.06666666666666667,30.30264834714753,12.066666666666666,79,2,77,4.60966797118594,2.30483398559297,42.09176021096981,60.0,300.0,0.0,0.0,0.0,42.320581699954346,0.0,0.0,42.09176021096981,300.0,131.29593805000417,3653.686928531927,,,,False,False,not_attempted,0,0,0,0,53,0,0.0,173.8318397280729,241.0,False,,,False,8,4
aco,adaptive,5,300.0,5.0,1,hourly_linear,interpolating,,0,1.0,1.0,0.08333333333333333,30.334868722033978,12.083333333333334,77,2,75,2.9721710579349807,1.4860855289674904,45.06393126890479,60.0,360.0,12.470875800121576,352.22929759998806,364.70017340010963,407.020755100064,0.0,0.0,45.06393126890479,360.0,126.46300965586065,3559.342078455621,126.46300965586065,145.29710794340443,-18.83409828754378,True,False,incumbent_not_worse,7,50,0,0,16,0,0.0,173.24728303863935,291.0,False,,,True,8,3
aco,adaptive,6,360.0,6.0,1,hourly_linear,interpolating,,0,1.0,1.0,0.1,30.367157688785635,12.1,75,3,72,1.857693309217414,0.6192311030724713,46.921624578122206,60.0,420.0,0.0,0.0,0.0,407.020755100064,0.0,0.0,46.921624578122206,420.0,123.8065116453694,3276.414653652141,,,,False,False,not_attempted,0,0,0,0,23,0,0.0,173.10212589492372,354.0,False,,,False,8,1
aco,adaptive,7,420.0,7.0,1,hourly_linear,interpolating,,0,1.0,1.0,0.11666666666666667,30.39951546666707,12.116666666666667,72,2,70,2.0975427205071897,1.0487713602535949,49.0191672986294,60.0,480.0,0.0,0.0,0.0,407.020755100064,0.0,0.0,49.0191672986294,480.0,121.9950332753617,3274.5650939583793,,,,False,False,not_attempted,0,0,0,0,19,0,0.0,172.95697628283634,430.0,False,,,False,8,1
aco,adaptive,8,480.0,8.0,1,hourly_linear,interpolating,,0,1.0,1.0,0.13333333333333333,30.431942275878352,12.133333333333333,70,3,67,1.910853920032738,0.6369513066775793,50.930021218662134,60.0,540.0,0.0,0.0,0.0,407.020755100064,0.0,0.0,50.930021218662134,540.0,119.54784328200527,3266.043522273785,,,,False,False,not_attempted,0,0,0,0,21,0,0.0,172.81183415112736,541.0,False,,,False,8,1
aco,adaptive,9,540.0,9.0,1,hourly_linear,interpolating,,0,1.0,1.0,0.15,30.464438337560132,12.15,67,3,64,2.3582561447351593,0.7860853815783865,53.28827736339729,60.0,600.0,0.0,0.0,0.0,407.020755100064,0.0,0.0,53.28827736339729,600.0,118.1320218935491,3264.322270502924,,,,False,False,not_attempted,0,0,0,0,41,0,0.0,172.6666994478791,541.0,False,,,False,8,1
aco,adaptive,10,600.0,10.0,2,hourly_linear,interpolating,,0,1.0,1.0,0.16666666666666666,30.497003873798615,12.166666666666666,64,1,63,2.4353305091883217,2.4353305091883217,55.72360787258561,60.0,660.0,12.801678200019524,240.02221680013463,252.82389500015415,659.8446501002181,0.0,0.0,55.72360787258561,660.0,115.46207487715652,3260.563505750168,115.46207487715652,124.08028548069082,-8.618210603534294,True,False,incumbent_not_worse,5,11,0,0,38,0,0.0,171.4591725850392,647.0,False,,,True,8,1
aco,adaptive,11,660.0,11.0,2,hourly_linear,interpolating,,0,1.0,1.0,0.18333333333333332,30.52963910763063,12.183333333333334,63,4,59,2.8092515975171595,0.7023128993792899,58.53285947010277,60.0,720.0,0.0,0.0,0.0,659.8446501002181,0.0,0.0,58.53285947010277,720.0,113.18676785230332,3140.8797669612018,,,,False,False,not_attempted,0,0,0,0,33,0,0.0,171.36583925170586,692.0,False,,,False,7,1
aco,adaptive,12,720.0,12.0,2,hourly_linear,interpolating,,0,1.0,1.0,0.2,30.562344263048733,12.2,59,3,56,1.8927520092001984,0.6309173364000661,60.42561147930297,60.0,780.0,0.0,0.0,0.0,659.8446501002181,0.0,0.0,60.42561147930297,780.0,110.36003503442831,3137.202502727722,,,,False,False,not_attempted,0,0,0,0,38,0,0.0,170.91557589527795,757.0,False,,,False,7,0
aco,adaptive,13,780.0,13.0,2,hourly_linear,interpolating,,0,1.0,1.0,0.21666666666666667,30.59511956500633,12.216666666666667,56,2,54,3.4876616092456376,1.7438308046228188,63.91327308854861,60.0,840.0,0.0,0.0,0.0,659.8446501002181,0.0,0.0,63.91327308854861,840.0,107.97771282807916,3027.8781465324564,,,,False,False,not_attempted,0,0,0,0,27,0,0.0,170.45199564843122,810.0,False,,,False,7,0
aco,adaptive,14,840.0,14.0,2,hourly_linear,interpolating,,0,1.0,1.0,0.23333333333333334,30.627965239422828,12.233333333333333,54,2,52,2.1843087380052526,1.0921543690026263,66.09758182655386,60.0,900.0,0.0,0.0,0.0,659.8446501002181,0.0,0.0,66.09758182655386,900.0,104.88584952527172,3024.3801510824733,,,,False,False,not_attempted,0,0,0,0,38,0,0.0,170.3586623150979,810.0,False,,,False,7,0
aco,adaptive,15,900.0,15.0,3,hourly_linear,interpolating,,0,1.0,1.0,0.25,30.66088151318881,12.25,52,1,51,3.0508218575418837,3.0508218575418837,69.14840368409574,60.0,960.0,12.754770800005645,117.26820500008762,130.02297580009326,789.8676259003114,0.0,0.0,69.14840368409574,960.0,102.4250123421436,2973.5909011079625,102.4250123421436,109.7458059620358,-7.3207936198922,True,False,incumbent_not_worse,3,9,0,0,23,0,0.0,168.3031937457358,932.0,False,,,True,6,0
aco,adaptive,16,960.0,16.0,3,hourly_linear,interpolating,,0,1.0,1.0,0.26666666666666666,30.693868614171308,12.266666666666667,51,4,47,3.2053565210043065,0.8013391302510766,72.35376020510004,60.0,1020.0,0.0,0.0,0.0,789.8676259003114,0.0,0.0,72.35376020510004,1020.0,99.55170964143079,2914.312386332534,,,,False,False,not_attempted,0,0,0,0,38,0,0.0,168.20986041240246,1058.0,False,,,False,6,0
aco,adaptive,17,1020.0,17.0,3,hourly_linear,interpolating,,0,1.0,1.0,0.2833333333333333,30.726926771219016,12.283333333333333,47,2,45,2.040506506711755,1.0202532533558775,74.3942667118118,60.0,1080.0,0.0,0.0,0.0,789.8676259003114,0.0,0.0,74.3942667118118,1080.0,96.28711573536799,2832.3460716437557,,,,False,False,not_attempted,0,0,0,0,46,0,0.0,168.01488625607485,1098.0,False,,,False,6,0
aco,adaptive,18,1080.0,18.0,3,hourly_linear,interpolating,,0,1.0,1.0,0.3,30.760056214167587,12.3,45,1,44,1.8863183724061663,1.8863183724061663,76.28058508421796,60.0,1140.0,0.0,0.0,0.0,789.8676259003114,0.0,0.0,76.28058508421796,1140.0,93.6451976036214,2674.592304117162,,,,False,False,not_attempted,0,0,0,0,11,0,0.0,167.9215529227415,1098.0,False,,,False,6,0
aco,adaptive,19,1140.0,19.0,3,hourly_linear,interpolating,,0,1.0,1.0,0.31666666666666665,30.793257173844985,12.316666666666666,44,2,42,1.645600173468434,0.822800086734217,77.9261852576864,60.0,1200.0,0.0,0.0,0.0,789.8676259003114,0.0,0.0,77.9261852576864,1200.0,91.98624651562027,2673.0552035528995,,,,False,False,not_attempted,0,0,0,0,16,0,0.0,167.73702399628888,1328.0,False,,,False,6,0
aco,adaptive,20,1200.0,20.0,4,hourly_linear,interpolating,,0,1.0,1.0,0.3333333333333333,30.826529882076823,12.333333333333334,42,1,41,2.4349086449555566,2.4349086449555566,80.36109390264195,60.0,1260.0,12.458214099984616,88.01412010006607,100.47233420005068,890.3399601003621,0.0,0.0,80.36109390264195,1260.0,90.51260655117976,2669.8880926031215,90.51260655117976,97.58205111574625,-7.069444564566496,True,False,incumbent_not_worse,4,13,0,0,27,0,0.0,167.22470570169696,1328.0,False,,,True,6,0
aco,adaptive,21,1260.0,21.0,4,hourly_linear,interpolating,,0,1.0,1.0,0.35,30.859874571691766,12.35,41,3,38,1.908685458276872,0.6362284860922907,82.26977936091883,60.0,1320.0,0.0,0.0,0.0,890.3399601003621,0.0,0.0,82.26977936091883,1320.0,88.25690019843346,2551.4770309046426,,,,False,False,not_attempted,0,0,0,0,23,0,0.0,167.13137236836363,1328.0,False,,,False,5,0
aco,adaptive,22,1320.0,22.0,4,hourly_linear,interpolating,,0,1.0,1.0,0.36666666666666664,30.89329147652697,12.366666666666667,38,1,37,1.904360447783009,1.904360447783009,84.17413980870184,60.0,1380.0,0.0,0.0,0.0,890.3399601003621,0.0,0.0,84.17413980870184,1380.0,85.81218551384381,2500.7140047683984,,,,False,False,not_attempted,0,0,0,0,30,0,0.0,167.08069274258844,1567.0,False,,,False,5,0
aco,adaptive,23,1380.0,23.0,4,hourly_linear,interpolating,,0,1.0,1.0,0.38333333333333336,30.92678083143352,12.383333333333333,37,3,34,2.1114680855088297,0.7038226951696099,86.28560789421067,60.0,1440.0,0.0,0.0,0.0,890.3399601003621,0.0,0.0,86.28560789421067,1440.0,84.0450000480567,2434.3445802201713,,,,False,False,not_attempted,0,0,0,0,13,0,0.0,167.08069274258844,1567.0,False,,,False,5,0
aco,adaptive,24,1440.0,24.0,4,hourly_linear,interpolating,,0,1.0,1.0,0.4,30.960342872281974,12.4,34,1,33,2.735604039413573,2.735604039413573,89.02121193362424,60.0,1500.0,0.0,0.0,0.0,890.3399601003621,0.0,0.0,89.02121193362424,1500.0,81.25461567454849,2329.095169425548,,,,False,False,not_attempted,0,0,0,0,14,0,0.0,166.83594103260592,1567.0,False,,,False,5,0
aco,adaptive,25,1500.0,25.0,5,hourly_linear,interpolating,,0,1.0,1.0,0.4166666666666667,30.993944051169926,12.416666666666666,33,1,32,3.7639364877467205,3.7639364877467205,92.78514842137096,60.0,1560.0,12.02260349993594,91.06798560009338,103.09058910002932,993.4305492003914,0.0,0.0,92.78514842137096,1560.0,78.90797308514755,2327.9401135761964,78.90797308514755,84.73966401639218,-5.831690931244637,True,False,incumbent_not_worse,5,9,0,0,25,0,0.0,166.07050504527285,1567.0,False,,,True,5,0
aco,adaptive,26,1560.0,26.0,5,hourly_linear,interpolating,,0,1.0,1.0,0.43333333333333335,31.02760425688384,12.433333333333334,32,1,31,2.3959866938981,2.3959866938981,95.18113511526906,60.0,1620.0,0.0,0.0,0.0,993.4305492003914,0.0,0.0,95.18113511526906,1620.0,75.16129960221724,2277.9632337116527,,,,False,False,not_attempted,0,0,0,0,13,0,0.0,164.70352536067577,1567.0,False,,,False,5,0
aco,adaptive,27,1620.0,27.0,5,hourly_linear,interpolating,,0,1.0,1.0,0.45,31.061337653751583,12.45,31,1,30,3.056828932856294,3.056828932856294,98.23796404812535,60.0,1680.0,0.0,0.0,0.0,993.4305492003914,0.0,0.0,98.23796404812535,1680.0,72.76966453105665,2226.888125646498,,,,False,False,not_attempted,0,0,0,0,16,0,0.0,163.46519701473775,1567.0,False,,,False,5,0
aco,adaptive,28,1680.0,28.0,5,hourly_linear,interpolating,,0,1.0,1.0,0.4666666666666667,31.095144480754556,12.466666666666667,30,2,28,1.7403644337648743,0.8701822168824371,99.97832848189023,60.0,1740.0,0.0,0.0,0.0,993.4305492003914,0.0,0.0,99.97832848189023,1740.0,70.04625969098696,2101.7551609762872,,,,False,False,not_attempted,0,0,0,0,22,0,0.0,163.37186368140442,1567.0,False,,,False,5,0
aco,adaptive,29,1740.0,29.0,5,hourly_linear,interpolating,,0,1.0,1.0,0.48333333333333334,31.12902497791571,12.483333333333333,28,2,26,4.851472533955425,2.4257362669777125,104.82980101584566,60.0,1800.0,0.0,0.0,0.0,993.4305492003914,0.0,0.0,104.82980101584566,1800.0,68.18231663419506,2100.628254027176,,,,False,False,not_attempted,0,0,0,0,12,0,0.0,160.9813712837706,1567.0,False,,,False,5,0
aco,adaptive,30,1800.0,30.0,6,hourly_linear,interpolating,,0,1.0,1.0,0.5,31.162979386305228,12.5,26,2,24,5.246550944330753,2.6232754721653766,110.07635196017641,60.0,1860.0,12.657266800059006,30.983391999965534,43.64065880002454,1037.071208000416,0.0,0.0,110.07635196017641,1860.0,63.16848926269318,2054.232382931499,63.16848926269318,66.00837723448691,-2.839887971793736,True,False,incumbent_not_worse,2,0,0,0,39,0,0.0,159.4598573234422,1665.0,False,,,True,5,0
aco,adaptive,31,1860.0,31.0,6,hourly_linear,interpolating,,0,1.0,1.0,0.5166666666666667,31.197007948046263,12.516666666666667,24,2,22,1.511963830840942,0.755981915420471,111.58831579101735,60.0,1920.0,0.0,0.0,0.0,1037.071208000416,0.0,0.0,111.58831579101735,1920.0,57.908581888934144,1901.3932788985162,,,,False,False,not_attempted,0,0,0,0,12,0,0.0,159.36652399010887,1665.0,False,,,False,5,0
aco,adaptive,32,1920.0,32.0,6,hourly_linear,interpolating,,0,1.0,1.0,0.5333333333333333,31.23111090632065,12.533333333333333,22,2,20,2.5430754576843824,1.2715377288421912,114.13139124870173,60.0,1980.0,0.0,0.0,0.0,1037.071208000416,0.0,0.0,114.13139124870173,1980.0,56.25498989389057,1900.3876413065925,,,,False,False,not_attempted,0,0,0,0,19,0,0.0,158.76482936171246,1804.0,False,,,False,5,0
aco,adaptive,33,1980.0,33.0,6,hourly_linear,interpolating,,0,1.0,1.0,0.55,31.265288505374734,12.55,20,2,18,2.4792951493342796,1.2396475746671398,116.61068639803601,60.0,2040.0,0.0,0.0,0.0,1037.071208000416,0.0,0.0,116.61068639803601,2040.0,53.769820797264195,1868.2656842152355,,,,False,False,not_attempted,0,0,0,0,42,0,0.0,158.59251613770198,1804.0,False,,,False,4,0
aco,adaptive,34,2040.0,34.0,6,hourly_linear,interpolating,,0,1.0,1.0,0.5666666666666667,31.2995409905252,12.566666666666666,18,1,17,0.9576877185167936,0.9576877185167936,117.5683741165528,60.0,2100.0,0.0,0.0,0.0,1037.071208000416,0.0,0.0,117.5683741165528,2100.0,50.7152984856737,1748.2378572411048,,,,False,False,not_attempted,0,0,0,0,0,0,0.0,158.49918280436864,1804.0,False,,,False,4,0
aco,adaptive,35,2100.0,35.0,7,hourly_linear,interpolating,,0,1.0,1.0,0.5833333333333334,31.333868608164906,12.583333333333334,17,2,15,3.3502106888256864,1.6751053444128432,120.91858480537849,60.0,2160.0,11.964650300098583,3.0984501000493765,15.06310040014796,1052.134308400564,0.0,0.0,120.91858480537849,2160.0,50.207503236298855,1746.1774108327231,50.20750323629886,50.207503236298855,7.105427357601002e-15,True,False,incumbent_not_worse,0,0,0,0,16,0,0.0,155.852424244574,1804.0,False,,,True,3,0
aco,adaptive,36,2160.0,36.0,7,hourly_linear,interpolating,,0,1.0,1.0,0.6,31.36827160576884,12.6,15,2,13,0.7044654475891303,0.35223272379456516,121.62305025296762,60.0,2220.0,0.0,0.0,0.0,1052.134308400564,0.0,0.0,121.62305025296762,2220.0,46.80186639352507,1583.8403773230402,,,,False,False,not_attempted,0,0,0,0,4,0,0.0,155.75909091124066,1905.0,False,,,False,3,0
aco,adaptive,37,2220.0,37.0,7,hourly_linear,interpolating,,0,1.0,1.0,0.6166666666666667,31.40275023190004,12.616666666666667,13,1,12,0.6346080432427192,0.6346080432427192,122.25765829621034,60.0,2280.0,0.0,0.0,0.0,1052.134308400564,0.0,0.0,122.25765829621034,2280.0,46.04299724778828,1582.8137241104323,,,,False,False,not_attempted,0,0,0,0,3,0,0.0,155.31114953466462,1905.0,False,,,False,3,0
aco,adaptive,38,2280.0,38.0,7,hourly_linear,interpolating,,0,1.0,1.0,0.6333333333333333,31.43730473621558,12.633333333333333,12,2,10,3.2115591240723913,1.6057795620361957,125.46921742028273,60.0,2340.0,0.0,0.0,0.0,1052.134308400564,0.0,0.0,125.46921742028273,2340.0,45.45067818721903,1562.5755162962857,,,,False,False,not_attempted,0,0,0,0,18,0,0.0,154.6900017745495,1917.0,False,,,False,3,0
aco,adaptive,39,2340.0,39.0,7,hourly_linear,interpolating,,0,1.0,1.0,0.65,31.471935369472607,12.65,10,0,10,2.3548959380846917,2.3548959380846917,127.82411335836743,60.0,2400.0,0.0,0.0,0.0,1052.134308400564,0.0,0.0,127.82411335836743,2400.0,42.07092734530964,1425.4998725876465,,,,False,False,not_attempted,0,0,0,0,6,0,0.0,154.59666844121617,1917.0,False,,,False,3,0
aco,adaptive,40,2400.0,40.0,8,hourly_linear,interpolating,,0,1.0,1.0,0.6666666666666666,31.506642383534384,12.666666666666666,10,1,9,1.4265815132375215,1.4265815132375215,129.25069487160494,60.0,2460.0,11.934285999974236,1.6869060997851193,13.621192099759355,1065.7555005003233,0.0,0.0,129.25069487160494,2460.0,39.67466750821889,1466.6464551120835,39.678336515203874,39.67466750821889,0.0036690069849854012,True,True,lower_residual_energy,0,0,0,0,9,0,0.0,153.35675359464534,1917.0,False,,,True,1,0
aco,adaptive,41,2460.0,41.0,8,hourly_linear,interpolating,,0,1.0,1.0,0.6833333333333333,31.541426031376442,12.683333333333334,9,2,7,1.3275867215804382,0.6637933607902191,130.57828159318538,60.0,2520.0,0.0,0.0,0.0,1065.7555005003233,0.0,0.0,130.57828159318538,2520.0,37.900293640507186,1405.0323089485012,,,,False,False,not_attempted,0,0,0,0,6,0,0.0,152.069952485211,1985.0,False,,,False,1,0
aco,adaptive,42,2520.0,42.0,8,hourly_linear,interpolating,,0,1.0,1.0,0.7,31.57628656709267,12.7,7,0,7,0.1937293032272563,0.1937293032272563,130.77201089641264,60.0,2580.0,0.0,0.0,0.0,1065.7555005003233,0.0,0.0,130.77201089641264,2580.0,36.99883194056826,1364.4453190020479,,,,False,False,not_attempted,0,0,0,0,0,0,0.0,151.87622318198373,1985.0,False,,,False,1,0
aco,adaptive,43,2580.0,43.0,8,hourly_linear,interpolating,,0,1.0,1.0,0.7166666666666667,31.611224245901536,12.716666666666667,7,0,7,0.09333333333333332,0.09333333333333332,130.86534422974597,60.0,2640.0,0.0,0.0,0.0,1065.7555005003233,0.0,0.0,130.86534422974597,2640.0,36.824484529811116,1244.462158376993,,,,False,False,not_attempted,0,0,0,0,0,0,0.0,151.7828898486504,1985.0,False,,,False,1,0
aco,adaptive,44,2640.0,44.0,8,hourly_linear,interpolating,,0,1.0,1.0,0.7333333333333333,31.64623932415231,12.733333333333333,7,1,6,0.8786692437603961,0.8786692437603961,131.74401347350636,60.0,2700.0,0.0,0.0,0.0,1065.7555005003233,0.0,0.0,131.74401347350636,2700.0,36.75113415014032,1243.09348892425,,,,False,False,not_attempted,0,0,0,0,3,0,0.0,150.90422060488999,1985.0,False,,,False,1,0
aco,adaptive,45,2700.0,45.0,9,hourly_linear,interpolating,,0,1.0,1.0,0.75,31.681332059331346,12.75,6,0,6,0.09333333333333332,0.09333333333333332,131.8373468068397,60.0,2760.0,12.149711899925023,1.1287006998900324,13.278412599815056,1079.0339131001383,0.0,0.0,131.8373468068397,2760.0,35.722452443664544,1060.9657442009504,35.75355590690028,35.722452443664544,0.03110346323573765,True,True,lower_residual_energy,0,0,0,0,0,0,0.0,150.81088727155665,1985.0,False,,,True,1,0
aco,adaptive,46,2760.0,46.0,9,hourly_linear,interpolating,,0,1.0,1.0,0.7666666666666667,31.716502710068355,12.766666666666667,6,1,5,1.524505171390698,1.524505171390698,133.3618519782304,60.0,2820.0,0.0,0.0,0.0,1079.0339131001383,0.0,0.0,133.3618519782304,2820.0,35.69262754268324,1060.4346235060525,,,,False,False,not_attempted,0,0,0,0,3,0,0.0,149.28638210016598,1985.0,False,,,False,1,0
aco,adaptive,47,2820.0,47.0,9,hourly_linear,interpolating,,0,1.0,1.0,0.7833333333333333,31.751751536142788,12.783333333333333,5,0,5,2.056865043563499,2.056865043563499,135.4187170217939,60.0,2880.0,0.0,0.0,0.0,1079.0339131001383,0.0,0.0,135.4187170217939,2880.0,33.964182931334825,1020.3824824524993,,,,False,False,not_attempted,0,0,0,0,9,0,0.0,147.2295170566025,1985.0,False,,,False,1,0
aco,adaptive,48,2880.0,48.0,9,hourly_linear,interpolating,,0,1.0,1.0,0.8,31.787078798490246,12.8,5,0,5,0.7554401329414098,0.7554401329414098,136.1741571547353,60.0,2940.0,0.0,0.0,0.0,1079.0339131001383,0.0,0.0,136.1741571547353,2940.0,31.877586559216702,959.5619011825894,,,,False,False,not_attempted,0,0,0,0,2,0,0.0,146.4740769236611,1985.0,False,,,False,1,0
aco,adaptive,49,2940.0,49.0,9,hourly_linear,interpolating,,0,1.0,1.0,0.8166666666666667,31.822484759208884,12.816666666666666,5,0,5,0.09333333333333332,0.09333333333333332,136.26749048806863,60.0,3000.0,0.0,0.0,0.0,1079.0339131001383,0.0,0.0,136.26749048806863,3000.0,31.191689505439836,810.0004908761124,,,,False,False,not_attempted,0,0,0,0,0,0,0.0,146.38074359032777,1985.0,False,,,False,1,0
aco,adaptive,50,3000.0,50.0,10,hourly_linear,interpolating,,0,1.0,1.0,0.8333333333333334,31.85796968156591,12.833333333333334,5,1,4,0.14081185299954918,0.14081185299954918,136.40830234106818,60.0,3060.0,12.041769499890506,0.8710296999197453,12.912799199810252,1091.9467122999486,0.0,0.0,136.40830234106818,3060.0,31.156772746062913,850.5201448549251,31.164298088749423,31.156772746062913,0.007525342686509617,True,True,lower_residual_energy,1,0,1,0,2,0,0.0,146.23993173732822,1985.0,False,,,True,1,0
aco,adaptive,51,3060.0,51.0,10,hourly_linear,interpolating,,0,1.0,1.0,0.85,31.893533830004102,12.85,4,0,4,0.43386945107823893,0.43386945107823893,136.84217179214642,60.0,3120.0,0.0,0.0,0.0,1091.9467122999486,0.0,0.0,136.84217179214642,3120.0,31.03386351004904,821.2422119407616,,,,False,False,not_attempted,0,0,0,0,6,0,0.0,145.80606228624998,1985.0,False,,,False,1,0
aco,adaptive,52,3120.0,52.0,10,hourly_linear,interpolating,,0,1.0,1.0,0.8666666666666667,31.92917747014841,12.866666666666667,4,0,4,0.9079393609018598,0.9079393609018598,137.75011115304827,60.0,3180.0,0.0,0.0,0.0,1091.9467122999486,0.0,0.0,137.75011115304827,3180.0,30.531217045223293,757.6821227562273,,,,False,False,not_attempted,0,0,0,0,6,0,0.0,144.8981229253481,1985.0,False,,,False,1,0
aco,adaptive,53,3180.0,53.0,10,hourly_linear,interpolating,,0,1.0,1.0,0.8833333333333333,31.964900868812514,12.883333333333333,4,0,4,0.13431228107196166,0.13431228107196166,137.88442343412024,60.0,3240.0,0.0,0.0,0.0,1091.9467122999486,0.0,0.0,137.88442343412024,3240.0,29.645651825374003,704.3871699848376,,,,False,False,not_attempted,0,0,0,0,1,0,0.0,144.7638106442761,1985.0,False,,,False,1,0
aco,adaptive,54,3240.0,54.0,10,hourly_linear,interpolating,,0,1.0,1.0,0.9,32.00070429400553,12.9,4,0,4,0.09333333333333332,0.09333333333333332,137.97775676745357,60.0,3300.0,0.0,0.0,0.0,1091.9467122999486,0.0,0.0,137.97775676745357,3300.0,29.40834253462862,582.3419076679075,,,,False,False,not_attempted,0,0,0,0,0,0,0.0,144.67047731094277,1985.0,False,,,False,1,0
aco,adaptive,55,3300.0,55.0,11,hourly_linear,interpolating,,0,1.0,1.0,0.9166666666666666,32.03658801493867,12.916666666666666,4,1,3,0.18067288957132005,0.18067288957132005,138.1584296570249,60.0,3360.0,11.952567100059241,0.7363583999685943,12.688925500027835,1104.6356377999764,0.0,0.0,138.1584296570249,3360.0,29.369711005995438,581.8780682116139,29.369711005995438,29.369711005995438,0.0,True,False,incumbent_not_worse,0,0,0,0,2,0,0.0,144.48980442137147,1985.0,False,,,True,1,0
aco,adaptive,56,3360.0,56.0,11,hourly_linear,interpolating,,0,1.0,1.0,0.9333333333333333,32.07255100826903,12.933333333333334,3,0,3,0.09333333333333332,0.09333333333333332,138.25176299035823,60.0,3420.0,0.0,0.0,0.0,1104.6356377999764,0.0,0.0,138.25176299035823,3420.0,29.046042919530702,440.12817910610676,,,,False,False,not_attempted,0,0,0,0,0,0,0.0,144.39647108803814,1985.0,False,,,False,1,0
aco,adaptive,57,3420.0,57.0,11,hourly_linear,interpolating,,0,1.0,1.0,0.95,32.10859272444893,12.95,3,1,2,0.26227446606411975,0.26227446606411975,138.51403745642236,60.0,3480.0,0.0,0.0,0.0,1104.6356377999764,0.0,0.0,138.51403745642236,3480.0,29.008402026440482,439.74095476205054,,,,False,False,not_attempted,0,0,0,0,2,0,0.0,144.13419662197404,1985.0,False,,,False,1,0
aco,adaptive,58,3480.0,58.0,11,hourly_linear,interpolating,,0,1.0,1.0,0.9666666666666667,32.14471553593752,12.966666666666667,2,0,2,0.48563994536468974,0.48563994536468974,138.99967740178704,60.0,3540.0,0.0,0.0,0.0,1104.6356377999764,0.0,0.0,138.99967740178704,3540.0,28.733390338540577,397.43379758403233,,,,False,False,not_attempted,0,0,0,0,5,0,0.0,143.6485566766094,1985.0,False,,,False,1,0
aco,adaptive,59,3540.0,59.0,11,hourly_linear,interpolating,,0,1.0,1.0,0.9833333333333333,32.180919716744626,12.983333333333333,2,0,2,0.09333333333333332,0.09333333333333332,139.09301073512037,60.0,3600.0,0.0,0.0,0.0,1104.6356377999764,0.0,0.0,139.09301073512037,3600.0,28.088300770409155,254.49164509037726,,,,False,False,not_attempted,0,0,0,0,0,0,0.0,143.55522334327605,1985.0,False,,,False,1,0
aco,adaptive,60,3600.0,60.0,12,hourly_linear,interpolating,,0,1.0,1.0,0.0,32.2172055421159,13.0,2,1,1,0.8079923444755999,0.8079923444755999,139.90100307959597,60.0,3660.0,12.090036999899894,0.24718860001303256,12.337225599912927,1116.9728633998893,0.0,0.0,139.90100307959597,3660.0,28.059859804432566,254.26870854108475,28.059859804432566,28.059859804432566,0.0,True,False,incumbent_not_worse,0,0,0,0,5,0,0.0,142.7472309988005,1985.0,False,,,True,1,0
aco,adaptive,61,3660.0,61.0,12,hourly_linear,interpolating,,0,1.0,1.0,0.016666666666666666,32.23738808652637,13.016666666666667,1,0,1,0.182938951140169,0.182938951140169,140.08394203073613,60.0,3720.0,0.0,0.0,0.0,1116.9728633998893,0.0,0.0,140.08394203073613,3720.0,27.142093402123976,254.14441791386344,,,,False,False,not_attempted,0,0,0,0,0,0,0.0,142.56429204766033,1985.0,False,,,False,1,0
aco,adaptive,62,3720.0,62.0,12,hourly_linear,interpolating,,0,1.0,1.0,0.03333333333333333,32.25759593359286,13.033333333333333,1,0,1,0.09333333333333332,0.09333333333333332,140.17727536406946,60.0,3780.0,0.0,0.0,0.0,1116.9728633998893,0.0,0.0,140.17727536406946,3780.0,26.871838595902823,254.02012728664235,,,,False,False,not_attempted,0,0,0,0,0,0,0.0,142.470958714327,1985.0,False,,,False,0,0
aco,adaptive,63,3780.0,63.0,12,hourly_linear,interpolating,,0,1.0,1.0,0.05,32.277829130927756,13.05,1,1,0,26.485371692282047,26.485371692282047,166.66264705635152,255.23610950554,4035.23610950554,0.0,0.0,0.0,1116.9728633998893,0.0,0.0,166.66264705635152,4035.23610950554,26.784861241691097,253.89583665942112,,,,False,False,not_attempted,0,0,0,0,264,0,0.0,140.95371566379086,1985.0,True,,,False,0,0
pso,adaptive,0,0.0,0.0,0,hourly_linear,interpolating,,0,1.0,1.0,0.0,30.174448413430188,12.0,84,0,84,22.903308772507366,22.903308772507366,22.903308772507366,60.0,60.0,12.212949799839407,13.01822999981232,25.231179799651727,25.231179799651727,0.0,0.0,22.903308772507366,60.0,205.05627377832093,3425.566875701455,,,,False,False,initial_plan,0,0,0,0,118,0,0.0,176.67979498392492,0.0,False,,,True,10,10
pso,adaptive,1,60.0,1.0,0,hourly_linear,interpolating,,0,1.0,1.0,0.016666666666666666,30.206396594963294,12.016666666666667,84,0,84,5.639344711985947,5.639344711985947,28.542653484493314,60.0,120.0,0.0,0.0,0.0,25.231179799651727,0.0,0.0,28.542653484493314,120.0,181.45484694653328,3352.7701685212114,,,,False,False,not_attempted,0,0,0,0,61,0,0.0,175.60710320636267,0.0,False,,,False,8,10
pso,adaptive,2,120.0,2.0,0,hourly_linear,interpolating,,0,1.0,1.0,0.03333333333333333,30.238412500560123,12.033333333333333,84,3,81,2.312258123050493,0.7707527076834976,30.85491160754381,60.0,180.0,0.0,0.0,0.0,25.231179799651727,0.0,0.0,30.85491160754381,180.0,175.78355495792388,3189.9109949702397,,,,False,False,not_attempted,0,0,0,0,13,0,0.0,174.20879711759042,230.0,False,,,False,8,7
pso,adaptive,3,180.0,3.0,0,hourly_linear,interpolating,,0,1.0,1.0,0.05,30.270496345792353,12.05,81,4,77,4.326519590949922,1.0816298977374805,35.18143119849373,60.0,240.0,0.0,0.0,0.0,25.231179799651727,0.0,0.0,35.18143119849373,240.0,173.68408140782108,3184.564257890829,,,,False,False,not_attempted,0,0,0,0,37,0,0.0,172.75213541958252,230.0,False,,,False,8,3
pso,adaptive,4,240.0,4.0,0,hourly_linear,interpolating,,0,1.0,1.0,0.06666666666666667,30.30264834714753,12.066666666666666,77,2,75,3.9762552326726297,1.9881276163363149,39.15768643116636,60.0,300.0,0.0,0.0,0.0,25.231179799651727,0.0,0.0,39.15768643116636,300.0,168.96128381650396,3149.885406697077,,,,False,False,not_attempted,0,0,0,0,36,0,0.0,171.48448893547766,230.0,False,,,False,8,1
pso,adaptive,5,300.0,5.0,1,hourly_linear,interpolating,,0,1.0,1.0,0.08333333333333333,30.334868722033978,12.083333333333334,75,2,73,2.6312924004917724,1.3156462002458862,41.788978831658135,60.0,360.0,12.004382599843666,1112.2443716002163,1124.24875420006,1149.4799339997116,0.0,0.0,41.788978831658135,360.0,165.37285940993627,3104.7260490764675,165.37285940993627,168.03556278742485,-2.662703377488583,True,False,incumbent_not_worse,4,28,0,0,20,0,0.0,171.33191768761574,469.0,False,,,True,8,1
pso,adaptive,6,360.0,6.0,1,hourly_linear,interpolating,,0,1.0,1.0,0.1,30.367157688785635,12.1,73,4,69,5.474427381421443,1.3686068453553608,47.26340621307958,60.0,420.0,0.0,0.0,0.0,1149.4799339997116,0.0,0.0,47.26340621307958,420.0,163.10566482521648,3045.8636040228944,,,,False,False,not_attempted,0,0,0,0,69,0,0.0,171.2385843542824,469.0,False,,,False,8,1
pso,adaptive,7,420.0,7.0,1,hourly_linear,interpolating,,0,1.0,1.0,0.11666666666666667,30.39951546666707,12.116666666666667,69,1,68,3.0125242505765883,3.0125242505765883,50.27593046365617,60.0,480.0,0.0,0.0,0.0,1149.4799339997116,0.0,0.0,50.27593046365617,480.0,157.40364610253368,2905.0602535808266,,,,False,False,not_attempted,0,0,0,0,44,0,0.0,170.95413709593356,469.0,False,,,False,8,0
pso,adaptive,8,480.0,8.0,1,hourly_linear,interpolating,,0,1.0,1.0,0.13333333333333333,30.431942275878352,12.133333333333333,68,2,66,2.5979729091023955,1.2989864545511978,52.87390337275856,60.0,540.0,0.0,0.0,0.0,1149.4799339997116,0.0,0.0,52.87390337275856,540.0,154.3627716353001,2904.2953299117426,,,,False,False,not_attempted,0,0,0,0,30,0,0.0,170.3178512537259,615.0,False,,,False,8,0
pso,adaptive,9,540.0,9.0,1,hourly_linear,interpolating,,0,1.0,1.0,0.15,30.464438337560132,12.15,66,4,62,5.361713221866408,1.340428305466602,58.23561659462497,60.0,600.0,0.0,0.0,0.0,1149.4799339997116,0.0,0.0,58.23561659462497,600.0,151.78756946618324,2882.826909565322,,,,False,False,not_attempted,0,0,0,0,63,0,0.0,169.38473820278972,615.0,False,,,False,8,0
pso,adaptive,10,600.0,10.0,2,hourly_linear,interpolating,,0,1.0,1.0,0.16666666666666666,30.497003873798615,12.166666666666666,62,1,61,2.9241303640539495,2.9241303640539495,61.15974695867892,60.0,660.0,12.992965799989179,765.645288700005,778.6382544999942,1928.1181884997059,0.0,0.0,61.15974695867892,660.0,146.65923115176122,2815.4367392717054,146.65923115176122,148.03538353424423,-1.3761523824830135,True,False,incumbent_not_worse,5,30,0,0,50,0,0.0,168.79268450251524,733.0,False,,,True,8,0
pso,adaptive,11,660.0,11.0,2,hourly_linear,interpolating,,0,1.0,1.0,0.18333333333333332,30.52963910763063,12.183333333333334,61,2,59,3.539642936786266,1.769821468393133,64.69938989546519,60.0,720.0,0.0,0.0,0.0,1928.1181884997059,0.0,0.0,64.69938989546519,720.0,143.95737727948026,2767.959745798928,,,,False,False,not_attempted,0,0,0,0,49,0,0.0,167.96334748457897,733.0,False,,,False,8,0
pso,adaptive,12,720.0,12.0,2,hourly_linear,interpolating,,0,1.0,1.0,0.2,30.562344263048733,12.2,59,1,58,6.3935102686686145,6.3935102686686145,71.09290016413381,60.0,780.0,0.0,0.0,0.0,1928.1181884997059,0.0,0.0,71.09290016413381,780.0,140.0717180060391,2708.4193192638472,,,,False,False,not_attempted,0,0,0,0,54,0,0.0,167.87001415124564,733.0,False,,,False,8,0
pso,adaptive,13,780.0,13.0,2,hourly_linear,interpolating,,0,1.0,1.0,0.21666666666666667,30.59511956500633,12.216666666666667,58,3,55,3.800462548875949,1.2668208496253164,74.89336271300976,60.0,840.0,0.0,0.0,0.0,1928.1181884997059,0.0,0.0,74.89336271300976,840.0,133.62584514258637,2641.083729431523,,,,False,False,not_attempted,0,0,0,0,51,0,0.0,167.5790994390433,733.0,False,,,False,8,0
pso,adaptive,14,840.0,14.0,2,hourly_linear,interpolating,,0,1.0,1.0,0.23333333333333334,30.627965239422828,12.233333333333333,55,1,54,2.5023399148737115,2.5023399148737115,77.39570262788348,60.0,900.0,0.0,0.0,0.0,1928.1181884997059,0.0,0.0,77.39570262788348,900.0,130.18977101854875,2520.6340919624004,,,,False,False,not_attempted,0,0,0,0,36,0,0.0,167.46493638950955,763.0,False,,,False,8,0
pso,adaptive,15,900.0,15.0,3,hourly_linear,interpolating,,0,1.0,1.0,0.25,30.66088151318881,12.25,54,1,53,2.558660759761788,2.558660759761788,79.95436338764527,60.0,960.0,12.783851400017738,526.7763898000121,539.5602412000299,2467.6784296997357,0.0,0.0,79.95436338764527,960.0,124.45102042296257,2595.467111000797,127.48326723094436,124.45102042296257,3.0322468079817924,True,True,lower_residual_energy,3,12,3,12,30,0,0.0,167.3716030561762,763.0,False,,,True,8,0
pso,adaptive,16,960.0,16.0,3,hourly_linear,interpolating,,0,1.0,1.0,0.26666666666666666,30.693868614171308,12.266666666666667,53,5,48,2.801859437553602,0.5603718875107204,82.75622282519888,60.0,1020.0,0.0,0.0,0.0,2467.6784296997357,0.0,0.0,82.75622282519888,1020.0,121.95038276552798,2426.3429750833006,,,,False,False,not_attempted,0,0,0,0,38,0,0.0,166.88904079621602,953.0,False,,,False,8,0
pso,adaptive,17,1020.0,17.0,3,hourly_linear,interpolating,,0,1.0,1.0,0.2833333333333333,30.726926771219016,12.283333333333333,48,3,45,2.692348918375005,0.897449639458335,85.44857174357388,60.0,1080.0,0.0,0.0,0.0,2467.6784296997357,0.0,0.0,85.44857174357388,1080.0,119.09919615551293,2425.821573439084,,,,False,False,not_attempted,0,0,0,0,21,0,0.0,166.7957074628827,953.0,False,,,False,7,0
pso,adaptive,18,1080.0,18.0,3,hourly_linear,interpolating,,0,1.0,1.0,0.3,30.760056214167587,12.3,45,3,42,3.5119250792080567,1.1706416930693522,88.96049682278193,60.0,1140.0,0.0,0.0,0.0,2467.6784296997357,0.0,0.0,88.96049682278193,1140.0,116.48168928939702,2421.980078353585,,,,False,False,not_attempted,0,0,0,0,19,0,0.0,166.73923092953882,1082.0,False,,,False,7,0
pso,adaptive,19,1140.0,19.0,3,hourly_linear,interpolating,,0,1.0,1.0,0.31666666666666665,30.793257173844985,12.316666666666666,42,2,40,2.9673546924019973,1.4836773462009987,91.92785151518393,60.0,1200.0,0.0,0.0,0.0,2467.6784296997357,0.0,0.0,91.92785151518393,1200.0,113.19296656576985,2355.74292948199,,,,False,False,not_attempted,0,0,0,0,42,0,0.0,166.56225308967038,1198.0,False,,,False,7,0
pso,adaptive,20,1200.0,20.0,4,hourly_linear,interpolating,,0,1.0,1.0,0.3333333333333333,30.826529882076823,12.333333333333334,40,2,38,2.7116554953114367,1.3558277476557183,94.63950701049536,60.0,1260.0,12.520361999981105,293.1617892999202,305.6821512999013,2773.360580999637,0.0,0.0,94.63950701049536,1260.0,109.9968571657986,1770.4346656130865,110.10844480775728,109.9968571657986,0.11158764195867832,True,True,lower_residual_energy,3,8,3,8,30,0,0.0,165.01028044817423,1198.0,False,,,True,7,0
pso,adaptive,21,1260.0,21.0,4,hourly_linear,interpolating,,0,1.0,1.0,0.35,30.859874571691766,12.35,38,2,36,1.9837927538989357,0.9918963769494679,96.6232997643943,60.0,1320.0,0.0,0.0,0.0,2773.360580999637,0.0,0.0,96.6232997643943,1320.0,106.8483391452458,1769.7853361533344,,,,False,False,not_attempted,0,0,0,0,31,0,0.0,164.9169471148409,1198.0,False,,,False,7,0
pso,adaptive,22,1320.0,22.0,4,hourly_linear,interpolating,,0,1.0,1.0,0.36666666666666664,30.89329147652697,12.366666666666667,36,4,32,3.889451647014975,0.9723629117537438,100.51275141140928,60.0,1380.0,0.0,0.0,0.0,2773.360580999637,0.0,0.0,100.51275141140928,1380.0,105.36950280742117,1742.592881691778,,,,False,False,not_attempted,0,0,0,0,55,0,0.0,164.71277203579115,1276.0,False,,,False,7,0
pso,adaptive,23,1380.0,23.0,4,hourly_linear,interpolating,,0,1.0,1.0,0.38333333333333336,30.92678083143352,12.383333333333333,32,1,31,4.451288254945866,4.451288254945866,104.96403966635515,60.0,1440.0,0.0,0.0,0.0,2773.360580999637,0.0,0.0,104.96403966635515,1440.0,101.2430746733598,1685.8321792341774,,,,False,False,not_attempted,0,0,0,0,45,0,0.0,163.7332361835769,1276.0,False,,,False,7,0
pso,adaptive,24,1440.0,24.0,4,hourly_linear,interpolating,,0,1.0,1.0,0.4,30.960342872281974,12.4,31,1,30,1.0081450012748379,1.0081450012748379,105.97218466762999,60.0,1500.0,0.0,0.0,0.0,2773.360580999637,0.0,0.0,105.97218466762999,1500.0,96.79789368806837,1583.6016104015093,,,,False,False,not_attempted,0,0,0,0,10,0,0.0,163.63990285024357,1301.0,False,,,False,7,0
pso,adaptive,25,1500.0,25.0,5,hourly_linear,interpolating,,0,1.0,1.0,0.4166666666666667,30.993944051169926,12.416666666666666,30,4,26,5.398068174345774,1.3495170435864434,111.37025284197577,60.0,1560.0,12.704771899851039,1.229657799936831,13.93442969978787,2787.295010699425,0.0,0.0,111.37025284197577,1560.0,94.69168413741336,1682.0673762459692,95.86639324703712,94.69168413741336,1.1747091096237625,True,True,lower_residual_energy,3,3,3,3,42,0,0.0,162.06567401579997,1485.0,False,,,True,8,0
pso,adaptive,26,1560.0,26.0,5,hourly_linear,interpolating,,0,1.0,1.0,0.43333333333333335,31.02760425688384,12.433333333333334,26,3,23,7.8324170749857664,2.610805691661922,119.20266991696154,60.0,1620.0,0.0,0.0,0.0,2787.295010699425,0.0,0.0,119.20266991696154,1620.0,89.12749804439085,1544.6675763558637,,,,False,False,not_attempted,0,0,0,0,70,0,0.0,159.97729114823724,1485.0,False,,,False,8,0
pso,adaptive,27,1620.0,27.0,5,hourly_linear,interpolating,,0,1.0,1.0,0.45,31.061337653751583,12.45,23,1,22,3.851371799268065,3.851371799268065,123.0540417162296,60.0,1680.0,0.0,0.0,0.0,2787.295010699425,0.0,0.0,123.0540417162296,1680.0,81.05108783946471,1543.967477271444,,,,False,False,not_attempted,0,0,0,0,30,0,0.0,158.71471787452384,1485.0,False,,,False,7,0
pso,adaptive,28,1680.0,28.0,5,hourly_linear,interpolating,,0,1.0,1.0,0.4666666666666667,31.095144480754556,12.466666666666667,22,3,19,2.518245220548131,0.8394150735160437,125.57228693677774,60.0,1740.0,0.0,0.0,0.0,2787.295010699425,0.0,0.0,125.57228693677774,1740.0,77.546952355324,1517.051174781618,,,,False,False,not_attempted,0,0,0,0,14,0,0.0,158.6213845411905,1637.0,False,,,False,7,0
pso,adaptive,29,1740.0,29.0,5,hourly_linear,interpolating,,0,1.0,1.0,0.48333333333333334,31.12902497791571,12.483333333333333,19,3,16,5.777510983922332,1.9258369946407774,131.34979792070007,60.0,1800.0,0.0,0.0,0.0,2787.295010699425,0.0,0.0,131.34979792070007,1800.0,75.2575153041522,1378.2463359382682,,,,False,False,not_attempted,0,0,0,0,60,0,0.0,155.74987877646268,1637.0,False,,,False,7,0
pso,adaptive,30,1800.0,30.0,6,hourly_linear,interpolating,,0,1.0,1.0,0.5,31.162979386305228,12.5,16,1,15,5.425957656568651,5.425957656568651,136.7757555772687,60.0,1860.0,12.639656300190836,39.18965469999239,51.829311000183225,2839.124321699608,0.0,0.0,136.7757555772687,1860.0,69.01830913776217,1377.644049398246,69.01830913776217,73.1593795579618,-4.141070420199625,True,False,incumbent_not_worse,3,5,0,0,40,0,0.0,153.79231961162012,1637.0,False,,,True,7,0
pso,adaptive,31,1860.0,31.0,6,hourly_linear,interpolating,,0,1.0,1.0,0.5166666666666667,31.197007948046263,12.516666666666667,15,2,13,6.466378687107669,3.2331893435538346,143.24213426437638,60.0,1920.0,0.0,0.0,0.0,2839.124321699608,0.0,0.0,143.24213426437638,1920.0,64.02643267269046,1329.3805716312913,,,,False,False,not_attempted,0,0,0,0,47,0,0.0,151.29214765656943,1847.0,False,,,False,5,0
pso,adaptive,32,1920.0,32.0,6,hourly_linear,interpolating,,0,1.0,1.0,0.5333333333333333,31.23111090632065,12.533333333333333,13,3,10,4.337044124291597,1.4456813747638657,147.57917838866797,60.0,1980.0,0.0,0.0,0.0,2839.124321699608,0.0,0.0,147.57917838866797,1980.0,56.968730099012156,1270.4163187450868,,,,False,False,not_attempted,0,0,0,0,26,0,0.0,150.2452689926926,1847.0,False,,,False,3,0
pso,adaptive,33,1980.0,33.0,6,hourly_linear,interpolating,,0,1.0,1.0,0.55,31.265288505374734,12.55,10,2,8,2.697016779126955,1.3485083895634775,150.27619516779492,60.0,2040.0,0.0,0.0,0.0,2839.124321699608,0.0,0.0,150.27619516779492,2040.0,53.26582002159053,1201.16799766127,,,,False,False,not_attempted,0,0,0,0,13,0,0.0,150.15193565935925,1908.0,False,,,False,3,0
pso,adaptive,34,2040.0,34.0,6,hourly_linear,interpolating,,0,1.0,1.0,0.5666666666666667,31.2995409905252,12.566666666666666,8,1,7,0.6493011984456981,0.6493011984456981,150.92549636624062,60.0,2100.0,0.0,0.0,0.0,2839.124321699608,0.0,0.0,150.92549636624062,2100.0,50.11444736541535,967.3539495336746,,,,False,False,not_attempted,0,0,0,0,4,0,0.0,150.0475942886729,1908.0,False,,,False,3,0
pso,adaptive,35,2100.0,35.0,7,hourly_linear,interpolating,,0,1.0,1.0,0.5833333333333334,31.333868608164906,12.583333333333334,7,0,7,1.624593395069525,1.624593395069525,152.55008976131015,60.0,2160.0,13.451362400082871,0.22540200012736022,13.676764400210232,2852.8010860998183,0.0,0.0,152.55008976131015,2160.0,48.93581195237824,839.4794207221834,49.785774354284456,48.93581195237824,0.8499624019062182,True,True,lower_residual_energy,1,1,1,1,30,0,0.0,149.94669052025571,1908.0,False,,,True,4,0
pso,adaptive,36,2160.0,36.0,7,hourly_linear,interpolating,,0,1.0,1.0,0.6,31.36827160576884,12.6,7,1,6,1.765530488056865,1.765530488056865,154.31562024936702,60.0,2220.0,0.0,0.0,0.0,2852.8010860998183,0.0,0.0,154.31562024936702,2220.0,47.45448909026985,840.5442353005964,,,,False,False,not_attempted,0,0,0,0,28,0,0.0,149.85335718692238,1908.0,False,,,False,3,0
pso,adaptive,37,2220.0,37.0,7,hourly_linear,interpolating,,0,1.0,1.0,0.6166666666666667,31.40275023190004,12.616666666666667,6,1,5,0.4751789427019023,0.4751789427019023,154.79079919206893,60.0,2280.0,0.0,0.0,0.0,2852.8010860998183,0.0,0.0,154.79079919206893,2280.0,45.77957838037475,809.9057369003408,,,,False,False,not_attempted,0,0,0,0,2,0,0.0,149.84610902507592,1908.0,False,,,False,3,0
pso,adaptive,38,2280.0,38.0,7,hourly_linear,interpolating,,0,1.0,1.0,0.6333333333333333,31.43730473621558,12.633333333333333,5,0,5,0.3166786523775053,0.3166786523775053,155.10747784444644,60.0,2340.0,0.0,0.0,0.0,2852.8010860998183,0.0,0.0,155.10747784444644,2340.0,45.39090913506437,763.2612029360481,,,,False,False,not_attempted,0,0,0,0,6,0,0.0,149.84610902507592,1908.0,False,,,False,1,0
pso,adaptive,39,2340.0,39.0,7,hourly_linear,interpolating,,0,1.0,1.0,0.65,31.471935369472607,12.65,5,2,3,0.5124954967502671,0.25624774837513353,155.6199733411967,60.0,2400.0,0.0,0.0,0.0,2852.8010860998183,0.0,0.0,155.6199733411967,2400.0,45.23912831817706,704.8294609385323,,,,False,False,not_attempted,0,0,0,0,10,0,0.0,149.84610902507592,1908.0,False,,,False,1,0
pso,adaptive,40,2400.0,40.0,8,hourly_linear,interpolating,,0,1.0,1.0,0.6666666666666666,31.506642383534384,12.666666666666666,3,0,3,0.09333333333333332,0.09333333333333332,155.71330667453003,60.0,2460.0,13.142179599963129,0.18991860002279282,13.332098199985921,2866.1331842998043,0.0,0.0,155.71330667453003,2460.0,44.62776176484863,677.0813480615744,44.62776176484863,44.62776176484863,0.0,True,False,incumbent_not_worse,0,0,0,0,0,0,0.0,149.84610902507592,1908.0,False,,,True,1,0
pso,adaptive,41,2460.0,41.0,8,hourly_linear,interpolating,,0,1.0,1.0,0.6833333333333333,31.541426031376442,12.683333333333334,3,1,2,0.3126680745410892,0.3126680745410892,156.0259747490711,60.0,2520.0,0.0,0.0,0.0,2866.1331842998043,0.0,0.0,156.0259747490711,2520.0,44.60880811368645,676.8568674574822,,,,False,False,not_attempted,0,0,0,0,2,0,0.0,149.84610902507592,1908.0,False,,,False,1,0
pso,adaptive,42,2520.0,42.0,8,hourly_linear,interpolating,,0,1.0,1.0,0.7,31.57628656709267,12.7,2,0,2,1.9623981503218635,1.9623981503218635,157.98837289939297,60.0,2580.0,0.0,0.0,0.0,2866.1331842998043,0.0,0.0,157.98837289939297,2580.0,44.308839198290066,676.6323868533893,,,,False,False,not_attempted,0,0,0,0,7,0,0.0,149.84610902507592,1908.0,False,,,False,1,0
pso,adaptive,43,2580.0,43.0,8,hourly_linear,interpolating,,0,1.0,1.0,0.7166666666666667,31.611224245901536,12.716666666666667,2,0,2,1.7342504172872595,1.7342504172872595,159.72262331668023,60.0,2640.0,0.0,0.0,0.0,2866.1331842998043,0.0,0.0,159.72262331668023,2640.0,42.35889600351502,676.4079062492965,,,,False,False,not_attempted,0,0,0,0,6,0,0.0,149.84610902507592,1908.0,False,,,False,1,0
pso,adaptive,44,2640.0,44.0,8,hourly_linear,interpolating,,0,1.0,1.0,0.7333333333333333,31.64623932415231,12.733333333333333,2,0,2,0.09333333333333332,0.09333333333333332,159.81595665001356,60.0,2700.0,0.0,0.0,0.0,2866.1331842998043,0.0,0.0,159.81595665001356,2700.0,40.55130929345429,676.183425645204,,,,False,False,not_attempted,0,0,0,0,0,0,0.0,149.84610902507592,1908.0,False,,,False,1,0
pso,adaptive,45,2700.0,45.0,9,hourly_linear,interpolating,,0,1.0,1.0,0.75,31.681332059331346,12.75,2,1,1,1.0323452176489814,1.0323452176489814,160.84830186766254,60.0,2760.0,12.66200300003402,0.21878109988756478,12.880784099921584,2879.013968399726,0.0,0.0,160.84830186766254,2760.0,40.55015073388742,675.9589450411113,40.55015073388742,40.55015073388742,0.0,True,False,incumbent_not_worse,0,0,0,0,6,0,0.0,149.84610902507592,1908.0,False,,,True,1,0
pso,adaptive,46,2760.0,46.0,9,hourly_linear,interpolating,,0,1.0,1.0,0.7666666666666667,31.716502710068355,12.766666666666667,1,0,1,0.556530138818666,0.556530138818666,161.4048320064812,60.0,2820.0,0.0,0.0,0.0,2879.013968399726,0.0,0.0,161.4048320064812,2820.0,39.31199047817368,675.7344644370187,,,,False,False,not_attempted,0,0,0,0,1,0,0.0,149.84610902507592,1908.0,False,,,False,1,0
pso,adaptive,47,2820.0,47.0,9,hourly_linear,interpolating,,0,1.0,1.0,0.7833333333333333,31.751751536142788,12.783333333333333,1,0,1,0.09333333333333332,0.09333333333333332,161.49816533981453,60.0,2880.0,0.0,0.0,0.0,2879.013968399726,0.0,0.0,161.49816533981453,2880.0,38.897305393751516,675.5099838329261,,,,False,False,not_attempted,0,0,0,0,0,0,0.0,149.84610902507592,1908.0,False,,,False,0,0
pso,adaptive,48,2880.0,48.0,9,hourly_linear,interpolating,,0,1.0,1.0,0.8,31.787078798490246,12.8,1,1,0,38.863998069250734,38.863998069250734,200.36216340906526,688.3031357784238,3568.3031357784234,0.0,0.0,0.0,2879.013968399726,0.0,0.0,200.36216340906526,3568.3031357784234,38.89556045540058,675.2855032288331,,,,False,False,not_attempted,0,0,0,0,341,0,0.0,144.58782095269234,1924.0,True,,,False,0,0
ga,adaptive,0,0.0,0.0,0,hourly_linear,interpolating,,0,1.0,1.0,0.0,30.174448413430188,12.0,84,0,84,22.772297818825507,22.772297818825507,22.772297818825507,60.0,60.0,12.788574000122026,29.86112240003422,42.649696400156245,42.649696400156245,0.0,0.0,22.772297818825507,60.0,181.40049197649975,3844.5808490360355,,,,False,False,initial_plan,0,0,0,0,111,0,0.0,177.0238692788932,0.0,False,,,True,10,10
ga,adaptive,1,60.0,1.0,0,hourly_linear,interpolating,,0,1.0,1.0,0.016666666666666666,30.206396594963294,12.016666666666667,84,0,84,5.5923949278232845,5.5923949278232845,28.364692746648792,60.0,120.0,0.0,0.0,0.0,42.649696400156245,0.0,0.0,28.364692746648792,120.0,157.75533730783636,3783.0523476206217,,,,False,False,not_attempted,0,0,0,0,84,0,0.0,175.86465302201373,0.0,False,,,False,10,10
ga,adaptive,2,120.0,2.0,0,hourly_linear,interpolating,,0,1.0,1.0,0.03333333333333333,30.238412500560123,12.033333333333333,84,4,80,3.920656576742671,0.9801641441856678,32.285349323391465,60.0,180.0,0.0,0.0,0.0,42.649696400156245,0.0,0.0,32.285349323391465,180.0,152.0750275083292,3722.598441599818,,,,False,False,not_attempted,0,0,0,0,42,0,0.0,175.14818399528826,230.0,False,,,False,9,6
ga,adaptive,3,180.0,3.0,0,hourly_linear,interpolating,,0,1.0,1.0,0.05,30.270496345792353,12.05,80,4,76,5.587191613482399,1.3967979033705997,37.87254093687386,60.0,240.0,0.0,0.0,0.0,42.649696400156245,0.0,0.0,37.87254093687386,240.0,147.76689748361179,3660.2001996629283,,,,False,False,not_attempted,0,0,0,0,74,0,0.0,174.73363868582075,230.0,False,,,False,9,2
ga,adaptive,4,240.0,4.0,0,hourly_linear,interpolating,,0,1.0,1.0,0.06666666666666667,30.30264834714753,12.066666666666666,76,0,76,3.5526469396964417,3.5526469396964417,41.425187876570305,60.0,300.0,0.0,0.0,0.0,42.649696400156245,0.0,0.0,41.425187876570305,300.0,142.6631312485719,3597.2712951581316,,,,False,False,not_attempted,0,0,0,0,50,0,0.0,174.5663433373345,230.0,False,,,False,9,2
ga,adaptive,5,300.0,5.0,1,hourly_linear,interpolating,,0,1.0,1.0,0.08333333333333333,30.334868722033978,12.083333333333334,76,2,74,1.9232817091482963,0.9616408545741482,43.348469585718604,60.0,360.0,12.76876990008168,1249.2995660998859,1262.0683359999675,1304.7180324001238,0.0,0.0,43.348469585718604,360.0,137.74471604439427,3293.377002001075,139.47207911256223,137.74471604439427,1.7273630681679606,True,True,lower_residual_energy,6,30,6,30,37,0,0.0,174.47301000400117,248.0,False,,,True,8,2
ga,adaptive,6,360.0,6.0,1,hourly_linear,interpolating,,0,1.0,1.0,0.1,30.367157688785635,12.1,74,3,71,4.573568713747695,1.5245229045825648,47.9220382994663,60.0,420.0,0.0,0.0,0.0,1304.7180324001238,0.0,0.0,47.9220382994663,420.0,135.53584489326107,3241.0898303012323,,,,False,False,not_attempted,0,0,0,0,54,0,0.0,173.22322548407982,479.0,False,,,False,8,1
ga,adaptive,7,420.0,7.0,1,hourly_linear,interpolating,,0,1.0,1.0,0.11666666666666667,30.39951546666707,12.116666666666667,71,2,69,3.8701262114734925,1.9350631057367462,51.79216451093979,60.0,480.0,0.0,0.0,0.0,1304.7180324001238,0.0,0.0,51.79216451093979,480.0,131.14377696656973,3174.2590868772722,,,,False,False,not_attempted,0,0,0,0,19,0,0.0,171.87262022404815,479.0,False,,,False,8,1
ga,adaptive,8,480.0,8.0,1,hourly_linear,interpolating,,0,1.0,1.0,0.13333333333333333,30.431942275878352,12.133333333333333,69,4,65,3.155751824463241,0.7889379561158103,54.947916335403036,60.0,540.0,0.0,0.0,0.0,1304.7180324001238,0.0,0.0,54.947916335403036,540.0,126.9540973740696,2878.1093863899237,,,,False,False,not_attempted,0,0,0,0,29,0,0.0,171.77928689071481,618.0,False,,,False,8,1
ga,adaptive,9,540.0,9.0,1,hourly_linear,interpolating,,0,1.0,1.0,0.15,30.464438337560132,12.15,65,2,63,3.8696951049712185,1.9348475524856092,58.81761144037426,60.0,600.0,0.0,0.0,0.0,1304.7180324001238,0.0,0.0,58.81761144037426,600.0,124.05942544018573,2877.6501474237252,,,,False,False,not_attempted,0,0,0,0,44,0,0.0,171.03651068208956,618.0,False,,,False,7,1
ga,adaptive,10,600.0,10.0,2,hourly_linear,interpolating,,0,1.0,1.0,0.16666666666666666,30.497003873798615,12.166666666666666,63,1,62,4.951937108992987,4.951937108992987,63.769548549367244,60.0,660.0,12.104712100001052,890.6166222000029,902.721334300004,2207.4393667001277,0.0,0.0,63.769548549367244,660.0,120.28270855646134,2868.4741314957855,120.28270855646133,130.5921091311792,-10.30940057471787,True,False,incumbent_not_worse,4,39,0,0,35,0,0.0,169.3283732746385,629.0,False,,,True,7,1
ga,adaptive,11,660.0,11.0,2,hourly_linear,interpolating,,0,1.0,1.0,0.18333333333333332,30.52963910763063,12.183333333333334,62,2,60,3.4460861866734676,1.7230430933367338,67.21563473604071,60.0,720.0,0.0,0.0,0.0,2207.4393667001277,0.0,0.0,67.21563473604071,720.0,115.40738862145912,2868.002158541707,,,,False,False,not_attempted,0,0,0,0,23,0,0.0,169.23503994130516,723.0,False,,,False,7,1
ga,adaptive,12,720.0,12.0,2,hourly_linear,interpolating,,0,1.0,1.0,0.2,30.562344263048733,12.2,60,2,58,1.8392329188770842,0.9196164594385421,69.0548676549178,60.0,780.0,0.0,0.0,0.0,2207.4393667001277,0.0,0.0,69.0548676549178,780.0,111.9915618808981,2867.530185587629,,,,False,False,not_attempted,0,0,0,0,19,0,0.0,168.90322994285046,723.0,False,,,False,7,1
ga,adaptive,13,780.0,13.0,2,hourly_linear,interpolating,,0,1.0,1.0,0.21666666666666667,30.59511956500633,12.216666666666667,58,2,56,3.542828991017524,1.771414495508762,72.59769664593533,60.0,840.0,0.0,0.0,0.0,2207.4393667001277,0.0,0.0,72.59769664593533,840.0,110.24884543889364,2750.75555233227,,,,False,False,not_attempted,0,0,0,0,30,0,0.0,166.80910971178142,723.0,False,,,False,7,1
ga,adaptive,14,840.0,14.0,2,hourly_linear,interpolating,,0,1.0,1.0,0.23333333333333334,30.627965239422828,12.233333333333333,56,2,54,1.9104487373947507,0.9552243686973754,74.50814538333007,60.0,900.0,0.0,0.0,0.0,2207.4393667001277,0.0,0.0,74.50814538333007,900.0,106.8735349777805,2750.2525613184866,,,,False,False,not_attempted,0,0,0,0,15,0,0.0,166.71577637844808,726.0,False,,,False,7,0
ga,adaptive,15,900.0,15.0,3,hourly_linear,interpolating,,0,1.0,1.0,0.25,30.66088151318881,12.25,54,2,52,5.566037069560899,2.7830185347804495,80.07418245289097,60.0,960.0,12.818380899960175,737.91810479993,750.7364856998902,2958.175852400018,0.0,0.0,80.07418245289097,960.0,104.65832065311996,2653.9669312196256,104.65832065311996,114.1420797786305,-9.483759125510545,True,False,incumbent_not_worse,5,33,0,0,29,0,0.0,165.66161823480226,726.0,False,,,True,7,0
ga,adaptive,16,960.0,16.0,3,hourly_linear,interpolating,,0,1.0,1.0,0.26666666666666666,30.693868614171308,12.266666666666667,52,2,50,6.554537800250832,3.277268900125416,86.6287202531418,60.0,1020.0,0.0,0.0,0.0,2958.175852400018,0.0,0.0,86.6287202531418,1020.0,98.70340421373317,2637.834459945205,,,,False,False,not_attempted,0,0,0,0,47,0,0.0,162.78236938557973,896.0,False,,,False,7,0
ga,adaptive,17,1020.0,17.0,3,hourly_linear,interpolating,,0,1.0,1.0,0.2833333333333333,30.726926771219016,12.283333333333333,50,1,49,2.0190158539442513,2.0190158539442513,88.64773610708605,60.0,1080.0,0.0,0.0,0.0,2958.175852400018,0.0,0.0,88.64773610708605,1080.0,92.2750011185195,2565.565862344896,,,,False,False,not_attempted,0,0,0,0,23,0,0.0,162.3583380358812,896.0,False,,,False,7,0
ga,adaptive,18,1080.0,18.0,3,hourly_linear,interpolating,,0,1.0,1.0,0.3,30.760056214167587,12.3,49,3,46,2.2618312050007714,0.7539437350002571,90.90956731208682,60.0,1140.0,0.0,0.0,0.0,2958.175852400018,0.0,0.0,90.90956731208682,1140.0,90.55625812277552,2522.6553342180737,,,,False,False,not_attempted,0,0,0,0,32,0,0.0,162.26500470254786,973.0,False,,,False,7,0
ga,adaptive,19,1140.0,19.0,3,hourly_linear,interpolating,,0,1.0,1.0,0.31666666666666665,30.793257173844985,12.316666666666666,46,3,43,3.740573272443867,1.246857757481289,94.65014058453069,60.0,1200.0,0.0,0.0,0.0,2958.175852400018,0.0,0.0,94.65014058453069,1200.0,88.51446795281214,2462.141352634297,,,,False,False,not_attempted,0,0,0,0,57,0,0.0,161.54470667770082,1090.0,False,,,False,7,0
ga,adaptive,20,1200.0,20.0,4,hourly_linear,interpolating,,0,1.0,1.0,0.3333333333333333,30.826529882076823,12.333333333333334,43,0,43,2.6649228263226497,2.6649228263226497,97.31506341085334,60.0,1260.0,12.876464700093493,273.5668511998374,286.4433158999309,3244.619168299949,0.0,0.0,97.31506341085334,1260.0,84.43552180442245,2393.10698803417,84.43552180442245,90.34572305773925,-5.910201253316799,True,False,incumbent_not_worse,2,16,0,0,21,0,0.0,161.45137334436748,1090.0,False,,,True,7,0
ga,adaptive,21,1260.0,21.0,4,hourly_linear,interpolating,,0,1.0,1.0,0.35,30.859874571691766,12.35,43,3,40,4.191550238566206,1.3971834128554022,101.50661364941955,60.0,1320.0,0.0,0.0,0.0,3244.619168299949,0.0,0.0,101.50661364941955,1320.0,81.74024914719433,2249.707670602185,,,,False,False,not_attempted,0,0,0,0,24,0,0.0,160.91357641323083,1090.0,False,,,False,7,0
ga,adaptive,22,1320.0,22.0,4,hourly_linear,interpolating,,0,1.0,1.0,0.36666666666666664,30.89329147652697,12.366666666666667,40,4,36,8.162313131661316,2.040578282915329,109.66892678108087,60.0,1380.0,0.0,0.0,0.0,3244.619168299949,0.0,0.0,109.66892678108087,1380.0,77.59591624947807,2248.1164206777285,,,,False,False,not_attempted,0,0,0,0,63,0,0.0,159.16223493369114,1323.0,False,,,False,7,0
ga,adaptive,23,1380.0,23.0,4,hourly_linear,interpolating,,0,1.0,1.0,0.38333333333333336,30.92678083143352,12.383333333333333,36,0,36,2.1316814792018546,2.1316814792018546,111.80060826028273,60.0,1440.0,0.0,0.0,0.0,3244.619168299949,0.0,0.0,111.80060826028273,1440.0,69.17008334038714,2212.71017664704,,,,False,False,not_attempted,0,0,0,0,39,0,0.0,158.7109123166437,1323.0,False,,,False,7,0
ga,adaptive,24,1440.0,24.0,4,hourly_linear,interpolating,,0,1.0,1.0,0.4,30.960342872281974,12.4,36,2,34,1.3561020810665354,0.6780510405332677,113.15671034134927,60.0,1500.0,0.0,0.0,0.0,3244.619168299949,0.0,0.0,113.15671034134927,1500.0,67.01540502844867,2061.8111750385947,,,,False,False,not_attempted,0,0,0,0,5,0,0.0,158.61757898331035,1323.0,False,,,False,6,0
ga,adaptive,25,1500.0,25.0,5,hourly_linear,interpolating,,0,1.0,1.0,0.4166666666666667,30.993944051169926,12.416666666666666,34,5,29,3.992286794864204,0.7984573589728408,117.14899713621347,60.0,1560.0,12.380575199844316,124.7304535000585,137.11102869990282,3381.7301969998516,0.0,0.0,117.14899713621347,1560.0,65.72482633838086,2061.163034865273,65.72482633838086,73.63597493099567,-7.911148592614808,True,False,incumbent_not_worse,4,11,0,0,48,0,0.0,157.75932639575504,1430.0,False,,,True,6,0
ga,adaptive,26,1560.0,26.0,5,hourly_linear,interpolating,,0,1.0,1.0,0.43333333333333335,31.02760425688384,12.433333333333334,29,1,28,3.39022244801583,3.39022244801583,120.5392195842293,60.0,1620.0,0.0,0.0,0.0,3381.7301969998516,0.0,0.0,120.5392195842293,1620.0,61.884193265656094,2023.8620247067392,,,,False,False,not_attempted,0,0,0,0,44,0,0.0,157.6659930624217,1430.0,False,,,False,6,0
ga,adaptive,27,1620.0,27.0,5,hourly_linear,interpolating,,0,1.0,1.0,0.45,31.061337653751583,12.45,28,1,27,1.875601222001402,1.875601222001402,122.41482080623071,60.0,1680.0,0.0,0.0,0.0,3381.7301969998516,0.0,0.0,122.41482080623071,1680.0,58.0445523900727,1883.2142886780382,,,,False,False,not_attempted,0,0,0,0,16,0,0.0,156.92483680796047,1430.0,False,,,False,6,0
ga,adaptive,28,1680.0,28.0,5,hourly_linear,interpolating,,0,1.0,1.0,0.4666666666666667,31.095144480754556,12.466666666666667,27,3,24,6.833776095869199,2.277925365289733,129.2485969020999,60.0,1740.0,0.0,0.0,0.0,3381.7301969998516,0.0,0.0,129.2485969020999,1740.0,56.69630077141275,1882.6643849902227,,,,False,False,not_attempted,0,0,0,0,76,0,0.0,155.04105070486528,1647.0,False,,,False,6,0
ga,adaptive,29,1740.0,29.0,5,hourly_linear,interpolating,,0,1.0,1.0,0.48333333333333334,31.12902497791571,12.483333333333333,24,0,24,3.5081324361229442,3.5081324361229442,132.75672933822284,60.0,1800.0,0.0,0.0,0.0,3381.7301969998516,0.0,0.0,132.75672933822284,1800.0,49.7580815489286,1854.9602225728843,,,,False,False,not_attempted,0,0,0,0,27,0,0.0,153.87411561047676,1647.0,False,,,False,6,0
ga,adaptive,30,1800.0,30.0,6,hourly_linear,interpolating,,0,1.0,1.0,0.5,31.162979386305228,12.5,24,1,23,1.9600195965275171,1.9600195965275171,134.71674893475037,60.0,1860.0,12.575132800033316,110.86508829984814,123.44022109988146,3505.170418099733,0.0,0.0,134.71674893475037,1860.0,45.91486561618158,1673.3153106345176,45.93714471253139,45.91486561618158,0.022279096349812733,True,True,lower_residual_energy,0,0,0,0,5,0,0.0,153.26376044033367,1694.0,False,,,True,6,0
ga,adaptive,31,1860.0,31.0,6,hourly_linear,interpolating,,0,1.0,1.0,0.5166666666666667,31.197007948046263,12.516666666666667,23,3,20,4.46533860704334,1.48844620234778,139.18208754179372,60.0,1920.0,0.0,0.0,0.0,3505.170418099733,0.0,0.0,139.18208754179372,1920.0,43.914777576159686,1672.796979290325,,,,False,False,not_attempted,0,0,0,0,54,0,0.0,153.17042710700034,1757.0,False,,,False,5,0
ga,adaptive,32,1920.0,32.0,6,hourly_linear,interpolating,,0,1.0,1.0,0.5333333333333333,31.23111090632065,12.533333333333333,20,2,18,1.6750133246323389,0.8375066623161694,140.85710086642607,60.0,1980.0,0.0,0.0,0.0,3505.170418099733,0.0,0.0,140.85710086642607,1980.0,39.15989682020884,1520.7839052247589,,,,False,False,not_attempted,0,0,0,0,14,0,0.0,152.94952630605962,1757.0,False,,,False,4,0
ga,adaptive,33,1980.0,33.0,6,hourly_linear,interpolating,,0,1.0,1.0,0.55,31.265288505374734,12.55,18,3,15,1.1847271631385934,0.3949090543795311,142.04182802956467,60.0,2040.0,0.0,0.0,0.0,3505.170418099733,0.0,0.0,142.04182802956467,2040.0,37.543182118785495,1520.2509993942483,,,,False,False,not_attempted,0,0,0,0,18,0,0.0,152.8561929727263,1932.0,False,,,False,3,0
ga,adaptive,34,2040.0,34.0,6,hourly_linear,interpolating,,0,1.0,1.0,0.5666666666666667,31.2995409905252,12.566666666666666,15,2,13,1.595348019950434,0.797674009975217,143.6371760495151,60.0,2100.0,0.0,0.0,0.0,3505.170418099733,0.0,0.0,143.6371760495151,2100.0,36.36328523705763,1381.918480756269,,,,False,False,not_attempted,0,0,0,0,5,0,0.0,152.7744830561539,1932.0,False,,,False,3,0
ga,adaptive,35,2100.0,35.0,7,hourly_linear,interpolating,,0,1.0,1.0,0.5833333333333334,31.333868608164906,12.583333333333334,13,1,12,0.43109455641211925,0.43109455641211925,144.0682706059272,60.0,2160.0,12.378927600104362,2.872864699922502,15.251792300026864,3520.42221039976,0.0,0.0,144.0682706059272,2160.0,34.77336192805446,1381.4070956710743,34.77336192805446,34.77336192805446,0.0,True,False,incumbent_not_worse,0,0,0,0,7,0,0.0,152.7744830561539,1932.0,False,,,True,2,0
ga,adaptive,36,2160.0,36.0,7,hourly_linear,interpolating,,0,1.0,1.0,0.6,31.36827160576884,12.6,12,1,11,1.0638186469430924,1.0638186469430924,145.13208925287032,60.0,2220.0,0.0,0.0,0.0,3520.42221039976,0.0,0.0,145.13208925287032,2220.0,34.30086568127991,1368.2558830015637,,,,False,False,not_attempted,0,0,0,0,11,0,0.0,152.7744830561539,1942.0,False,,,False,2,0
ga,adaptive,37,2220.0,37.0,7,hourly_linear,interpolating,,0,1.0,1.0,0.6166666666666667,31.40275023190004,12.616666666666667,11,1,10,0.4450789745188098,0.4450789745188098,145.57716822738914,60.0,2280.0,0.0,0.0,0.0,3520.42221039976,0.0,0.0,145.57716822738914,2280.0,33.136036221356335,1207.2821974032015,,,,False,False,not_attempted,0,0,0,0,7,0,0.0,152.7744830561539,1942.0,False,,,False,2,0
ga,adaptive,38,2280.0,38.0,7,hourly_linear,interpolating,,0,1.0,1.0,0.6333333333333333,31.43730473621558,12.633333333333333,10,1,9,1.2658360438450482,1.2658360438450482,146.84300427123418,60.0,2340.0,0.0,0.0,0.0,3520.42221039976,0.0,0.0,146.84300427123418,2340.0,32.47675995051134,1206.7922908136884,,,,False,False,not_attempted,0,0,0,0,8,0,0.0,152.7744830561539,1942.0,False,,,False,2,0
ga,adaptive,39,2340.0,39.0,7,hourly_linear,interpolating,,0,1.0,1.0,0.65,31.471935369472607,12.65,9,0,9,1.0038182990811744,1.0038182990811744,147.84682257031534,60.0,2400.0,0.0,0.0,0.0,3520.42221039976,0.0,0.0,147.84682257031534,2400.0,31.2622148609315,1187.1189151385456,,,,False,False,not_attempted,0,0,0,0,13,0,0.0,152.7744830561539,1942.0,False,,,False,2,0
ga,adaptive,40,2400.0,40.0,8,hourly_linear,interpolating,,0,1.0,1.0,0.6666666666666666,31.506642383534384,12.666666666666666,9,1,8,0.9076536331789176,0.9076536331789176,148.75447620349425,60.0,2460.0,12.341442300006747,2.580181200057268,14.921623500064015,3535.343833899824,0.0,0.0,148.75447620349425,2460.0,30.095793900488903,1119.5105090108525,30.095793900488903,30.095793900488903,0.0,True,False,incumbent_not_worse,0,0,0,0,3,0,0.0,152.7744830561539,1942.0,False,,,True,2,0
ga,adaptive,41,2460.0,41.0,8,hourly_linear,interpolating,,0,1.0,1.0,0.6833333333333333,31.541426031376442,12.683333333333334,8,0,8,0.18666666666666665,0.18666666666666665,148.94114287016092,60.0,2520.0,0.0,0.0,0.0,3535.343833899824,0.0,0.0,148.94114287016092,2520.0,29.021673313252066,998.9590751879781,,,,False,False,not_attempted,0,0,0,0,0,0,0.0,152.7744830561539,1942.0,False,,,False,2,0
ga,adaptive,42,2520.0,42.0,8,hourly_linear,interpolating,,0,1.0,1.0,0.7,31.57628656709267,12.7,8,2,6,1.9333537223269273,0.9666768611634636,150.87449659248784,60.0,2580.0,0.0,0.0,0.0,3535.343833899824,0.0,0.0,150.87449659248784,2580.0,28.944100541187353,998.4076413651042,,,,False,False,not_attempted,0,0,0,0,21,0,0.0,152.7744830561539,1942.0,False,,,False,2,0
ga,adaptive,43,2580.0,43.0,8,hourly_linear,interpolating,,0,1.0,1.0,0.7166666666666667,31.611224245901536,12.716666666666667,6,0,6,1.4946396218419662,1.4946396218419662,152.3691362143298,60.0,2640.0,0.0,0.0,0.0,3535.343833899824,0.0,0.0,152.3691362143298,2640.0,26.64588799319961,946.6386248090414,,,,False,False,not_attempted,0,0,0,0,14,0,0.0,152.7744830561539,1942.0,False,,,False,2,0
ga,adaptive,44,2640.0,44.0,8,hourly_linear,interpolating,,0,1.0,1.0,0.7333333333333333,31.64623932415231,12.733333333333333,6,0,6,0.18666666666666665,0.18666666666666665,152.55580288099648,60.0,2700.0,0.0,0.0,0.0,3535.343833899824,0.0,0.0,152.55580288099648,2700.0,25.113425838593344,790.1901773491438,,,,False,False,not_attempted,0,0,0,0,0,0,0.0,152.75295890007567,1942.0,False,,,False,1,0
ga,adaptive,45,2700.0,45.0,9,hourly_linear,interpolating,,0,1.0,1.0,0.75,31.681332059331346,12.75,6,2,4,0.7030478194709988,0.3515239097354994,153.2588507004675,60.0,2760.0,12.292884499998763,2.23008819995448,14.522972699953243,3549.866806599777,0.0,0.0,153.2588507004675,2760.0,25.051566635733636,789.8358759522721,25.051566635733636,25.051566635733636,0.0,True,False,incumbent_not_worse,0,0,0,0,3,0,0.0,152.66424676108687,1968.0,False,,,True,1,0
ga,adaptive,46,2760.0,46.0,9,hourly_linear,interpolating,,0,1.0,1.0,0.7666666666666667,31.716502710068355,12.766666666666667,4,0,4,0.09333333333333332,0.09333333333333332,153.35218403380082,60.0,2820.0,0.0,0.0,0.0,3549.866806599777,0.0,0.0,153.35218403380082,2820.0,24.249672293991672,647.738737028514,,,,False,False,not_attempted,0,0,0,0,0,0,0.0,152.66424676108687,1968.0,False,,,False,1,0
ga,adaptive,47,2820.0,47.0,9,hourly_linear,interpolating,,0,1.0,1.0,0.7833333333333333,31.751751536142788,12.783333333333333,4,1,3,0.1602853629908646,0.1602853629908646,153.5124693967917,60.0,2880.0,0.0,0.0,0.0,3549.866806599777,0.0,0.0,153.5124693967917,2880.0,24.18968596983633,647.4342423065683,,,,False,False,not_attempted,0,0,0,0,1,0,0.0,152.66424676108687,1968.0,False,,,False,1,0
ga,adaptive,48,2880.0,48.0,9,hourly_linear,interpolating,,0,1.0,1.0,0.8,31.787078798490246,12.8,3,0,3,0.8463304175795282,0.8463304175795282,154.35879981437122,60.0,2940.0,0.0,0.0,0.0,3549.866806599777,0.0,0.0,154.35879981437122,2940.0,24.049955929909718,645.0535213942245,,,,False,False,not_attempted,0,0,0,0,10,0,0.0,152.66424676108687,1968.0,False,,,False,1,0
ga,adaptive,49,2940.0,49.0,9,hourly_linear,interpolating,,0,1.0,1.0,0.8166666666666667,31.822484759208884,12.816666666666666,3,0,3,0.09333333333333332,0.09333333333333332,154.45213314770456,60.0,3000.0,0.0,0.0,0.0,3549.866806599777,0.0,0.0,154.45213314770456,3000.0,23.02856979392509,497.5560323508887,,,,False,False,not_attempted,0,0,0,0,0,0,0.0,152.66424676108687,1968.0,False,,,False,1,0
ga,adaptive,50,3000.0,50.0,10,hourly_linear,interpolating,,0,1.0,1.0,0.8333333333333334,31.85796968156591,12.833333333333334,3,1,2,0.3454503320775713,0.3454503320775713,154.79758347978213,60.0,3060.0,12.225232499884441,2.1194539999123663,14.344686499796808,3564.211493099574,0.0,0.0,154.79758347978213,3060.0,22.975423826413515,497.3190490615926,22.975423826413515,22.975423826413515,0.0,True,False,incumbent_not_worse,0,0,0,0,4,0,0.0,152.66424676108687,1968.0,False,,,True,1,0
ga,adaptive,51,3060.0,51.0,10,hourly_linear,interpolating,,0,1.0,1.0,0.85,31.893533830004102,12.85,2,0,2,0.09333333333333332,0.09333333333333332,154.89091681311547,60.0,3120.0,0.0,0.0,0.0,3564.211493099574,0.0,0.0,154.89091681311547,3120.0,22.457895811821714,359.93304479985295,,,,False,False,not_attempted,0,0,0,0,0,0,0.0,152.66424676108687,1968.0,False,,,False,1,0
ga,adaptive,52,3120.0,52.0,10,hourly_linear,interpolating,,0,1.0,1.0,0.8666666666666667,31.92917747014841,12.866666666666667,2,1,1,0.6371209432999312,0.6371209432999312,155.5280377564154,60.0,3180.0,0.0,0.0,0.0,3564.211493099574,0.0,0.0,155.5280377564154,3180.0,22.407318718795878,359.73580020487185,,,,False,False,not_attempted,0,0,0,0,10,0,0.0,152.66424676108687,1968.0,False,,,False,1,0
ga,adaptive,53,3180.0,53.0,10,hourly_linear,interpolating,,0,1.0,1.0,0.8833333333333333,31.964900868812514,12.883333333333333,1,0,1,0.10062820378521599,0.10062820378521599,155.6286659602006,60.0,3240.0,0.0,0.0,0.0,3564.211493099574,0.0,0.0,155.6286659602006,3240.0,21.78916827197787,343.33672825897054,,,,False,False,not_attempted,0,0,0,0,8,0,0.0,152.66424676108687,1968.0,False,,,False,1,0
ga,adaptive,54,3240.0,54.0,10,hourly_linear,interpolating,,0,1.0,1.0,0.9,32.00070429400553,12.9,1,0,1,0.3125881122814026,0.3125881122814026,155.941254072482,60.0,3300.0,0.0,0.0,0.0,3564.211493099574,0.0,0.0,155.941254072482,3300.0,21.606598061894967,285.27107463049987,,,,False,False,not_attempted,0,0,0,0,9,0,0.0,152.66424676108687,1968.0,False,,,False,1,0
ga,adaptive,55,3300.0,55.0,11,hourly_linear,interpolating,,0,1.0,1.0,0.9166666666666666,32.03658801493867,12.916666666666666,1,0,1,0.09333333333333332,0.09333333333333332,156.03458740581533,60.0,3360.0,0.0,0.0,0.0,3564.211493099574,0.0,0.0,156.03458740581533,3360.0,21.11935038387982,285.05317049010364,,,,False,False,not_attempted,0,0,0,0,0,0,0.0,152.66424676108687,1968.0,False,,,False,0,0
ga,adaptive,56,3360.0,56.0,11,hourly_linear,interpolating,,0,1.0,1.0,0.9333333333333333,32.07255100826903,12.933333333333334,1,1,0,20.91453476607412,20.91453476607412,176.94912217188946,349.36435043934,3709.36435043934,0.0,0.0,0.0,3564.211493099574,0.0,0.0,176.94912217188946,3709.36435043934,21.061848065169922,307.56548177533705,,,,False,False,not_attempted,0,0,0,0,239,0,0.0,149.54245394673936,1978.0,True,,,False,0,0
