SUMO_EDGE_ID,REGION_TYPE,ROAD_CLASS,COST_SOURCE,IMPUTATION_METHOD,SUMO_LENGTH,FREEFLOW_SPEED_KMH,HOUR,FINAL_SPEED_KMH,CONGESTION_RATIO,IMPUTED_FACTOR
393513870,CORE,residential,IMPUTED,LOCAL_SAME_CLASS,101.0,2.0160000000000005,~01시,0.7244536082474228,2.782786885245902,2.782786885245901
393513870,CORE,residential,IMPUTED,LOCAL_SAME_CLASS,101.0,2.0160000000000005,~02시,1.5780618556701045,1.2775164628410152,1.2775164628410154
393513870,CORE,residential,IMPUTED,LOCAL_SAME_CLASS,101.0,2.0160000000000005,~03시,1.9581030927835064,1.0295678544351778,1.0295678544351776
393513870,CORE,residential,IMPUTED,LOCAL_SAME_CLASS,101.0,2.0160000000000005,~04시,1.917278350515464,1.0514905149051492,1.0514905149051492
393513870,CORE,residential,IMPUTED,LOCAL_SAME_CLASS,101.0,2.0160000000000005,~06시,1.40659793814433,1.433245382585752,1.433245382585752
-1136829926#1,BUFFER,living_street,IMPUTED,LOCAL_ANY_CLASS,17.28,10.008,~07시,1.6250950708215268,6.15840893230985,6.15840893230985
-1136829926#2,BUFFER,living_street,IMPUTED,LOCAL_ANY_CLASS,73.86,10.008,~07시,1.6250950708215268,6.15840893230985,6.15840893230985
-1136829931#0,BUFFER,living_street,IMPUTED,LOCAL_ANY_CLASS,0.2,10.008,~07시,1.6250950708215268,6.15840893230985,6.15840893230985
-1136829931#1,BUFFER,living_street,IMPUTED,LOCAL_ANY_CLASS,33.63,10.008,~07시,1.6250950708215268,6.15840893230985,6.15840893230985
-1136829931#2,BUFFER,living_street,IMPUTED,LOCAL_ANY_CLASS,14.22,10.008,~07시,1.6250950708215268,6.15840893230985,6.15840893230985
-1136829931#3,BUFFER,living_street,IMPUTED,LOCAL_ANY_CLASS,12.14,10.008,~07시,1.6250950708215268,6.15840893230985,6.15840893230985
-1136829931#4,BUFFER,living_street,IMPUTED,LOCAL_ANY_CLASS,17.09,10.008,~07시,1.6250950708215268,6.15840893230985,6.15840893230985
-1136829932#0,BUFFER,living_street,IMPUTED,LOCAL_ANY_CLASS,41.17,10.008,~07시,1.6250950708215268,6.15840893230985,6.15840893230985
-1136829932#1,BUFFER,living_street,IMPUTED,LOCAL_ANY_CLASS,7.37,10.008,~07시,1.6250950708215268,6.15840893230985,6.15840893230985
-1136829934#0,BUFFER,living_street,IMPUTED,LOCAL_ANY_CLASS,43.23,10.008,~07시,1.6250950708215268,6.15840893230985,6.15840893230985
-1136829934#1,BUFFER,living_street,IMPUTED,LOCAL_ANY_CLASS,30.98,10.008,~07시,1.6250950708215268,6.15840893230985,6.15840893230985
-1136829934#2,BUFFER,living_street,IMPUTED,LOCAL_ANY_CLASS,1.34,10.008,~07시,1.6250950708215268,6.15840893230985,6.15840893230985
-1136829935,BUFFER,living_street,IMPUTED,LOCAL_ANY_CLASS,2.4,10.008,~07시,1.6250950708215268,6.15840893230985,6.15840893230985
-37401478,BUFFER,secondary,OBSERVED,NOT_NEEDED,98.38,100.008,~07시,9.670000000000002,10.34208893485005,
-381034867#1,BUFFER,living_street,IMPUTED,LOCAL_ANY_CLASS,30.97,10.008,~07시,1.6250950708215268,6.15840893230985,6.15840893230985
-381034867#2,BUFFER,living_street,IMPUTED,LOCAL_ANY_CLASS,52.05,10.008,~07시,1.6250950708215268,6.15840893230985,6.15840893230985
-477841175,BUFFER,living_street,IMPUTED,LOCAL_ANY_CLASS,271.76,10.008,~07시,1.6250950708215268,6.15840893230985,6.15840893230985
-801008456#0,BUFFER,secondary,OBSERVED,NOT_NEEDED,11.48,100.008,~07시,9.67,10.342088934850052,
-801008456#1,BUFFER,secondary,OBSERVED,NOT_NEEDED,25.06,100.008,~07시,9.67,10.342088934850052,
-801008456#2,BUFFER,secondary,OBSERVED,NOT_NEEDED,19.45,100.008,~07시,9.670000000000002,10.34208893485005,
1136829926#1,BUFFER,living_street,IMPUTED,LOCAL_ANY_CLASS,19.97,10.008,~07시,1.6250950708215268,6.15840893230985,6.15840893230985
1136829926#2,BUFFER,living_street,IMPUTED,LOCAL_ANY_CLASS,71.76,10.008,~07시,1.6250950708215268,6.15840893230985,6.15840893230985
1136829931#0,BUFFER,living_street,IMPUTED,LOCAL_ANY_CLASS,0.2,10.008,~07시,1.6250950708215268,6.15840893230985,6.15840893230985
1136829931#1,BUFFER,living_street,IMPUTED,LOCAL_ANY_CLASS,33.96,10.008,~07시,1.6250950708215268,6.15840893230985,6.15840893230985
1136829931#2,BUFFER,living_street,IMPUTED,LOCAL_ANY_CLASS,15.36,10.008,~07시,1.6250950708215268,6.15840893230985,6.15840893230985
1136829931#3,BUFFER,living_street,IMPUTED,LOCAL_ANY_CLASS,12.5,10.008,~07시,1.6250950708215268,6.15840893230985,6.15840893230985
1136829931#4,BUFFER,living_street,IMPUTED,LOCAL_ANY_CLASS,20.41,10.008,~07시,1.6250950708215268,6.15840893230985,6.15840893230985
1136829932#0,BUFFER,living_street,IMPUTED,LOCAL_ANY_CLASS,39.37,10.008,~07시,1.6250950708215268,6.15840893230985,6.15840893230985
1136829932#1,BUFFER,living_street,IMPUTED,LOCAL_ANY_CLASS,7.37,10.008,~07시,1.6250950708215268,6.15840893230985,6.15840893230985
1136829934#0,BUFFER,living_street,IMPUTED,LOCAL_ANY_CLASS,43.23,10.008,~07시,1.6250950708215268,6.15840893230985,6.15840893230985
1136829934#1,BUFFER,living_street,IMPUTED,LOCAL_ANY_CLASS,36.0,10.008,~07시,1.6250950708215268,6.15840893230985,6.15840893230985
1136829934#2,BUFFER,living_street,IMPUTED,LOCAL_ANY_CLASS,0.2,10.008,~07시,1.6250950708215268,6.15840893230985,6.15840893230985
1136829935,BUFFER,living_street,IMPUTED,LOCAL_ANY_CLASS,2.4,10.008,~07시,1.6250950708215268,6.15840893230985,6.15840893230985
1416455118#0,BUFFER,secondary,OBSERVED,NOT_NEEDED,3.64,100.008,~07시,9.670000000000002,10.34208893485005,
183521163#0,CORE,secondary,OBSERVED,NOT_NEEDED,35.98,100.008,~07시,9.94,10.061167002012073,
183521163#1,CORE,secondary,OBSERVED,NOT_NEEDED,60.14,100.008,~07시,9.939999999999998,10.061167002012075,
183521163#2,CORE,secondary,OBSERVED,NOT_NEEDED,0.2,100.008,~07시,9.940000000000008,10.061167002012063,
381034867#1,BUFFER,living_street,IMPUTED,LOCAL_ANY_CLASS,30.97,10.008,~07시,1.6250950708215268,6.15840893230985,6.15840893230985
381034867#2,BUFFER,living_street,IMPUTED,LOCAL_ANY_CLASS,53.04,10.008,~07시,1.6250950708215268,6.15840893230985,6.15840893230985
393513870,CORE,residential,IMPUTED,LOCAL_SAME_CLASS,101.0,2.0160000000000005,~07시,1.1460618556701032,1.7590673575129536,1.7590673575129532
477841175,BUFFER,living_street,IMPUTED,LOCAL_ANY_CLASS,274.02,10.008,~07시,1.6250950708215268,6.15840893230985,6.15840893230985
634224224,CORE,secondary,OBSERVED,NOT_NEEDED,23.22,100.008,~07시,9.939999999999998,10.061167002012075,
-1136829926#1,BUFFER,living_street,IMPUTED,LOCAL_ANY_CLASS,17.28,10.008,~08시,1.4459150141643031,6.921568627450993,6.921568627450993
-1136829926#2,BUFFER,living_street,IMPUTED,LOCAL_ANY_CLASS,73.86,10.008,~08시,1.4459150141643031,6.921568627450993,6.921568627450993
-1136829931#0,BUFFER,living_street,IMPUTED,LOCAL_ANY_CLASS,0.2,10.008,~08시,1.4459150141643031,6.921568627450993,6.921568627450993
-1136829931#1,BUFFER,living_street,IMPUTED,LOCAL_ANY_CLASS,33.63,10.008,~08시,1.4459150141643031,6.921568627450993,6.921568627450993
-1136829931#2,BUFFER,living_street,IMPUTED,LOCAL_ANY_CLASS,14.22,10.008,~08시,1.4459150141643031,6.921568627450993,6.921568627450993
-1136829931#3,BUFFER,living_street,IMPUTED,LOCAL_ANY_CLASS,12.14,10.008,~08시,1.4459150141643031,6.921568627450993,6.921568627450993
-1136829931#4,BUFFER,living_street,IMPUTED,LOCAL_ANY_CLASS,17.09,10.008,~08시,1.4459150141643031,6.921568627450993,6.921568627450993
-1136829932#0,BUFFER,living_street,IMPUTED,LOCAL_ANY_CLASS,41.17,10.008,~08시,1.4459150141643031,6.921568627450993,6.921568627450993
-1136829932#1,BUFFER,living_street,IMPUTED,LOCAL_ANY_CLASS,7.37,10.008,~08시,1.4459150141643031,6.921568627450993,6.921568627450993
-1136829934#0,BUFFER,living_street,IMPUTED,LOCAL_ANY_CLASS,43.23,10.008,~08시,1.4459150141643031,6.921568627450993,6.921568627450993
-1136829934#1,BUFFER,living_street,IMPUTED,LOCAL_ANY_CLASS,30.98,10.008,~08시,1.4459150141643031,6.921568627450993,6.921568627450993
-1136829934#2,BUFFER,living_street,IMPUTED,LOCAL_ANY_CLASS,1.34,10.008,~08시,1.4459150141643031,6.921568627450993,6.921568627450993
-1136829935,BUFFER,living_street,IMPUTED,LOCAL_ANY_CLASS,2.4,10.008,~08시,1.4459150141643031,6.921568627450993,6.921568627450993
-37401478,BUFFER,secondary,OBSERVED,NOT_NEEDED,98.38,100.008,~08시,9.76,10.24672131147541,
-381034867#1,BUFFER,living_street,IMPUTED,LOCAL_ANY_CLASS,30.97,10.008,~08시,1.4459150141643031,6.921568627450993,6.921568627450993
-381034867#2,BUFFER,living_street,IMPUTED,LOCAL_ANY_CLASS,52.05,10.008,~08시,1.4459150141643031,6.921568627450993,6.921568627450993
-477841175,BUFFER,living_street,IMPUTED,LOCAL_ANY_CLASS,271.76,10.008,~08시,1.4459150141643031,6.921568627450993,6.921568627450993
-801008456#0,BUFFER,secondary,OBSERVED,NOT_NEEDED,11.48,100.008,~08시,9.76,10.24672131147541,
-801008456#1,BUFFER,secondary,OBSERVED,NOT_NEEDED,25.06,100.008,~08시,9.76,10.24672131147541,
-801008456#2,BUFFER,secondary,OBSERVED,NOT_NEEDED,19.45,100.008,~08시,9.76,10.24672131147541,
1136829926#1,BUFFER,living_street,IMPUTED,LOCAL_ANY_CLASS,19.97,10.008,~08시,1.4459150141643031,6.921568627450993,6.921568627450993
1136829926#2,BUFFER,living_street,IMPUTED,LOCAL_ANY_CLASS,71.76,10.008,~08시,1.4459150141643031,6.921568627450993,6.921568627450993
1136829931#0,BUFFER,living_street,IMPUTED,LOCAL_ANY_CLASS,0.2,10.008,~08시,1.4459150141643031,6.921568627450993,6.921568627450993
1136829931#1,BUFFER,living_street,IMPUTED,LOCAL_ANY_CLASS,33.96,10.008,~08시,1.4459150141643031,6.921568627450993,6.921568627450993
1136829931#2,BUFFER,living_street,IMPUTED,LOCAL_ANY_CLASS,15.36,10.008,~08시,1.4459150141643031,6.921568627450993,6.921568627450993
1136829931#3,BUFFER,living_street,IMPUTED,LOCAL_ANY_CLASS,12.5,10.008,~08시,1.4459150141643031,6.921568627450993,6.921568627450993
1136829931#4,BUFFER,living_street,IMPUTED,LOCAL_ANY_CLASS,20.41,10.008,~08시,1.4459150141643031,6.921568627450993,6.921568627450993
1136829932#0,BUFFER,living_street,IMPUTED,LOCAL_ANY_CLASS,39.37,10.008,~08시,1.4459150141643031,6.921568627450993,6.921568627450993
1136829932#1,BUFFER,living_street,IMPUTED,LOCAL_ANY_CLASS,7.37,10.008,~08시,1.4459150141643031,6.921568627450993,6.921568627450993
1136829934#0,BUFFER,living_street,IMPUTED,LOCAL_ANY_CLASS,43.23,10.008,~08시,1.4459150141643031,6.921568627450993,6.921568627450993
1136829934#1,BUFFER,living_street,IMPUTED,LOCAL_ANY_CLASS,36.0,10.008,~08시,1.4459150141643031,6.921568627450993,6.921568627450993
1136829934#2,BUFFER,living_street,IMPUTED,LOCAL_ANY_CLASS,0.2,10.008,~08시,1.4459150141643031,6.921568627450993,6.921568627450993
1136829935,BUFFER,living_street,IMPUTED,LOCAL_ANY_CLASS,2.4,10.008,~08시,1.4459150141643031,6.921568627450993,6.921568627450993
1416455118#0,BUFFER,secondary,OBSERVED,NOT_NEEDED,3.64,100.008,~08시,9.76,10.24672131147541,
381034867#1,BUFFER,living_street,IMPUTED,LOCAL_ANY_CLASS,30.97,10.008,~08시,1.4459150141643031,6.921568627450993,6.921568627450993
381034867#2,BUFFER,living_street,IMPUTED,LOCAL_ANY_CLASS,53.04,10.008,~08시,1.4459150141643031,6.921568627450993,6.921568627450993
393513870,CORE,residential,IMPUTED,LOCAL_SAME_CLASS,101.0,2.0160000000000005,~08시,0.9604948453608247,2.0989180834621335,2.098918083462133
477841175,BUFFER,living_street,IMPUTED,LOCAL_ANY_CLASS,274.02,10.008,~08시,1.4459150141643031,6.921568627450993,6.921568627450993
-1136829926#1,BUFFER,living_street,IMPUTED,LOCAL_ANY_CLASS,17.28,10.008,~09시,1.5593201133144448,6.4181818181818295,6.4181818181818295
-1136829926#2,BUFFER,living_street,IMPUTED,LOCAL_ANY_CLASS,73.86,10.008,~09시,1.5593201133144448,6.4181818181818295,6.4181818181818295
-1136829931#0,BUFFER,living_street,IMPUTED,LOCAL_ANY_CLASS,0.2,10.008,~09시,1.5593201133144448,6.4181818181818295,6.4181818181818295
-1136829931#1,BUFFER,living_street,IMPUTED,LOCAL_ANY_CLASS,33.63,10.008,~09시,1.5593201133144448,6.4181818181818295,6.4181818181818295
-1136829931#2,BUFFER,living_street,IMPUTED,LOCAL_ANY_CLASS,14.22,10.008,~09시,1.5593201133144448,6.4181818181818295,6.4181818181818295
-1136829931#3,BUFFER,living_street,IMPUTED,LOCAL_ANY_CLASS,12.14,10.008,~09시,1.5593201133144448,6.4181818181818295,6.4181818181818295
-1136829931#4,BUFFER,living_street,IMPUTED,LOCAL_ANY_CLASS,17.09,10.008,~09시,1.5593201133144448,6.4181818181818295,6.4181818181818295
-1136829932#0,BUFFER,living_street,IMPUTED,LOCAL_ANY_CLASS,41.17,10.008,~09시,1.5593201133144448,6.4181818181818295,6.4181818181818295
-1136829932#1,BUFFER,living_street,IMPUTED,LOCAL_ANY_CLASS,7.37,10.008,~09시,1.5593201133144448,6.4181818181818295,6.4181818181818295
-1136829934#0,BUFFER,living_street,IMPUTED,LOCAL_ANY_CLASS,43.23,10.008,~09시,1.5593201133144448,6.4181818181818295,6.4181818181818295
-1136829934#1,BUFFER,living_street,IMPUTED,LOCAL_ANY_CLASS,30.98,10.008,~09시,1.5593201133144443,6.418181818181831,6.4181818181818295
-1136829934#2,BUFFER,living_street,IMPUTED,LOCAL_ANY_CLASS,1.34,10.008,~09시,1.5593201133144448,6.4181818181818295,6.4181818181818295
-1136829935,BUFFER,living_street,IMPUTED,LOCAL_ANY_CLASS,2.4,10.008,~09시,1.5593201133144448,6.4181818181818295,6.4181818181818295
-381034867#1,BUFFER,living_street,IMPUTED,LOCAL_ANY_CLASS,30.97,10.008,~09시,1.5593201133144448,6.4181818181818295,6.4181818181818295
-381034867#2,BUFFER,living_street,IMPUTED,LOCAL_ANY_CLASS,52.05,10.008,~09시,1.5593201133144448,6.4181818181818295,6.4181818181818295
-477841175,BUFFER,living_street,IMPUTED,LOCAL_ANY_CLASS,271.76,10.008,~09시,1.5593201133144448,6.4181818181818295,6.4181818181818295
1136829926#1,BUFFER,living_street,IMPUTED,LOCAL_ANY_CLASS,19.97,10.008,~09시,1.5593201133144448,6.4181818181818295,6.4181818181818295
1136829926#2,BUFFER,living_street,IMPUTED,LOCAL_ANY_CLASS,71.76,10.008,~09시,1.5593201133144448,6.4181818181818295,6.4181818181818295
1136829931#0,BUFFER,living_street,IMPUTED,LOCAL_ANY_CLASS,0.2,10.008,~09시,1.5593201133144448,6.4181818181818295,6.4181818181818295
1136829931#1,BUFFER,living_street,IMPUTED,LOCAL_ANY_CLASS,33.96,10.008,~09시,1.5593201133144448,6.4181818181818295,6.4181818181818295
1136829931#2,BUFFER,living_street,IMPUTED,LOCAL_ANY_CLASS,15.36,10.008,~09시,1.5593201133144448,6.4181818181818295,6.4181818181818295
1136829931#3,BUFFER,living_street,IMPUTED,LOCAL_ANY_CLASS,12.5,10.008,~09시,1.5593201133144448,6.4181818181818295,6.4181818181818295
1136829931#4,BUFFER,living_street,IMPUTED,LOCAL_ANY_CLASS,20.41,10.008,~09시,1.5593201133144448,6.4181818181818295,6.4181818181818295
1136829932#0,BUFFER,living_street,IMPUTED,LOCAL_ANY_CLASS,39.37,10.008,~09시,1.5593201133144443,6.418181818181831,6.4181818181818295
1136829932#1,BUFFER,living_street,IMPUTED,LOCAL_ANY_CLASS,7.37,10.008,~09시,1.5593201133144448,6.4181818181818295,6.4181818181818295
1136829934#0,BUFFER,living_street,IMPUTED,LOCAL_ANY_CLASS,43.23,10.008,~09시,1.5593201133144448,6.4181818181818295,6.4181818181818295
1136829934#1,BUFFER,living_street,IMPUTED,LOCAL_ANY_CLASS,36.0,10.008,~09시,1.5593201133144448,6.4181818181818295,6.4181818181818295
1136829934#2,BUFFER,living_street,IMPUTED,LOCAL_ANY_CLASS,0.2,10.008,~09시,1.5593201133144448,6.4181818181818295,6.4181818181818295
1136829935,BUFFER,living_street,IMPUTED,LOCAL_ANY_CLASS,2.4,10.008,~09시,1.5593201133144448,6.4181818181818295,6.4181818181818295
381034867#1,BUFFER,living_street,IMPUTED,LOCAL_ANY_CLASS,30.97,10.008,~09시,1.5593201133144448,6.4181818181818295,6.4181818181818295
381034867#2,BUFFER,living_street,IMPUTED,LOCAL_ANY_CLASS,53.04,10.008,~09시,1.5593201133144448,6.4181818181818295,6.4181818181818295
393513870,CORE,residential,IMPUTED,LOCAL_SAME_CLASS,101.0,2.0160000000000005,~09시,0.7882886597938146,2.5574387947269304,2.5574387947269304
477841175,BUFFER,living_street,IMPUTED,LOCAL_ANY_CLASS,274.02,10.008,~09시,1.5593201133144448,6.4181818181818295,6.4181818181818295
518796200#0,CORE,secondary,OBSERVED,NOT_NEEDED,60.44,100.008,~09시,9.56,10.461087866108786,
518796200#1,CORE,secondary,OBSERVED,NOT_NEEDED,15.34,100.008,~09시,9.56,10.461087866108786,
-1136829926#1,BUFFER,living_street,IMPUTED,LOCAL_ANY_CLASS,17.28,10.008,~10시,1.304158640226626,7.673913043478277,7.673913043478276
-1136829926#2,BUFFER,living_street,IMPUTED,LOCAL_ANY_CLASS,73.86,10.008,~10시,1.304158640226626,7.673913043478277,7.673913043478276
-1136829931#0,BUFFER,living_street,IMPUTED,LOCAL_ANY_CLASS,0.2,10.008,~10시,1.304158640226626,7.673913043478277,7.673913043478276
-1136829931#1,BUFFER,living_street,IMPUTED,LOCAL_ANY_CLASS,33.63,10.008,~10시,1.304158640226626,7.673913043478277,7.673913043478276
-1136829931#2,BUFFER,living_street,IMPUTED,LOCAL_ANY_CLASS,14.22,10.008,~10시,1.304158640226626,7.673913043478277,7.673913043478276
-1136829931#3,BUFFER,living_street,IMPUTED,LOCAL_ANY_CLASS,12.14,10.008,~10시,1.304158640226626,7.673913043478277,7.673913043478276
-1136829931#4,BUFFER,living_street,IMPUTED,LOCAL_ANY_CLASS,17.09,10.008,~10시,1.304158640226626,7.673913043478277,7.673913043478276
-1136829932#0,BUFFER,living_street,IMPUTED,LOCAL_ANY_CLASS,41.17,10.008,~10시,1.304158640226626,7.673913043478277,7.673913043478276
-1136829932#1,BUFFER,living_street,IMPUTED,LOCAL_ANY_CLASS,7.37,10.008,~10시,1.304158640226626,7.673913043478277,7.673913043478276
-1136829934#0,BUFFER,living_street,IMPUTED,LOCAL_ANY_CLASS,43.23,10.008,~10시,1.304158640226626,7.673913043478277,7.673913043478276
-1136829934#1,BUFFER,living_street,IMPUTED,LOCAL_ANY_CLASS,30.98,10.008,~10시,1.304158640226626,7.673913043478277,7.673913043478276
-1136829934#2,BUFFER,living_street,IMPUTED,LOCAL_ANY_CLASS,1.34,10.008,~10시,1.304158640226626,7.673913043478277,7.673913043478276
-1136829935,BUFFER,living_street,IMPUTED,LOCAL_ANY_CLASS,2.4,10.008,~10시,1.304158640226626,7.673913043478277,7.673913043478276
-381034867#1,BUFFER,living_street,IMPUTED,LOCAL_ANY_CLASS,30.97,10.008,~10시,1.304158640226626,7.673913043478277,7.673913043478276
-381034867#2,BUFFER,living_street,IMPUTED,LOCAL_ANY_CLASS,52.05,10.008,~10시,1.304158640226626,7.673913043478277,7.673913043478276
-477841175,BUFFER,living_street,IMPUTED,LOCAL_ANY_CLASS,271.76,10.008,~10시,1.304158640226626,7.673913043478277,7.673913043478276
1136829926#1,BUFFER,living_street,IMPUTED,LOCAL_ANY_CLASS,19.97,10.008,~10시,1.304158640226626,7.673913043478277,7.673913043478276
1136829926#2,BUFFER,living_street,IMPUTED,LOCAL_ANY_CLASS,71.76,10.008,~10시,1.304158640226626,7.673913043478277,7.673913043478276
1136829931#0,BUFFER,living_street,IMPUTED,LOCAL_ANY_CLASS,0.2,10.008,~10시,1.304158640226626,7.673913043478277,7.673913043478276
1136829931#1,BUFFER,living_street,IMPUTED,LOCAL_ANY_CLASS,33.96,10.008,~10시,1.304158640226626,7.673913043478277,7.673913043478276
1136829931#2,BUFFER,living_street,IMPUTED,LOCAL_ANY_CLASS,15.36,10.008,~10시,1.304158640226626,7.673913043478277,7.673913043478276
1136829931#3,BUFFER,living_street,IMPUTED,LOCAL_ANY_CLASS,12.5,10.008,~10시,1.304158640226626,7.673913043478277,7.673913043478276
1136829931#4,BUFFER,living_street,IMPUTED,LOCAL_ANY_CLASS,20.41,10.008,~10시,1.304158640226626,7.673913043478277,7.673913043478276
1136829932#0,BUFFER,living_street,IMPUTED,LOCAL_ANY_CLASS,39.37,10.008,~10시,1.304158640226626,7.673913043478277,7.673913043478276
1136829932#1,BUFFER,living_street,IMPUTED,LOCAL_ANY_CLASS,7.37,10.008,~10시,1.304158640226626,7.673913043478277,7.673913043478276
1136829934#0,BUFFER,living_street,IMPUTED,LOCAL_ANY_CLASS,43.23,10.008,~10시,1.304158640226626,7.673913043478277,7.673913043478276
1136829934#1,BUFFER,living_street,IMPUTED,LOCAL_ANY_CLASS,36.0,10.008,~10시,1.304158640226626,7.673913043478277,7.673913043478276
1136829934#2,BUFFER,living_street,IMPUTED,LOCAL_ANY_CLASS,0.2,10.008,~10시,1.304158640226626,7.673913043478277,7.673913043478276
1136829935,BUFFER,living_street,IMPUTED,LOCAL_ANY_CLASS,2.4,10.008,~10시,1.304158640226626,7.673913043478277,7.673913043478276
381034867#1,BUFFER,living_street,IMPUTED,LOCAL_ANY_CLASS,30.97,10.008,~10시,1.304158640226626,7.673913043478277,7.673913043478276
381034867#2,BUFFER,living_street,IMPUTED,LOCAL_ANY_CLASS,53.04,10.008,~10시,1.3041586402266263,7.673913043478276,7.673913043478276
393513870,CORE,residential,IMPUTED,LOCAL_SAME_CLASS,101.0,2.0160000000000005,~10시,0.8261443298969076,2.4402515723270435,2.4402515723270435
477841175,BUFFER,living_street,IMPUTED,LOCAL_ANY_CLASS,274.02,10.008,~10시,1.304158640226626,7.673913043478277,7.673913043478276
-1136829926#1,BUFFER,living_street,IMPUTED,LOCAL_ANY_CLASS,17.28,10.008,~11시,1.1624022662889493,8.609756097560993,8.609756097560993
-1136829926#2,BUFFER,living_street,IMPUTED,LOCAL_ANY_CLASS,73.86,10.008,~11시,1.1624022662889493,8.609756097560993,8.609756097560993
-1136829931#0,BUFFER,living_street,IMPUTED,LOCAL_ANY_CLASS,0.2,10.008,~11시,1.1624022662889493,8.609756097560993,8.609756097560993
-1136829931#1,BUFFER,living_street,IMPUTED,LOCAL_ANY_CLASS,33.63,10.008,~11시,1.1624022662889493,8.609756097560993,8.609756097560993
-1136829931#2,BUFFER,living_street,IMPUTED,LOCAL_ANY_CLASS,14.22,10.008,~11시,1.1624022662889493,8.609756097560993,8.609756097560993
-1136829931#3,BUFFER,living_street,IMPUTED,LOCAL_ANY_CLASS,12.14,10.008,~11시,1.1624022662889493,8.609756097560993,8.609756097560993
-1136829931#4,BUFFER,living_street,IMPUTED,LOCAL_ANY_CLASS,17.09,10.008,~11시,1.1624022662889493,8.609756097560993,8.609756097560993
-1136829932#0,BUFFER,living_street,IMPUTED,LOCAL_ANY_CLASS,41.17,10.008,~11시,1.1624022662889493,8.609756097560993,8.609756097560993
-1136829932#1,BUFFER,living_street,IMPUTED,LOCAL_ANY_CLASS,7.37,10.008,~11시,1.1624022662889493,8.609756097560993,8.609756097560993
-1136829934#0,BUFFER,living_street,IMPUTED,LOCAL_ANY_CLASS,43.23,10.008,~11시,1.1624022662889493,8.609756097560993,8.609756097560993
-1136829934#1,BUFFER,living_street,IMPUTED,LOCAL_ANY_CLASS,30.98,10.008,~11시,1.1624022662889493,8.609756097560993,8.609756097560993
-1136829934#2,BUFFER,living_street,IMPUTED,LOCAL_ANY_CLASS,1.34,10.008,~11시,1.162402266288949,8.609756097560995,8.609756097560993
-1136829935,BUFFER,living_street,IMPUTED,LOCAL_ANY_CLASS,2.4,10.008,~11시,1.1624022662889493,8.609756097560993,8.609756097560993
-218790202#0,BUFFER,primary,IMPUTED,LOCAL_SAME_CLASS,50.34,50.004000000000005,~11시,3.703999999999997,13.500000000000012,13.500000000000012
-218790202#1,BUFFER,primary,IMPUTED,LOCAL_SAME_CLASS,8.45,50.004000000000005,~11시,3.703999999999997,13.500000000000012,13.500000000000012
-218790202#10,BUFFER,primary,IMPUTED,LOCAL_SAME_CLASS,7.42,50.004000000000005,~11시,3.703999999999997,13.500000000000012,13.500000000000012
-218790202#11,BUFFER,primary,IMPUTED,LOCAL_SAME_CLASS,4.36,50.004000000000005,~11시,3.703999999999997,13.500000000000012,13.500000000000012
-218790202#13,BUFFER,primary,IMPUTED,LOCAL_SAME_CLASS,64.15,50.004000000000005,~11시,3.703999999999997,13.500000000000012,13.500000000000012
-218790202#14,BUFFER,primary,IMPUTED,LOCAL_SAME_CLASS,7.2,50.004000000000005,~11시,3.703999999999996,13.500000000000016,13.500000000000012
-218790202#15,BUFFER,primary,IMPUTED,LOCAL_SAME_CLASS,4.23,50.004000000000005,~11시,3.703999999999996,13.500000000000016,13.500000000000012
-218790202#16,BUFFER,primary,IMPUTED,LOCAL_SAME_CLASS,31.78,50.004000000000005,~11시,3.703999999999997,13.500000000000012,13.500000000000012
-218790202#17,BUFFER,primary,IMPUTED,LOCAL_SAME_CLASS,71.52,50.004000000000005,~11시,3.703999999999997,13.500000000000012,13.500000000000012
-218790202#2,BUFFER,primary,IMPUTED,LOCAL_SAME_CLASS,21.15,50.004000000000005,~11시,3.703999999999997,13.500000000000012,13.500000000000012
-218790202#3,BUFFER,primary,IMPUTED,LOCAL_SAME_CLASS,11.66,50.004000000000005,~11시,3.703999999999997,13.500000000000012,13.500000000000012
-218790202#4,BUFFER,primary,IMPUTED,LOCAL_SAME_CLASS,52.34,50.004000000000005,~11시,3.703999999999997,13.500000000000012,13.500000000000012
-218790202#5,BUFFER,primary,IMPUTED,LOCAL_SAME_CLASS,44.64,50.004000000000005,~11시,3.703999999999997,13.500000000000012,13.500000000000012
-218790202#6,BUFFER,primary,IMPUTED,LOCAL_SAME_CLASS,9.3,50.004000000000005,~11시,3.703999999999997,13.500000000000012,13.500000000000012
-218790202#7,BUFFER,primary,IMPUTED,LOCAL_SAME_CLASS,107.79,50.004000000000005,~11시,3.703999999999997,13.500000000000012,13.500000000000012
-218790202#8,BUFFER,primary,IMPUTED,LOCAL_SAME_CLASS,28.36,50.004000000000005,~11시,3.703999999999997,13.500000000000012,13.500000000000012
-381034867#1,BUFFER,living_street,IMPUTED,LOCAL_ANY_CLASS,30.97,10.008,~11시,1.1624022662889493,8.609756097560993,8.609756097560993
-381034867#2,BUFFER,living_street,IMPUTED,LOCAL_ANY_CLASS,52.05,10.008,~11시,1.1624022662889493,8.609756097560993,8.609756097560993
-477841175,BUFFER,living_street,IMPUTED,LOCAL_ANY_CLASS,271.76,10.008,~11시,1.1624022662889493,8.609756097560993,8.609756097560993
-518807040#10,CORE,secondary,OBSERVED,NOT_NEEDED,4.55,100.008,~11시,9.63,10.385046728971961,
-518807040#11,CORE,secondary,OBSERVED,NOT_NEEDED,63.01,100.008,~11시,9.63,10.385046728971961,
-518807040#12,CORE,secondary,OBSERVED,NOT_NEEDED,18.05,100.008,~11시,9.63,10.385046728971961,
-518807040#13,CORE,secondary,OBSERVED,NOT_NEEDED,5.18,100.008,~11시,9.63,10.385046728971961,
-518807040#14,CORE,secondary,OBSERVED,NOT_NEEDED,1.95,100.008,~11시,9.63,10.385046728971961,
-518807040#7,CORE,secondary,OBSERVED,NOT_NEEDED,0.42,100.008,~11시,9.63,10.385046728971961,
-518807040#8,CORE,secondary,OBSERVED,NOT_NEEDED,33.71,100.008,~11시,9.63,10.385046728971961,
-518807040#9,CORE,secondary,OBSERVED,NOT_NEEDED,19.57,100.008,~11시,9.63,10.385046728971961,
-833433717,BUFFER,living_street,IMPUTED,LOCAL_ANY_CLASS,120.18,10.008,~11시,1.1624022662889493,8.609756097560993,8.609756097560993
-921199232#0,BUFFER,primary,IMPUTED,LOCAL_SAME_CLASS,37.25,50.004000000000005,~11시,3.703999999999997,13.500000000000012,13.500000000000012
-921199232#1,BUFFER,primary,IMPUTED,LOCAL_SAME_CLASS,14.59,50.004000000000005,~11시,3.703999999999997,13.500000000000012,13.500000000000012
-921199232#2,BUFFER,primary,IMPUTED,LOCAL_SAME_CLASS,40.47,50.004000000000005,~11시,3.703999999999996,13.500000000000016,13.500000000000012
1136829926#1,BUFFER,living_street,IMPUTED,LOCAL_ANY_CLASS,19.97,10.008,~11시,1.1624022662889493,8.609756097560993,8.609756097560993
1136829926#2,BUFFER,living_street,IMPUTED,LOCAL_ANY_CLASS,71.76,10.008,~11시,1.1624022662889493,8.609756097560993,8.609756097560993
1136829931#0,BUFFER,living_street,IMPUTED,LOCAL_ANY_CLASS,0.2,10.008,~11시,1.1624022662889493,8.609756097560993,8.609756097560993
1136829931#1,BUFFER,living_street,IMPUTED,LOCAL_ANY_CLASS,33.96,10.008,~11시,1.1624022662889493,8.609756097560993,8.609756097560993
1136829931#2,BUFFER,living_street,IMPUTED,LOCAL_ANY_CLASS,15.36,10.008,~11시,1.1624022662889493,8.609756097560993,8.609756097560993
1136829931#3,BUFFER,living_street,IMPUTED,LOCAL_ANY_CLASS,12.5,10.008,~11시,1.1624022662889493,8.609756097560993,8.609756097560993
1136829931#4,BUFFER,living_street,IMPUTED,LOCAL_ANY_CLASS,20.41,10.008,~11시,1.1624022662889493,8.609756097560993,8.609756097560993
1136829932#0,BUFFER,living_street,IMPUTED,LOCAL_ANY_CLASS,39.37,10.008,~11시,1.1624022662889493,8.609756097560993,8.609756097560993
1136829932#1,BUFFER,living_street,IMPUTED,LOCAL_ANY_CLASS,7.37,10.008,~11시,1.1624022662889493,8.609756097560993,8.609756097560993
1136829934#0,BUFFER,living_street,IMPUTED,LOCAL_ANY_CLASS,43.23,10.008,~11시,1.1624022662889493,8.609756097560993,8.609756097560993
1136829934#1,BUFFER,living_street,IMPUTED,LOCAL_ANY_CLASS,36.0,10.008,~11시,1.1624022662889493,8.609756097560993,8.609756097560993
1136829934#2,BUFFER,living_street,IMPUTED,LOCAL_ANY_CLASS,0.2,10.008,~11시,1.1624022662889493,8.609756097560993,8.609756097560993
1136829935,BUFFER,living_street,IMPUTED,LOCAL_ANY_CLASS,2.4,10.008,~11시,1.1624022662889493,8.609756097560993,8.609756097560993
1151978488#0,BUFFER,primary,IMPUTED,LOCAL_SAME_CLASS,13.91,79.992,~11시,5.925333333333329,13.50000000000001,13.500000000000012
1151978488#1,BUFFER,primary,IMPUTED,LOCAL_SAME_CLASS,16.25,79.992,~11시,5.925333333333328,13.500000000000012,13.500000000000012
1455063482,BUFFER,primary,IMPUTED,LOCAL_SAME_CLASS,143.52,60.01200000000001,~11시,4.4453333333333305,13.50000000000001,13.500000000000012
1455063483,BUFFER,primary,PARTIAL_OBSERVED_PLUS_IMPUTED,LOCAL_SAME_CLASS,98.01,60.01200000000001,~11시,3.1059254883468284,19.3217771080343,13.500000000000012
1478788847#1,BUFFER,primary,IMPUTED,LOCAL_SAME_CLASS,122.71,100.008,~11시,7.407999999999992,13.500000000000012,13.500000000000012
1478788847#11,BUFFER,primary,IMPUTED,LOCAL_SAME_CLASS,125.53,100.008,~11시,7.407999999999994,13.50000000000001,13.500000000000012
1478788847#12,BUFFER,primary,IMPUTED,LOCAL_SAME_CLASS,32.97,100.008,~11시,7.407999999999992,13.500000000000012,13.500000000000012
1478788847#13,BUFFER,primary,IMPUTED,LOCAL_SAME_CLASS,34.96,100.008,~11시,7.407999999999994,13.50000000000001,13.500000000000012
1478788847#14,BUFFER,primary,IMPUTED,LOCAL_SAME_CLASS,0.29,100.008,~11시,7.407999999999994,13.50000000000001,13.500000000000012
1478788847#2,BUFFER,primary,IMPUTED,LOCAL_SAME_CLASS,77.59,100.008,~11시,7.407999999999994,13.50000000000001,13.500000000000012
1478788847#3,BUFFER,primary,IMPUTED,LOCAL_SAME_CLASS,15.78,100.008,~11시,7.407999999999994,13.50000000000001,13.500000000000012
1478788847#4,BUFFER,primary,IMPUTED,LOCAL_SAME_CLASS,105.97,100.008,~11시,7.407999999999994,13.50000000000001,13.500000000000012
1478788847#6,BUFFER,primary,IMPUTED,LOCAL_SAME_CLASS,115.34,100.008,~11시,7.407999999999992,13.500000000000012,13.500000000000012
1478788847#8,BUFFER,primary,IMPUTED,LOCAL_SAME_CLASS,69.58,100.008,~11시,7.407999999999994,13.50000000000001,13.500000000000012
1478788847#9,BUFFER,primary,IMPUTED,LOCAL_SAME_CLASS,18.17,100.008,~11시,7.407999999999994,13.50000000000001,13.500000000000012
1478788849#0,BUFFER,primary,IMPUTED,LOCAL_SAME_CLASS,49.59,100.008,~11시,7.407999999999994,13.50000000000001,13.500000000000012
1478788849#1,BUFFER,primary,IMPUTED,LOCAL_SAME_CLASS,18.61,100.008,~11시,7.407999999999992,13.500000000000012,13.500000000000012
1478788859#0,BUFFER,primary,IMPUTED,LOCAL_SAME_CLASS,49.2,100.008,~11시,7.407999999999994,13.50000000000001,13.500000000000012
1478788859#1,BUFFER,primary,IMPUTED,LOCAL_SAME_CLASS,59.85,100.008,~11시,7.407999999999994,13.50000000000001,13.500000000000012
1478788859#3,BUFFER,primary,IMPUTED,LOCAL_SAME_CLASS,28.12,100.008,~11시,7.407999999999994,13.50000000000001,13.500000000000012
1478788859#4,BUFFER,primary,IMPUTED,LOCAL_SAME_CLASS,84.93,100.008,~11시,7.407999999999994,13.50000000000001,13.500000000000012
1478788859#5,BUFFER,primary,IMPUTED,LOCAL_SAME_CLASS,10.97,100.008,~11시,7.407999999999992,13.500000000000012,13.500000000000012
1478788860#0,BUFFER,primary,IMPUTED,LOCAL_SAME_CLASS,18.08,100.008,~11시,7.407999999999994,13.50000000000001,13.500000000000012
1478788860#1,BUFFER,primary,IMPUTED,LOCAL_SAME_CLASS,49.93,100.008,~11시,7.407999999999994,13.50000000000001,13.500000000000012
183272412#0,BUFFER,primary,IMPUTED,LOCAL_SAME_CLASS,3.19,79.992,~11시,5.925333333333328,13.500000000000012,13.500000000000012
183272412#1,BUFFER,primary,IMPUTED,LOCAL_SAME_CLASS,1.25,79.992,~11시,5.925333333333328,13.500000000000012,13.500000000000012
183272421,CORE,primary,IMPUTED,LOCAL_SAME_CLASS,415.63,60.01200000000001,~11시,4.44533333333333,13.500000000000012,13.500000000000012
183521160,BUFFER,primary,IMPUTED,LOCAL_SAME_CLASS,175.87,60.01200000000001,~11시,4.44533333333333,13.500000000000012,13.500000000000012
183521250,BUFFER,primary,PARTIAL_OBSERVED_PLUS_IMPUTED,LOCAL_SAME_CLASS,67.2,79.992,~11시,4.911936423218283,16.285227068877557,13.500000000000012
183521251#0,BUFFER,primary,IMPUTED,LOCAL_SAME_CLASS,0.2,60.01200000000001,~11시,4.4453333333333305,13.50000000000001,13.500000000000012
183521251#1,BUFFER,primary,IMPUTED,LOCAL_SAME_CLASS,55.59,60.01200000000001,~11시,4.4453333333333305,13.50000000000001,13.500000000000012
183521254,BUFFER,primary,IMPUTED,LOCAL_SAME_CLASS,20.02,79.992,~11시,5.925333333333328,13.500000000000012,13.500000000000012
183521258,BUFFER,primary,IMPUTED,LOCAL_SAME_CLASS,56.64,60.01200000000001,~11시,4.4453333333333305,13.50000000000001,13.500000000000012
183521260#0,BUFFER,primary,IMPUTED,LOCAL_SAME_CLASS,25.2,79.992,~11시,5.925333333333328,13.500000000000012,13.500000000000012
183521260#1,BUFFER,primary,IMPUTED,LOCAL_SAME_CLASS,1.62,79.992,~11시,5.925333333333328,13.500000000000012,13.500000000000012
183521260#2,BUFFER,primary,IMPUTED,LOCAL_SAME_CLASS,18.68,79.992,~11시,5.925333333333328,13.500000000000012,13.500000000000012
183521262,CORE,primary,PARTIAL_OBSERVED_PLUS_IMPUTED,LOCAL_SAME_CLASS,408.92,60.01200000000001,~11시,3.0811740590628327,19.476991188953864,13.500000000000012
183895342,BUFFER,primary,IMPUTED,LOCAL_SAME_CLASS,174.36,60.01200000000001,~11시,4.4453333333333305,13.50000000000001,13.500000000000012
183895357#1,BUFFER,primary,IMPUTED,LOCAL_SAME_CLASS,13.8,60.01200000000001,~11시,4.4453333333333305,13.50000000000001,13.500000000000012
183895357#2,BUFFER,primary,IMPUTED,LOCAL_SAME_CLASS,18.28,60.01200000000001,~11시,4.4453333333333305,13.50000000000001,13.500000000000012
183895357#3,BUFFER,primary,IMPUTED,LOCAL_SAME_CLASS,471.17,60.01200000000001,~11시,4.4453333333333305,13.50000000000001,13.500000000000012
183895363#0,BUFFER,primary,IMPUTED,LOCAL_SAME_CLASS,0.2,60.01200000000001,~11시,4.4453333333333305,13.50000000000001,13.500000000000012
183895363#1,BUFFER,primary,IMPUTED,LOCAL_SAME_CLASS,64.69,60.01200000000001,~11시,4.4453333333333305,13.50000000000001,13.500000000000012
183895363#2,BUFFER,primary,IMPUTED,LOCAL_SAME_CLASS,35.39,60.01200000000001,~11시,4.44533333333333,13.500000000000012,13.500000000000012
183895363#3,BUFFER,primary,IMPUTED,LOCAL_SAME_CLASS,93.88,60.01200000000001,~11시,4.4453333333333305,13.50000000000001,13.500000000000012
183895363#4,BUFFER,primary,IMPUTED,LOCAL_SAME_CLASS,4.45,60.01200000000001,~11시,4.44533333333333,13.500000000000012,13.500000000000012
183895363#5,BUFFER,primary,IMPUTED,LOCAL_SAME_CLASS,9.94,60.01200000000001,~11시,4.44533333333333,13.500000000000012,13.500000000000012
183895364#2,BUFFER,primary,IMPUTED,LOCAL_SAME_CLASS,12.75,60.01200000000001,~11시,4.44533333333333,13.500000000000012,13.500000000000012
183895364#4,BUFFER,primary,IMPUTED,LOCAL_SAME_CLASS,249.17,60.01200000000001,~11시,4.4453333333333305,13.50000000000001,13.500000000000012
183895364#5,BUFFER,primary,IMPUTED,LOCAL_SAME_CLASS,245.15,60.01200000000001,~11시,4.44533333333333,13.500000000000012,13.500000000000012
183895364#8,BUFFER,primary,IMPUTED,LOCAL_SAME_CLASS,24.05,60.01200000000001,~11시,4.4453333333333305,13.50000000000001,13.500000000000012
183895364#9,BUFFER,primary,IMPUTED,LOCAL_SAME_CLASS,69.08,60.01200000000001,~11시,4.4453333333333305,13.50000000000001,13.500000000000012
183895365#2,BUFFER,primary,IMPUTED,LOCAL_SAME_CLASS,12.79,60.01200000000001,~11시,4.4453333333333305,13.50000000000001,13.500000000000012
183895365#3,BUFFER,primary,IMPUTED,LOCAL_SAME_CLASS,26.75,60.01200000000001,~11시,4.4453333333333305,13.50000000000001,13.500000000000012
183895365#4,BUFFER,primary,IMPUTED,LOCAL_SAME_CLASS,57.42,60.01200000000001,~11시,4.44533333333333,13.500000000000012,13.500000000000012
183895365#5,BUFFER,primary,IMPUTED,LOCAL_SAME_CLASS,32.95,60.01200000000001,~11시,4.4453333333333305,13.50000000000001,13.500000000000012
183895365#6,BUFFER,primary,IMPUTED,LOCAL_SAME_CLASS,49.34,60.01200000000001,~11시,4.4453333333333305,13.50000000000001,13.500000000000012
218790202#0,BUFFER,primary,IMPUTED,LOCAL_SAME_CLASS,52.99,50.004000000000005,~11시,3.703999999999997,13.500000000000012,13.500000000000012
218790202#1,BUFFER,primary,IMPUTED,LOCAL_SAME_CLASS,8.45,50.004000000000005,~11시,3.703999999999997,13.500000000000012,13.500000000000012
218790202#10,BUFFER,primary,IMPUTED,LOCAL_SAME_CLASS,7.42,50.004000000000005,~11시,3.703999999999997,13.500000000000012,13.500000000000012
218790202#11,BUFFER,primary,IMPUTED,LOCAL_SAME_CLASS,4.36,50.004000000000005,~11시,3.703999999999997,13.500000000000012,13.500000000000012
218790202#13,BUFFER,primary,IMPUTED,LOCAL_SAME_CLASS,64.15,50.004000000000005,~11시,3.703999999999997,13.500000000000012,13.500000000000012
218790202#14,BUFFER,primary,IMPUTED,LOCAL_SAME_CLASS,7.2,50.004000000000005,~11시,3.703999999999996,13.500000000000016,13.500000000000012
218790202#15,BUFFER,primary,IMPUTED,LOCAL_SAME_CLASS,4.23,50.004000000000005,~11시,3.703999999999996,13.500000000000016,13.500000000000012
218790202#16,BUFFER,primary,IMPUTED,LOCAL_SAME_CLASS,31.78,50.004000000000005,~11시,3.703999999999997,13.500000000000012,13.500000000000012
218790202#17,BUFFER,primary,IMPUTED,LOCAL_SAME_CLASS,71.71,50.004000000000005,~11시,3.703999999999996,13.500000000000016,13.500000000000012
218790202#2,BUFFER,primary,IMPUTED,LOCAL_SAME_CLASS,21.15,50.004000000000005,~11시,3.703999999999997,13.500000000000012,13.500000000000012
218790202#3,BUFFER,primary,IMPUTED,LOCAL_SAME_CLASS,11.66,50.004000000000005,~11시,3.703999999999997,13.500000000000012,13.500000000000012
218790202#4,BUFFER,primary,IMPUTED,LOCAL_SAME_CLASS,52.34,50.004000000000005,~11시,3.703999999999997,13.500000000000012,13.500000000000012
218790202#5,BUFFER,primary,IMPUTED,LOCAL_SAME_CLASS,44.64,50.004000000000005,~11시,3.703999999999997,13.500000000000012,13.500000000000012
218790202#6,BUFFER,primary,IMPUTED,LOCAL_SAME_CLASS,9.3,50.004000000000005,~11시,3.703999999999997,13.500000000000012,13.500000000000012
218790202#7,BUFFER,primary,IMPUTED,LOCAL_SAME_CLASS,107.79,50.004000000000005,~11시,3.703999999999997,13.500000000000012,13.500000000000012
218790202#8,BUFFER,primary,IMPUTED,LOCAL_SAME_CLASS,28.36,50.004000000000005,~11시,3.703999999999997,13.500000000000012,13.500000000000012
37400423,BUFFER,primary,IMPUTED,LOCAL_SAME_CLASS,11.64,79.992,~11시,5.925333333333328,13.500000000000012,13.500000000000012
381025735#3,BUFFER,primary,IMPUTED,LOCAL_SAME_CLASS,10.25,100.008,~11시,7.407999999999994,13.50000000000001,13.500000000000012
381025735#4,BUFFER,primary,IMPUTED,LOCAL_SAME_CLASS,126.72,100.008,~11시,7.407999999999994,13.50000000000001,13.500000000000012
381025735#6,BUFFER,primary,IMPUTED,LOCAL_SAME_CLASS,119.24,100.008,~11시,7.407999999999992,13.500000000000012,13.500000000000012
381034867#1,BUFFER,living_street,IMPUTED,LOCAL_ANY_CLASS,30.97,10.008,~11시,1.1624022662889493,8.609756097560993,8.609756097560993
381034867#2,BUFFER,living_street,IMPUTED,LOCAL_ANY_CLASS,53.04,10.008,~11시,1.1624022662889493,8.609756097560993,8.609756097560993
393513870,CORE,residential,IMPUTED,LOCAL_SAME_CLASS,101.0,2.0160000000000005,~11시,1.04659793814433,1.9262411347517734,1.926241134751773
477841175,BUFFER,living_street,IMPUTED,LOCAL_ANY_CLASS,274.02,10.008,~11시,1.1624022662889493,8.609756097560993,8.609756097560993
520307308#0,BUFFER,primary,IMPUTED,LOCAL_SAME_CLASS,110.6,60.01200000000001,~11시,4.4453333333333305,13.50000000000001,13.500000000000012
520307308#2,BUFFER,primary,IMPUTED,LOCAL_SAME_CLASS,107.21,60.01200000000001,~11시,4.44533333333333,13.500000000000012,13.500000000000012
520307309#0,BUFFER,primary,IMPUTED,LOCAL_SAME_CLASS,8.71,100.008,~11시,7.407999999999992,13.500000000000012,13.500000000000012
520307309#1,BUFFER,primary,IMPUTED,LOCAL_SAME_CLASS,0.1,100.008,~11시,7.407999999999994,13.50000000000001,13.500000000000012
550331977,BUFFER,primary,IMPUTED,LOCAL_SAME_CLASS,13.36,100.008,~11시,7.407999999999994,13.50000000000001,13.500000000000012
550331978,BUFFER,primary,IMPUTED,LOCAL_SAME_CLASS,50.21,100.008,~11시,7.407999999999994,13.50000000000001,13.500000000000012
550742129#1,BUFFER,primary,IMPUTED,LOCAL_SAME_CLASS,89.17,100.008,~11시,7.407999999999994,13.50000000000001,13.500000000000012
550742129#2,BUFFER,primary,IMPUTED,LOCAL_SAME_CLASS,0.2,100.008,~11시,7.407999999999994,13.50000000000001,13.500000000000012
550742129#2-AddedOffRampEdge,BUFFER,primary,IMPUTED,LOCAL_SAME_CLASS,95.96,100.008,~11시,7.407999999999994,13.50000000000001,13.500000000000012
550742129#3,BUFFER,primary,IMPUTED,LOCAL_SAME_CLASS,1.34,100.008,~11시,7.407999999999994,13.50000000000001,13.500000000000012
550742129#4,BUFFER,primary,IMPUTED,LOCAL_SAME_CLASS,1.98,100.008,~11시,7.407999999999994,13.50000000000001,13.500000000000012
550742129#6,BUFFER,primary,IMPUTED,LOCAL_SAME_CLASS,84.88,100.008,~11시,7.407999999999994,13.50000000000001,13.500000000000012
550742129#7,BUFFER,primary,IMPUTED,LOCAL_SAME_CLASS,1.44,100.008,~11시,7.407999999999994,13.50000000000001,13.500000000000012
551180041,BUFFER,primary,IMPUTED,LOCAL_SAME_CLASS,0.2,79.992,~11시,5.925333333333328,13.500000000000012,13.500000000000012
551180042#0,BUFFER,primary,IMPUTED,LOCAL_SAME_CLASS,18.92,100.008,~11시,7.407999999999994,13.50000000000001,13.500000000000012
551180042#1,BUFFER,primary,IMPUTED,LOCAL_SAME_CLASS,20.66,100.008,~11시,7.407999999999994,13.50000000000001,13.500000000000012
551180042#2,BUFFER,primary,IMPUTED,LOCAL_SAME_CLASS,60.15,100.008,~11시,7.407999999999994,13.50000000000001,13.500000000000012
551180042#3,BUFFER,primary,IMPUTED,LOCAL_SAME_CLASS,16.77,100.008,~11시,7.407999999999992,13.500000000000012,13.500000000000012
551180042#4,BUFFER,primary,IMPUTED,LOCAL_SAME_CLASS,8.38,100.008,~11시,7.407999999999994,13.50000000000001,13.500000000000012
551180043,BUFFER,primary,IMPUTED,LOCAL_SAME_CLASS,49.99,100.008,~11시,7.407999999999994,13.50000000000001,13.500000000000012
551180407#0,BUFFER,primary,IMPUTED,LOCAL_SAME_CLASS,8.58,100.008,~11시,7.407999999999994,13.50000000000001,13.500000000000012
551180407#1,BUFFER,primary,IMPUTED,LOCAL_SAME_CLASS,100.07,100.008,~11시,7.407999999999994,13.50000000000001,13.500000000000012
551180407#2,BUFFER,primary,IMPUTED,LOCAL_SAME_CLASS,9.51,100.008,~11시,7.407999999999994,13.50000000000001,13.500000000000012
551180408#1,BUFFER,primary,IMPUTED,LOCAL_SAME_CLASS,3.62,100.008,~11시,7.407999999999994,13.50000000000001,13.500000000000012
551180408#2,BUFFER,primary,IMPUTED,LOCAL_SAME_CLASS,85.17,100.008,~11시,7.407999999999994,13.50000000000001,13.500000000000012
551180408#3,BUFFER,primary,IMPUTED,LOCAL_SAME_CLASS,1.53,100.008,~11시,7.407999999999994,13.50000000000001,13.500000000000012
551180408#4,BUFFER,primary,IMPUTED,LOCAL_SAME_CLASS,0.25,100.008,~11시,7.407999999999994,13.50000000000001,13.500000000000012
551180408#5,BUFFER,primary,IMPUTED,LOCAL_SAME_CLASS,6.11,100.008,~11시,7.407999999999994,13.50000000000001,13.500000000000012
551180408#6,BUFFER,primary,IMPUTED,LOCAL_SAME_CLASS,81.4,100.008,~11시,7.407999999999992,13.500000000000012,13.500000000000012
551180408#7,BUFFER,primary,IMPUTED,LOCAL_SAME_CLASS,90.02,100.008,~11시,7.407999999999994,13.50000000000001,13.500000000000012
551180410,BUFFER,primary,IMPUTED,LOCAL_SAME_CLASS,0.85,79.992,~11시,5.925333333333328,13.500000000000012,13.500000000000012
551974844#1,BUFFER,primary,IMPUTED,LOCAL_SAME_CLASS,105.71,60.01200000000001,~11시,4.4453333333333305,13.50000000000001,13.500000000000012
551974844#2,BUFFER,primary,IMPUTED,LOCAL_SAME_CLASS,4.58,60.01200000000001,~11시,4.4453333333333305,13.50000000000001,13.500000000000012
552129479,BUFFER,primary,IMPUTED,LOCAL_SAME_CLASS,41.52,79.992,~11시,5.925333333333327,13.500000000000014,13.500000000000012
810680672#0,BUFFER,primary,IMPUTED,LOCAL_SAME_CLASS,12.47,79.992,~11시,5.925333333333328,13.500000000000012,13.500000000000012
810680673#1,BUFFER,primary,IMPUTED,LOCAL_SAME_CLASS,6.16,79.992,~11시,5.925333333333328,13.500000000000012,13.500000000000012
833433717,BUFFER,living_street,IMPUTED,LOCAL_ANY_CLASS,120.18,10.008,~11시,1.1624022662889493,8.609756097560993,8.609756097560993
908609098,BUFFER,primary,IMPUTED,LOCAL_SAME_CLASS,12.75,79.992,~11시,5.925333333333327,13.500000000000014,13.500000000000012
914304804#0,BUFFER,primary,IMPUTED,LOCAL_SAME_CLASS,11.09,60.01200000000001,~11시,4.4453333333333305,13.50000000000001,13.500000000000012
914304804#1,BUFFER,primary,IMPUTED,LOCAL_SAME_CLASS,19.44,60.01200000000001,~11시,4.44533333333333,13.500000000000012,13.500000000000012
921199232#0,BUFFER,primary,IMPUTED,LOCAL_SAME_CLASS,37.25,50.004000000000005,~11시,3.703999999999997,13.500000000000012,13.500000000000012
921199232#1,BUFFER,primary,IMPUTED,LOCAL_SAME_CLASS,14.59,50.004000000000005,~11시,3.703999999999997,13.500000000000012,13.500000000000012
921199232#2,BUFFER,primary,IMPUTED,LOCAL_SAME_CLASS,39.59,50.004000000000005,~11시,3.703999999999997,13.500000000000012,13.500000000000012
946016870,BUFFER,primary,IMPUTED,LOCAL_SAME_CLASS,10.84,100.008,~11시,7.407999999999992,13.500000000000012,13.500000000000012
946016872#10,BUFFER,primary,IMPUTED,LOCAL_SAME_CLASS,68.11,100.008,~11시,7.407999999999992,13.500000000000012,13.500000000000012
946016872#11,BUFFER,primary,IMPUTED,LOCAL_SAME_CLASS,30.76,100.008,~11시,7.407999999999994,13.50000000000001,13.500000000000012
946016872#12,BUFFER,primary,IMPUTED,LOCAL_SAME_CLASS,7.51,100.008,~11시,7.407999999999994,13.50000000000001,13.500000000000012
946016872#13,BUFFER,primary,IMPUTED,LOCAL_SAME_CLASS,41.92,100.008,~11시,7.407999999999992,13.500000000000012,13.500000000000012
946016872#14,BUFFER,primary,IMPUTED,LOCAL_SAME_CLASS,114.36,100.008,~11시,7.407999999999994,13.50000000000001,13.500000000000012
946016872#15,BUFFER,primary,IMPUTED,LOCAL_SAME_CLASS,29.53,100.008,~11시,7.407999999999994,13.50000000000001,13.500000000000012
946016872#16,BUFFER,primary,IMPUTED,LOCAL_SAME_CLASS,13.11,100.008,~11시,7.407999999999994,13.50000000000001,13.500000000000012
946016872#3,BUFFER,primary,IMPUTED,LOCAL_SAME_CLASS,77.1,100.008,~11시,7.407999999999994,13.50000000000001,13.500000000000012
946016872#4,BUFFER,primary,IMPUTED,LOCAL_SAME_CLASS,126.02,100.008,~11시,7.407999999999994,13.50000000000001,13.500000000000012
946016872#6,BUFFER,primary,IMPUTED,LOCAL_SAME_CLASS,102.26,100.008,~11시,7.407999999999994,13.50000000000001,13.500000000000012
946016872#7,BUFFER,primary,IMPUTED,LOCAL_SAME_CLASS,5.03,100.008,~11시,7.407999999999994,13.50000000000001,13.500000000000012
946016872#8,BUFFER,primary,IMPUTED,LOCAL_SAME_CLASS,108.94,100.008,~11시,7.407999999999994,13.50000000000001,13.500000000000012
-1136829926#1,BUFFER,living_street,IMPUTED,LOCAL_ANY_CLASS,17.28,10.008,~12시,1.5116899716713852,6.620405101275331,6.620405101275331
-1136829926#2,BUFFER,living_street,IMPUTED,LOCAL_ANY_CLASS,73.86,10.008,~12시,1.5116899716713852,6.620405101275331,6.620405101275331
-1136829931#0,BUFFER,living_street,IMPUTED,LOCAL_ANY_CLASS,0.2,10.008,~12시,1.5116899716713852,6.620405101275331,6.620405101275331
-1136829931#1,BUFFER,living_street,IMPUTED,LOCAL_ANY_CLASS,33.63,10.008,~12시,1.5116899716713852,6.620405101275331,6.620405101275331
-1136829931#2,BUFFER,living_street,IMPUTED,LOCAL_ANY_CLASS,14.22,10.008,~12시,1.5116899716713852,6.620405101275331,6.620405101275331
-1136829931#3,BUFFER,living_street,IMPUTED,LOCAL_ANY_CLASS,12.14,10.008,~12시,1.5116899716713852,6.620405101275331,6.620405101275331
-1136829931#4,BUFFER,living_street,IMPUTED,LOCAL_ANY_CLASS,17.09,10.008,~12시,1.5116899716713852,6.620405101275331,6.620405101275331
-1136829932#0,BUFFER,living_street,IMPUTED,LOCAL_ANY_CLASS,41.17,10.008,~12시,1.5116899716713852,6.620405101275331,6.620405101275331
-1136829932#1,BUFFER,living_street,IMPUTED,LOCAL_ANY_CLASS,7.37,10.008,~12시,1.5116899716713852,6.620405101275331,6.620405101275331
-1136829934#0,BUFFER,living_street,IMPUTED,LOCAL_ANY_CLASS,43.23,10.008,~12시,1.5116899716713852,6.620405101275331,6.620405101275331
-1136829934#1,BUFFER,living_street,IMPUTED,LOCAL_ANY_CLASS,30.98,10.008,~12시,1.5116899716713852,6.620405101275331,6.620405101275331
-1136829934#2,BUFFER,living_street,IMPUTED,LOCAL_ANY_CLASS,1.34,10.008,~12시,1.5116899716713852,6.620405101275331,6.620405101275331
-1136829935,BUFFER,living_street,IMPUTED,LOCAL_ANY_CLASS,2.4,10.008,~12시,1.5116899716713852,6.620405101275331,6.620405101275331
-218790202#0,BUFFER,primary,IMPUTED,LOCAL_SAME_CLASS,50.34,50.004000000000005,~12시,2.4051948051948027,20.790000000000024,20.79000000000002
-218790202#1,BUFFER,primary,IMPUTED,LOCAL_SAME_CLASS,8.45,50.004000000000005,~12시,2.405194805194803,20.79000000000002,20.79000000000002
-218790202#10,BUFFER,primary,IMPUTED,LOCAL_SAME_CLASS,7.42,50.004000000000005,~12시,2.405194805194803,20.79000000000002,20.79000000000002
-218790202#11,BUFFER,primary,IMPUTED,LOCAL_SAME_CLASS,4.36,50.004000000000005,~12시,2.4051948051948027,20.790000000000024,20.79000000000002
-218790202#13,BUFFER,primary,IMPUTED,LOCAL_SAME_CLASS,64.15,50.004000000000005,~12시,2.4051948051948027,20.790000000000024,20.79000000000002
-218790202#14,BUFFER,primary,IMPUTED,LOCAL_SAME_CLASS,7.2,50.004000000000005,~12시,2.4051948051948027,20.790000000000024,20.79000000000002
-218790202#15,BUFFER,primary,IMPUTED,LOCAL_SAME_CLASS,4.23,50.004000000000005,~12시,2.4051948051948027,20.790000000000024,20.79000000000002
-218790202#16,BUFFER,primary,IMPUTED,LOCAL_SAME_CLASS,31.78,50.004000000000005,~12시,2.405194805194803,20.79000000000002,20.79000000000002
-218790202#17,BUFFER,primary,IMPUTED,LOCAL_SAME_CLASS,71.52,50.004000000000005,~12시,2.405194805194803,20.79000000000002,20.79000000000002
-218790202#2,BUFFER,primary,IMPUTED,LOCAL_SAME_CLASS,21.15,50.004000000000005,~12시,2.405194805194803,20.79000000000002,20.79000000000002
-218790202#3,BUFFER,primary,IMPUTED,LOCAL_SAME_CLASS,11.66,50.004000000000005,~12시,2.4051948051948027,20.790000000000024,20.79000000000002
-218790202#4,BUFFER,primary,IMPUTED,LOCAL_SAME_CLASS,52.34,50.004000000000005,~12시,2.4051948051948027,20.790000000000024,20.79000000000002
-218790202#5,BUFFER,primary,IMPUTED,LOCAL_SAME_CLASS,44.64,50.004000000000005,~12시,2.405194805194803,20.79000000000002,20.79000000000002
-218790202#6,BUFFER,primary,IMPUTED,LOCAL_SAME_CLASS,9.3,50.004000000000005,~12시,2.4051948051948027,20.790000000000024,20.79000000000002
-218790202#7,BUFFER,primary,IMPUTED,LOCAL_SAME_CLASS,107.79,50.004000000000005,~12시,2.4051948051948027,20.790000000000024,20.79000000000002
-218790202#8,BUFFER,primary,IMPUTED,LOCAL_SAME_CLASS,28.36,50.004000000000005,~12시,2.405194805194803,20.79000000000002,20.79000000000002
-381034867#1,BUFFER,living_street,IMPUTED,LOCAL_ANY_CLASS,30.97,10.008,~12시,1.5116899716713852,6.620405101275331,6.620405101275331
-381034867#2,BUFFER,living_street,IMPUTED,LOCAL_ANY_CLASS,52.05,10.008,~12시,1.5116899716713852,6.620405101275331,6.620405101275331
-477841175,BUFFER,living_street,IMPUTED,LOCAL_ANY_CLASS,271.76,10.008,~12시,1.5116899716713852,6.620405101275331,6.620405101275331
-833433717,BUFFER,living_street,IMPUTED,LOCAL_ANY_CLASS,120.18,10.008,~12시,1.5116899716713852,6.620405101275331,6.620405101275331
-921199232#0,BUFFER,primary,IMPUTED,LOCAL_SAME_CLASS,37.25,50.004000000000005,~12시,2.405194805194803,20.79000000000002,20.79000000000002
-921199232#1,BUFFER,primary,IMPUTED,LOCAL_SAME_CLASS,14.59,50.004000000000005,~12시,2.405194805194803,20.79000000000002,20.79000000000002
-921199232#2,BUFFER,primary,IMPUTED,LOCAL_SAME_CLASS,40.47,50.004000000000005,~12시,2.405194805194803,20.79000000000002,20.79000000000002
1136829926#1,BUFFER,living_street,IMPUTED,LOCAL_ANY_CLASS,19.97,10.008,~12시,1.5116899716713852,6.620405101275331,6.620405101275331
1136829926#2,BUFFER,living_street,IMPUTED,LOCAL_ANY_CLASS,71.76,10.008,~12시,1.5116899716713852,6.620405101275331,6.620405101275331
1136829931#0,BUFFER,living_street,IMPUTED,LOCAL_ANY_CLASS,0.2,10.008,~12시,1.5116899716713852,6.620405101275331,6.620405101275331
1136829931#1,BUFFER,living_street,IMPUTED,LOCAL_ANY_CLASS,33.96,10.008,~12시,1.5116899716713852,6.620405101275331,6.620405101275331
1136829931#2,BUFFER,living_street,IMPUTED,LOCAL_ANY_CLASS,15.36,10.008,~12시,1.5116899716713852,6.620405101275331,6.620405101275331
1136829931#3,BUFFER,living_street,IMPUTED,LOCAL_ANY_CLASS,12.5,10.008,~12시,1.5116899716713852,6.620405101275331,6.620405101275331
1136829931#4,BUFFER,living_street,IMPUTED,LOCAL_ANY_CLASS,20.41,10.008,~12시,1.5116899716713852,6.620405101275331,6.620405101275331
1136829932#0,BUFFER,living_street,IMPUTED,LOCAL_ANY_CLASS,39.37,10.008,~12시,1.5116899716713852,6.620405101275331,6.620405101275331
1136829932#1,BUFFER,living_street,IMPUTED,LOCAL_ANY_CLASS,7.37,10.008,~12시,1.5116899716713852,6.620405101275331,6.620405101275331
1136829934#0,BUFFER,living_street,IMPUTED,LOCAL_ANY_CLASS,43.23,10.008,~12시,1.5116899716713852,6.620405101275331,6.620405101275331
1136829934#1,BUFFER,living_street,IMPUTED,LOCAL_ANY_CLASS,36.0,10.008,~12시,1.5116899716713852,6.620405101275331,6.620405101275331
1136829934#2,BUFFER,living_street,IMPUTED,LOCAL_ANY_CLASS,0.2,10.008,~12시,1.5116899716713852,6.620405101275331,6.620405101275331
1136829935,BUFFER,living_street,IMPUTED,LOCAL_ANY_CLASS,2.4,10.008,~12시,1.5116899716713852,6.620405101275331,6.620405101275331
1151978488#0,BUFFER,primary,IMPUTED,LOCAL_SAME_CLASS,13.91,79.992,~12시,3.847619047619044,20.79000000000002,20.79000000000002
1151978488#1,BUFFER,primary,IMPUTED,LOCAL_SAME_CLASS,16.25,79.992,~12시,3.847619047619044,20.79000000000002,20.79000000000002
1455063482,BUFFER,primary,IMPUTED,LOCAL_SAME_CLASS,143.52,60.01200000000001,~12시,2.886580086580084,20.79000000000002,20.79000000000002
1455063483,BUFFER,primary,PARTIAL_OBSERVED_PLUS_IMPUTED,LOCAL_SAME_CLASS,98.01,60.01200000000001,~12시,2.0168347326927463,29.755536746372815,20.79000000000002
1478788847#1,BUFFER,primary,IMPUTED,LOCAL_SAME_CLASS,122.71,100.008,~12시,4.810389610389606,20.790000000000017,20.79000000000002
1478788847#11,BUFFER,primary,IMPUTED,LOCAL_SAME_CLASS,125.53,100.008,~12시,4.810389610389606,20.790000000000017,20.79000000000002
1478788847#12,BUFFER,primary,IMPUTED,LOCAL_SAME_CLASS,32.97,100.008,~12시,4.810389610389605,20.79000000000002,20.79000000000002
1478788847#13,BUFFER,primary,IMPUTED,LOCAL_SAME_CLASS,34.96,100.008,~12시,4.810389610389606,20.790000000000017,20.79000000000002
1478788847#14,BUFFER,primary,IMPUTED,LOCAL_SAME_CLASS,0.29,100.008,~12시,4.810389610389605,20.79000000000002,20.79000000000002
1478788847#2,BUFFER,primary,IMPUTED,LOCAL_SAME_CLASS,77.59,100.008,~12시,4.810389610389606,20.790000000000017,20.79000000000002
1478788847#3,BUFFER,primary,IMPUTED,LOCAL_SAME_CLASS,15.78,100.008,~12시,4.810389610389606,20.790000000000017,20.79000000000002
1478788847#4,BUFFER,primary,IMPUTED,LOCAL_SAME_CLASS,105.97,100.008,~12시,4.810389610389605,20.79000000000002,20.79000000000002
1478788847#6,BUFFER,primary,IMPUTED,LOCAL_SAME_CLASS,115.34,100.008,~12시,4.810389610389606,20.790000000000017,20.79000000000002
1478788847#8,BUFFER,primary,IMPUTED,LOCAL_SAME_CLASS,69.58,100.008,~12시,4.810389610389605,20.79000000000002,20.79000000000002
1478788847#9,BUFFER,primary,IMPUTED,LOCAL_SAME_CLASS,18.17,100.008,~12시,4.810389610389606,20.790000000000017,20.79000000000002
1478788849#0,BUFFER,primary,IMPUTED,LOCAL_SAME_CLASS,49.59,100.008,~12시,4.810389610389606,20.790000000000017,20.79000000000002
1478788849#1,BUFFER,primary,IMPUTED,LOCAL_SAME_CLASS,18.61,100.008,~12시,4.810389610389606,20.790000000000017,20.79000000000002
1478788859#0,BUFFER,primary,IMPUTED,LOCAL_SAME_CLASS,49.2,100.008,~12시,4.810389610389605,20.79000000000002,20.79000000000002
1478788859#1,BUFFER,primary,IMPUTED,LOCAL_SAME_CLASS,59.85,100.008,~12시,4.810389610389605,20.79000000000002,20.79000000000002
1478788859#3,BUFFER,primary,IMPUTED,LOCAL_SAME_CLASS,28.12,100.008,~12시,4.810389610389606,20.790000000000017,20.79000000000002
1478788859#4,BUFFER,primary,IMPUTED,LOCAL_SAME_CLASS,84.93,100.008,~12시,4.810389610389606,20.790000000000017,20.79000000000002
1478788859#5,BUFFER,primary,IMPUTED,LOCAL_SAME_CLASS,10.97,100.008,~12시,4.810389610389605,20.79000000000002,20.79000000000002
1478788860#0,BUFFER,primary,IMPUTED,LOCAL_SAME_CLASS,18.08,100.008,~12시,4.810389610389606,20.790000000000017,20.79000000000002
1478788860#1,BUFFER,primary,IMPUTED,LOCAL_SAME_CLASS,49.93,100.008,~12시,4.810389610389605,20.79000000000002,20.79000000000002
183272412#0,BUFFER,primary,IMPUTED,LOCAL_SAME_CLASS,3.19,79.992,~12시,3.847619047619044,20.79000000000002,20.79000000000002
183272412#1,BUFFER,primary,IMPUTED,LOCAL_SAME_CLASS,1.25,79.992,~12시,3.847619047619044,20.79000000000002,20.79000000000002
183272421,CORE,primary,IMPUTED,LOCAL_SAME_CLASS,415.63,60.01200000000001,~12시,2.886580086580084,20.79000000000002,20.79000000000002
183521160,BUFFER,primary,IMPUTED,LOCAL_SAME_CLASS,175.87,60.01200000000001,~12시,2.886580086580084,20.79000000000002,20.79000000000002
183521250,BUFFER,primary,PARTIAL_OBSERVED_PLUS_IMPUTED,LOCAL_SAME_CLASS,67.2,79.992,~12시,3.189569105985897,25.07924968607145,20.79000000000002
183521251#0,BUFFER,primary,IMPUTED,LOCAL_SAME_CLASS,0.2,60.01200000000001,~12시,2.886580086580084,20.79000000000002,20.79000000000002
183521251#1,BUFFER,primary,IMPUTED,LOCAL_SAME_CLASS,55.59,60.01200000000001,~12시,2.886580086580084,20.79000000000002,20.79000000000002
183521254,BUFFER,primary,IMPUTED,LOCAL_SAME_CLASS,20.02,79.992,~12시,3.847619047619044,20.79000000000002,20.79000000000002
183521258,BUFFER,primary,IMPUTED,LOCAL_SAME_CLASS,56.64,60.01200000000001,~12시,2.886580086580084,20.79000000000002,20.79000000000002
183521260#0,BUFFER,primary,IMPUTED,LOCAL_SAME_CLASS,25.2,79.992,~12시,3.847619047619044,20.79000000000002,20.79000000000002
183521260#1,BUFFER,primary,IMPUTED,LOCAL_SAME_CLASS,1.62,79.992,~12시,3.847619047619044,20.79000000000002,20.79000000000002
183521260#2,BUFFER,primary,IMPUTED,LOCAL_SAME_CLASS,18.68,79.992,~12시,3.847619047619044,20.79000000000002,20.79000000000002
183521262,CORE,primary,PARTIAL_OBSERVED_PLUS_IMPUTED,LOCAL_SAME_CLASS,408.92,60.01200000000001,~12시,2.0007623760148263,29.994566430988954,20.79000000000002
183895342,BUFFER,primary,IMPUTED,LOCAL_SAME_CLASS,174.36,60.01200000000001,~12시,2.886580086580084,20.79000000000002,20.79000000000002
183895357#1,BUFFER,primary,IMPUTED,LOCAL_SAME_CLASS,13.8,60.01200000000001,~12시,2.8865800865800844,20.790000000000017,20.79000000000002
183895357#2,BUFFER,primary,IMPUTED,LOCAL_SAME_CLASS,18.28,60.01200000000001,~12시,2.886580086580084,20.79000000000002,20.79000000000002
183895357#3,BUFFER,primary,IMPUTED,LOCAL_SAME_CLASS,471.17,60.01200000000001,~12시,2.8865800865800844,20.790000000000017,20.79000000000002
183895363#0,BUFFER,primary,IMPUTED,LOCAL_SAME_CLASS,0.2,60.01200000000001,~12시,2.886580086580084,20.79000000000002,20.79000000000002
183895363#1,BUFFER,primary,IMPUTED,LOCAL_SAME_CLASS,64.69,60.01200000000001,~12시,2.886580086580084,20.79000000000002,20.79000000000002
183895363#2,BUFFER,primary,IMPUTED,LOCAL_SAME_CLASS,35.39,60.01200000000001,~12시,2.886580086580084,20.79000000000002,20.79000000000002
183895363#3,BUFFER,primary,IMPUTED,LOCAL_SAME_CLASS,93.88,60.01200000000001,~12시,2.886580086580084,20.79000000000002,20.79000000000002
183895363#4,BUFFER,primary,IMPUTED,LOCAL_SAME_CLASS,4.45,60.01200000000001,~12시,2.886580086580084,20.79000000000002,20.79000000000002
183895363#5,BUFFER,primary,IMPUTED,LOCAL_SAME_CLASS,9.94,60.01200000000001,~12시,2.886580086580084,20.79000000000002,20.79000000000002
183895364#2,BUFFER,primary,IMPUTED,LOCAL_SAME_CLASS,12.75,60.01200000000001,~12시,2.886580086580084,20.79000000000002,20.79000000000002
183895364#4,BUFFER,primary,IMPUTED,LOCAL_SAME_CLASS,249.17,60.01200000000001,~12시,2.886580086580084,20.79000000000002,20.79000000000002
183895364#5,BUFFER,primary,IMPUTED,LOCAL_SAME_CLASS,245.15,60.01200000000001,~12시,2.886580086580084,20.79000000000002,20.79000000000002
183895364#8,BUFFER,primary,IMPUTED,LOCAL_SAME_CLASS,24.05,60.01200000000001,~12시,2.886580086580084,20.79000000000002,20.79000000000002
183895364#9,BUFFER,primary,IMPUTED,LOCAL_SAME_CLASS,69.08,60.01200000000001,~12시,2.886580086580084,20.79000000000002,20.79000000000002
183895365#2,BUFFER,primary,IMPUTED,LOCAL_SAME_CLASS,12.79,60.01200000000001,~12시,2.886580086580084,20.79000000000002,20.79000000000002
183895365#3,BUFFER,primary,IMPUTED,LOCAL_SAME_CLASS,26.75,60.01200000000001,~12시,2.8865800865800844,20.790000000000017,20.79000000000002
183895365#4,BUFFER,primary,IMPUTED,LOCAL_SAME_CLASS,57.42,60.01200000000001,~12시,2.8865800865800835,20.790000000000024,20.79000000000002
183895365#5,BUFFER,primary,IMPUTED,LOCAL_SAME_CLASS,32.95,60.01200000000001,~12시,2.886580086580084,20.79000000000002,20.79000000000002
183895365#6,BUFFER,primary,IMPUTED,LOCAL_SAME_CLASS,49.34,60.01200000000001,~12시,2.886580086580084,20.79000000000002,20.79000000000002
218790202#0,BUFFER,primary,IMPUTED,LOCAL_SAME_CLASS,52.99,50.004000000000005,~12시,2.405194805194803,20.79000000000002,20.79000000000002
218790202#1,BUFFER,primary,IMPUTED,LOCAL_SAME_CLASS,8.45,50.004000000000005,~12시,2.405194805194803,20.79000000000002,20.79000000000002
218790202#10,BUFFER,primary,IMPUTED,LOCAL_SAME_CLASS,7.42,50.004000000000005,~12시,2.405194805194803,20.79000000000002,20.79000000000002
218790202#11,BUFFER,primary,IMPUTED,LOCAL_SAME_CLASS,4.36,50.004000000000005,~12시,2.4051948051948027,20.790000000000024,20.79000000000002
218790202#13,BUFFER,primary,IMPUTED,LOCAL_SAME_CLASS,64.15,50.004000000000005,~12시,2.4051948051948027,20.790000000000024,20.79000000000002
218790202#14,BUFFER,primary,IMPUTED,LOCAL_SAME_CLASS,7.2,50.004000000000005,~12시,2.4051948051948027,20.790000000000024,20.79000000000002
218790202#15,BUFFER,primary,IMPUTED,LOCAL_SAME_CLASS,4.23,50.004000000000005,~12시,2.4051948051948027,20.790000000000024,20.79000000000002
218790202#16,BUFFER,primary,IMPUTED,LOCAL_SAME_CLASS,31.78,50.004000000000005,~12시,2.405194805194803,20.79000000000002,20.79000000000002
218790202#17,BUFFER,primary,IMPUTED,LOCAL_SAME_CLASS,71.71,50.004000000000005,~12시,2.405194805194803,20.79000000000002,20.79000000000002
218790202#2,BUFFER,primary,IMPUTED,LOCAL_SAME_CLASS,21.15,50.004000000000005,~12시,2.405194805194803,20.79000000000002,20.79000000000002
218790202#3,BUFFER,primary,IMPUTED,LOCAL_SAME_CLASS,11.66,50.004000000000005,~12시,2.4051948051948027,20.790000000000024,20.79000000000002
218790202#4,BUFFER,primary,IMPUTED,LOCAL_SAME_CLASS,52.34,50.004000000000005,~12시,2.4051948051948027,20.790000000000024,20.79000000000002
218790202#5,BUFFER,primary,IMPUTED,LOCAL_SAME_CLASS,44.64,50.004000000000005,~12시,2.405194805194803,20.79000000000002,20.79000000000002
218790202#6,BUFFER,primary,IMPUTED,LOCAL_SAME_CLASS,9.3,50.004000000000005,~12시,2.4051948051948027,20.790000000000024,20.79000000000002
218790202#7,BUFFER,primary,IMPUTED,LOCAL_SAME_CLASS,107.79,50.004000000000005,~12시,2.4051948051948027,20.790000000000024,20.79000000000002
218790202#8,BUFFER,primary,IMPUTED,LOCAL_SAME_CLASS,28.36,50.004000000000005,~12시,2.405194805194803,20.79000000000002,20.79000000000002
37400423,BUFFER,primary,IMPUTED,LOCAL_SAME_CLASS,11.64,79.992,~12시,3.847619047619044,20.79000000000002,20.79000000000002
381025735#3,BUFFER,primary,IMPUTED,LOCAL_SAME_CLASS,10.25,100.008,~12시,4.810389610389606,20.790000000000017,20.79000000000002
381025735#4,BUFFER,primary,IMPUTED,LOCAL_SAME_CLASS,126.72,100.008,~12시,4.810389610389605,20.79000000000002,20.79000000000002
381025735#6,BUFFER,primary,IMPUTED,LOCAL_SAME_CLASS,119.24,100.008,~12시,4.810389610389605,20.79000000000002,20.79000000000002
381034867#1,BUFFER,living_street,IMPUTED,LOCAL_ANY_CLASS,30.97,10.008,~12시,1.5116899716713852,6.620405101275331,6.620405101275331
381034867#2,BUFFER,living_street,IMPUTED,LOCAL_ANY_CLASS,53.04,10.008,~12시,1.5116899716713852,6.620405101275331,6.620405101275331
393513870,CORE,residential,IMPUTED,LOCAL_SAME_CLASS,101.0,2.0160000000000005,~12시,1.0169072164948458,1.982481751824817,1.9824817518248168
477841175,BUFFER,living_street,IMPUTED,LOCAL_ANY_CLASS,274.02,10.008,~12시,1.5116899716713852,6.620405101275331,6.620405101275331
518796200#0,CORE,secondary,OBSERVED,NOT_NEEDED,60.44,100.008,~12시,9.69,10.320743034055727,
518796200#1,CORE,secondary,OBSERVED,NOT_NEEDED,15.34,100.008,~12시,9.69,10.320743034055727,
518807030,CORE,primary,PARTIAL_OBSERVED_PLUS_IMPUTED,LOCAL_SAME_CLASS,76.18,100.008,~12시,9.891535409052752,10.110462720324742,4.621230256066235
520307308#0,BUFFER,primary,IMPUTED,LOCAL_SAME_CLASS,110.6,60.01200000000001,~12시,2.8865800865800835,20.790000000000024,20.79000000000002
520307308#2,BUFFER,primary,IMPUTED,LOCAL_SAME_CLASS,107.21,60.01200000000001,~12시,2.8865800865800835,20.790000000000024,20.79000000000002
520307309#0,BUFFER,primary,IMPUTED,LOCAL_SAME_CLASS,8.71,100.008,~12시,4.810389610389605,20.79000000000002,20.79000000000002
520307309#1,BUFFER,primary,IMPUTED,LOCAL_SAME_CLASS,0.1,100.008,~12시,4.810389610389606,20.790000000000017,20.79000000000002
550331977,BUFFER,primary,IMPUTED,LOCAL_SAME_CLASS,13.36,100.008,~12시,4.810389610389606,20.790000000000017,20.79000000000002
550331978,BUFFER,primary,IMPUTED,LOCAL_SAME_CLASS,50.21,100.008,~12시,4.810389610389606,20.790000000000017,20.79000000000002
550742129#1,BUFFER,primary,IMPUTED,LOCAL_SAME_CLASS,89.17,100.008,~12시,4.810389610389605,20.79000000000002,20.79000000000002
550742129#2,BUFFER,primary,IMPUTED,LOCAL_SAME_CLASS,0.2,100.008,~12시,4.810389610389606,20.790000000000017,20.79000000000002
550742129#2-AddedOffRampEdge,BUFFER,primary,IMPUTED,LOCAL_SAME_CLASS,95.96,100.008,~12시,4.810389610389605,20.79000000000002,20.79000000000002
550742129#3,BUFFER,primary,IMPUTED,LOCAL_SAME_CLASS,1.34,100.008,~12시,4.810389610389605,20.79000000000002,20.79000000000002
550742129#4,BUFFER,primary,IMPUTED,LOCAL_SAME_CLASS,1.98,100.008,~12시,4.810389610389605,20.79000000000002,20.79000000000002
550742129#6,BUFFER,primary,IMPUTED,LOCAL_SAME_CLASS,84.88,100.008,~12시,4.810389610389606,20.790000000000017,20.79000000000002
550742129#7,BUFFER,primary,IMPUTED,LOCAL_SAME_CLASS,1.44,100.008,~12시,4.810389610389605,20.79000000000002,20.79000000000002
551180041,BUFFER,primary,IMPUTED,LOCAL_SAME_CLASS,0.2,79.992,~12시,3.847619047619044,20.79000000000002,20.79000000000002
551180042#0,BUFFER,primary,IMPUTED,LOCAL_SAME_CLASS,18.92,100.008,~12시,4.810389610389606,20.790000000000017,20.79000000000002
551180042#1,BUFFER,primary,IMPUTED,LOCAL_SAME_CLASS,20.66,100.008,~12시,4.810389610389605,20.79000000000002,20.79000000000002
551180042#2,BUFFER,primary,IMPUTED,LOCAL_SAME_CLASS,60.15,100.008,~12시,4.810389610389606,20.790000000000017,20.79000000000002
551180042#3,BUFFER,primary,IMPUTED,LOCAL_SAME_CLASS,16.77,100.008,~12시,4.810389610389606,20.790000000000017,20.79000000000002
551180042#4,BUFFER,primary,IMPUTED,LOCAL_SAME_CLASS,8.38,100.008,~12시,4.810389610389605,20.79000000000002,20.79000000000002
551180043,BUFFER,primary,IMPUTED,LOCAL_SAME_CLASS,49.99,100.008,~12시,4.810389610389605,20.79000000000002,20.79000000000002
551180407#0,BUFFER,primary,IMPUTED,LOCAL_SAME_CLASS,8.58,100.008,~12시,4.810389610389605,20.79000000000002,20.79000000000002
551180407#1,BUFFER,primary,IMPUTED,LOCAL_SAME_CLASS,100.07,100.008,~12시,4.810389610389605,20.79000000000002,20.79000000000002
551180407#2,BUFFER,primary,IMPUTED,LOCAL_SAME_CLASS,9.51,100.008,~12시,4.810389610389606,20.790000000000017,20.79000000000002
551180408#1,BUFFER,primary,IMPUTED,LOCAL_SAME_CLASS,3.62,100.008,~12시,4.810389610389606,20.790000000000017,20.79000000000002
551180408#2,BUFFER,primary,IMPUTED,LOCAL_SAME_CLASS,85.17,100.008,~12시,4.810389610389605,20.79000000000002,20.79000000000002
551180408#3,BUFFER,primary,IMPUTED,LOCAL_SAME_CLASS,1.53,100.008,~12시,4.810389610389606,20.790000000000017,20.79000000000002
551180408#4,BUFFER,primary,IMPUTED,LOCAL_SAME_CLASS,0.25,100.008,~12시,4.810389610389606,20.790000000000017,20.79000000000002
551180408#5,BUFFER,primary,IMPUTED,LOCAL_SAME_CLASS,6.11,100.008,~12시,4.810389610389606,20.790000000000017,20.79000000000002
551180408#6,BUFFER,primary,IMPUTED,LOCAL_SAME_CLASS,81.4,100.008,~12시,4.810389610389606,20.790000000000017,20.79000000000002
551180408#7,BUFFER,primary,IMPUTED,LOCAL_SAME_CLASS,90.02,100.008,~12시,4.810389610389606,20.790000000000017,20.79000000000002
551180410,BUFFER,primary,IMPUTED,LOCAL_SAME_CLASS,0.85,79.992,~12시,3.847619047619044,20.79000000000002,20.79000000000002
551974844#1,BUFFER,primary,IMPUTED,LOCAL_SAME_CLASS,105.71,60.01200000000001,~12시,2.8865800865800844,20.790000000000017,20.79000000000002
551974844#2,BUFFER,primary,IMPUTED,LOCAL_SAME_CLASS,4.58,60.01200000000001,~12시,2.886580086580084,20.79000000000002,20.79000000000002
552129479,BUFFER,primary,IMPUTED,LOCAL_SAME_CLASS,41.52,79.992,~12시,3.847619047619044,20.79000000000002,20.79000000000002
810680672#0,BUFFER,primary,IMPUTED,LOCAL_SAME_CLASS,12.47,79.992,~12시,3.847619047619044,20.79000000000002,20.79000000000002
810680673#1,BUFFER,primary,IMPUTED,LOCAL_SAME_CLASS,6.16,79.992,~12시,3.847619047619044,20.79000000000002,20.79000000000002
833433717,BUFFER,living_street,IMPUTED,LOCAL_ANY_CLASS,120.18,10.008,~12시,1.5116899716713852,6.620405101275331,6.620405101275331
908609098,BUFFER,primary,IMPUTED,LOCAL_SAME_CLASS,12.75,79.992,~12시,3.847619047619044,20.79000000000002,20.79000000000002
914304804#0,BUFFER,primary,IMPUTED,LOCAL_SAME_CLASS,11.09,60.01200000000001,~12시,2.886580086580084,20.79000000000002,20.79000000000002
914304804#1,BUFFER,primary,IMPUTED,LOCAL_SAME_CLASS,19.44,60.01200000000001,~12시,2.886580086580084,20.79000000000002,20.79000000000002
921199232#0,BUFFER,primary,IMPUTED,LOCAL_SAME_CLASS,37.25,50.004000000000005,~12시,2.405194805194803,20.79000000000002,20.79000000000002
921199232#1,BUFFER,primary,IMPUTED,LOCAL_SAME_CLASS,14.59,50.004000000000005,~12시,2.405194805194803,20.79000000000002,20.79000000000002
921199232#2,BUFFER,primary,IMPUTED,LOCAL_SAME_CLASS,39.59,50.004000000000005,~12시,2.4051948051948027,20.790000000000024,20.79000000000002
946016870,BUFFER,primary,IMPUTED,LOCAL_SAME_CLASS,10.84,100.008,~12시,4.810389610389605,20.79000000000002,20.79000000000002
946016872#10,BUFFER,primary,IMPUTED,LOCAL_SAME_CLASS,68.11,100.008,~12시,4.810389610389606,20.790000000000017,20.79000000000002
946016872#11,BUFFER,primary,IMPUTED,LOCAL_SAME_CLASS,30.76,100.008,~12시,4.810389610389606,20.790000000000017,20.79000000000002
946016872#12,BUFFER,primary,IMPUTED,LOCAL_SAME_CLASS,7.51,100.008,~12시,4.810389610389605,20.79000000000002,20.79000000000002
946016872#13,BUFFER,primary,IMPUTED,LOCAL_SAME_CLASS,41.92,100.008,~12시,4.810389610389605,20.79000000000002,20.79000000000002
946016872#14,BUFFER,primary,IMPUTED,LOCAL_SAME_CLASS,114.36,100.008,~12시,4.810389610389606,20.790000000000017,20.79000000000002
946016872#15,BUFFER,primary,IMPUTED,LOCAL_SAME_CLASS,29.53,100.008,~12시,4.810389610389605,20.79000000000002,20.79000000000002
946016872#16,BUFFER,primary,IMPUTED,LOCAL_SAME_CLASS,13.11,100.008,~12시,4.810389610389606,20.790000000000017,20.79000000000002
946016872#3,BUFFER,primary,IMPUTED,LOCAL_SAME_CLASS,77.1,100.008,~12시,4.810389610389606,20.790000000000017,20.79000000000002
946016872#4,BUFFER,primary,IMPUTED,LOCAL_SAME_CLASS,126.02,100.008,~12시,4.810389610389605,20.79000000000002,20.79000000000002
946016872#6,BUFFER,primary,IMPUTED,LOCAL_SAME_CLASS,102.26,100.008,~12시,4.810389610389605,20.79000000000002,20.79000000000002
946016872#7,BUFFER,primary,IMPUTED,LOCAL_SAME_CLASS,5.03,100.008,~12시,4.810389610389606,20.790000000000017,20.79000000000002
946016872#8,BUFFER,primary,IMPUTED,LOCAL_SAME_CLASS,108.94,100.008,~12시,4.810389610389606,20.790000000000017,20.79000000000002
-1136829926#1,BUFFER,living_street,IMPUTED,LOCAL_ANY_CLASS,17.28,10.008,~13시,1.521896430594898,6.576005961251874,6.576005961251874
-1136829926#2,BUFFER,living_street,IMPUTED,LOCAL_ANY_CLASS,73.86,10.008,~13시,1.521896430594898,6.576005961251874,6.576005961251874
-1136829931#0,BUFFER,living_street,IMPUTED,LOCAL_ANY_CLASS,0.2,10.008,~13시,1.521896430594898,6.576005961251874,6.576005961251874
-1136829931#1,BUFFER,living_street,IMPUTED,LOCAL_ANY_CLASS,33.63,10.008,~13시,1.521896430594898,6.576005961251874,6.576005961251874
-1136829931#2,BUFFER,living_street,IMPUTED,LOCAL_ANY_CLASS,14.22,10.008,~13시,1.521896430594898,6.576005961251874,6.576005961251874
-1136829931#3,BUFFER,living_street,IMPUTED,LOCAL_ANY_CLASS,12.14,10.008,~13시,1.521896430594898,6.576005961251874,6.576005961251874
-1136829931#4,BUFFER,living_street,IMPUTED,LOCAL_ANY_CLASS,17.09,10.008,~13시,1.521896430594898,6.576005961251874,6.576005961251874
-1136829932#0,BUFFER,living_street,IMPUTED,LOCAL_ANY_CLASS,41.17,10.008,~13시,1.521896430594898,6.576005961251874,6.576005961251874
-1136829932#1,BUFFER,living_street,IMPUTED,LOCAL_ANY_CLASS,7.37,10.008,~13시,1.521896430594898,6.576005961251874,6.576005961251874
-1136829934#0,BUFFER,living_street,IMPUTED,LOCAL_ANY_CLASS,43.23,10.008,~13시,1.521896430594898,6.576005961251874,6.576005961251874
-1136829934#1,BUFFER,living_street,IMPUTED,LOCAL_ANY_CLASS,30.98,10.008,~13시,1.521896430594898,6.576005961251874,6.576005961251874
-1136829934#2,BUFFER,living_street,IMPUTED,LOCAL_ANY_CLASS,1.34,10.008,~13시,1.521896430594898,6.576005961251874,6.576005961251874
-1136829935,BUFFER,living_street,IMPUTED,LOCAL_ANY_CLASS,2.4,10.008,~13시,1.521896430594898,6.576005961251874,6.576005961251874
-218790202#0,BUFFER,primary,IMPUTED,LOCAL_SAME_CLASS,50.34,50.004000000000005,~13시,3.3071428571428543,15.120000000000015,15.120000000000015
-218790202#1,BUFFER,primary,IMPUTED,LOCAL_SAME_CLASS,8.45,50.004000000000005,~13시,3.3071428571428543,15.120000000000015,15.120000000000015
-218790202#10,BUFFER,primary,IMPUTED,LOCAL_SAME_CLASS,7.42,50.004000000000005,~13시,3.307142857142854,15.120000000000017,15.120000000000015
-218790202#11,BUFFER,primary,IMPUTED,LOCAL_SAME_CLASS,4.36,50.004000000000005,~13시,3.3071428571428543,15.120000000000015,15.120000000000015
-218790202#13,BUFFER,primary,IMPUTED,LOCAL_SAME_CLASS,64.15,50.004000000000005,~13시,3.3071428571428543,15.120000000000015,15.120000000000015
-218790202#14,BUFFER,primary,IMPUTED,LOCAL_SAME_CLASS,7.2,50.004000000000005,~13시,3.307142857142854,15.120000000000017,15.120000000000015
-218790202#15,BUFFER,primary,IMPUTED,LOCAL_SAME_CLASS,4.23,50.004000000000005,~13시,3.3071428571428543,15.120000000000015,15.120000000000015
-218790202#16,BUFFER,primary,IMPUTED,LOCAL_SAME_CLASS,31.78,50.004000000000005,~13시,3.307142857142854,15.120000000000017,15.120000000000015
-218790202#17,BUFFER,primary,IMPUTED,LOCAL_SAME_CLASS,71.52,50.004000000000005,~13시,3.307142857142854,15.120000000000017,15.120000000000015
-218790202#2,BUFFER,primary,IMPUTED,LOCAL_SAME_CLASS,21.15,50.004000000000005,~13시,3.3071428571428543,15.120000000000015,15.120000000000015
-218790202#3,BUFFER,primary,IMPUTED,LOCAL_SAME_CLASS,11.66,50.004000000000005,~13시,3.3071428571428543,15.120000000000015,15.120000000000015
-218790202#4,BUFFER,primary,IMPUTED,LOCAL_SAME_CLASS,52.34,50.004000000000005,~13시,3.307142857142854,15.120000000000017,15.120000000000015
-218790202#5,BUFFER,primary,IMPUTED,LOCAL_SAME_CLASS,44.64,50.004000000000005,~13시,3.307142857142854,15.120000000000017,15.120000000000015
-218790202#6,BUFFER,primary,IMPUTED,LOCAL_SAME_CLASS,9.3,50.004000000000005,~13시,3.307142857142854,15.120000000000017,15.120000000000015
-218790202#7,BUFFER,primary,IMPUTED,LOCAL_SAME_CLASS,107.79,50.004000000000005,~13시,3.3071428571428543,15.120000000000015,15.120000000000015
-218790202#8,BUFFER,primary,IMPUTED,LOCAL_SAME_CLASS,28.36,50.004000000000005,~13시,3.3071428571428543,15.120000000000015,15.120000000000015
-381034867#1,BUFFER,living_street,IMPUTED,LOCAL_ANY_CLASS,30.97,10.008,~13시,1.521896430594898,6.576005961251874,6.576005961251874
-381034867#2,BUFFER,living_street,IMPUTED,LOCAL_ANY_CLASS,52.05,10.008,~13시,1.521896430594898,6.576005961251874,6.576005961251874
-477841175,BUFFER,living_street,IMPUTED,LOCAL_ANY_CLASS,271.76,10.008,~13시,1.521896430594898,6.576005961251874,6.576005961251874
-833433717,BUFFER,living_street,IMPUTED,LOCAL_ANY_CLASS,120.18,10.008,~13시,1.521896430594898,6.576005961251874,6.576005961251874
-921199232#0,BUFFER,primary,IMPUTED,LOCAL_SAME_CLASS,37.25,50.004000000000005,~13시,3.3071428571428543,15.120000000000015,15.120000000000015
-921199232#1,BUFFER,primary,IMPUTED,LOCAL_SAME_CLASS,14.59,50.004000000000005,~13시,3.3071428571428543,15.120000000000015,15.120000000000015
-921199232#2,BUFFER,primary,IMPUTED,LOCAL_SAME_CLASS,40.47,50.004000000000005,~13시,3.3071428571428543,15.120000000000015,15.120000000000015
1028953203,CORE,primary,OBSERVED,NOT_NEEDED,14.63,100.008,~13시,4.5,22.224,
1136829926#1,BUFFER,living_street,IMPUTED,LOCAL_ANY_CLASS,19.97,10.008,~13시,1.521896430594898,6.576005961251874,6.576005961251874
1136829926#2,BUFFER,living_street,IMPUTED,LOCAL_ANY_CLASS,71.76,10.008,~13시,1.521896430594898,6.576005961251874,6.576005961251874
1136829931#0,BUFFER,living_street,IMPUTED,LOCAL_ANY_CLASS,0.2,10.008,~13시,1.521896430594898,6.576005961251874,6.576005961251874
1136829931#1,BUFFER,living_street,IMPUTED,LOCAL_ANY_CLASS,33.96,10.008,~13시,1.521896430594898,6.576005961251874,6.576005961251874
1136829931#2,BUFFER,living_street,IMPUTED,LOCAL_ANY_CLASS,15.36,10.008,~13시,1.521896430594898,6.576005961251874,6.576005961251874
1136829931#3,BUFFER,living_street,IMPUTED,LOCAL_ANY_CLASS,12.5,10.008,~13시,1.521896430594898,6.576005961251874,6.576005961251874
1136829931#4,BUFFER,living_street,IMPUTED,LOCAL_ANY_CLASS,20.41,10.008,~13시,1.521896430594898,6.576005961251874,6.576005961251874
1136829932#0,BUFFER,living_street,IMPUTED,LOCAL_ANY_CLASS,39.37,10.008,~13시,1.521896430594898,6.576005961251874,6.576005961251874
1136829932#1,BUFFER,living_street,IMPUTED,LOCAL_ANY_CLASS,7.37,10.008,~13시,1.521896430594898,6.576005961251874,6.576005961251874
1136829934#0,BUFFER,living_street,IMPUTED,LOCAL_ANY_CLASS,43.23,10.008,~13시,1.521896430594898,6.576005961251874,6.576005961251874
1136829934#1,BUFFER,living_street,IMPUTED,LOCAL_ANY_CLASS,36.0,10.008,~13시,1.521896430594898,6.576005961251874,6.576005961251874
1136829934#2,BUFFER,living_street,IMPUTED,LOCAL_ANY_CLASS,0.2,10.008,~13시,1.521896430594898,6.576005961251874,6.576005961251874
1136829935,BUFFER,living_street,IMPUTED,LOCAL_ANY_CLASS,2.4,10.008,~13시,1.521896430594898,6.576005961251874,6.576005961251874
1151978488#0,BUFFER,primary,IMPUTED,LOCAL_SAME_CLASS,13.91,79.992,~13시,5.290476190476186,15.120000000000013,15.120000000000015
1151978488#1,BUFFER,primary,IMPUTED,LOCAL_SAME_CLASS,16.25,79.992,~13시,5.290476190476186,15.120000000000013,15.120000000000015
1455063482,BUFFER,primary,IMPUTED,LOCAL_SAME_CLASS,143.52,60.01200000000001,~13시,3.969047619047616,15.120000000000013,15.120000000000015
1455063483,BUFFER,primary,PARTIAL_OBSERVED_PLUS_IMPUTED,LOCAL_SAME_CLASS,98.01,60.01200000000001,~13시,2.7731477574525254,21.640390360998417,15.120000000000015
1478788847#1,BUFFER,primary,IMPUTED,LOCAL_SAME_CLASS,122.71,100.008,~13시,6.614285714285708,15.120000000000015,15.120000000000015
1478788847#11,BUFFER,primary,IMPUTED,LOCAL_SAME_CLASS,125.53,100.008,~13시,6.614285714285708,15.120000000000015,15.120000000000015
1478788847#12,BUFFER,primary,IMPUTED,LOCAL_SAME_CLASS,32.97,100.008,~13시,6.6142857142857086,15.120000000000012,15.120000000000015
1478788847#13,BUFFER,primary,IMPUTED,LOCAL_SAME_CLASS,34.96,100.008,~13시,6.614285714285708,15.120000000000015,15.120000000000015
1478788847#14,BUFFER,primary,IMPUTED,LOCAL_SAME_CLASS,0.29,100.008,~13시,6.614285714285708,15.120000000000015,15.120000000000015
1478788847#2,BUFFER,primary,IMPUTED,LOCAL_SAME_CLASS,77.59,100.008,~13시,6.614285714285708,15.120000000000015,15.120000000000015
1478788847#3,BUFFER,primary,IMPUTED,LOCAL_SAME_CLASS,15.78,100.008,~13시,6.614285714285708,15.120000000000015,15.120000000000015
1478788847#4,BUFFER,primary,IMPUTED,LOCAL_SAME_CLASS,105.97,100.008,~13시,6.614285714285708,15.120000000000015,15.120000000000015
1478788847#6,BUFFER,primary,IMPUTED,LOCAL_SAME_CLASS,115.34,100.008,~13시,6.614285714285708,15.120000000000015,15.120000000000015
1478788847#8,BUFFER,primary,IMPUTED,LOCAL_SAME_CLASS,69.58,100.008,~13시,6.614285714285708,15.120000000000015,15.120000000000015
1478788847#9,BUFFER,primary,IMPUTED,LOCAL_SAME_CLASS,18.17,100.008,~13시,6.614285714285708,15.120000000000015,15.120000000000015
1478788849#0,BUFFER,primary,IMPUTED,LOCAL_SAME_CLASS,49.59,100.008,~13시,6.614285714285708,15.120000000000015,15.120000000000015
1478788849#1,BUFFER,primary,IMPUTED,LOCAL_SAME_CLASS,18.61,100.008,~13시,6.614285714285708,15.120000000000015,15.120000000000015
1478788859#0,BUFFER,primary,IMPUTED,LOCAL_SAME_CLASS,49.2,100.008,~13시,6.6142857142857086,15.120000000000012,15.120000000000015
1478788859#1,BUFFER,primary,IMPUTED,LOCAL_SAME_CLASS,59.85,100.008,~13시,6.6142857142857086,15.120000000000012,15.120000000000015
1478788859#3,BUFFER,primary,IMPUTED,LOCAL_SAME_CLASS,28.12,100.008,~13시,6.6142857142857086,15.120000000000012,15.120000000000015
1478788859#4,BUFFER,primary,IMPUTED,LOCAL_SAME_CLASS,84.93,100.008,~13시,6.6142857142857086,15.120000000000012,15.120000000000015
1478788859#5,BUFFER,primary,IMPUTED,LOCAL_SAME_CLASS,10.97,100.008,~13시,6.6142857142857086,15.120000000000012,15.120000000000015
1478788860#0,BUFFER,primary,IMPUTED,LOCAL_SAME_CLASS,18.08,100.008,~13시,6.614285714285708,15.120000000000015,15.120000000000015
1478788860#1,BUFFER,primary,IMPUTED,LOCAL_SAME_CLASS,49.93,100.008,~13시,6.614285714285708,15.120000000000015,15.120000000000015
183272412#0,BUFFER,primary,IMPUTED,LOCAL_SAME_CLASS,3.19,79.992,~13시,5.290476190476186,15.120000000000013,15.120000000000015
183272412#1,BUFFER,primary,IMPUTED,LOCAL_SAME_CLASS,1.25,79.992,~13시,5.290476190476186,15.120000000000013,15.120000000000015
183272421,CORE,primary,IMPUTED,LOCAL_SAME_CLASS,415.63,60.01200000000001,~13시,3.969047619047616,15.120000000000013,15.120000000000015
183521160,BUFFER,primary,IMPUTED,LOCAL_SAME_CLASS,175.87,60.01200000000001,~13시,3.969047619047616,15.120000000000013,15.120000000000015
183521250,BUFFER,primary,PARTIAL_OBSERVED_PLUS_IMPUTED,LOCAL_SAME_CLASS,67.2,79.992,~13시,4.38565752073061,18.239454317142865,15.120000000000015
183521251#0,BUFFER,primary,IMPUTED,LOCAL_SAME_CLASS,0.2,60.01200000000001,~13시,3.969047619047616,15.120000000000013,15.120000000000015
183521251#1,BUFFER,primary,IMPUTED,LOCAL_SAME_CLASS,55.59,60.01200000000001,~13시,3.969047619047616,15.120000000000013,15.120000000000015
183521254,BUFFER,primary,IMPUTED,LOCAL_SAME_CLASS,20.02,79.992,~13시,5.290476190476186,15.120000000000013,15.120000000000015
183521258,BUFFER,primary,IMPUTED,LOCAL_SAME_CLASS,56.64,60.01200000000001,~13시,3.969047619047616,15.120000000000013,15.120000000000015
183521260#0,BUFFER,primary,IMPUTED,LOCAL_SAME_CLASS,25.2,79.992,~13시,5.290476190476186,15.120000000000013,15.120000000000015
183521260#1,BUFFER,primary,IMPUTED,LOCAL_SAME_CLASS,1.62,79.992,~13시,5.290476190476186,15.120000000000013,15.120000000000015
183521260#2,BUFFER,primary,IMPUTED,LOCAL_SAME_CLASS,18.68,79.992,~13시,5.290476190476186,15.120000000000013,15.120000000000015
183521262,CORE,primary,PARTIAL_OBSERVED_PLUS_IMPUTED,LOCAL_SAME_CLASS,408.92,60.01200000000001,~13시,2.751048267020387,21.814230131628324,15.120000000000015
183895342,BUFFER,primary,IMPUTED,LOCAL_SAME_CLASS,174.36,60.01200000000001,~13시,3.969047619047616,15.120000000000013,15.120000000000015
183895357#1,BUFFER,primary,IMPUTED,LOCAL_SAME_CLASS,13.8,60.01200000000001,~13시,3.969047619047616,15.120000000000013,15.120000000000015
183895357#2,BUFFER,primary,IMPUTED,LOCAL_SAME_CLASS,18.28,60.01200000000001,~13시,3.969047619047615,15.120000000000017,15.120000000000015
183895357#3,BUFFER,primary,IMPUTED,LOCAL_SAME_CLASS,471.17,60.01200000000001,~13시,3.969047619047616,15.120000000000013,15.120000000000015
183895363#0,BUFFER,primary,IMPUTED,LOCAL_SAME_CLASS,0.2,60.01200000000001,~13시,3.969047619047616,15.120000000000013,15.120000000000015
183895363#1,BUFFER,primary,IMPUTED,LOCAL_SAME_CLASS,64.69,60.01200000000001,~13시,3.969047619047616,15.120000000000013,15.120000000000015
183895363#2,BUFFER,primary,IMPUTED,LOCAL_SAME_CLASS,35.39,60.01200000000001,~13시,3.969047619047616,15.120000000000013,15.120000000000015
183895363#3,BUFFER,primary,IMPUTED,LOCAL_SAME_CLASS,93.88,60.01200000000001,~13시,3.969047619047616,15.120000000000013,15.120000000000015
183895363#4,BUFFER,primary,IMPUTED,LOCAL_SAME_CLASS,4.45,60.01200000000001,~13시,3.969047619047616,15.120000000000013,15.120000000000015
183895363#5,BUFFER,primary,IMPUTED,LOCAL_SAME_CLASS,9.94,60.01200000000001,~13시,3.969047619047616,15.120000000000013,15.120000000000015
183895364#2,BUFFER,primary,IMPUTED,LOCAL_SAME_CLASS,12.75,60.01200000000001,~13시,3.969047619047616,15.120000000000013,15.120000000000015
183895364#4,BUFFER,primary,IMPUTED,LOCAL_SAME_CLASS,249.17,60.01200000000001,~13시,3.969047619047616,15.120000000000013,15.120000000000015
183895364#5,BUFFER,primary,IMPUTED,LOCAL_SAME_CLASS,245.15,60.01200000000001,~13시,3.969047619047616,15.120000000000013,15.120000000000015
183895364#8,BUFFER,primary,IMPUTED,LOCAL_SAME_CLASS,24.05,60.01200000000001,~13시,3.969047619047616,15.120000000000013,15.120000000000015
183895364#9,BUFFER,primary,IMPUTED,LOCAL_SAME_CLASS,69.08,60.01200000000001,~13시,3.969047619047616,15.120000000000013,15.120000000000015
183895365#2,BUFFER,primary,IMPUTED,LOCAL_SAME_CLASS,12.79,60.01200000000001,~13시,3.969047619047616,15.120000000000013,15.120000000000015
183895365#3,BUFFER,primary,IMPUTED,LOCAL_SAME_CLASS,26.75,60.01200000000001,~13시,3.969047619047616,15.120000000000013,15.120000000000015
183895365#4,BUFFER,primary,IMPUTED,LOCAL_SAME_CLASS,57.42,60.01200000000001,~13시,3.969047619047616,15.120000000000013,15.120000000000015
183895365#5,BUFFER,primary,IMPUTED,LOCAL_SAME_CLASS,32.95,60.01200000000001,~13시,3.969047619047616,15.120000000000013,15.120000000000015
183895365#6,BUFFER,primary,IMPUTED,LOCAL_SAME_CLASS,49.34,60.01200000000001,~13시,3.969047619047616,15.120000000000013,15.120000000000015
218790202#0,BUFFER,primary,IMPUTED,LOCAL_SAME_CLASS,52.99,50.004000000000005,~13시,3.307142857142854,15.120000000000017,15.120000000000015
218790202#1,BUFFER,primary,IMPUTED,LOCAL_SAME_CLASS,8.45,50.004000000000005,~13시,3.3071428571428543,15.120000000000015,15.120000000000015
218790202#10,BUFFER,primary,IMPUTED,LOCAL_SAME_CLASS,7.42,50.004000000000005,~13시,3.307142857142854,15.120000000000017,15.120000000000015
218790202#11,BUFFER,primary,IMPUTED,LOCAL_SAME_CLASS,4.36,50.004000000000005,~13시,3.3071428571428543,15.120000000000015,15.120000000000015
218790202#13,BUFFER,primary,IMPUTED,LOCAL_SAME_CLASS,64.15,50.004000000000005,~13시,3.3071428571428543,15.120000000000015,15.120000000000015
218790202#14,BUFFER,primary,IMPUTED,LOCAL_SAME_CLASS,7.2,50.004000000000005,~13시,3.307142857142854,15.120000000000017,15.120000000000015
218790202#15,BUFFER,primary,IMPUTED,LOCAL_SAME_CLASS,4.23,50.004000000000005,~13시,3.3071428571428543,15.120000000000015,15.120000000000015
218790202#16,BUFFER,primary,IMPUTED,LOCAL_SAME_CLASS,31.78,50.004000000000005,~13시,3.307142857142854,15.120000000000017,15.120000000000015
218790202#17,BUFFER,primary,IMPUTED,LOCAL_SAME_CLASS,71.71,50.004000000000005,~13시,3.3071428571428543,15.120000000000015,15.120000000000015
218790202#2,BUFFER,primary,IMPUTED,LOCAL_SAME_CLASS,21.15,50.004000000000005,~13시,3.3071428571428543,15.120000000000015,15.120000000000015
218790202#3,BUFFER,primary,IMPUTED,LOCAL_SAME_CLASS,11.66,50.004000000000005,~13시,3.3071428571428543,15.120000000000015,15.120000000000015
218790202#4,BUFFER,primary,IMPUTED,LOCAL_SAME_CLASS,52.34,50.004000000000005,~13시,3.307142857142854,15.120000000000017,15.120000000000015
218790202#5,BUFFER,primary,IMPUTED,LOCAL_SAME_CLASS,44.64,50.004000000000005,~13시,3.307142857142854,15.120000000000017,15.120000000000015
218790202#6,BUFFER,primary,IMPUTED,LOCAL_SAME_CLASS,9.3,50.004000000000005,~13시,3.307142857142854,15.120000000000017,15.120000000000015
218790202#7,BUFFER,primary,IMPUTED,LOCAL_SAME_CLASS,107.79,50.004000000000005,~13시,3.3071428571428543,15.120000000000015,15.120000000000015
218790202#8,BUFFER,primary,IMPUTED,LOCAL_SAME_CLASS,28.36,50.004000000000005,~13시,3.3071428571428543,15.120000000000015,15.120000000000015
37400423,BUFFER,primary,IMPUTED,LOCAL_SAME_CLASS,11.64,79.992,~13시,5.290476190476186,15.120000000000013,15.120000000000015
37402230#0,CORE,primary,OBSERVED,NOT_NEEDED,6.68,100.008,~13시,4.499999999999999,22.224000000000004,
37402230#1,CORE,primary,OBSERVED,NOT_NEEDED,29.24,100.008,~13시,4.5,22.224,
37402230#10,CORE,primary,OBSERVED,NOT_NEEDED,20.85,100.008,~13시,4.499999999999999,22.224000000000004,
37402230#11,CORE,primary,OBSERVED,NOT_NEEDED,23.48,100.008,~13시,4.5,22.224,
37402230#2,CORE,primary,OBSERVED,NOT_NEEDED,353.29,100.008,~13시,4.5,22.224,
37402230#3,CORE,primary,OBSERVED,NOT_NEEDED,65.0,100.008,~13시,4.5,22.224,
37402230#4,CORE,primary,OBSERVED,NOT_NEEDED,38.37,100.008,~13시,4.499999999999999,22.224000000000004,
37402230#5,CORE,primary,OBSERVED,NOT_NEEDED,24.71,100.008,~13시,4.5,22.224,
37402230#6,CORE,primary,OBSERVED,NOT_NEEDED,13.43,100.008,~13시,4.5,22.224,
37402230#7,CORE,primary,OBSERVED,NOT_NEEDED,9.26,100.008,~13시,4.5,22.224,
37402230#8,CORE,primary,OBSERVED,NOT_NEEDED,86.74,100.008,~13시,4.5,22.224,
37402230#9,CORE,primary,OBSERVED,NOT_NEEDED,51.47,100.008,~13시,4.5,22.224,
381025735#3,BUFFER,primary,IMPUTED,LOCAL_SAME_CLASS,10.25,100.008,~13시,6.614285714285708,15.120000000000015,15.120000000000015
381025735#4,BUFFER,primary,IMPUTED,LOCAL_SAME_CLASS,126.72,100.008,~13시,6.6142857142857086,15.120000000000012,15.120000000000015
381025735#6,BUFFER,primary,IMPUTED,LOCAL_SAME_CLASS,119.24,100.008,~13시,6.614285714285708,15.120000000000015,15.120000000000015
381034867#1,BUFFER,living_street,IMPUTED,LOCAL_ANY_CLASS,30.97,10.008,~13시,1.521896430594898,6.576005961251874,6.576005961251874
381034867#2,BUFFER,living_street,IMPUTED,LOCAL_ANY_CLASS,53.04,10.008,~13시,1.521896430594898,6.576005961251874,6.576005961251874
393513870,CORE,residential,IMPUTED,LOCAL_SAME_CLASS,101.0,2.0160000000000005,~13시,1.100041237113402,1.8326585695006752,1.8326585695006747
477841175,BUFFER,living_street,IMPUTED,LOCAL_ANY_CLASS,274.02,10.008,~13시,1.521896430594898,6.576005961251874,6.576005961251874
518796200#0,CORE,secondary,OBSERVED,NOT_NEEDED,60.44,100.008,~13시,8.36,11.96267942583732,
518796200#1,CORE,secondary,OBSERVED,NOT_NEEDED,15.34,100.008,~13시,8.360000000000001,11.962679425837319,
520307308#0,BUFFER,primary,IMPUTED,LOCAL_SAME_CLASS,110.6,60.01200000000001,~13시,3.969047619047616,15.120000000000013,15.120000000000015
520307308#2,BUFFER,primary,IMPUTED,LOCAL_SAME_CLASS,107.21,60.01200000000001,~13시,3.969047619047616,15.120000000000013,15.120000000000015
520307309#0,BUFFER,primary,IMPUTED,LOCAL_SAME_CLASS,8.71,100.008,~13시,6.6142857142857086,15.120000000000012,15.120000000000015
520307309#1,BUFFER,primary,IMPUTED,LOCAL_SAME_CLASS,0.1,100.008,~13시,6.614285714285708,15.120000000000015,15.120000000000015
535722776,CORE,primary,PARTIAL_OBSERVED_PLUS_IMPUTED,LOCAL_SAME_CLASS,1.75,100.008,~13시,5.613660019117928,17.815115211717828,1.7427626137303551
537813376,CORE,primary,PARTIAL_OBSERVED_PLUS_IMPUTED,LOCAL_SAME_CLASS,12.25,100.008,~13시,9.406042293681509,10.632314514169279,2.896577946768061
550331977,BUFFER,primary,IMPUTED,LOCAL_SAME_CLASS,13.36,100.008,~13시,6.614285714285708,15.120000000000015,15.120000000000015
550331978,BUFFER,primary,IMPUTED,LOCAL_SAME_CLASS,50.21,100.008,~13시,6.614285714285708,15.120000000000015,15.120000000000015
550742129#1,BUFFER,primary,IMPUTED,LOCAL_SAME_CLASS,89.17,100.008,~13시,6.6142857142857086,15.120000000000012,15.120000000000015
550742129#2,BUFFER,primary,IMPUTED,LOCAL_SAME_CLASS,0.2,100.008,~13시,6.614285714285708,15.120000000000015,15.120000000000015
550742129#2-AddedOffRampEdge,BUFFER,primary,IMPUTED,LOCAL_SAME_CLASS,95.96,100.008,~13시,6.614285714285708,15.120000000000015,15.120000000000015
550742129#3,BUFFER,primary,IMPUTED,LOCAL_SAME_CLASS,1.34,100.008,~13시,6.6142857142857086,15.120000000000012,15.120000000000015
550742129#4,BUFFER,primary,IMPUTED,LOCAL_SAME_CLASS,1.98,100.008,~13시,6.6142857142857086,15.120000000000012,15.120000000000015
550742129#6,BUFFER,primary,IMPUTED,LOCAL_SAME_CLASS,84.88,100.008,~13시,6.614285714285708,15.120000000000015,15.120000000000015
550742129#7,BUFFER,primary,IMPUTED,LOCAL_SAME_CLASS,1.44,100.008,~13시,6.6142857142857086,15.120000000000012,15.120000000000015
551180041,BUFFER,primary,IMPUTED,LOCAL_SAME_CLASS,0.2,79.992,~13시,5.290476190476186,15.120000000000013,15.120000000000015
551180042#0,BUFFER,primary,IMPUTED,LOCAL_SAME_CLASS,18.92,100.008,~13시,6.614285714285708,15.120000000000015,15.120000000000015
551180042#1,BUFFER,primary,IMPUTED,LOCAL_SAME_CLASS,20.66,100.008,~13시,6.6142857142857086,15.120000000000012,15.120000000000015
551180042#2,BUFFER,primary,IMPUTED,LOCAL_SAME_CLASS,60.15,100.008,~13시,6.614285714285708,15.120000000000015,15.120000000000015
551180042#3,BUFFER,primary,IMPUTED,LOCAL_SAME_CLASS,16.77,100.008,~13시,6.614285714285708,15.120000000000015,15.120000000000015
551180042#4,BUFFER,primary,IMPUTED,LOCAL_SAME_CLASS,8.38,100.008,~13시,6.614285714285708,15.120000000000015,15.120000000000015
551180043,BUFFER,primary,IMPUTED,LOCAL_SAME_CLASS,49.99,100.008,~13시,6.614285714285708,15.120000000000015,15.120000000000015
551180407#0,BUFFER,primary,IMPUTED,LOCAL_SAME_CLASS,8.58,100.008,~13시,6.6142857142857086,15.120000000000012,15.120000000000015
551180407#1,BUFFER,primary,IMPUTED,LOCAL_SAME_CLASS,100.07,100.008,~13시,6.614285714285708,15.120000000000015,15.120000000000015
551180407#2,BUFFER,primary,IMPUTED,LOCAL_SAME_CLASS,9.51,100.008,~13시,6.6142857142857086,15.120000000000012,15.120000000000015
551180408#1,BUFFER,primary,IMPUTED,LOCAL_SAME_CLASS,3.62,100.008,~13시,6.614285714285708,15.120000000000015,15.120000000000015
551180408#2,BUFFER,primary,IMPUTED,LOCAL_SAME_CLASS,85.17,100.008,~13시,6.614285714285708,15.120000000000015,15.120000000000015
551180408#3,BUFFER,primary,IMPUTED,LOCAL_SAME_CLASS,1.53,100.008,~13시,6.614285714285708,15.120000000000015,15.120000000000015
551180408#4,BUFFER,primary,IMPUTED,LOCAL_SAME_CLASS,0.25,100.008,~13시,6.614285714285708,15.120000000000015,15.120000000000015
551180408#5,BUFFER,primary,IMPUTED,LOCAL_SAME_CLASS,6.11,100.008,~13시,6.614285714285708,15.120000000000015,15.120000000000015
551180408#6,BUFFER,primary,IMPUTED,LOCAL_SAME_CLASS,81.4,100.008,~13시,6.6142857142857086,15.120000000000012,15.120000000000015
551180408#7,BUFFER,primary,IMPUTED,LOCAL_SAME_CLASS,90.02,100.008,~13시,6.614285714285708,15.120000000000015,15.120000000000015
551180410,BUFFER,primary,IMPUTED,LOCAL_SAME_CLASS,0.85,79.992,~13시,5.290476190476186,15.120000000000013,15.120000000000015
551974844#1,BUFFER,primary,IMPUTED,LOCAL_SAME_CLASS,105.71,60.01200000000001,~13시,3.969047619047616,15.120000000000013,15.120000000000015
551974844#2,BUFFER,primary,IMPUTED,LOCAL_SAME_CLASS,4.58,60.01200000000001,~13시,3.969047619047615,15.120000000000017,15.120000000000015
552129479,BUFFER,primary,IMPUTED,LOCAL_SAME_CLASS,41.52,79.992,~13시,5.290476190476186,15.120000000000013,15.120000000000015
810680672#0,BUFFER,primary,IMPUTED,LOCAL_SAME_CLASS,12.47,79.992,~13시,5.290476190476187,15.120000000000012,15.120000000000015
810680673#1,BUFFER,primary,IMPUTED,LOCAL_SAME_CLASS,6.16,79.992,~13시,5.290476190476186,15.120000000000013,15.120000000000015
833433717,BUFFER,living_street,IMPUTED,LOCAL_ANY_CLASS,120.18,10.008,~13시,1.521896430594898,6.576005961251874,6.576005961251874
908609098,BUFFER,primary,IMPUTED,LOCAL_SAME_CLASS,12.75,79.992,~13시,5.290476190476186,15.120000000000013,15.120000000000015
914304804#0,BUFFER,primary,IMPUTED,LOCAL_SAME_CLASS,11.09,60.01200000000001,~13시,3.969047619047616,15.120000000000013,15.120000000000015
914304804#1,BUFFER,primary,IMPUTED,LOCAL_SAME_CLASS,19.44,60.01200000000001,~13시,3.969047619047616,15.120000000000013,15.120000000000015
921199232#0,BUFFER,primary,IMPUTED,LOCAL_SAME_CLASS,37.25,50.004000000000005,~13시,3.3071428571428543,15.120000000000015,15.120000000000015
921199232#1,BUFFER,primary,IMPUTED,LOCAL_SAME_CLASS,14.59,50.004000000000005,~13시,3.3071428571428543,15.120000000000015,15.120000000000015
921199232#2,BUFFER,primary,IMPUTED,LOCAL_SAME_CLASS,39.59,50.004000000000005,~13시,3.307142857142854,15.120000000000017,15.120000000000015
946016870,BUFFER,primary,IMPUTED,LOCAL_SAME_CLASS,10.84,100.008,~13시,6.6142857142857086,15.120000000000012,15.120000000000015
946016872#10,BUFFER,primary,IMPUTED,LOCAL_SAME_CLASS,68.11,100.008,~13시,6.614285714285708,15.120000000000015,15.120000000000015
946016872#11,BUFFER,primary,IMPUTED,LOCAL_SAME_CLASS,30.76,100.008,~13시,6.6142857142857086,15.120000000000012,15.120000000000015
946016872#12,BUFFER,primary,IMPUTED,LOCAL_SAME_CLASS,7.51,100.008,~13시,6.6142857142857086,15.120000000000012,15.120000000000015
946016872#13,BUFFER,primary,IMPUTED,LOCAL_SAME_CLASS,41.92,100.008,~13시,6.614285714285708,15.120000000000015,15.120000000000015
946016872#14,BUFFER,primary,IMPUTED,LOCAL_SAME_CLASS,114.36,100.008,~13시,6.614285714285708,15.120000000000015,15.120000000000015
946016872#15,BUFFER,primary,IMPUTED,LOCAL_SAME_CLASS,29.53,100.008,~13시,6.614285714285708,15.120000000000015,15.120000000000015
946016872#16,BUFFER,primary,IMPUTED,LOCAL_SAME_CLASS,13.11,100.008,~13시,6.6142857142857086,15.120000000000012,15.120000000000015
946016872#3,BUFFER,primary,IMPUTED,LOCAL_SAME_CLASS,77.1,100.008,~13시,6.614285714285708,15.120000000000015,15.120000000000015
946016872#4,BUFFER,primary,IMPUTED,LOCAL_SAME_CLASS,126.02,100.008,~13시,6.6142857142857086,15.120000000000012,15.120000000000015
946016872#6,BUFFER,primary,IMPUTED,LOCAL_SAME_CLASS,102.26,100.008,~13시,6.6142857142857086,15.120000000000012,15.120000000000015
946016872#7,BUFFER,primary,IMPUTED,LOCAL_SAME_CLASS,5.03,100.008,~13시,6.6142857142857086,15.120000000000012,15.120000000000015
946016872#8,BUFFER,primary,IMPUTED,LOCAL_SAME_CLASS,108.94,100.008,~13시,6.614285714285708,15.120000000000015,15.120000000000015
-1136829926#1,BUFFER,living_street,IMPUTED,LOCAL_ANY_CLASS,17.28,10.008,~14시,1.606950254957504,6.227946365561055,6.227946365561055
-1136829926#2,BUFFER,living_street,IMPUTED,LOCAL_ANY_CLASS,73.86,10.008,~14시,1.6069502549575043,6.2279463655610545,6.227946365561055
-1136829931#0,BUFFER,living_street,IMPUTED,LOCAL_ANY_CLASS,0.2,10.008,~14시,1.6069502549575043,6.2279463655610545,6.227946365561055
-1136829931#1,BUFFER,living_street,IMPUTED,LOCAL_ANY_CLASS,33.63,10.008,~14시,1.606950254957504,6.227946365561055,6.227946365561055
-1136829931#2,BUFFER,living_street,IMPUTED,LOCAL_ANY_CLASS,14.22,10.008,~14시,1.606950254957504,6.227946365561055,6.227946365561055
-1136829931#3,BUFFER,living_street,IMPUTED,LOCAL_ANY_CLASS,12.14,10.008,~14시,1.606950254957504,6.227946365561055,6.227946365561055
-1136829931#4,BUFFER,living_street,IMPUTED,LOCAL_ANY_CLASS,17.09,10.008,~14시,1.606950254957504,6.227946365561055,6.227946365561055
-1136829932#0,BUFFER,living_street,IMPUTED,LOCAL_ANY_CLASS,41.17,10.008,~14시,1.606950254957504,6.227946365561055,6.227946365561055
-1136829932#1,BUFFER,living_street,IMPUTED,LOCAL_ANY_CLASS,7.37,10.008,~14시,1.606950254957504,6.227946365561055,6.227946365561055
-1136829934#0,BUFFER,living_street,IMPUTED,LOCAL_ANY_CLASS,43.23,10.008,~14시,1.606950254957504,6.227946365561055,6.227946365561055
-1136829934#1,BUFFER,living_street,IMPUTED,LOCAL_ANY_CLASS,30.98,10.008,~14시,1.6069502549575043,6.2279463655610545,6.227946365561055
-1136829934#2,BUFFER,living_street,IMPUTED,LOCAL_ANY_CLASS,1.34,10.008,~14시,1.606950254957504,6.227946365561055,6.227946365561055
-1136829935,BUFFER,living_street,IMPUTED,LOCAL_ANY_CLASS,2.4,10.008,~14시,1.606950254957504,6.227946365561055,6.227946365561055
-381034867#1,BUFFER,living_street,IMPUTED,LOCAL_ANY_CLASS,30.97,10.008,~14시,1.6069502549575043,6.2279463655610545,6.227946365561055
-381034867#2,BUFFER,living_street,IMPUTED,LOCAL_ANY_CLASS,52.05,10.008,~14시,1.606950254957504,6.227946365561055,6.227946365561055
-477841175,BUFFER,living_street,IMPUTED,LOCAL_ANY_CLASS,271.76,10.008,~14시,1.606950254957504,6.227946365561055,6.227946365561055
1136829926#1,BUFFER,living_street,IMPUTED,LOCAL_ANY_CLASS,19.97,10.008,~14시,1.606950254957504,6.227946365561055,6.227946365561055
1136829926#2,BUFFER,living_street,IMPUTED,LOCAL_ANY_CLASS,71.76,10.008,~14시,1.606950254957504,6.227946365561055,6.227946365561055
1136829931#0,BUFFER,living_street,IMPUTED,LOCAL_ANY_CLASS,0.2,10.008,~14시,1.6069502549575043,6.2279463655610545,6.227946365561055
1136829931#1,BUFFER,living_street,IMPUTED,LOCAL_ANY_CLASS,33.96,10.008,~14시,1.606950254957504,6.227946365561055,6.227946365561055
1136829931#2,BUFFER,living_street,IMPUTED,LOCAL_ANY_CLASS,15.36,10.008,~14시,1.606950254957504,6.227946365561055,6.227946365561055
1136829931#3,BUFFER,living_street,IMPUTED,LOCAL_ANY_CLASS,12.5,10.008,~14시,1.606950254957504,6.227946365561055,6.227946365561055
1136829931#4,BUFFER,living_street,IMPUTED,LOCAL_ANY_CLASS,20.41,10.008,~14시,1.606950254957504,6.227946365561055,6.227946365561055
1136829932#0,BUFFER,living_street,IMPUTED,LOCAL_ANY_CLASS,39.37,10.008,~14시,1.606950254957504,6.227946365561055,6.227946365561055
1136829932#1,BUFFER,living_street,IMPUTED,LOCAL_ANY_CLASS,7.37,10.008,~14시,1.606950254957504,6.227946365561055,6.227946365561055
1136829934#0,BUFFER,living_street,IMPUTED,LOCAL_ANY_CLASS,43.23,10.008,~14시,1.606950254957504,6.227946365561055,6.227946365561055
1136829934#1,BUFFER,living_street,IMPUTED,LOCAL_ANY_CLASS,36.0,10.008,~14시,1.606950254957504,6.227946365561055,6.227946365561055
1136829934#2,BUFFER,living_street,IMPUTED,LOCAL_ANY_CLASS,0.2,10.008,~14시,1.6069502549575043,6.2279463655610545,6.227946365561055
1136829935,BUFFER,living_street,IMPUTED,LOCAL_ANY_CLASS,2.4,10.008,~14시,1.606950254957504,6.227946365561055,6.227946365561055
381034867#1,BUFFER,living_street,IMPUTED,LOCAL_ANY_CLASS,30.97,10.008,~14시,1.6069502549575043,6.2279463655610545,6.227946365561055
381034867#2,BUFFER,living_street,IMPUTED,LOCAL_ANY_CLASS,53.04,10.008,~14시,1.606950254957504,6.227946365561055,6.227946365561055
393513870,CORE,residential,IMPUTED,LOCAL_SAME_CLASS,101.0,2.0160000000000005,~14시,0.8721649484536085,2.3114893617021277,2.311489361702128
477841175,BUFFER,living_street,IMPUTED,LOCAL_ANY_CLASS,274.02,10.008,~14시,1.6069502549575043,6.2279463655610545,6.227946365561055
-1069458460,CORE,secondary,OBSERVED,NOT_NEEDED,0.2,100.008,~15시,9.910000000000007,10.091624621594342,
-1136829926#1,BUFFER,living_street,IMPUTED,LOCAL_ANY_CLASS,17.28,10.008,~15시,1.5309688385269091,6.53703703703705,6.537037037037048
-1136829926#2,BUFFER,living_street,IMPUTED,LOCAL_ANY_CLASS,73.86,10.008,~15시,1.5309688385269096,6.537037037037048,6.537037037037048
-1136829931#0,BUFFER,living_street,IMPUTED,LOCAL_ANY_CLASS,0.2,10.008,~15시,1.5309688385269096,6.537037037037048,6.537037037037048
-1136829931#1,BUFFER,living_street,IMPUTED,LOCAL_ANY_CLASS,33.63,10.008,~15시,1.5309688385269096,6.537037037037048,6.537037037037048
-1136829931#2,BUFFER,living_street,IMPUTED,LOCAL_ANY_CLASS,14.22,10.008,~15시,1.5309688385269096,6.537037037037048,6.537037037037048
-1136829931#3,BUFFER,living_street,IMPUTED,LOCAL_ANY_CLASS,12.14,10.008,~15시,1.5309688385269096,6.537037037037048,6.537037037037048
-1136829931#4,BUFFER,living_street,IMPUTED,LOCAL_ANY_CLASS,17.09,10.008,~15시,1.5309688385269096,6.537037037037048,6.537037037037048
-1136829932#0,BUFFER,living_street,IMPUTED,LOCAL_ANY_CLASS,41.17,10.008,~15시,1.5309688385269091,6.53703703703705,6.537037037037048
-1136829932#1,BUFFER,living_street,IMPUTED,LOCAL_ANY_CLASS,7.37,10.008,~15시,1.5309688385269091,6.53703703703705,6.537037037037048
-1136829934#0,BUFFER,living_street,IMPUTED,LOCAL_ANY_CLASS,43.23,10.008,~15시,1.5309688385269091,6.53703703703705,6.537037037037048
-1136829934#1,BUFFER,living_street,IMPUTED,LOCAL_ANY_CLASS,30.98,10.008,~15시,1.5309688385269096,6.537037037037048,6.537037037037048
-1136829934#2,BUFFER,living_street,IMPUTED,LOCAL_ANY_CLASS,1.34,10.008,~15시,1.5309688385269096,6.537037037037048,6.537037037037048
-1136829935,BUFFER,living_street,IMPUTED,LOCAL_ANY_CLASS,2.4,10.008,~15시,1.5309688385269096,6.537037037037048,6.537037037037048
-381034867#1,BUFFER,living_street,IMPUTED,LOCAL_ANY_CLASS,30.97,10.008,~15시,1.5309688385269096,6.537037037037048,6.537037037037048
-381034867#2,BUFFER,living_street,IMPUTED,LOCAL_ANY_CLASS,52.05,10.008,~15시,1.5309688385269096,6.537037037037048,6.537037037037048
-477841175,BUFFER,living_street,IMPUTED,LOCAL_ANY_CLASS,271.76,10.008,~15시,1.5309688385269096,6.537037037037048,6.537037037037048
1136829926#1,BUFFER,living_street,IMPUTED,LOCAL_ANY_CLASS,19.97,10.008,~15시,1.5309688385269091,6.53703703703705,6.537037037037048
1136829926#2,BUFFER,living_street,IMPUTED,LOCAL_ANY_CLASS,71.76,10.008,~15시,1.5309688385269096,6.537037037037048,6.537037037037048
1136829931#0,BUFFER,living_street,IMPUTED,LOCAL_ANY_CLASS,0.2,10.008,~15시,1.5309688385269096,6.537037037037048,6.537037037037048
1136829931#1,BUFFER,living_street,IMPUTED,LOCAL_ANY_CLASS,33.96,10.008,~15시,1.5309688385269096,6.537037037037048,6.537037037037048
1136829931#2,BUFFER,living_street,IMPUTED,LOCAL_ANY_CLASS,15.36,10.008,~15시,1.5309688385269091,6.53703703703705,6.537037037037048
1136829931#3,BUFFER,living_street,IMPUTED,LOCAL_ANY_CLASS,12.5,10.008,~15시,1.5309688385269091,6.53703703703705,6.537037037037048
1136829931#4,BUFFER,living_street,IMPUTED,LOCAL_ANY_CLASS,20.41,10.008,~15시,1.5309688385269091,6.53703703703705,6.537037037037048
1136829932#0,BUFFER,living_street,IMPUTED,LOCAL_ANY_CLASS,39.37,10.008,~15시,1.5309688385269091,6.53703703703705,6.537037037037048
1136829932#1,BUFFER,living_street,IMPUTED,LOCAL_ANY_CLASS,7.37,10.008,~15시,1.5309688385269091,6.53703703703705,6.537037037037048
1136829934#0,BUFFER,living_street,IMPUTED,LOCAL_ANY_CLASS,43.23,10.008,~15시,1.5309688385269091,6.53703703703705,6.537037037037048
1136829934#1,BUFFER,living_street,IMPUTED,LOCAL_ANY_CLASS,36.0,10.008,~15시,1.5309688385269091,6.53703703703705,6.537037037037048
1136829934#2,BUFFER,living_street,IMPUTED,LOCAL_ANY_CLASS,0.2,10.008,~15시,1.5309688385269096,6.537037037037048,6.537037037037048
1136829935,BUFFER,living_street,IMPUTED,LOCAL_ANY_CLASS,2.4,10.008,~15시,1.5309688385269096,6.537037037037048,6.537037037037048
381034867#1,BUFFER,living_street,IMPUTED,LOCAL_ANY_CLASS,30.97,10.008,~15시,1.5309688385269096,6.537037037037048,6.537037037037048
381034867#2,BUFFER,living_street,IMPUTED,LOCAL_ANY_CLASS,53.04,10.008,~15시,1.5309688385269091,6.53703703703705,6.537037037037048
393513870,CORE,residential,IMPUTED,LOCAL_SAME_CLASS,101.0,2.0160000000000005,~15시,0.7771546391752578,2.594078319006686,2.5940783190066856
477841175,BUFFER,living_street,IMPUTED,LOCAL_ANY_CLASS,274.02,10.008,~15시,1.5309688385269096,6.537037037037048,6.537037037037048
-1069458460,CORE,secondary,OBSERVED,NOT_NEEDED,0.2,100.008,~16시,9.23,10.835102925243769,
-1136829926#1,BUFFER,living_street,IMPUTED,LOCAL_ANY_CLASS,17.28,10.008,~16시,1.5026175637393742,6.660377358490577,6.660377358490577
-1136829926#2,BUFFER,living_street,IMPUTED,LOCAL_ANY_CLASS,73.86,10.008,~16시,1.5026175637393742,6.660377358490577,6.660377358490577
-1136829931#0,BUFFER,living_street,IMPUTED,LOCAL_ANY_CLASS,0.2,10.008,~16시,1.5026175637393742,6.660377358490577,6.660377358490577
-1136829931#1,BUFFER,living_street,IMPUTED,LOCAL_ANY_CLASS,33.63,10.008,~16시,1.502617563739374,6.660377358490578,6.660377358490577
-1136829931#2,BUFFER,living_street,IMPUTED,LOCAL_ANY_CLASS,14.22,10.008,~16시,1.5026175637393742,6.660377358490577,6.660377358490577
-1136829931#3,BUFFER,living_street,IMPUTED,LOCAL_ANY_CLASS,12.14,10.008,~16시,1.5026175637393742,6.660377358490577,6.660377358490577
-1136829931#4,BUFFER,living_street,IMPUTED,LOCAL_ANY_CLASS,17.09,10.008,~16시,1.5026175637393742,6.660377358490577,6.660377358490577
-1136829932#0,BUFFER,living_street,IMPUTED,LOCAL_ANY_CLASS,41.17,10.008,~16시,1.502617563739374,6.660377358490578,6.660377358490577
-1136829932#1,BUFFER,living_street,IMPUTED,LOCAL_ANY_CLASS,7.37,10.008,~16시,1.5026175637393742,6.660377358490577,6.660377358490577
-1136829934#0,BUFFER,living_street,IMPUTED,LOCAL_ANY_CLASS,43.23,10.008,~16시,1.5026175637393742,6.660377358490577,6.660377358490577
-1136829934#1,BUFFER,living_street,IMPUTED,LOCAL_ANY_CLASS,30.98,10.008,~16시,1.5026175637393742,6.660377358490577,6.660377358490577
-1136829934#2,BUFFER,living_street,IMPUTED,LOCAL_ANY_CLASS,1.34,10.008,~16시,1.5026175637393742,6.660377358490577,6.660377358490577
-1136829935,BUFFER,living_street,IMPUTED,LOCAL_ANY_CLASS,2.4,10.008,~16시,1.502617563739374,6.660377358490578,6.660377358490577
-381034867#1,BUFFER,living_street,IMPUTED,LOCAL_ANY_CLASS,30.97,10.008,~16시,1.502617563739374,6.660377358490578,6.660377358490577
-381034867#2,BUFFER,living_street,IMPUTED,LOCAL_ANY_CLASS,52.05,10.008,~16시,1.5026175637393742,6.660377358490577,6.660377358490577
-477841175,BUFFER,living_street,IMPUTED,LOCAL_ANY_CLASS,271.76,10.008,~16시,1.502617563739374,6.660377358490578,6.660377358490577
1136829926#1,BUFFER,living_street,IMPUTED,LOCAL_ANY_CLASS,19.97,10.008,~16시,1.5026175637393742,6.660377358490577,6.660377358490577
1136829926#2,BUFFER,living_street,IMPUTED,LOCAL_ANY_CLASS,71.76,10.008,~16시,1.502617563739374,6.660377358490578,6.660377358490577
1136829931#0,BUFFER,living_street,IMPUTED,LOCAL_ANY_CLASS,0.2,10.008,~16시,1.5026175637393742,6.660377358490577,6.660377358490577
1136829931#1,BUFFER,living_street,IMPUTED,LOCAL_ANY_CLASS,33.96,10.008,~16시,1.502617563739374,6.660377358490578,6.660377358490577
1136829931#2,BUFFER,living_street,IMPUTED,LOCAL_ANY_CLASS,15.36,10.008,~16시,1.5026175637393742,6.660377358490577,6.660377358490577
1136829931#3,BUFFER,living_street,IMPUTED,LOCAL_ANY_CLASS,12.5,10.008,~16시,1.5026175637393742,6.660377358490577,6.660377358490577
1136829931#4,BUFFER,living_street,IMPUTED,LOCAL_ANY_CLASS,20.41,10.008,~16시,1.502617563739374,6.660377358490578,6.660377358490577
1136829932#0,BUFFER,living_street,IMPUTED,LOCAL_ANY_CLASS,39.37,10.008,~16시,1.5026175637393742,6.660377358490577,6.660377358490577
1136829932#1,BUFFER,living_street,IMPUTED,LOCAL_ANY_CLASS,7.37,10.008,~16시,1.5026175637393742,6.660377358490577,6.660377358490577
1136829934#0,BUFFER,living_street,IMPUTED,LOCAL_ANY_CLASS,43.23,10.008,~16시,1.5026175637393742,6.660377358490577,6.660377358490577
1136829934#1,BUFFER,living_street,IMPUTED,LOCAL_ANY_CLASS,36.0,10.008,~16시,1.502617563739374,6.660377358490578,6.660377358490577
1136829934#2,BUFFER,living_street,IMPUTED,LOCAL_ANY_CLASS,0.2,10.008,~16시,1.5026175637393742,6.660377358490577,6.660377358490577
1136829935,BUFFER,living_street,IMPUTED,LOCAL_ANY_CLASS,2.4,10.008,~16시,1.502617563739374,6.660377358490578,6.660377358490577
381034867#1,BUFFER,living_street,IMPUTED,LOCAL_ANY_CLASS,30.97,10.008,~16시,1.502617563739374,6.660377358490578,6.660377358490577
381034867#2,BUFFER,living_street,IMPUTED,LOCAL_ANY_CLASS,53.04,10.008,~16시,1.502617563739374,6.660377358490578,6.660377358490577
393513870,CORE,residential,IMPUTED,LOCAL_SAME_CLASS,101.0,2.0160000000000005,~16시,1.4592989690721654,1.3814852492370293,1.381485249237029
477841175,BUFFER,living_street,IMPUTED,LOCAL_ANY_CLASS,274.02,10.008,~16시,1.5026175637393742,6.660377358490577,6.660377358490577
-37401478,BUFFER,secondary,OBSERVED,NOT_NEEDED,98.38,100.008,~17시,9.27,10.788349514563107,
-801008456#0,BUFFER,secondary,OBSERVED,NOT_NEEDED,11.48,100.008,~17시,9.27,10.788349514563107,
-801008456#1,BUFFER,secondary,OBSERVED,NOT_NEEDED,25.06,100.008,~17시,9.27,10.788349514563107,
-801008456#2,BUFFER,secondary,OBSERVED,NOT_NEEDED,19.45,100.008,~17시,9.27,10.788349514563107,
1416455118#0,BUFFER,secondary,OBSERVED,NOT_NEEDED,3.64,100.008,~17시,9.27,10.788349514563107,
183895353#1,CORE,secondary,OBSERVED,NOT_NEEDED,48.92,100.008,~17시,9.24,10.823376623376623,
183895353#2,CORE,secondary,OBSERVED,NOT_NEEDED,34.49,100.008,~17시,9.317350249339109,10.733523729785052,
393513870,CORE,residential,IMPUTED,LOCAL_SAME_CLASS,101.0,2.0160000000000005,~17시,0.961237113402062,2.0972972972972976,2.097297297297297
-183521169,CORE,tertiary,OBSERVED,NOT_NEEDED,11.54,79.992,~18시,6.469999999999999,12.363523956723341,
1528761962#0,CORE,secondary,OBSERVED,NOT_NEEDED,1.43,100.008,~18시,9.62,10.395841995841996,
1528761966#0,CORE,secondary,OBSERVED,NOT_NEEDED,22.14,100.008,~18시,9.62,10.395841995841996,
1528761966#1,CORE,secondary,OBSERVED,NOT_NEEDED,64.38,100.008,~18시,9.62,10.395841995841996,
1528761966#2,CORE,secondary,OBSERVED,NOT_NEEDED,0.79,100.008,~18시,9.62,10.395841995841996,
219054273#0,CORE,secondary,OBSERVED,NOT_NEEDED,36.9,100.008,~18시,9.62,10.395841995841996,
219054273#1,CORE,secondary,OBSERVED,NOT_NEEDED,9.63,100.008,~18시,9.619999999999996,10.395841995842,
219054273#2,CORE,secondary,OBSERVED,NOT_NEEDED,6.55,100.008,~18시,9.62,10.395841995841996,
219054273#3,CORE,secondary,OBSERVED,NOT_NEEDED,0.24,100.008,~18시,9.62,10.395841995841996,
219054273#4,CORE,secondary,OBSERVED,NOT_NEEDED,40.37,100.008,~18시,9.62,10.395841995841996,
393513870,CORE,residential,IMPUTED,LOCAL_SAME_CLASS,101.0,2.0160000000000005,~18시,0.7556288659793815,2.6679764243614934,2.667976424361493
518780124#0,CORE,primary,OBSERVED,NOT_NEEDED,0.2,100.008,~18시,9.620000000000006,10.39584199584199,
536149445#0,CORE,tertiary,OBSERVED,NOT_NEEDED,34.64,79.992,~18시,6.47,12.36352395672334,
536149445#1,CORE,tertiary,OBSERVED,NOT_NEEDED,14.64,79.992,~18시,6.47,12.36352395672334,
536149447#1,CORE,tertiary,OBSERVED,NOT_NEEDED,50.67,79.992,~18시,6.469999999999999,12.363523956723341,
536149447#2,CORE,tertiary,PARTIAL_OBSERVED_PLUS_IMPUTED,LOCAL_SAME_CLASS,66.86,79.992,~18시,6.514388102349864,12.279280685034005,1.7308394160583942
-183521169,CORE,tertiary,OBSERVED,NOT_NEEDED,11.54,79.992,~19시,7.469999999999999,10.708433734939762,
393513870,CORE,residential,IMPUTED,LOCAL_SAME_CLASS,101.0,2.0160000000000005,~19시,0.870680412371134,2.315430520034101,2.3154305200341008
536149445#0,CORE,tertiary,OBSERVED,NOT_NEEDED,34.64,79.992,~19시,7.469999999999999,10.708433734939762,
536149445#1,CORE,tertiary,OBSERVED,NOT_NEEDED,14.64,79.992,~19시,7.469999999999999,10.708433734939762,
536149447#1,CORE,tertiary,OBSERVED,NOT_NEEDED,50.67,79.992,~19시,7.469999999999999,10.708433734939762,
536149447#2,CORE,tertiary,PARTIAL_OBSERVED_PLUS_IMPUTED,LOCAL_SAME_CLASS,66.86,79.992,~19시,7.520563885553309,10.636436471693475,1.6213675213675216
393513870,CORE,residential,IMPUTED,LOCAL_SAME_CLASS,101.0,2.0160000000000005,~20시,0.9204123711340207,2.1903225806451614,2.1903225806451614
393513870,CORE,residential,IMPUTED,LOCAL_SAME_CLASS,101.0,2.0160000000000005,~21시,0.8476701030927836,2.378283712784589,2.378283712784589
393513870,CORE,residential,IMPUTED,LOCAL_SAME_CLASS,101.0,2.0160000000000005,~22시,0.7370721649484537,2.7351460221550856,2.7351460221550856
393513870,CORE,residential,IMPUTED,LOCAL_SAME_CLASS,101.0,2.0160000000000005,~23시,0.7422680412371134,2.7160000000000006,2.716
393513870,CORE,residential,IMPUTED,LOCAL_SAME_CLASS,101.0,2.0160000000000005,~24시,0.961237113402062,2.0972972972972976,2.097297297297297
