TOPIS_LINK_ID,SUMO_EDGE_ID,SEQ,SUMO_LENGTH,TT_~01시,TT_~02시,TT_~03시,TT_~04시,TT_~05시,TT_~06시,TT_~07시,TT_~08시,TT_~09시,TT_~10시,TT_~11시,TT_~12시,TT_~13시,TT_~14시,TT_~15시,TT_~16시,TT_~17시,TT_~18시,TT_~19시,TT_~20시,TT_~21시,TT_~22시,TT_~23시,TT_~24시
1000002500,37930333,0,1652.72,90.94068141713046,89.4233849439402,86.8161202539847,88.15263157894736,88.83054892601432,91.8760285244103,95.02978723404256,98.63957597173145,103.59672181846297,107.05656759348035,115.3512396694215,120.3448895275732,102.28396946564887,103.86976744186045,113.55254237288136,116.35290031260855,115.84990489365383,115.17276946879832,100.24839144096964,100.36853932584269,101.3861985472155,99.25333333333333,98.0477096443729,93.47844286312262
1000016700,-379598682#1,0,23.31,0.7573035418308316,0.7643717082212527,0.760148660109533,0.7267425918013178,0.7505286246990263,0.7397145563431478,0.7938316840516128,0.7490576408962623,0.7477549319555733,0.7464567463098171,0.7313784152659233,0.7450016649329949,0.7384441148552249,0.7357588635284785,0.856278986058162,0.7384441148552249,0.7559720191199202,0.7559720191199202,0.7397145563431478,0.7464567463098171,0.7787350434674298,0.7464567463098171,0.6978439210784412,0.7614949495230545
1000016700,-379598682#0,1,13.15,0.427221860792597,0.4312092648266612,0.42882689319778466,0.4099813420071784,0.4233998890944743,0.41729928854193027,0.4478286849111415,0.4225700548170678,0.4218351503739078,0.42110279768228637,0.41259657489261653,0.4202819345289096,0.4165825873164396,0.4150677415443798,0.48305742885735015,0.4165825873164396,0.4264707014769176,0.4264707014769176,0.41729928854193027,0.42110279768228637,0.43931213305863154,0.42110279768228637,0.3936785740961606,0.42958638293557133
1000016700,37400834#2,2,31.65,1.0282564178011935,1.0378534777006714,1.032119480586303,0.9867611767701291,1.019057527744495,1.0043743332587143,1.07785383098385,1.0170602460045775,1.0152914455767437,1.0135287868170617,0.9930556346274764,1.0115530971741438,1.0026493451380467,0.9990033475193627,1.1626439257289074,1.0026493451380467,1.0264484944292351,1.0264484944292351,1.0043743332587143,1.0135287868170617,1.0573558183502425,1.0135287868170617,0.9475229559044471,1.0339474539856146
1000016700,-379598580,3,296.43,9.63052290454369,9.720407784986099,9.66670387457181,9.241883590204402,9.544367233785174,9.406846243534934,10.095046164882865,9.525660939119652,9.50909457226901,9.492585727525485,9.300836706875918,9.474081661779824,9.39069021735454,9.356542252927795,10.889179744196525,9.39069021735454,9.613590117019218,9.613590117019218,9.406846243534934,9.492585727525485,9.90306430437796,9.492585727525485,8.87438324861786,9.683824448181856
1000016700,379617685,4,71.74,2.3307145470160386,2.352467882788188,2.3394708226622862,2.2366586673456257,2.309863729554189,2.2765818220530853,2.44313535023006,2.3053365576103757,2.301327276640619,2.29733191678534,2.250926105155613,2.2928536869280585,2.2726718489795723,2.2644075877105556,2.63532623165219,2.2726718489795723,2.326616587372933,2.326616587372933,2.2765818220530853,2.29733191678534,2.3966731882605496,2.29733191678534,2.1477187000500804,2.3436142290340594
1000016700,517761241#6,5,62.51,2.0308470356003983,2.0498016079326686,2.0384767371706096,1.9488922957314618,2.0126788644331244,1.9836789754187116,2.1288038854597304,2.008734154115202,2.0052407034123934,2.0017593827467466,1.9613240985960045,1.9978573176731664,1.9802720557529,1.973071066459253,2.296267671321137,1.9802720557529,2.027276315537804,2.027276315537804,1.9836789754187116,2.0017593827467466,2.0883195009501945,2.0017593827467466,1.8713952598289731,2.042087056829092
1000016700,-379598608#0,6,345.5,11.224726456565952,11.329490570160567,11.266896699607193,10.771753130302672,11.124308873166605,10.964023132413452,11.766145295574097,11.10250600298836,11.083197296896207,11.063955634922428,10.840465142615894,11.042388469942074,10.945192693371094,10.905391992667926,12.691737009141784,10.945192693371094,11.204990673785176,11.204990673785176,10.964023132413452,11.063955634922428,11.54238341990549,11.063955634922428,10.343418049446653,11.286851353934592
1000016700,26238056,7,482.88,15.687976588557355,15.834397703383893,15.746914843144202,15.054889005963977,15.547630300071464,15.323610680694088,16.444677974896727,15.517158028141878,15.490171666353806,15.463279007210833,15.150922744041573,15.433136163142196,15.297292757670142,15.241666238551337,17.73830960050473,15.297292757670142,15.660393333017034,15.660393333017034,15.323610680694088,15.463279007210833,16.13194241911422,15.463279007210833,14.456236491220837,15.77480399938621
1000019300,183521064,0,7.52,1.1847395156297105,1.1386307344808784,1.092188139711178,1.188751048978344,1.139041199778096,1.0891762454961869,1.1918899615935261,1.076925796927211,1.1260514213059294,1.2129367708961374,1.4368805312343966,1.5383156222903787,1.8696451409375374,1.3382889827125957,1.2928397251163821,1.3377223912719889,1.3613529893082454,1.2949591345018188,1.2503760538917443,1.1878572511971568,1.176359005280878,1.2101494784314202,1.3094489383275747,1.1477298540444745
1000019300,1455536616,1,0.2,0.03150902967100294,0.030282732300023367,0.029047556907212183,0.03161571938772192,0.03029364893026851,0.028967453337664546,0.03169920110621081,0.02864164353529817,0.029948176098561954,0.032258956672769616,0.03821490774559566,0.04091264952899944,0.04972460481216855,0.035592792093420096,0.03438403524245697,0.03557772317212737,0.03620619652415547,0.03444040251334625,0.03325468228435491,0.031591948170137156,0.03128614375747016,0.032184826554027136,0.03482576963637168,0.030524730160757303
1000019300,37400220#0,2,2.44,0.3844101619862359,0.369449334060285,0.3543801942679886,0.3857117765302074,0.36958251694927585,0.35340293071950746,0.3867302534957718,0.3494280511306377,0.36536774840245584,0.3935592714077893,0.466221874496267,0.4991343242537931,0.6066401787084563,0.43423206353972515,0.41948522995797505,0.43404822269995386,0.4417155975946967,0.4201729106628242,0.4057071238691298,0.3854217676756733,0.3816909538411359,0.39265488395913106,0.4248743895637344,0.37240170796123906
1000019300,37400220#1,3,12.69,1.9992479326251364,1.9214393644364824,1.8430674857626128,2.0060173951509555,1.9221320246255371,1.8379849142748153,2.0113143101890754,1.8173122823146688,1.9002117734537556,2.046830800887232,2.4247358964580443,2.5959076126150142,3.1550261753320945,2.2583626583275054,2.181667036133895,2.257406535271482,2.2972831694576645,2.1852435394718195,2.110009590942319,2.0045091113952025,1.9851058214114812,2.0421272448530217,2.2096950834277824,1.9367941287000507
1000019300,37400220#2-AddedOnRampEdge,4,94.5,14.88801651954889,14.30859101176104,13.724970638657757,14.938427410698605,14.313749119551872,13.687121702046497,14.977872522684605,13.533176570428385,14.150513206570523,15.242357027883644,18.056543909793948,19.331226902452233,23.49487577374964,16.817594264140997,16.24645665206092,16.810474198830182,17.107427857663456,16.2730901875561,15.712837379357692,14.927195510389804,14.78270292540465,15.207330546777822,16.455176153185615,14.422935000957825
1000019300,37400220#2,5,0.2,0.03150902967100294,0.030282732300023367,0.029047556907212183,0.03161571938772192,0.03029364893026851,0.028967453337664546,0.03169920110621081,0.02864164353529817,0.029948176098561954,0.032258956672769616,0.03821490774559566,0.04091264952899944,0.04972460481216855,0.035592792093420096,0.03438403524245697,0.03557772317212737,0.03620619652415547,0.03444040251334625,0.03325468228435491,0.031591948170137156,0.03128614375747016,0.032184826554027136,0.03482576963637168,0.030524730160757303
1000019300,37400220#3,6,57.78,9.10295867195275,8.74868136147675,8.391839190493599,9.133781331112862,8.751835175954573,8.368697269251287,9.157899199584302,8.27457081734764,8.652028074874549,9.319612582763142,11.040286847702586,11.819664448927938,14.365438330235495,10.282757635789066,9.93354778154582,10.278404224427598,10.459970175828515,9.949832286105732,9.607277711950132,9.126913826352624,9.03856693153313,9.29819639145844,10.061164847947776,8.818594543442785
1000019300,37400220#4,7,169.42,26.691299034306592,25.652502531349793,24.60618545609944,26.78167589333923,25.661750008830452,24.538329722335636,26.852393257071167,24.262336238751075,25.369099973091828,27.32656219750314,32.371848351294084,34.65710541601542,42.12171273638798,30.15065418233616,29.1267162538853,30.137889299109094,30.670269075612094,29.174464969055606,28.170041363077036,26.761539294923182,26.50249237695297,27.26376657391638,29.50090945897044,25.857498919177505
1000019300,37400220#5,8,141.05,22.221743175474828,21.35689695459148,20.485789508811393,22.29698609819088,21.36459590807187,20.42929646638792,22.35586158015517,20.199519103269033,21.120951193510816,22.750629193470772,26.95106368758134,28.853646080326854,35.068277543781875,25.101816623884524,24.249340854742783,25.09118926714283,25.534420098660647,24.289093872537443,23.4528646810413,22.28022144698923,22.06455288495583,22.698348927227638,24.56087403605112,21.527565945874088
1000019900,668991973,0,36.52,5.943117950364011,6.279068090223079,5.935556731597645,6.6206446419618,5.976107076476193,5.834115370198936,6.004308353971362,5.492952422726549,6.8273379381010955,5.512423305674377,6.265014670146484,6.639488981549927,6.932165811345837,8.607652381984774,7.381879099740107,6.683879070251787,6.8173613117911565,6.452762919828143,7.093787518047261,6.273439163203606,6.8776622963671965,6.491671045040467,7.496541388916574,5.7010357527931745
1000019900,668991974,1,6.07,0.9878073920785745,1.043645764174537,0.9865506396713499,1.1004193038529058,0.9932905244855009,0.9696900409941823,0.9979778671578906,0.9129852466032351,1.1347738577292894,0.9162215078160862,1.041309941067611,1.1035514271086542,1.1521973295418737,1.4306804479366808,1.2269443081988622,1.110929516879199,1.133115639719943,1.072515633169683,1.179060521208841,1.042710178549997,1.1431382841990383,1.0789825641674597,1.2460023611917743,0.9475708384297526
1000019900,183521247#1,2,9.2,1.4971710061157966,1.5818024761788696,1.495266208398092,1.6678513336815044,1.5054815198132794,1.4697114295134228,1.5125858942096528,1.383766765856633,1.7199208387330247,1.388671807563096,1.5782621841551927,1.6725985386160818,1.746328736702675,2.1684118815514766,1.85961905031788,1.6837811458465615,1.7174075593778375,1.6255591145240667,1.7870439530677653,1.5803844551334383,1.732598387912875,1.635360723285112,1.8885044024652922,1.436186443748554
1000019900,183521247#2,3,21.81,3.5492717003679912,3.7499034788544727,3.544756087517651,3.9538953899558273,3.5689730377312636,3.4841745954008423,3.5858150383383185,3.280429691666648,4.07733407530079,3.292057839451209,3.741510677872256,3.9651493616539946,4.1399380160310155,5.14055034093888,4.408509944286192,3.991659433794947,4.0713759641337655,3.8536352486706407,4.236459632218256,3.7465418441804665,4.107388134823892,3.876871453787858,4.476987067148698,3.4046985150169524
1000019900,800201571#0,4,50.84,8.273497168579032,8.741178031405843,8.262971090756414,9.21669150047475,8.31942178992469,8.121753160485046,8.358681180610734,7.646815475668611,9.504432113172498,7.673921162663892,8.721614069831523,9.242924967743654,9.65036445369174,11.982832615008377,10.276416578060983,9.304721027699914,9.490543512909703,8.982981019826473,9.875360279778826,8.73334192380261,9.574489352335933,9.037145562153816,10.436039545797334,7.936491173932228
1000019900,800201571#1,5,4.03,0.6558259950702892,0.6928982585870485,0.6549916108526426,0.7305913994278764,0.6594663613964693,0.6437975066238146,0.6625783862679241,0.6061500072176339,0.7534001065319664,0.6082986287477475,0.6913474567549378,0.732670881589436,0.76496791401215,0.9498586828970055,0.8145939970414193,0.7375693497567004,0.7522991809013789,0.7120655686447813,0.7828029490068582,0.6922771037160607,0.7589534242705313,0.716359099439022,0.8272470371668618,0.6291121052507255
1000019900,800201572,6,291.42,47.424518978507116,50.10531278348329,47.36418244036653,52.8310038762461,47.68776353304195,46.55470704226106,47.91280231419316,43.832316402819565,54.4803620460411,43.98768893043886,49.993170185489824,52.981376752554205,55.316860918466695,68.68680331757949,58.905454743873555,53.335597991587505,54.400751190640165,51.49135186463082,56.6065596525009,50.06039542554203,54.881937196257624,51.80182847605949,59.82042967026472,45.49276667795692
1000020100,-261995707#5,0,35.9,11.741762710345414,11.40147717429177,12.411888125576045,12.987365134365737,10.694543800320716,10.483214491691626,11.062855103396535,11.390350163386476,11.236821695202194,11.986968983995217,11.574855009008274,12.086274215481541,12.66326813824594,13.217794036334478,12.891729161358626,13.430738934503273,12.496051535421138,12.22126925034905,12.849150973302761,12.92981403332719,12.61763473954956,11.706431428368447,11.617099005391514,10.914568703943278
1000020100,-261995707#4,1,225.06,73.610058930093,71.47678141632608,77.81112929086756,81.41884114597083,67.04495898886297,65.72011848189743,69.35393230001182,71.40702528612147,70.44454291705307,75.14727686735274,72.56370106761567,75.76982938541158,79.38705089675854,82.86341854644674,80.81929150572067,84.19838731474393,78.33875650590198,76.61612416388738,80.55236540533481,81.05804864458544,79.10097143406752,73.38856426932041,72.82853209340988,68.42431288327226
1000020100,-261995707#3,2,47.28,15.46380336894516,15.015650161574232,16.34635294087007,17.104251352446017,14.084624815575584,13.806305882094154,14.569687723916106,15.000995981195338,14.798800271564335,15.786737982264453,15.243987321056025,15.917522142283214,16.67741831688769,17.40772429074914,16.978299575182056,17.688170942153615,16.457195448320654,16.095309475111506,16.92222445731907,17.028457033306672,16.61731951214215,15.417272365828975,15.299622311278856,14.374395774998279
1000020100,-261995707#2,3,55.31,18.090164220312115,17.565897005851753,19.122605354473848,20.009224668015847,16.47674700823785,16.151158594302615,17.04419263980118,17.548753970387356,17.312217491967502,18.467945807932466,17.833014778502722,18.620942252319892,19.50989862747585,20.364239224224512,19.861881334672578,20.692316726110754,19.2522732708675,18.828924853392923,19.796282460539715,19.92055749814281,19.43959268647594,18.03573042626905,17.8980987740447,16.81573245167417
1000020100,-261995707#1,4,40.56,13.265902382496101,12.881446077695662,14.023013436583968,14.673190246514604,12.082749207270426,11.843988294791432,12.498869164171685,12.868874724984833,12.695417491849609,13.542937659912146,13.077329224662275,13.655133208354634,14.307023835299592,14.933529975312716,14.565140244699327,15.174116188954116,14.118101679016196,13.807651275603272,14.517035194349862,14.608168724004202,14.255466992649866,13.225984922970035,13.125056703584399,12.331334446572129
1000020100,-261995707#0,5,84.96,27.787748185820234,26.982437346179076,29.373649447045707,30.735558267847154,25.309427333572366,24.809300925184417,26.18106321962589,26.956104453518527,26.592768000679058,28.368046932597036,27.392748790120976,28.603060093239883,29.968558802935235,31.280885273731958,30.509228678245925,31.78483509402223,29.572828369063505,28.922535808068385,30.408464253253552,30.599359339038383,29.860563996438177,27.70413409900232,27.49272232585134,25.830132509387767
1000020100,-381204497,6,294.92,96.45907126838634,93.66361137164705,101.96417955417513,106.69174722638282,87.85612416686868,86.12004506656531,90.8818169106882,93.57220251214316,92.31095973117078,98.47345105180695,95.08791752804237,99.28924767771078,104.02927686160149,108.58473028400458,105.90609371219739,110.33408151988037,102.6555854826296,100.39823752960841,105.55631211828553,106.21896252670905,103.65439658462275,96.16882331070816,95.43495372340017,89.66363794336912
1000021200,-820363545#1,0,23.51,4.173399389689737,4.329514942480453,4.152745387142557,4.330911560203834,4.31282551771021,4.450058281946266,5.114600318716909,4.390394321985574,4.146332871103113,4.34211702349026,4.070899283393538,4.769387508572605,4.725739470831356,4.569716077818884,4.739084305200101,4.709163744872636,4.808676875584486,4.710816083028731,4.769387508572605,4.669852464915438,4.941415471708459,4.941415471708459,4.824227753011816,4.602614273785356
1000021200,-820363545#0,1,21.31,3.782864355350416,3.9243710516485937,3.7641430965549922,3.9256369777942868,3.909243376537838,4.033634282784981,4.635990335680873,3.9795535092093814,3.758330645819113,3.9357938651883213,3.6899559221231932,4.323081574125148,4.2835179975932025,4.142094837019158,4.295614059711363,4.268493381677407,4.35869435213549,4.269991098653435,4.323081574125148,4.232860741273839,4.479011641944163,4.479011641944163,4.372790021977107,4.171914511882855
1000021200,-820363544,2,11.41,2.025456700823475,2.10122354290523,2.015432788910956,2.1019013569513287,2.093123741262165,2.159726286559204,2.4822454120187123,2.1307698517165203,2.012320632041111,2.107339652829599,1.9757107964066467,2.314704869111588,2.293521368021513,2.2177992534203943,2.299997955012044,2.285476747298884,2.333772996615014,2.286278668964603,2.314704869111588,2.26639798488665,2.3981944080048283,2.3981944080048283,2.3413202323209195,2.233765583321604
1000021200,-183521104#3,3,2526.74,448.53658757569735,465.31512487295015,446.3167962360094,465.46522652613504,463.5214269935812,478.2705343821737,549.6922675165785,471.8581433064154,445.6276103245887,466.66953500356357,437.52037666192194,512.5904803662588,507.8994024044415,491.13076999013555,509.33364003918757,506.1179243181404,516.8131096815969,506.29550955474326,512.5904803662588,501.8929399064412,531.0792058266538,531.0792058266538,518.4844420521086,494.6665074497834
1000021200,-183521104#2,4,45.72,8.116028077269874,8.41962667674208,8.075862148028824,8.42234268534748,8.387170679273108,8.654047837115408,9.946385647457978,8.538019072785216,8.063391699992954,8.444133998893012,7.916695671490962,9.275048783153531,9.190166252931077,8.886746876983384,9.216118010793219,9.157931366039,9.351454987312746,9.161144675290242,9.275048783153531,9.081482547679022,9.609592316738015,9.609592316738015,9.38169684677585,8.950724142810142
1000021200,-183521104#1,5,75.66,13.430854862778624,13.933266718335647,13.364386048115941,13.937761320502851,13.879556727773476,14.321199898428516,16.459832416593844,14.129189043021203,13.343749256812487,13.973822798693027,13.100988506233731,15.34886681831575,15.208398484181217,14.706283217685103,15.25134489712631,15.155054399704957,15.475308056432247,15.160371962652222,15.34886681831575,15.028542641237856,15.90248807271212,15.90248807271212,15.525353968220925,14.812156357065078
1000021200,-183521104#0,6,630.45,111.91491472692022,116.10134817042967,111.3610518640589,116.13880021822659,115.65380041005538,119.3338683051052,137.1543926386676,117.73390473397724,111.18909224104458,116.43928870520777,109.16624641494921,127.89708016927261,126.72660354681535,122.54264148281223,127.08446194017029,126.28210476201416,128.9506735947358,126.32641427245697,127.89708016927261,125.22792371356604,132.5102247613185,132.5102247613185,129.36768978674178,123.42484767792334
1000021700,1471625095,0,48.65,15.920566634434808,14.85884512233318,13.942825859834944,14.1711089028801,13.075956384528528,13.776382575925066,12.826287225861268,12.981667688360885,14.61280580374909,15.07786997505769,17.775450977704264,23.140072943726068,30.93294974264412,25.157876956706094,23.940128657205953,19.809613501561266,18.95848436206706,17.51262329787829,16.46212211980512,15.665660242097877,16.24817396229141,14.551387609294276,14.742037954650243,15.047623495669406
1000021700,628897988,1,18.17,5.946078021535056,5.549541950108817,5.2074233478561345,5.292683427858817,4.883661408157932,5.1452594327761245,4.7904139546536335,4.848446082168907,5.457650184051819,5.631344243510755,6.6388477752289115,8.642448620503654,11.552963963491136,9.396066275505648,8.941256684510428,7.398575073450529,7.080691898432859,6.5406858236885626,6.1483403682807625,5.850874544684861,6.068434139667728,5.434711466821727,5.505916333730626,5.620047665289068
1000021700,1471625093,2,24.77,8.105908232989727,7.565335944094407,7.098947513835798,7.215177133079961,6.65758354871062,7.014203420465855,6.530465253537176,6.609576744927012,7.440065770994142,7.676851783806351,9.050316972615306,11.78169798183134,15.749417577087256,12.809056777340388,12.189043922692528,10.086004654340648,9.65265483347176,8.916499056288698,8.381639566445486,7.976123416171931,8.272708510708288,7.408794883498854,7.505863928811645,7.6614518805289045
1000021700,1471625096,3,30.29,9.912311682569996,9.251272739064174,8.680949543564243,8.823080959264917,8.141227520809233,8.577320210169995,7.985780885330685,8.082522390142882,9.098086080073173,9.387639908417214,11.067182119520291,14.40725199312359,19.259178781185827,15.663557924329448,14.905375067353923,12.333673031085114,11.803751106413387,10.903542850826996,10.249489804910526,9.753604290506571,10.11628343921494,9.059846468356087,9.178547371970318,9.36880813327495
1000021700,86165653#0,4,98.19,32.13238310041426,29.989517010521997,28.140720887506536,28.60146316904002,26.391123481949766,27.804789416856778,25.88721773293562,26.20082117821491,29.492937345737374,30.43157354267039,35.87608492293488,46.703468907388746,62.431784896818634,50.77599051138687,48.318216502591014,39.98162281024256,38.26379402901058,35.34562141045569,33.225401252696095,31.617907074441735,32.793590983707986,29.368977376291987,29.753765812273535,30.370527256727215
1000021700,86165653#1,5,101.04,33.0650370553606,30.859973507924867,28.957515413725034,29.431630905385518,27.157135315370247,28.611833411540985,26.638603521089877,26.96130941895137,30.348980440098828,31.314860889616217,36.91740116726082,48.05905385887117,64.24388986632606,52.249781864451876,49.72067008271511,41.14210376562694,39.37441438732284,36.37154076089666,34.18978045190359,32.53562817803843,33.74543673483914,30.22142248803893,30.61737954651307,31.252042713308054
1000021700,629055196,6,51.85,16.967757039988587,15.836199786083773,14.859928485764478,15.103227062987322,13.93603984661468,14.682537236623117,13.669948461683592,13.835549221819361,15.573976997418095,16.069631206716164,18.94464816431585,24.66213324012737,32.967593918933154,26.81266023032294,25.514813378748794,21.112609661992842,20.205496694207138,18.664532743987447,17.544933852248622,16.696083937364335,17.316913051280775,15.508518962834703,15.71170951590165,16.037395236391752
1000021700,629055191#1,7,43.18,14.130525534941313,13.188179493984519,12.375153558636645,12.577769422946819,11.605751216525013,12.227424452794335,11.384153800877483,11.522063942105305,12.969803794571135,13.382578119691491,15.776854536840085,20.53830112456509,27.454979853800065,22.3292317983673,21.248401961318667,17.58230443982355,16.826872656815123,15.543578088435446,14.61119081465951,13.904279738001776,14.421298082050216,12.915291201836112,13.084505629636128,13.355732426372148
1000021700,37930346-AddedOnRampEdge,8,51.01,16.692869558530717,15.57964418684924,14.619189046457972,14.858546045959175,13.710267937817065,14.444671638189877,13.448487387280233,13.611405319286513,15.321669559079982,15.809293883405811,18.63773390283031,24.26259241232203,32.43349982265728,26.378279620998516,25.101458639343797,20.77057316987955,19.878155957020365,18.36215651438379,17.260695772482205,16.42559771735689,17.036369040421064,15.25727198253034,15.457170731073155,15.777580154452135
1000021700,37930346,9,766.41,250.80537460014756,234.07949620159042,219.64894485582934,223.24521221492986,205.9926769304524,217.02687297049803,202.0595024208085,204.50729564309694,230.20350454370686,237.5299142360527,280.02637993468295,364.53819742653843,487.303638484273,396.32576522896437,377.1419116992645,312.0716522863632,298.66335046108566,275.88591206016235,259.33679370688264,246.78969509036452,255.96635162260552,229.23595020841162,232.23936914334007,237.05342493969144
1005002700,518807030,0,76.18,6.22065863475678,5.972311031733782,6.008436794083976,6.006983374443412,6.367402376910017,6.622098471986418,7.7192630618430425,8.948781718900564,9.311162080970778,15.938940481353704,80.62619892840607,124.16434634974534,90.3013427998148,22.412336886235625,12.113594765828813,10.759475420255228,11.076212876872912,8.01060299030615,7.989983677589792,8.997416402155459,7.681060708304694,7.582555502274526,6.995174442239174,6.1696569614780294
1005002700,183521262,1,408.92,33.391332750390426,32.058249239913074,32.252165579375415,32.24436389442636,34.17902572809194,35.54618675721562,41.435561187304494,48.035387509750834,49.98057755514007,85.55725310626353,432.78636473882665,666.4910016977929,484.7207285074857,120.30523496350054,65.02351236076028,57.75485283343093,59.455040294183135,42.99941946437374,42.888738847991824,48.296449398390784,41.230498094512406,40.70174056169728,37.54878882804467,33.117565301753686
1005002700,1455063483,2,98.01,8.00323907577464,7.683725442638856,7.73020333667853,7.728333427792055,8.192033433459578,8.519714770797965,9.931280817684911,11.513128068645896,11.979351477499947,20.506373806477768,103.73029347562456,159.7446519524618,116.1779286926995,28.834774720660977,15.584844092923102,13.842690810438631,14.250191967213365,10.306106577578182,10.27957863271955,11.575699416845056,9.882131268324269,9.755398592516753,8.999698701547144,7.937622457265183
1005003300,1389567234#16,0,130.88,9.527960161383328,9.707695728275093,9.834087398823826,10.207045377767882,9.756234206916469,9.963813658127457,10.314961276035033,12.252727418419427,11.25178380422851,13.88376050791552,16.42002952075703,17.901347168654073,18.79964841156124,19.54504348631012,10.578252584865382,9.951110113301963,9.97867551527787,10.616623031783963,9.63578687102861,9.731904445801964,10.474149897830252,10.247248182319268,9.803207911492368,9.489346341073768
1005003300,801428773#0,1,47.19,3.4353945600219986,3.500199888579627,3.545771579695112,3.6802450441386485,3.517700888022526,3.5925455877676855,3.719155123900468,4.417834710232372,4.056935190415215,5.005918844502853,5.920394201440436,6.454497042243166,6.778387901448464,7.0471470210801845,3.8140872515265696,3.5879652066528096,3.5979041684440913,3.8279220726611034,3.474272481997556,3.5089285666060106,3.7765520605028233,3.6947405388420402,3.534637693637873,3.4214719883501767
1005003300,801428773#1,2,20.99,1.5280553467866445,1.5568806031211353,1.5771507831701717,1.636964260997462,1.564665006136741,1.5979557509481608,1.654271372126951,1.9650423938922967,1.8045151440308405,2.226620821066219,2.6333772894307,2.8709449653885155,3.0150108508455866,3.1345542693891306,1.69649695718463,1.5959184082992683,1.6003392349150556,1.7026506527899248,1.545348154209127,1.560763098390764,1.6798013933026965,1.6434118226381527,1.572198457076901,1.5218626199506295
1005003300,219095464#0,3,39.5,2.8755686611754387,2.9298134265500164,2.96795883445554,3.080518737941865,2.944462493682767,3.0071106318462295,3.113088099047859,3.697912079978358,3.3958241157321676,4.190163050601032,4.95561710016735,5.4026834746472785,5.6737936449928865,5.898756247778498,3.1925502529200998,3.003276661639881,3.0115959875724014,3.2041305757599825,2.9081111048718684,2.9371196944466504,3.16113173108416,3.092652072139449,2.958639307028947,2.8639148874725997
1005003300,219095464#1,4,47.95,3.4907219570471466,3.5565709823562863,3.602876610434004,3.7395157844129736,3.574353837268068,3.6504039189120694,3.7790525151732877,4.488984411011702,4.122272565806518,5.086539703197961,6.015742783620872,6.558447407831317,6.887554563985036,7.160642077999468,3.8755135348738934,3.6457497702691724,3.655848800103713,3.889571167283321,3.5302260121166102,3.565440236676377,3.837373835581911,3.754244730609787,3.591563411950329,3.476575160868637
1005003300,219095464#2,5,1.33,0.09682294479400846,0.09864941410915247,0.09993380379305995,0.10372379548006788,0.09914266117969822,0.10125207950267053,0.10482043472743426,0.12451197636382823,0.11434040693477933,0.1410865027164398,0.1668600188157614,0.18191313977926282,0.191041659439001,0.19861634960874436,0.10749599585781602,0.10112298632863398,0.10140310540433657,0.10788591558888044,0.09791867770834393,0.09889542262314038,0.10643810638840338,0.10413233559355613,0.09962000704679745,0.09643055190730526
1005003300,219095464#3,6,110.04,8.010824695588488,8.161940998925667,8.26820734540475,8.581779289192983,8.202750703920296,8.377277314642003,8.672511757448772,10.301727728628316,9.460164194814373,11.673051698433863,13.80547103044089,15.050918722789532,15.806183612532084,16.432889557102428,8.893879236236147,8.366596553084875,8.389772720821952,8.926139963458949,8.101482176711404,8.182294966504035,8.806352802240532,8.615580608056328,8.242244793556084,7.978359347278098
1005003300,219095464#4,7,17.65,1.2849059967024428,1.3091444804710832,1.326189200712412,1.376484955055036,1.3156902028734387,1.343683611445214,1.3910380999542964,1.6523581825726075,1.5173745732322217,1.8723133631166635,2.214345362479841,2.414110463987961,2.535252097066442,2.6357733613491257,1.4265446066845506,1.3419704576694655,1.3456878273583008,1.4317191053712328,1.299447113949075,1.31240917992363,1.4125056975603907,1.381906558816741,1.3220249055458455,1.2796986775668704
1005003400,399174157#1,0,1551.01,25.621621621621617,25.20382842963488,25.87336244541485,26.039186962094853,26.88090737240076,27.579519006982157,26.43122676579926,27.773437499999993,28.68670566875126,28.611670020120727,32.048681541582155,39.610027855153206,30.56749785038693,29.38623682579045,29.175215428805902,37.18619246861925,44.354335620711154,37.254388263033796,36.33111905978539,30.94668117519042,28.984916428862615,31.31468839462674,32.11382113821138,27.096036585365855
1005003500,219095464#4,0,17.65,1.5828534436552943,1.611394013520167,1.5571752684227531,1.6584846662190285,1.690947393482994,1.679623269655391,1.6584846662190285,1.7795779618298941,1.7566597639482162,2.9596406986047987,3.32263936548496,3.534080052379457,3.2958779632195023,3.5308701704063603,1.8165832044941137,1.6821670521927317,1.784069783211291,1.6839887622340928,1.6395985059541975,1.6047422322466056,1.6902121989640884,1.6503876279420093,1.6333983435367239,1.5929063952540063
1005003500,183521171#0,1,92.01,8.251464325820036,8.400247205891818,8.117603198163033,8.64573224582509,8.814961454638544,8.75592844424887,8.64573224582509,9.276995369290004,9.157522089568012,15.428699188590798,17.321022550610266,18.423269440194556,17.18151452667572,18.40653622544415,9.469904852436454,8.769189261884037,9.300411374122998,8.77868589309682,8.54727810384395,8.365571262833441,8.811128862701743,8.603522132971348,8.514956463955468,8.303870675768904
1005003500,183521171#2,2,0.2,0.01793601635870022,0.018259422249520308,0.01764504553453545,0.01879302737925245,0.019160876979977273,0.01903255829637837,0.01879302737925245,0.020165189369177272,0.01990549307590047,0.0335370050833405,0.03765030442475876,0.04004623288815249,0.03734705907330881,0.040009860287890775,0.02058451223222792,0.01906138302767968,0.020216088195028795,0.019082025634380658,0.01857901989749799,0.018184047957468624,0.01915254616389902,0.018701276237303225,0.01850876309956628,0.018049930824408006
1005003500,183521171#2-AddedOffRampEdge,3,92.69,8.312446781439615,8.462329241540186,8.177596352980451,8.709628538914547,8.880108436370465,8.820639142456557,8.709628538914547,9.345557013145207,9.225200766026072,15.542725005874152,17.449033585654448,18.55942663201427,17.308494527524967,18.542569750422977,9.539892194026029,8.833997964178147,9.369146073986096,8.843564780253715,8.610446771495445,8.427397025888833,8.876247519659001,8.667106472178178,8.577886258493992,8.365240440571892
1005003500,539135850,4,244.12,21.892701567429487,22.28745079776449,21.53754257945397,22.93876921911554,23.387766441760256,23.23114065655944,22.93876921911554,24.613630144017776,24.296644848444114,40.93526840472542,45.95596158086054,48.880431863278936,45.585820304880734,48.836035467399476,25.1254556306574,23.266324123585818,24.675757250852147,23.29152048932503,22.677551686886048,22.1954489368862,23.377597847655142,22.826777775252314,22.591796239330602,22.031745564272413
1005003500,539135854#0,5,51.34,4.604175399278346,4.687193691451863,4.529483188715249,4.824170128254104,4.9185971207601655,4.885657714680328,4.824170128254104,5.176404111067805,5.1097400725836515,8.608949204893507,9.664833145835575,10.279867982388744,9.586990064118373,10.270531135901562,5.284044290012907,4.893057023205374,5.189469839663892,4.898355980345515,4.769234407687735,4.667845110682196,4.916458600272879,4.800617610115737,4.751199487658664,4.633417242625535
1005003500,539135854#1,6,30.99,2.779185734780599,2.829297477563171,2.7340998055762675,2.911979592415167,2.968977888047478,2.9490949080238282,2.911979592415167,3.124596092754018,3.0843561521107774,5.19655893766361,5.83391467061637,6.205163786019228,5.786926803409201,6.199527851608675,3.189570170383716,2.9535613001389662,3.1324828658197115,2.9567598720472823,2.8788191331173136,2.817618231009763,2.9676870280961527,2.8977627529701344,2.867932842277795,2.7968367812420203
1005003500,539135854#4,7,15.28,1.3703116498046966,1.3950198598633514,1.348081478838508,1.435787291774887,1.4638910012702635,1.4540874538433075,1.435787291774887,1.5406204678051434,1.5207796709987957,2.5622271883672143,2.876483258051569,3.05953219265485,2.853315313200793,3.0567533259948547,1.5726567345422129,1.4562896633147275,1.5445091381001999,1.457866758466682,1.4194371201688465,1.3892612639506026,1.463254526921885,1.4287775045299662,1.4140695008068636,1.3790147149847716
1005003600,399174157#0,0,675.45,15.223321563569089,14.651261387991045,15.699745146822872,16.710832442532094,16.714544311133274,16.688595805882017,16.96705264683698,16.21044344866911,16.67749966505364,17.475354967190434,18.206842121636104,22.249816229663516,17.565097686443046,16.574642838925552,16.673804229719035,20.184785002339595,24.559033449321806,22.216970324393863,20.442509776887263,17.406633932158687,16.20346220687382,19.535015183988058,20.867686768919025,16.137439092584604
1005003600,399174157#1,1,1551.01,34.956731036066756,33.643131135373444,36.05072428776925,38.372445372258056,38.38096879415326,38.32138423403814,38.960794027345656,37.22342126481646,38.295904590265515,40.127989203733854,41.80767517814614,51.091401984411,40.3340619774225,38.05971839455462,38.28741890345181,46.3495497616089,56.39396916164425,51.01597918844936,46.94135330379734,39.97018771947212,37.207390506304485,44.857508180497916,47.917670968185796,37.0557841542522
1005003700,539136614,0,28.98,3.4708502526044134,3.1498997668946265,3.143256160742462,3.130052669387283,3.338664412684447,3.348040049900635,3.438814715228197,3.4230176909836816,4.0844024041439395,6.085947227001613,4.980104685754452,7.139144082452791,9.066441534369703,5.419259371680073,4.16138590495503,4.2113636939936985,4.189167469324019,3.6415304269078064,3.845926005708439,3.688852295079257,3.9981122125070963,3.937374708618283,3.789691868307743,3.3879996071884517
1005003700,573169791#0,1,24.56,2.9414797171830362,2.6694802717367843,2.6638499416092087,2.6526602332695535,2.8294547265538306,2.8374004011580256,2.9143302072465325,2.900942529004803,3.4614535212482798,5.157724772089703,4.220544205732551,6.050289118876486,7.683637131957209,4.592719467510786,3.5266955771461537,3.5690508048476612,3.5502399256935098,3.0861279256333924,3.259349299523784,3.1262323108056087,3.388324221503598,3.3368503396709803,3.2116919353222277,2.8712653675827595
1005003700,573169791#1,2,18.44,2.2085051296765146,2.004284047672081,2.000056715117012,1.9916553217219288,2.1243951611422087,2.1303608875144135,2.18812088850269,2.178069227803281,2.5989089141619823,3.872493680673214,3.168845079548382,4.542643784693909,5.768984882462987,3.448279600199467,2.647893584795402,2.679694496799303,2.665571019128189,2.3171090777149743,2.4471661678834926,2.3472200248882507,2.5440023878064477,2.5053550595901015,2.4113843358038225,2.155787189667186
1005003700,573169791#2,3,49.13,5.884157105260691,5.340047465408316,5.3287845126734705,5.306400539923989,5.6600615112210795,5.675956095638999,5.829847031026961,5.803066223534446,6.924316429109447,10.317549594982376,8.442806874089587,12.103041710521245,15.370402780661959,9.187308934804761,7.054827105260201,7.139554806277102,7.101925388816048,6.17351241801175,6.520025695667895,6.25373751750324,6.778028053846571,6.675059331760394,6.424691562800532,5.743699817155578
1005003700,573169791#3,4,174.31,20.876601364095077,18.946136244561846,18.90617603102204,18.82675917187361,20.08152497498364,20.137917912290533,20.683912802326674,20.58889626347017,24.56701804921774,36.605985546537305,29.954522007379524,42.94079382375245,54.533175426362426,32.59596622075754,25.030061321349596,25.33066961697866,25.197162925392334,21.90321493148032,23.13262118892471,22.18784829383248,24.047996541135678,23.682670305702306,22.794381972557716,20.37826816870321
1005003700,573169791#5,5,39.9,4.778706869527815,4.336818519637529,4.327671525659912,4.3094928056781425,4.596711872536558,4.609620358558844,4.73459997024172,4.712850444107967,5.623452585415569,8.3792027038428,6.856665871690912,9.829256345406016,12.482781822682925,7.4612991349218385,5.729444361894607,5.798254361295671,5.767694341822925,5.013701312409299,5.295115515105822,5.078854609167093,5.504647249103972,5.421023149546911,5.2176917027425445,4.6646371403319264
1005003700,-750681095#3,6,7.0,0.8383696262329501,0.7608453543223734,0.7592406185368266,0.7560513694172181,0.8064406793923785,0.8087053260629553,0.8306315737266177,0.8268158673873626,0.9865706290202751,1.4700355620776844,1.2029238371387565,1.7244309377905294,2.189961723277706,1.3089998482319016,1.0051656775253697,1.0172376072448546,1.0118762003198114,0.8795967214753155,0.9289676342290916,0.8910271244152794,0.9657275875621004,0.9510566929029669,0.9153845092530779,0.8183573930406889
1005003700,750681095#3,7,7.0,0.8383696262329501,0.7608453543223734,0.7592406185368266,0.7560513694172181,0.8064406793923785,0.8087053260629553,0.8306315737266177,0.8268158673873626,0.9865706290202751,1.4700355620776844,1.2029238371387565,1.7244309377905294,2.189961723277706,1.3089998482319016,1.0051656775253697,1.0172376072448546,1.0118762003198114,0.8795967214753155,0.9289676342290916,0.8910271244152794,0.9657275875621004,0.9510566929029669,0.9153845092530779,0.8183573930406889
1005003700,183272440#0,8,33.83,4.051720636494386,3.6770569052465563,3.6693014464429776,3.6538882610549264,3.897412597692023,3.908357311529968,4.014323734167354,3.995882970530639,4.7679549113937005,7.104471866441151,5.813559058629162,8.3339283750648,10.583772156926399,6.326209266526462,4.857822124383322,4.9161640361562045,4.890253122402746,4.250965298215704,4.4895678665671666,4.306206802709843,4.6672234696036945,4.596321131558196,4.423922564004518,3.955004372366643
1005003700,183272440#1,9,43.65,5.227833455009752,4.744414245167372,4.73440757130464,4.714520325008795,5.028733665068188,5.042855354664,5.1795811704524075,5.155787515922626,6.151972565247858,9.166721754955846,7.501089355872389,10.753058633508086,13.655975603010267,8.162549053617502,6.267925974854625,6.343203079462557,6.309770877708538,5.484913841771075,5.792776747728549,5.556190568675278,6.022001313869383,5.930517806459215,5.708076261270979,5.103042886603724
1005003700,183272440#2,10,76.36,9.145414951306867,8.299735893722348,8.282230518781725,8.247440366956967,8.797115754057433,8.821819814023895,9.061003852823504,9.019379947671286,10.762076175998317,16.035987931464568,13.12218060055935,18.8110780585264,23.889353884212237,14.279318344426859,10.964921590833889,11.096609098459586,11.038123808060115,9.59514366455073,10.13370979281906,9.719833031478677,10.534708369463141,10.374669867152937,9.985537303795004,8.927110076083858
1005003800,183521096,0,840.14,89.12265722523416,71.3357699859847,76.41965404607183,69.00405942464505,67.25233865278994,66.19791688067369,65.0818633687163,66.6551299227701,71.71440995406317,82.83871756802883,99.49186182139545,118.3099372622198,110.38394473321488,95.0140283779571,94.7475093642742,98.47663874158528,111.93864818016156,94.02223267463815,92.4777196122211,81.53889460075739,78.5522955543343,85.13544319688407,85.7296626608217,80.18394561035903
1005003800,183272304,1,290.92,30.86100345176414,24.701838032140678,26.462263140766087,23.89442351015038,23.287845312530827,22.922724758880175,22.536262636259366,23.08104648883791,24.83295182212019,28.685028346336264,34.45160620977499,40.96784696398813,38.22326898110657,32.90104165462338,32.80875261772401,34.10005920763443,38.76162488224892,32.557606981819376,32.022779762405506,28.234931341505394,27.200744902833975,29.48032843911433,29.686092152839112,27.76574553879788
1005003800,399174157#0,2,675.45,71.65222322801488,57.35204351302564,61.439349781487884,55.47741083435679,54.06907437216055,53.221347581416246,52.32407052681627,53.58893458987202,57.656459879867604,66.60010448416345,79.9887852825262,95.11801262142782,88.74572746214916,76.38872743577394,76.17445330551934,79.17257318780652,89.9956672855597,75.59135032266568,74.34960329477795,65.55508172219105,63.15393628701777,68.44661021655361,68.92434670918183,64.46573911790537
1005003900,1534267661,0,30.33,2.8060061043721567,2.908553925457376,2.892357405942813,2.9859980239264377,2.9059845315302932,3.2250730291100904,3.407708380206104,4.079670718923883,4.397826857877395,5.238175939000465,5.334445118419933,5.538004191401164,5.645722808396382,6.21847729620471,4.699392128131846,4.620188890017265,3.9506499075567953,3.6149170216398816,3.756651491845023,3.217712249454476,2.9119868601584167,3.34759954853354,3.0105928825737873,2.7885627208468144
1005003900,183272408#0,1,62.67,5.797969092021203,6.009860682769989,5.976394283891729,6.169881179013184,6.004551618562594,6.663874933542017,7.041249066518844,8.429705372731943,9.087102182102749,10.823491134096907,11.022409349534364,11.443017562647906,11.66559341912962,12.849059418171752,9.710217760304081,9.54656240479334,8.163113409382934,7.469398277156986,7.762260105305889,6.648665567863897,6.01695405625216,6.917047929660304,6.22070082264752,5.761926334173091
1005003900,183272408#1,2,24.8,2.294393385704896,2.3782438955272975,2.3650004506225444,2.4415677874505657,2.376142973358103,2.637052790040562,2.786388652459986,3.3358336244415536,3.5959810773280383,4.283111219492633,4.3618278581211465,4.528272467746419,4.616350994006933,5.084676457167057,3.8425626369162473,3.7778003452828277,3.230336884517261,2.955817413012498,3.0717097592402434,2.6310340846182325,2.3810509110428204,2.737239327518358,2.4616783213923488,2.2801304146719747
1005003900,183272408#2,3,22.04,2.0390496056828997,2.1135683652186144,2.10179878756939,2.16984492078268,2.1117012553553463,2.343574334374757,2.476290560492665,2.9645876243020903,3.1957831832383055,3.806442390226517,3.876398628749599,4.024319564077866,4.10259580273842,4.518801174030722,3.4149226015175036,3.357367726211029,2.870831650595179,2.626863539628849,2.729858189260281,2.338225452620397,2.116062987071926,2.432611079778412,2.1877173469148126,2.02637396529719
1005003900,183272408#3,4,0.37,0.03423086906091982,0.035481864570366936,0.03528428091654602,0.03642661618373828,0.03545052016703622,0.03934312630302451,0.04157112102460463,0.04976848552594253,0.05364971768594251,0.06390125609726911,0.06507565756067839,0.06755890375266835,0.06887297853961957,0.0758600923045085,0.05732855547012143,0.05636234386107445,0.048194542228684946,0.04409888882317033,0.04582792785963266,0.03925333110115912,0.03552374343088079,0.04083784480571744,0.03672665237561165,0.03401807473502543
1005003900,183272408#4,5,1.59,0.14710022109962842,0.1524761207213066,0.15162704501975183,0.1565359992760645,0.15234142450158808,0.16906911032921343,0.1786434660246523,0.21386997834121252,0.2305487868125638,0.274602695120697,0.2796494473553477,0.29032069450471,0.29596766453512197,0.3259933696328879,0.24635784647971104,0.24220574794353616,0.2071062760638083,0.18950603575362387,0.19693623053193496,0.16868323365092702,0.15265608663540664,0.17549236011105604,0.15782534399249332,0.14618578061808227
1005003900,183272408#5,6,3.64,0.33675773886958965,0.3490648298273937,0.3471210338816961,0.35835914299677657,0.34875646867030224,0.38705129660272763,0.4089699473771915,0.48961429003900225,0.5277972226400831,0.6286501951190799,0.6402037662726199,0.6646335396208454,0.6775611942816628,0.7462992864551647,0.563989032192546,0.5544835990657054,0.4741300911146303,0.43383771707118923,0.45084772272719703,0.38616790596816,0.3494768272659624,0.40175609484543645,0.3613108503979093,0.3346643027986286
1005003900,183272408#6-AddedOnRampEdge,7,96.0,8.881522783373791,9.206105402041151,9.154840454022752,9.451230144969932,9.197972800095883,10.207946284027981,10.786020590167688,12.912904352676982,13.919926750947246,16.579785365777933,16.8844949346625,17.528796649340975,17.869745783252647,19.682618543872476,14.874436013869344,14.62374327206256,12.504529875550688,11.441873856822573,11.890489390607394,10.184648069489933,9.216971268552854,10.595765138780742,9.529077373131672,8.826311282601193
1005003900,183272408#6,8,34.9,3.2288035952056804,3.346802901367043,3.328165956722854,3.4359159589526103,3.3438463617015244,3.711013805339339,3.9211679020505446,4.694378769879444,5.06047337091728,6.027442804850518,6.138217429372096,6.372447948562501,6.496397164953304,7.1554519498036395,5.407477259208751,5.316340002031075,4.545917631840823,4.15959789169904,4.32268833054373,3.702543933595819,3.3507530965884853,3.852002118160915,3.4642166700239096,3.2087319141956416
1005003900,183272408#7,9,68.88,6.3724925970706945,6.605380625964526,6.568598025761325,6.781257629015926,6.599545484068797,7.324201458790076,7.738969773445316,9.265008873045733,9.98754744380465,11.895995999945665,12.114625115620342,12.57691159590215,12.821542599483772,14.122278805228502,10.672407839951255,10.492535797704885,8.972000185707618,8.209544492270195,8.531426137760803,7.307484989859026,6.613176885186672,7.602461487075181,6.837113015221974,6.332878345266355
1005003900,183272408#8,10,37.91,3.5072763408093794,3.6354526644935414,3.615208350125026,3.732251404123022,3.6322411338711973,4.031075454453132,4.259354589304761,5.0992521251040035,5.496921074254272,6.5472881585066816,6.667616697635994,6.922048760172046,7.056688152532373,7.772584052064642,5.87385280506028,5.77485528587387,4.937986745647152,4.51834831158483,4.695504716645065,4.021875086607951,3.639743549904569,4.184223504283103,3.7629929501606423,3.4854735492022
1005003900,800890968,11,46.22,4.276083156745174,4.4323561633577295,4.407674226926371,4.550373513546981,4.428440654379497,4.914700804664305,5.193019496641151,6.217025408132605,6.701864733633143,7.982475829231833,8.129180790417717,8.439385220130625,8.60353802189518,9.476360719768602,7.1614211725108445,7.040723062861786,6.020410112999508,5.508785517316035,5.724775204519518,4.903483685123174,4.437587625338676,5.101419424108811,4.587853710272352,4.249501119602366
1005003900,1026941327,12,82.58,7.639959910947997,7.919168584380815,7.875070048887488,8.130026930954344,7.912172852415813,8.780960459739903,9.278224795167162,11.10778793170901,11.974036990554412,14.262069536520224,14.524183246921138,15.078416951068519,15.371704237302119,16.931152493260303,12.79511381276386,12.57946582715548,10.756500803364332,9.842395240587585,10.228298061212067,8.760919141442486,7.928515493303069,9.114565470422017,8.196991765345974,7.592466517887567
1005003900,1414379206,13,275.83,25.51865030560409,26.451250552552192,26.303954608678076,27.155550113406832,26.42788372344216,29.329768995035813,30.990708951937012,37.10173341248846,39.995139538685194,47.63752289002632,48.51302331070789,50.36424978945543,51.34387478536018,56.5526736766286,42.73766339276647,42.017365695135574,35.92837995388694,32.87512568674344,34.16410092303372,29.26282788549383,26.482470677134724,30.444061439894703,27.379223039905302,25.360015011248823
1005004000,183521095#1,0,290.73,17.80117371778496,17.41923653046692,17.673637063978838,17.283112073613367,17.117061357133498,17.112494371712703,17.63476186559781,17.820958295409618,17.746991949413168,20.709599259018148,20.361152033390226,20.29029702789599,23.10433317909914,22.231413831951198,21.987531335337408,20.10583978218784,21.070180323646255,22.38660694770653,21.301105581261776,22.010167778029924,20.445530412871918,20.556932341403595,20.08694923431858,19.74680692893449
1005004000,183521096,1,840.14,51.441124367144276,50.337417461928524,51.072574013452964,49.94405041628154,49.46420365487612,49.45100616190524,50.96023401012396,51.49829705329837,51.2845520461596,59.84577691146942,58.838847966609784,58.63409398760545,66.76598382378272,64.24345618537983,63.5386942388827,58.101056769536314,60.88776974205676,64.6919270837071,61.55508837423474,63.60410813137295,59.082681254326054,59.40460612013487,58.04646761503942,57.06353789865174
1005004100,535711085#2,0,11.03,0.9652805372584281,0.9232421156321154,0.9136320351735635,0.9208630636131849,0.9407764243344177,1.022491114778343,1.6144075587642572,2.096835299501439,2.1667600799525477,2.609832563698713,2.8378043247932125,2.2679279350001966,2.622143094659556,2.912135637142278,2.598986506291134,2.194319747636155,2.069941673401089,1.892227316418469,1.739585891728245,1.5484521896039718,1.2627584615372118,1.4676001832239463,1.2190665264645304,1.006649703140932
1005004100,535711085#3,1,55.44,4.851781775667022,4.640484396250633,4.59218132638462,4.628526586284222,4.728616950598378,5.139338839828771,8.114483686118806,10.539306346723462,10.8907687064886,13.117780356433059,14.263632979740317,11.399267880000988,13.179656678869065,14.637243855228276,13.063264905601129,11.029291641790428,10.404131130857333,9.510886892315497,8.743666531043871,7.782972746295938,6.346992666148959,7.376586959015012,6.127384245439127,5.059715280338466
1005004100,535711085#4,2,190.2,16.645182065870628,15.920276554236478,15.7545614768823,15.879252465931803,16.222636075104823,17.631714418027276,27.838650741338324,36.157576968737416,37.363351514684915,45.003640400316876,48.93475816642511,39.10787790000339,45.21592172295989,50.21651842107536,44.816612284367515,37.838587126055906,35.693826498720505,32.62934139463217,29.997210934425404,26.70132424865598,21.774855791874675,25.307121926490897,21.02143729225328,17.358547011550797
1005004100,535711085#5,3,0.2,0.01750282025853904,0.01674056420003836,0.01656631070124322,0.01669742635744669,0.01705850270778636,0.0185401834048657,0.029273029170702763,0.038020585666390556,0.03928848739714503,0.047322439958272226,0.05145610743052063,0.04112290000000357,0.04754565901467917,0.05280391001164603,0.047125775272731346,0.03978820938596836,0.037532940587508425,0.034310558774586934,0.03154280855354932,0.028077102259364863,0.022896798939931313,0.026611064065710725,0.02210456076998242,0.018252941126762144
1005004100,-539233403#1,4,1.81,0.15840052333977833,0.15150210601034714,0.14992511184625112,0.15111170853489256,0.15437944950546653,0.16778865981403457,0.26492091399486,0.34408630028083453,0.3555608109441625,0.42826808162236363,0.4656777722462117,0.37216224500003225,0.4302882140828465,0.47787538560539644,0.4264882662182187,0.36008329494301367,0.33967311231695124,0.3105105569100118,0.28546241740962136,0.254097775447252,0.20721603040637837,0.24083012979468205,0.20004627496834093,0.16518911719719742
1005004100,539233403#1,5,1.81,0.15840052333977833,0.15150210601034714,0.14992511184625112,0.15111170853489256,0.15437944950546653,0.16778865981403457,0.26492091399486,0.34408630028083453,0.3555608109441625,0.42826808162236363,0.4656777722462117,0.37216224500003225,0.4302882140828465,0.47787538560539644,0.4264882662182187,0.36008329494301367,0.33967311231695124,0.3105105569100118,0.28546241740962136,0.254097775447252,0.20721603040637837,0.24083012979468205,0.20004627496834093,0.16518911719719742
1005004100,535711085#6,6,0.2,0.01750282025853904,0.01674056420003836,0.01656631070124322,0.01669742635744669,0.01705850270778636,0.0185401834048657,0.029273029170702763,0.038020585666390556,0.03928848739714503,0.047322439958272226,0.05145610743052063,0.04112290000000357,0.04754565901467917,0.05280391001164603,0.047125775272731346,0.03978820938596836,0.037532940587508425,0.034310558774586934,0.03154280855354932,0.028077102259364863,0.022896798939931313,0.026611064065710725,0.02210456076998242,0.018252941126762144
1005004100,535711085#7,7,111.48,9.75607201210966,9.33119048510138,9.23406158487297,9.307145451640785,9.508409409320116,10.33429822987214,16.31678645974972,21.192674450446095,21.899402875168636,26.377528032740937,28.681634281772197,22.921904460001986,26.501950334782173,29.432899440491493,26.267907137020455,22.177947911738766,20.92086108347719,19.124705460954754,17.58196148774839,15.650176799369975,12.762675729117715,14.833007110227156,12.321082173188202,10.17418938405722
1005004100,535711085#8,8,66.77,5.843316543313259,5.588837358182805,5.530662827610048,5.574435789433577,5.694981128994476,6.189640229714413,9.772800788639117,12.693172524724487,13.116461517536866,15.79859658006918,17.17862146567931,13.72888016500119,15.87311826205064,17.628585357388022,15.73294007480136,13.283293703505537,12.530372215139684,11.454580046895847,10.53056663560244,9.373540589288957,7.644096326096068,8.884103738337524,7.379607613058631,6.093744395169541
1005004100,535711085#9,9,22.47,1.9664418560468613,1.8808023878743094,1.8612250072846754,1.8759558512591354,1.9165227792197972,2.082989605536661,3.288824827328455,4.271612799618979,4.414061559069244,5.316676129311884,5.781093669818992,4.6201578150004,5.341754790299205,5.93251928980843,5.294580851891367,4.470205324513545,4.21682587500657,3.8547912783248415,3.543834540991266,3.154462438839642,2.572455360901283,2.9897530477825995,2.4834474025075246,2.0507179355917264
1005004100,535711085#10,10,66.57,5.825813723054719,5.572096793982767,5.514096516908805,5.557738363076131,5.677922626286689,6.1711000463095464,9.743527759468414,12.655151939058095,13.07717303013972,15.751274140110906,17.12716535824879,13.687757265001187,15.825572603035962,17.575781447376375,15.68581429952863,13.243505494119566,12.492839274552177,11.420269488121258,10.499023827048891,9.345463487029592,7.621199527156136,8.857492674271812,7.357503052288648,6.075491454042779
1005004100,535711085#11,11,4.19,0.3666840844163929,0.3507148199908037,0.34706420919104547,0.34981108218850815,0.3573756317281242,0.3884168423319364,0.6132699611262229,0.7965312697108822,0.8230938109701884,0.9914051171258031,1.0780054506694072,0.8615247550000747,0.9960815563575288,1.1062419147439841,0.9872849919637219,0.8335629866360372,0.7863151053083015,0.7188062063275963,0.6608218391968584,0.5882152923336939,0.47968793779156105,0.5575017921766396,0.46309054813113176,0.38239911660566694
1005004100,535711085#12,12,6.19,0.5417122870017833,0.5181204619911872,0.5127273162034777,0.5167853457629751,0.5279606588059877,0.5738186763805934,0.9060002528332507,1.1767371263747877,1.2159786849416387,1.4646295167085255,1.5925665249746135,1.2727537550001105,1.4715381465043202,1.6342810148604445,1.4585427446910355,1.2314450804957207,1.1616445111833855,1.0619117940734657,0.9762499247323516,0.8689863149273425,0.7086559271908741,0.8236124328337469,0.6841361558309559,0.5649285278732884
1005004100,535711085#13,13,165.36,14.47133178976008,13.841098480591716,13.697025687787892,13.805432112336925,14.103970038797762,15.32902363914296,24.202940518337048,31.43542022897171,32.483721379959505,39.126193357499474,42.543909623554455,34.000413720002946,39.310750873336744,43.658272797628925,38.963590995494286,32.89689152031864,31.032235277751962,28.367969994828478,26.07959411207458,23.214148148042867,18.93107336353521,22.002027769529626,18.276050844621466,15.091531723606941
1005004100,535711085#14,14,23.58,2.0635825084817525,1.9737125191845222,1.9531680316765752,1.9686265675429648,2.0111974692480112,2.1858876234336657,3.4512901392258555,4.482627050067446,4.632112664123398,5.579315671080295,6.066675066058382,4.84838991000042,5.605633197830674,6.225580990373064,5.556128904655027,4.691029886605669,4.425133695267243,4.045214879523799,3.718897128463465,3.3102903563791166,2.699532595017901,3.137444453347294,2.606127714780927,2.1520217588452564
1005004100,535711085#15,15,31.14,2.725189114254529,2.6065058459459727,2.5793745761835694,2.59978928385445,2.656008871602336,2.886706556137589,4.5578106418784206,5.919805188257009,6.117217487735481,7.368103901502986,8.011715926932062,6.402835530000556,7.402859108585547,8.221568788813286,7.3374832099642715,6.195024201395273,5.843878849475061,5.342154001203185,4.91121529178763,4.371604821783109,3.5650315949473055,4.1433426750311595,3.4416801118862628,2.841982933436866
1005004100,535711085#17,16,5.87,0.5137077745881209,0.4913355592711259,0.48622121908148846,0.49006946359106035,0.5006670544735297,0.5441543829328083,0.8591634061601262,1.1159041893085628,1.1531171051062066,1.3889136127752897,1.5102367530857805,1.2069571150001048,1.3954650920808338,1.5497947588418106,1.3831415042546653,1.1677839454781713,1.101591806243372,1.0070149000341264,0.9257814310466727,0.8240629513123587,0.672021048886984,0.7810347303286097,0.648768858598984,0.5357238220704689
1005004200,183521095#0,0,1528.13,57.30701145202083,57.36251998694143,60.09850378985013,60.479029447016266,58.53040683387855,61.70146450772903,64.38472019408384,65.26456428754499,70.97443148911591,74.67978011919084,78.2312623969859,80.00684360242953,84.28845094579891,82.29720071500601,82.80350340396859,84.67410013514201,83.83503062644157,84.31245107420034,82.27433402961701,87.57921566772895,86.15226307029143,90.7463463599729,74.75519519631194,61.0400594047808
1005004200,183521095#1,1,290.73,10.902781464565196,10.913342082024094,11.433868850701923,11.506264670630797,11.135535051869613,11.73883555478399,12.249330686542372,12.416722906636187,13.503037350769027,14.20798785054436,14.883664947796136,15.221473068740444,16.036058020896206,15.657218406728289,15.753543575897199,16.109428603777058,15.949793835619586,16.04062409664248,15.652867970938697,16.66213304566944,16.390652262847944,17.26468643193637,14.222335730221756,11.613001819709005
1005004300,219054275#1,0,118.52,11.103827156480556,10.356088281823792,10.084787454150453,10.685666763211396,10.84675721692815,11.790505503847768,17.07291842167335,24.282093697357837,25.27734471464812,31.153675882847246,55.245092516200785,50.114536660633206,40.05177681426352,36.29917790553974,28.032528391801325,24.830785214759103,21.095333756622566,16.207597536262714,14.577455671182742,15.27372535070095,14.90091992424153,16.472644102677474,13.884247923897002,11.252677567068266
1005004300,219054275#2,1,29.33,2.7478505779579367,2.5628085496615913,2.495670064379284,2.6443689349054185,2.6842337932205758,2.9177820319596277,4.225014320854535,6.009060142959039,6.255353699634064,7.7095622143428075,13.67143573658597,12.401783329871515,9.911564410752186,8.982913330825856,6.937175647414215,6.144844164266659,5.220436543045392,4.0108744156141185,3.607465194362047,3.7797702036454504,3.6875124989706722,4.0764651664827065,3.435917917717677,2.7846864077127256
1005004300,219054275#3,2,0.2,0.01873747410813459,0.01747568052957103,0.017017866105552566,0.01803183726495342,0.01830367400764116,0.019896229334876427,0.02881018970920242,0.04097552092027985,0.042654986018643475,0.05257117091266832,0.09322492830948496,0.08456722352452449,0.06758652854246291,0.06125409703938533,0.047304300357410276,0.041901426282077464,0.03559793074016633,0.02734997896770623,0.024599148955758935,0.025774089353190942,0.02514498805980684,0.027797239457775024,0.02342937550438239,0.018988656036227246
1005004300,219054275#4,3,9.85,0.9228205998256283,0.8606772660813732,0.838129905698464,0.8880679852989558,0.9014559448763271,0.979889294742664,1.418901843178219,2.0180444053237823,2.1007580614181904,2.5891301674489147,4.591327719242134,4.164935758582831,3.328636530716299,3.016764279189727,2.3297367926024557,2.063645244392315,1.7531980889531917,1.346986464159532,1.2115080860711271,1.2693739006446536,1.2383906619454865,1.3690140432954196,1.1538967435908325,0.935191309784192
1005004300,219054275#5,4,65.85,6.1693133501033115,5.753867814361262,5.603132415253183,5.936982419485912,6.026484667015851,6.550833508508062,9.485754961754896,13.491190263002139,14.04415414663836,17.309058022996044,30.69430764589792,27.843758345449686,22.25286452260591,20.167911450217616,15.574940892677331,13.796044603374003,11.720618696199763,9.004980575117276,8.099269793683627,8.486118919538116,8.2789873186914,9.152241091472426,7.7141218848179,6.2520149999278205
1005004300,219054275#6,5,16.27,1.5242935186967483,1.4216466110806032,1.3844034076867016,1.4668899615039603,1.4890038805216084,1.6185582563921972,2.3437089328436165,3.3333586268647655,3.469983112616646,4.2766647537455675,7.583847917976601,6.8795436337200675,5.498164096929358,4.983020794153996,3.848204834075325,3.4086810280470012,2.8958916657125306,2.224920789022902,2.001140767550989,2.0967221688820827,2.045544778665286,2.261305429889998,1.9059796972815073,1.5447271685470865
1005004300,219054275#7,6,30.49,2.8565279277851174,2.6641674967331035,2.594373687791489,2.748953591042148,2.7903951024648945,3.0331801621019108,4.392113421167909,6.246718164296662,6.502752618542197,8.014475005636285,14.212140320780982,12.892273226313758,10.30356627629847,9.338187093654293,7.211540589487195,6.387872436702708,5.426904541338357,4.169504293626815,3.7501402583054486,3.9292599218939586,3.8333534297175516,4.237689155337802,3.5718082956430948,2.8948206127228437
1005004300,219054275#9,7,11.17,1.0464879289393165,0.9760167575765419,0.9504478219951109,1.0070781112476483,1.0222601933267588,1.1112044083528483,1.6090490952589551,2.2884828433976296,2.382280969141238,2.9360998954725255,5.2066122460847355,4.723079433844693,3.774707619096554,3.42104131964967,2.6419451749613634,2.340194657854026,1.9881444318382895,1.5274963253463931,1.3738624691791363,1.4394828903757138,1.4043475831402117,1.5524758237167349,1.3085306219197563,1.0605164396232918
1005004400,183521095#0,0,1528.13,28.488694962316544,27.65498652291105,25.778894472361806,31.064013840830448,27.44888209440092,28.51697438951757,33.49032408486826,30.138480906420483,33.893345917885796,42.185022026431724,42.16025829175228,53.437500000000014,51.33666904932095,44.18332820670564,47.78443113772456,47.610208816705324,53.697196261682244,66.34642032332565,54.306238185255204,62.75229357798165,51.099252934898615,54.45034116755118,41.64685416062627,29.159561510353228
1050003200,400120973#3,0,699.47,17.4108552342163,17.949312354558838,17.684886574467754,17.835348466593384,18.00684220184909,17.339922120299125,16.82076277537999,17.269564634750143,17.484547388823966,17.19766978993791,16.938418858468754,17.19766978993791,17.23354222999054,17.059804345247528,17.464980001793446,17.430301461209098,17.722822608759987,18.281058072943242,18.34073768274,17.835348466593384,18.181665912546652,18.12301537734489,17.484547388823966,17.464980001793446
1050003200,399174158,1,1086.19,27.036894858755062,27.87305186269356,27.462431481437562,27.696080104835186,27.962388567381677,26.926744546367544,26.120554589889473,26.817488113313306,27.151329618520744,26.705844352342,26.303259868014607,26.705844352342,26.76154979454934,26.49175644668737,27.120943897734033,27.06709243305747,27.5213414290949,28.3882117435347,28.48088676228481,27.696080104835186,28.23386806803587,28.14279107426801,27.151329618520744,27.120943897734033
1050003600,183272339,0,826.43,11.656990860744099,11.324923039260078,11.346137771124257,11.514896026946166,11.70070457647189,12.054109139891432,12.556853691823491,12.898183674427235,13.03369623708261,16.13131760503723,16.088468792648847,12.817901191703303,12.76387755955778,12.72444392893631,13.243241192662717,12.87077503411908,13.623471854055655,13.046908296116653,13.130094398489238,13.02051090957924,13.299690037839397,13.005709267772215,12.4055662979461,11.9036069679714
1050003600,183272350#0,1,101.02,1.4249110230175197,1.384320178873048,1.3869133957370527,1.4075418325110438,1.4302544393538357,1.4734534144595823,1.534907203208994,1.5766302225120572,1.5931948185207283,1.971837547597329,1.966599854111524,1.5668167641371535,1.5602130985885398,1.5553928653378337,1.6188088831271708,1.5732798832892192,1.665286989456702,1.5948098158025537,1.6049782027944086,1.5915830888105404,1.6257089984905388,1.589773786322313,1.5164143453390062,1.455056539458237
1050003600,183272350#1,2,91.12,1.2852691785523305,1.248656253206416,1.2509953337909352,1.2696021755930145,1.2900889379719018,1.3290543964121673,1.3844856895308213,1.4221198364214873,1.4370610954623715,1.7785966871616377,1.7738722897113648,1.413268100853073,1.4073115971430188,1.4029637486595075,1.4601649715952072,1.4190978317690919,1.5020882051009177,1.4385178223711017,1.4476897034114682,1.4356073159019644,1.466388872920787,1.433975325773997,1.3678051390545465,1.3124604224454028
1050003600,183272352-AddedOnRampEdge,3,3.2,0.04513675780692995,0.04385096587204271,0.04393311093207849,0.044586555771484265,0.045306020648705946,0.04667443007593213,0.04862109533031857,0.04994275105957814,0.050467466039064844,0.062461692262041714,0.06229577839197067,0.0496318911625311,0.049422707537946226,0.04927001751218639,0.051278840091139845,0.04983662271357654,0.05275112221601116,0.05051862413945924,0.05084072707327368,0.0504164114451963,0.05149741432557637,0.050359098359051696,0.048035299001037625,0.046091674185966734
1050003600,183272352,4,389.6,5.495400262993722,5.3388550949211995,5.348856255980556,5.42841316517821,5.516008013979948,5.682611861744737,5.919618356466286,6.080529941503638,6.144413990256145,7.6047110329035785,7.584511019222429,6.042682749038161,6.017214642744953,5.998624632108693,6.243198781096276,6.067608815377944,6.422449129799358,6.1506424889791615,6.189858521171072,6.138198093452648,6.269810194138922,6.131220225214543,5.8482976533763305,5.611661332141449
1050003600,183521062-AddedOnRampEdge,5,94.55,1.3336501408266332,1.2956590072505116,1.2980861370712566,1.317393390060574,1.3386513288547333,1.379083551149807,1.4366014260880065,1.4756522227134727,1.4911559106229941,1.8455478135550138,1.8406455771752581,1.466467284192911,1.4602865617852547,1.455775048680382,1.5151294783178975,1.4725164617402067,1.5586308142262046,1.4926674726205844,1.5021846077431331,1.4896474069197843,1.5215876639010142,1.4879539843276053,1.4192929751712833,1.3618649357134858
1050003600,183521062,6,6356.25,89.65641150321828,87.10240682005356,87.26557386313246,88.56352972578026,89.99262304635536,92.71073317816987,96.57744912291793,99.20269106951359,100.24494719087684,124.06941607518831,123.7398566887386,98.58522131307447,98.1697139962721,97.86642150369836,101.85660229040863,98.99188535099088,104.78103768297527,100.34656396451179,100.98636608109244,100.1435360151653,102.29076243967025,100.02969342022573,95.41386539854544,91.5531887639222
1050020300,183272437#0,0,40.25,4.412756360824857,4.316072373143863,3.9206985578954203,3.9277141227996295,4.169665576225822,4.487505154320137,4.828792472781945,4.985469710704786,5.322209091926619,5.7247457706379095,5.88254886998168,6.527280224465654,5.02295444537174,5.509221100176461,5.061007130563949,5.03942854981704,5.655214445488462,4.783691671354966,4.871660636776205,4.755561017762969,4.704598177707334,4.571620841532923,4.564829960900817,4.160632994419754
1050020300,183272437#1,1,0.88,0.09647765459691612,0.09436381834451178,0.08571962064467005,0.08587300442394222,0.09116287471003037,0.09811191393296201,0.10557359940492204,0.10899908932721022,0.11636134163715342,0.125162143556804,0.12861224858593487,0.14270823844794472,0.10981863135222686,0.12045005138274004,0.1106505906806528,0.11017881053016136,0.12364195557838129,0.10458754461595952,0.10651084125125616,0.10397251417717794,0.102858295562297,0.09995096498258314,0.09980249355509861,0.09096539217613375
1050020300,183272540#0,2,24.65,2.702470665697707,2.643259229763881,2.4011234646489963,2.4054199534661085,2.553596433638919,2.7482484982358106,2.9572604833310545,3.0532131271769676,3.2594398538134453,3.5059623166763845,3.602604463231017,3.99745236107027,3.0761696168549904,3.373970189300615,3.099473932134195,3.0862587267823605,3.463379778417157,2.9296397440720474,2.9835139055039366,2.9124119028039046,2.881201120012069,2.799762825932585,2.795603938787705,2.54806467857011
1050020300,183272540#1-AddedOnRampEdge,3,94.08,10.314338345997578,10.08835003392235,9.164206716193817,9.180604836596004,9.746140059908702,10.489055525923938,11.286777536380757,11.652993549890837,12.44008525139022,13.380970983891045,13.74981857609631,15.256808037707547,11.74061004274716,12.877205493282023,11.829554058222518,11.779116471224524,13.218449069106944,11.181359315306217,11.386977210134296,11.11560697021466,10.996486871023752,10.685666801774344,10.669793856435996,9.725027381739391
1050020300,183272540#1,4,159.06,17.438336068392587,17.056260165770503,15.493821431524113,15.521545549627556,16.47768960383799,17.733728443382883,19.08242809243966,19.701585395893247,21.03231250091548,22.62305744789232,23.246663931907733,25.794514099466014,19.849717616915004,21.771346787430257,20.000094265527995,19.914820003326668,22.348283470792417,18.904198689334685,19.251834556164553,18.793031937524916,18.59163692288518,18.066136920601902,18.039300710084074,16.441994635836178
1050020300,183272540#2,5,20.65,2.2639358720753613,2.214332782743373,2.0114888253550416,2.015088115175462,2.1392197304115084,2.302285253085983,2.4773804860359547,2.557762721144194,2.730524664553657,2.937043482327275,3.0180033332949487,3.3487785499432485,2.576994019799414,2.826469955742706,2.596516701767591,2.5854459516452635,2.901370889424515,2.454241813999505,2.499373717998227,2.4398095656349144,2.413663412910719,2.345440257829934,2.341956240809984,2.1345856232240474
1050020300,183272560,6,46.02,5.045342800625091,4.934798772970946,4.48274652507695,4.490767799533887,4.767403970631362,5.130807135448763,5.521019368880128,5.7001569214070615,6.0851692524338645,6.545411189186501,6.725835999914459,7.4629921970163835,5.743015244124409,6.298990187083746,5.786522935367776,5.761850977952302,6.4659122678603485,5.4694531854846105,5.570032857253192,5.4372898891292385,5.379021320201032,5.226981146020996,5.219216765233679,4.75707653175645
1050020300,-37402268#2,7,159.9,17.53042837505328,17.146334719644813,15.575644705775842,15.603515235668592,16.56470871151575,17.827380724864344,19.183202891871634,19.80562998116013,21.14338469066004,22.742530403105636,23.369430169194302,25.930735599802688,19.954544492296677,21.88632183647742,20.10571528390498,20.019990686105455,22.466305337480872,19.00403225464992,19.353503995540752,18.8922784283304,18.689819841376465,18.16154465990346,18.134566726659394,16.52882523745885
1050020300,-37402268#1,8,318.43,34.91065858329091,34.145762131185094,31.017839547593507,31.07334181672264,32.987493402176106,35.502019038264876,38.202046884669684,39.44156819825403,42.1056159289986,45.2902061054467,46.538634451385505,51.63930041929437,39.738121342601815,43.585124842961264,40.0391677164094,39.868452996726454,44.740122630481764,37.84524071824999,38.5411899768608,37.62269055618042,37.21950801807071,36.16748384023176,36.11375911676142,32.91603389846167
1050020300,-37402268#0,9,150.79,16.531665382578385,16.1694547365556,14.68825181478386,14.714534473961644,15.620965769915317,16.811699434035614,18.09027619803204,18.677241681420487,19.93878034712087,21.446817757875536,22.03800109576491,24.453380994960895,18.817672070002597,20.63939005454928,18.96023019174504,18.879389590730717,21.186330092800127,17.9213134689097,18.250874718496494,17.815926605428025,17.62500271345314,17.12682501104967,17.101384094515137,15.58712668890819
1050021500,218799087#15,0,46.63,7.025124642190198,9.30302609292762,8.94240590912634,8.718617405782526,6.9706218376979105,7.63805498009941,5.8382533791115545,6.508216881632551,6.408052883078898,9.644662644362818,10.113182986091342,8.45520202106101,7.830758202074397,9.252603187274897,7.845152978181151,8.007060450526353,8.714166860909742,7.773703497505547,10.053623604547811,8.817692603575509,8.140702375070187,8.72753214750623,7.6827420704420275,7.304686726795971
1050021500,218799087#17,1,18.86,2.84138646261435,3.7627079586664145,3.616851285569864,3.526337642570414,2.8193422230105636,3.089292664050501,2.3613437428703388,2.632317615003,2.5918052192766026,3.900886499521396,4.090384540374924,3.4197964854645218,3.1672335340150783,3.742313877589632,3.173055654482017,3.238540855606412,3.5245375723087653,3.1441571512535837,4.066295114342091,3.5664096612359875,3.2925937549608353,3.5299433047816313,3.1073668335521476,2.954458324412867
1050021500,218799087#18,2,34.22,5.155474270978953,6.827140315247333,6.562494750381799,6.398264800040275,5.11547671640623,5.605280750997251,4.284474171846394,4.776135142386144,4.702628557987558,7.077854507615174,7.421683932748138,6.204954174580909,5.746698384623329,6.790136844703987,5.757262168418592,5.876079961763066,6.394998712852914,5.704828086739005,7.377975546807335,6.470972354586186,5.9741547346108055,6.40480699308735,5.638074922807767,5.360634351082094
1050021500,218799087#19,3,9.19,1.384535609301478,1.8334722237616303,1.7623999636472454,1.7182949594497405,1.3737940100459747,1.5053340181667076,1.1506229584824186,1.2826616586361386,1.2629209949709426,1.9008031246342327,1.9931407171816304,1.6663801538398175,1.5433126287167853,1.8235347049336539,1.54614960046075,1.5780588792695083,1.71741783083338,1.5320680922598322,1.9814025504137758,1.7378210385343964,1.6043974871733866,1.720051907261039,1.5141411028814546,1.4396326617897268
1050021500,218799087#20,4,32.06,4.830055672927681,6.396204515103142,6.1482636381426214,5.994400043521077,4.792582803272465,5.251469926270365,4.014033955271636,4.47466080259789,4.405794025981331,6.631093381476987,6.953219955695656,5.813291374548918,5.383961140006544,6.361536739953531,5.393858127396262,5.505176024959787,5.991340114963893,5.344733736436368,6.912270485991911,6.0625182258338155,5.597060221847528,6.00052928691936,5.282194097756196,5.022265847331735
1050021500,480014976#0,5,4.47,0.6734357098561051,0.8917976975206189,0.8572282739394109,0.8357756766855647,0.6682110146795981,0.7321918456153627,0.5596610037449848,0.6238843976173601,0.6142825731795554,0.9245473304804158,0.9694601747336112,0.810524405621761,0.7506645756652917,0.8869641056641386,0.7520444737823233,0.7675650914401199,0.8353490428536682,0.7451952527096246,0.9637507508541433,0.8452731275569917,0.7803761444684483,0.8366302530420939,0.7364755962872799,0.7002348202611621
1050021500,-480014976#0,6,4.47,0.6734357098561051,0.8917976975206189,0.8572282739394109,0.8357756766855647,0.6682110146795981,0.7321918456153627,0.5596610037449848,0.6238843976173601,0.6142825731795554,0.9245473304804158,0.9694601747336112,0.810524405621761,0.7506645756652917,0.8869641056641386,0.7520444737823233,0.7675650914401199,0.8353490428536682,0.7451952527096246,0.9637507508541433,0.8452731275569917,0.7803761444684483,0.8366302530420939,0.7364755962872799,0.7002348202611621
1050021500,480014976#0,7,4.47,0.6734357098561051,0.8917976975206189,0.8572282739394109,0.8357756766855647,0.6682110146795981,0.7321918456153627,0.5596610037449848,0.6238843976173601,0.6142825731795554,0.9245473304804158,0.9694601747336112,0.810524405621761,0.7506645756652917,0.8869641056641386,0.7520444737823233,0.7675650914401199,0.8353490428536682,0.7451952527096246,0.9637507508541433,0.8452731275569917,0.7803761444684483,0.8366302530420939,0.7364755962872799,0.7002348202611621
1050021500,-480014976#0,8,4.47,0.6734357098561051,0.8917976975206189,0.8572282739394109,0.8357756766855647,0.6682110146795981,0.7321918456153627,0.5596610037449848,0.6238843976173601,0.6142825731795554,0.9245473304804158,0.9694601747336112,0.810524405621761,0.7506645756652917,0.8869641056641386,0.7520444737823233,0.7675650914401199,0.8353490428536682,0.7451952527096246,0.9637507508541433,0.8452731275569917,0.7803761444684483,0.8366302530420939,0.7364755962872799,0.7002348202611621
1050021500,480014976#0,9,4.47,0.6734357098561051,0.8917976975206189,0.8572282739394109,0.8357756766855647,0.6682110146795981,0.7321918456153627,0.5596610037449848,0.6238843976173601,0.6142825731795554,0.9245473304804158,0.9694601747336112,0.810524405621761,0.7506645756652917,0.8869641056641386,0.7520444737823233,0.7675650914401199,0.8353490428536682,0.7451952527096246,0.9637507508541433,0.8452731275569917,0.7803761444684483,0.8366302530420939,0.7364755962872799,0.7002348202611621
1050021500,480014976#1,10,183.99,27.719336970117407,36.70735086506011,35.28443626892891,34.40142432961456,27.504282906241446,30.137802611805498,23.03624789240263,25.67975174890785,25.284530344363848,38.05536092507645,39.90402182309556,33.362054897169536,30.898160017149223,36.50839503381317,30.95495810541604,31.593803394646013,34.3838636229634,30.673036811195487,39.66901580529169,34.79234960608745,32.12112009412747,34.43659961011519,30.31412638946233,28.822417131957764
1050021500,480014976#2,11,7.7,1.1600570393494432,1.5362063245880908,1.4766572056674419,1.439703067221219,1.1510570051527753,1.2612700696282533,0.9640692905674236,1.0747001927636852,1.0581601372444243,1.592620681140761,1.6699873256037603,1.3962053519658972,1.2930911034950214,1.5278800030456081,1.2954681091999756,1.3222038487894683,1.4389681498821576,1.2836696746899574,1.6601523001290617,1.4560633293487328,1.344272105683904,1.4411751562470076,1.2686492374523612,1.2062210550360062
1050021500,37396914#0,12,67.84,10.220554486943666,13.534576241565723,13.009925302919383,12.684344945491883,10.141260679164192,11.112280717348144,8.493826061310912,9.468527412608886,9.322803079306722,14.031608702414186,14.713238982981698,12.30111312693071,11.392636423519773,13.461218104755073,11.413578769886536,11.649131052191887,12.677870037403322,11.309629965060612,14.626588576721499,12.82848522896338,11.843560993454032,12.697314623350259,11.177294060878985,10.627277451122424
1050021700,218838668#2,0,47.91,5.90278816515555,9.17332316282887,5.750671495353222,3.977120735840954,5.4369431245791855,4.7566953749793806,10.615251932994317,10.51736538853023,7.459991729073766,7.542210594566864,8.864377045946028,7.671859954563155,8.879713338413064,10.133216800795164,4.552083644880488,8.225119085901845,11.073299481343586,7.025974414240591,4.560172642916704,6.165134305829132,9.898696836263746,7.547756337651105,8.826267084441533,6.521568373065757
1050021700,-801008456#2,1,19.46,2.3975841722798377,3.7260043570997663,2.33579768940876,1.6154199440506154,2.208368048514109,1.932066207411788,4.311684462869326,4.271925077453523,3.030086392147266,3.063481907123173,3.6005171637259394,3.116142657395095,3.6067464321752922,4.115892276006552,1.8489573727692405,3.3408644836495496,4.497733414880948,2.8537979983536195,1.8522429478430198,2.504143468825609,4.020635367015081,3.0657344673489986,3.5850377262206687,2.6489192348123494
1050021700,-801008456#1,2,25.05,3.086304394430109,4.796321127715784,3.006769379223507,2.0794588693971177,2.8427348209290044,2.4870636431482676,5.550241304978243,5.499060801141354,3.900496614763053,3.943485188768524,4.634786996471468,4.0112730507578185,4.642805659095122,5.298206655393841,2.3800813046181646,4.300547549610545,5.789733917922289,3.673568338065682,2.3843106805481833,3.223473478627004,5.175586636368334,3.9463848102308536,4.614860999066175,3.4098369389542316
1050021700,-801008456#0,3,11.49,1.415634231217643,2.1999892118744255,1.379152900889345,0.9538116730288576,1.3039130975039623,1.14077290458178,2.5457993051576855,2.5223236968109446,1.789090064017065,1.8088081764052033,2.125896310956374,1.8399012915452029,2.1295743322556064,2.4301953880429235,1.091701963675158,1.9725864808393279,2.655650407861361,1.6850020041666542,1.093641904970005,1.4785513081606498,2.3739517146455946,1.8101381824172658,2.11675660196688,1.5640329911610427
1050021700,-37401478,4,102.33,12.607645855570183,19.59311540914795,12.28274293716333,8.494651740734813,11.612656855315967,10.159729445244,22.672901905725496,22.463828015201386,15.933645452642843,16.109255064538246,18.933243646663684,16.38617051034122,18.96600012356103,21.643332816225616,9.7227033892845,17.56786549906775,23.651236400039434,15.0066366480743,9.73998051658665,13.167985671373305,21.142426367248365,16.121100105026876,18.85184535067631,13.929285986554351
1050021700,37401478,5,102.32,12.606413797927695,19.591200710094967,12.281542630025916,8.493821617433657,11.611522031036158,10.158736605466295,22.670686240533886,22.461632781348637,15.93208836816589,16.107680818953906,18.931393432293838,16.38456920373413,18.964146708128254,21.64121776366857,9.721753257027167,17.5661487136188,23.648925129014312,15.005170153727766,9.739028695955692,13.166698855613374,21.140360264798716,16.119524701909018,18.850003090796445,13.927924774203472
1050021700,1416455114#1,6,14.39,1.7729309475388932,2.755251937238728,1.7272419707395716,1.1945474303642525,1.633012138649436,1.428696440115911,3.1883422107240285,3.158941514108746,2.2406445623329474,2.2653393958634354,2.662458478212552,2.3042802076009985,2.667064807759633,3.0435606295855235,1.3672403183016122,2.4704542610337623,3.325919005145778,2.110285364661284,1.369669887947639,1.8517278785406224,2.9731214250435256,2.267005086595688,2.6510119671282335,1.9587845729162232
1050021700,1416455112#0,7,13.69,1.686686912564798,2.621223003530103,1.6432204711205514,1.1364387992832952,1.5535744390625976,1.3591976556766379,3.033245647311463,3.005275144416173,2.131648648946355,2.1551422049597244,2.5329434723231294,2.1921887451047715,2.537325727465557,2.895506950592482,1.30073106028833,2.3502792796075194,3.1641300333874702,2.0076307604039596,1.3030424437806238,1.7616507753454564,2.828494253568163,2.1567268683457237,2.522053775537562,1.8634997083546279
1050021700,1416455112#1,8,17.39,2.142548240285014,3.3296616531328334,2.0873341119639437,1.4435844207112127,1.9734594225930293,1.7265483734270806,3.8530417682064533,3.8175116699340577,2.7077699054183433,2.7376130711650553,3.217522789167219,2.784672189727683,3.2230894375913843,3.678076396698559,1.6522799955013923,2.98548989571766,4.0193003126813815,2.550233668621246,1.6552160772348468,2.2377726065199046,3.592952159937937,2.7396260219526765,3.2036899310882543,2.367148278180203
1050021700,1416455112#2,9,5.19,0.6394379164507892,0.993728808496803,0.6229594043181638,0.4308339933002412,0.5889738012224165,0.5152838446283237,1.1499302344445943,1.1393263695777895,0.8081268435377343,0.817033458271802,0.9602612579515737,0.8310781290791648,0.9619226096089294,1.0977122771055503,0.49311864155561963,0.891011648003143,1.199549662036594,0.7611105658507341,0.49399490746686914,0.6678573794041578,1.0723071713673313,0.8176342181675901,0.9561328776508362,0.7064692101066852
1050021700,-1416455165#1,10,8.92,1.098995417098466,1.7079115552584745,1.0706739665737997,0.7404699846316284,1.012263257592284,0.885613081711878,1.9763733509144084,1.9581485966539274,1.388919353440576,1.4042270612301488,1.6503912179052094,1.428365493523343,1.653246566033073,1.8866268808827567,0.8475179735406796,1.5313726204601223,2.0616537544058606,1.30811295710762,0.8490240028139638,1.1478396578583983,1.8429633850860492,1.4052595811281123,1.6432958128411286,1.2142014169849
1050021700,-1416455165#0,11,99.04,12.202298891191937,18.963179420717413,11.887841888953938,8.221541174654313,11.23929966725783,9.833085158379419,21.943948057686438,21.741596077646296,15.42136465972586,15.591328267290802,18.324523118983404,15.859340636608955,18.356226446178876,20.947480524958323,9.410109876622075,17.003043086364407,22.890828232775387,14.524160008064877,9.42683152900168,12.744623286356028,20.462678661314165,15.602792479252045,18.245741850200158,13.481447123114856
1050021700,-1416455125,12,18.41,2.268218119818695,3.5249609565368294,2.2097654399802305,1.5282569974291793,2.0892114991338513,1.8278180307528784,4.079039617750477,4.041425522914664,2.8665925220673776,2.8981861207676056,3.4062446548918053,2.9480054636507558,3.4121378117341794,3.8938117575169904,1.7491934857493174,3.160602011510185,4.255049957243486,2.699816091967633,1.752301781592497,2.36902781403286,3.8036946098020366,2.900317139974052,3.3916004388346614,2.5059919379699567
1050021900,37401320#18,0,7.8,0.9306517655693439,1.010032458956505,0.8908138353815985,0.9108865636069802,0.8224819976816068,0.9108865636069802,0.9489835461647466,0.8827643127727285,0.8688075647447013,0.8821000807841862,0.9366000058819044,0.9627519907162746,0.9454121027114384,0.9356033578309524,0.9688520722001518,0.928440607731402,0.9536152446004745,1.0080060252469334,0.9630156139338856,0.9489835461647466,1.0005499351597584,0.8865472705032899,0.940607922462303,0.9216281504419681
1050021900,37401320#19,1,8.37,0.9986609330532575,1.083842523264865,0.9559117695056384,0.9774513509474902,0.8825864513583396,0.9774513509474902,1.0183323437690934,0.947274012552274,0.9322973483221987,0.9465612405337999,1.005043852465582,1.0331069438840021,1.0144999102172743,1.0039743724416756,1.0396528005532397,0.9962881906040814,1.0233025124751245,1.0816680040149784,1.033389831875208,1.0183323437690934,1.0736670458060484,0.9513334171939148,1.009344655257625,0.9889778998973427
1050021900,-1416455165#4,2,1.6,0.19090292627063468,0.20718614542697542,0.1827310431551997,0.18684852586809853,0.16871425593468858,0.18684852586809853,0.19466329152097367,0.1810798590303033,0.17821693635788746,0.1809436063147049,0.19212307812962143,0.1974875878392358,0.19393068773567967,0.19191863750378513,0.19873888660515934,0.19044935543208247,0.19561338350778965,0.2067704667173197,0.1975416643966945,0.19466329152097367,0.2052410123404633,0.1818558503596492,0.19294521486406216,0.18905192829578837
1050021900,-1416455165#3,3,62.93,7.5084507188819,8.148890082324726,7.187040341097948,7.348986083049649,6.63574257873122,7.348986083049649,7.656350584634295,7.122097205485615,7.009494878126161,7.116738215865237,7.556440816685672,7.767433689201943,7.6275363620039505,7.548399911320748,7.8166488337891735,7.490611210838093,7.693718890090752,8.132540919075579,7.7695605878024905,7.656350584634295,8.072385566615846,7.152617914457953,7.588776482122144,7.4356486547837255
1050021900,-1416455165#2,4,15.69,1.8720418207414111,2.0317191385932776,1.7919062919406772,1.832283356794041,1.65445417225954,1.832283356794041,1.9089169024775479,1.7757143676159115,1.747639832159534,1.7743782394235748,1.8840069349086,1.9366126582485061,1.9017328066080086,1.8820021390214927,1.9488832067718438,1.8675939917058586,1.9182337420232622,2.027642889246716,1.9371429464900851,1.9089169024775479,2.0126446772636677,1.78332393258931,1.8920690132607094,1.8538904718505742
1050021900,-1416455165#1,5,8.92,1.0642838139587882,1.1550627607553878,1.0187255655902383,1.0416805317146491,0.9405819768358888,1.0416805317146491,1.085247850229428,1.0095202140939408,0.9935594201952225,1.0087606052044797,1.0710861605726394,1.1009933022037397,1.0811635841264142,1.069946404083602,1.1079692928237634,1.0617551565338597,1.0905446130559273,1.1527453519490571,1.1012947790115717,1.085247850229428,1.1442186437980828,1.0138463657550443,1.0756695728671464,1.05396450024902
1050021900,-1416455165#0,6,99.04,11.816891136152286,12.824822401929778,11.311051571306862,11.565923751235298,10.443412442357225,11.565923751235298,12.049657745148268,11.208843273975774,11.031628360553233,11.200409230880233,11.892418536223566,12.224481687248698,12.004309570838572,11.879763661484299,12.301937080859364,11.788815101245905,12.10846843913218,12.79909188980209,12.227829026155389,12.049657745148268,12.704418663874678,11.256877137262286,11.943308800085447,11.702314361509298
1050021900,-1416455125,7,18.41,2.1965767954014903,2.383935585819136,2.1025490653045162,2.1499258507698085,1.9412684073485105,2.1499258507698085,2.2398444980632033,2.083550127967427,2.050608623967942,2.081982370158573,2.2106161677289564,2.272341557575207,2.231414975758664,2.208263822777927,2.2867393140006147,2.1913578959403988,2.2507764939865047,2.3791526826661595,2.272963775964466,2.2398444980632033,2.361554398242456,2.0924788782007138,2.220075878529615,2.1752787499534145
1060006800,183521097#1,0,1445.99,78.7719379127139,75.57127226389031,73.1803265813581,72.07743893996201,77.5711461762396,100.69390512033635,443.8823437858791,498.88894011385463,462.6061081055743,553.1159988218823,620.5691694099168,477.18184444498473,473.9816681409572,448.89442388508445,471.17288788530726,480.06294237370923,266.9254715254573,123.5113395427504,92.29300618763271,85.66779779732857,87.43414414366525,86.0502433232095,83.42077359280849,78.28718752555872
1060006800,183521099,1,413.16,22.507357497643053,21.59283732843859,20.90967692055541,20.59455091144109,22.164257535788735,28.771079910316235,126.82966628992857,142.54659748507265,132.179572213431,158.04079286388492,177.31406028630988,136.34426991257888,135.42988956294158,128.26175849927145,134.62734206923528,137.1674805988435,76.26811237661252,35.290662484168465,26.370706876591353,24.477698558042775,24.982393373672522,24.586973998034036,23.835660563077724,22.36885068227294
1060006800,183521100,2,390.57,21.276741741345838,20.412224018221174,19.766416194358904,19.46852006361106,20.95240116602044,27.197987899535796,119.8951078585957,134.75269769519028,124.95250149917644,149.39973005336316,167.61920932816352,128.88948954341157,128.02510399505783,121.2488987730188,127.26643671212416,129.6676902349944,72.09806527963393,33.36110476919759,24.928858032699882,23.139352129477118,23.616452173383863,23.24265280862657,22.53241830313018,21.145807946014475
1070000100,183521095#1,0,290.73,14.352682240591115,14.223060315593987,14.141785685219165,13.858949971514784,14.190051165373498,13.87374863672729,13.707256334743622,14.093847428659101,14.812900781867016,14.972936442863853,14.321042268718772,14.67487290503471,14.205565776460416,14.470572850669758,14.502877743318106,14.95570140810948,14.321042268718772,14.639735885402942,14.238647231008338,15.303610834269854,17.203264612108715,16.697530086162388,16.240956997868885,14.919208380416372
1070000100,183521096,1,840.14,41.475810744024415,41.101234456516806,40.86637025962243,40.049042854429985,41.00584592603752,40.09180744904229,39.61068461139719,40.72784019094574,42.80573199490164,43.26819668801856,41.38437881072263,42.40686452184453,41.050679432585056,41.816486343898774,41.909839738834215,43.21839156952876,41.38437881072263,42.305326958904914,41.14627690523628,44.22376640285995,49.713310395270575,48.25185886075901,46.93247209503513,43.112935468383064
1070000100,183272304,2,290.92,14.362062110662013,14.232355474194621,14.151027728627797,13.868007174055245,14.199324751592396,13.882815510599881,13.716214401347003,14.103058143107026,14.822581417331381,14.982721666006094,14.330401461203403,14.684463335509575,14.214849501901643,14.48002976547603,14.512355770254542,14.965475367685514,14.330401461203403,14.649303352875258,14.247952576084153,15.313612162163473,17.214507415659433,16.708442378379807,16.251570907095985,14.928958490801536
1070000200,1026944504,0,31.35,1.5721674293573182,1.5378244936683299,1.559383788406425,1.5795348711591917,1.5412338316063499,1.5795348711591917,2.5970311843808145,4.683404026401274,2.9209780889451227,7.805673377335458,10.038884984389014,10.038884984389014,9.74000399536167,8.344399521907748,3.36248021847129,5.8023393649989705,2.1882912773368144,2.7464406327661797,1.9627818180171215,1.709140221681473,1.719975964543533,1.960014900916833,1.6769311868992958,1.625706600804301
1070000200,204782620,1,334.97,16.798370775496682,16.43142171113494,16.66177950885168,16.877090774870634,16.467849970436333,16.877090774870634,27.748884715535613,50.041462415426956,31.210208307940913,83.40243735904492,107.26396501501716,107.26396501501716,104.07046693225834,89.15864458862642,35.927591667665965,61.99711697268598,23.381560739059417,29.34530203373803,20.972026334328397,18.261904308026896,18.37768257872878,20.942462244341677,17.91775565153611,17.370428710412018
1070000200,183272300,2,726.57,36.436672700100374,35.64073819344811,36.140398058770536,36.607421095315274,35.71975327050162,36.607421095315274,60.188993544994204,108.54293025398323,67.69681180493964,180.90488375663872,232.66196692527996,232.66196692527996,225.73507824274094,193.390442125439,77.9290989580442,134.47546132144504,50.7160061682491,63.65171835881733,45.48958167517384,39.61116462096038,39.86229462706203,45.42545539263615,38.8646855650852,37.6775006362482
1070000200,183521097#0,3,357.04,17.905156586211707,17.514030533312294,17.759565799445934,17.989063170611733,17.552858923021727,17.989063170611733,29.57716153337563,53.338519093662235,33.26653961330037,88.89753182277039,114.33121195618034,114.33121195618034,110.9273054706198,95.03299538443197,38.29473483901082,66.08188985260709,24.922089877522687,31.278761196900696,22.353799690744275,19.46511721687889,19.588523712300574,22.322287726422523,19.098293810862025,18.51490541471029
1070000300,400120973#1-AddedOnRampEdge,0,94.51,4.6785235853384215,4.522894347173213,4.612933741158717,4.63437413742044,4.683851441378665,4.645497158786548,4.645497158786548,4.661951880941502,4.88045926663974,5.569406969479539,8.508936223347588,8.419666421618508,8.793173804298537,6.51565472785844,4.6785235853384215,4.63437413742044,4.700579482240732,5.0105156655527825,4.629158184536455,4.75148828529749,4.88045926663974,4.850959217998692,4.734396600818003,4.700579482240732
1070000300,400120973#1,1,11.37,0.5628485151338255,0.5441255817094427,0.5549577466614601,0.5575371277374922,0.563489481414405,0.5588752798159248,0.5588752798159248,0.5608548607163779,0.5871423326811325,0.6700259998199382,1.0236652720290134,1.012925692665352,1.0578603973640286,0.7838640805814249,0.5628485151338255,0.5575371277374922,0.5655019438480279,0.60278873259269,0.5569096239358744,0.5716265136369956,0.5871423326811325,0.5835933373044664,0.5695703031562871,0.5655019438480279
1070000300,400120973#2,2,2512.27,124.36477037073492,120.2278254319421,122.62125753783523,123.19118732639136,124.5063957320112,123.4868600899871,123.4868600899871,123.9242604161772,129.7326357189823,148.0462813164148,226.18500905543797,223.81203429308567,233.74062801105788,173.19949109255023,124.36477037073492,123.19118732639136,124.95106143105411,133.1898020431519,123.05253658094803,126.30432202417019,129.7326357189823,128.94846380913737,125.84998993055808,124.95106143105411
1070000400,399174157#1,0,1551.01,75.6864734034605,73.9726237684262,73.2279329251199,73.39541238963315,74.14353089047884,76.48227958672976,77.56975690205364,77.74662965542869,80.1333872344511,82.346883062965,111.9073026240294,96.26753137323861,82.65880307456716,82.55873188440424,87.39956749313413,128.60634141728977,109.83452794285148,110.59154678535238,87.75102143994582,84.35875990291376,85.80498589055414,92.07562874128999,86.02146015328654,76.83776060452722
1070000400,218655246,1,895.54,43.70072687586476,42.711164653726534,42.281186486071576,42.37788770634108,42.809844974345374,44.160218606649835,44.788118771681106,44.89024359715451,46.268337150592416,47.54639084094085,64.61432601461195,55.58405493580963,47.726490806247455,47.66871055103408,50.463767914327654,74.2562091752082,63.41752351947518,63.8546197691533,50.666694438030106,48.70803143980721,49.543070041087326,53.16368596138957,49.66806044169556,44.365470326934265
1070000400,37930423#0,2,64.27,3.1362593701139296,3.0652417003093158,3.034383562386739,3.041323495194565,3.0723236667275353,3.1692356006983324,3.2142979581659605,3.221627125521049,3.3205284282874854,3.412250194683955,4.6371605209807605,3.9890872665927657,3.425175384815334,3.421028683380933,3.6216208810927912,5.329127189953136,4.551269889225127,4.582638868798136,3.6361842592538522,3.4956173712356895,3.555545382161246,3.8153852387816376,3.564515537650773,3.1839658506734088
1070000400,37930423#1,3,63.26,3.0869732029470542,3.0170715724532022,2.9866983687036734,2.9935292407967666,3.0240422461052416,3.119431213632745,3.163785418291251,3.170999408129167,3.2683464816160934,3.3586268448063943,4.564287763454845,3.9263989495045646,3.3713489161882375,3.367267379970092,3.5647072808142206,5.245380209062321,4.4797468989012215,4.510622916448889,3.579041796178601,3.4406839101348954,3.499670155212703,3.7554266408172774,3.5084993451344006,3.133929978428503
1070000500,400120973#2,0,2512.27,32.52503642335551,32.05926187912874,32.83993335806894,31.67819806168897,32.248606410538166,32.600819237215084,32.407328561371735,34.66550413470981,38.37987754190913,70.88974848067004,79.471006638962,74.42480907644813,80.18260232878079,55.38590442898465,32.32777266454237,36.748165742277735,32.83993335806894,33.41340682118746,32.960810615717904,33.20525447967309,33.32884110495101,33.79167180406882,33.12663890233145,32.76303610448646
1070000500,400120973#3,1,699.47,9.055669664106357,8.925988013467574,9.143343743295299,8.81989165106043,8.978705603290702,9.076769229364215,9.02289726375855,9.65162191050543,10.685783352999152,19.73723062002662,22.126437450494873,20.721467519296564,22.324560995001452,15.420626991104417,9.000747191053293,10.231479694360482,9.143343743295299,9.303011089260307,9.176998571561258,9.24505700059983,9.279466175084718,9.408328195931178,9.223168733063636,9.121933894050061
1070000600,399174157#0,0,675.45,13.008632775812428,12.836645912148484,12.913568227611519,12.836645912148484,13.138235511274054,13.056691859512044,13.025893235046146,13.138235511274054,13.20302358238464,13.370858627923429,14.269159207577198,13.472801740365663,13.370858627923429,13.472801740365663,13.681423631668942,14.484366198904594,15.039086606522217,19.41860083809187,13.80541153333094,13.403312168282467,13.734592540543762,15.147374217952684,13.876964632215802,12.99332850195853
1070000600,399174157#1,1,1551.01,29.871225881431386,29.476299024652334,29.652932795481146,29.476299024652334,30.168827685751967,29.98158211713935,29.910860413781805,30.168827685751967,30.317598055391812,30.702991251011202,32.765724513353035,30.93707932093352,30.702991251011202,30.93707932093352,31.416129790443172,33.25989609617738,34.5336793509246,44.59019037069934,31.70083846666906,30.77751307443598,31.538219522257425,34.78233605120556,31.865143110834303,29.836083262747348
1070001300,203924742,0,130.53,6.0698826342855,6.116873183242862,6.207180534857852,6.076321120240722,6.256329541140686,6.292408882171568,6.207180534857852,6.256329541140686,6.12423010675605,6.306263091902509,6.530941127099262,6.292408882171568,6.364946373452156,6.562740067142421,6.4847338175825,6.577811667698511,6.58631990354348,6.996582273107714,7.169526578356622,6.806418222019238,6.61770597673004,6.61770597673004,6.424732074702864,6.270883126553849
1070001300,400120973#0,1,607.57,28.253111101760837,28.47183513324804,28.892183234226508,28.283079928174796,29.120954104886593,29.28889040481866,28.892183234226508,29.120954104886593,28.50607895473664,29.353376746703496,30.399171842424725,29.28889040481866,29.626526224763097,30.547184421923856,30.18409350761204,30.617337278354288,30.6569400428707,32.56656317836554,33.37155644841901,31.681418211539334,30.803030876287988,30.803030876287988,29.90480706831548,29.18869578794394
1070001300,400120973#1-AddedOnRampEdge,2,94.51,4.394887058655655,4.428910476888707,4.494297344284193,4.399548832252744,4.5298835894676035,4.55600676820681,4.494297344284193,4.5298835894676035,4.434237243465214,4.566037882599449,4.7287155896893545,4.55600676820681,4.608527401784749,4.751739552176742,4.695259274494155,4.762652116097344,4.7688124881934755,5.065862182114534,5.191082179732509,4.928174260040131,4.791537515213025,4.791537515213025,4.651815125872732,4.540421085502216
1070001400,37930423#1,0,63.26,3.196393503536682,3.1181600961074625,3.0857916522032327,3.0751509913335666,3.1623893173288447,3.136584789978666,3.2194721569918205,3.299029992182355,3.3867301666669234,3.45656506777804,3.8386440577080507,3.501624734909433,3.3821062935631607,3.369328198151482,3.557498753337858,3.674772488407509,3.7948671807946144,4.066176306249929,3.390850902991385,3.470014737302468,3.5815011545651974,3.3315667494274295,3.3739171742082865,3.262819360042201
1070001400,37930423#1-AddedOffRampEdge,1,94.62,4.780947728495746,4.663931525350745,4.615517011246758,4.599601435345908,4.730086582447919,4.691489927723386,4.8154672066798305,4.934464398676801,5.065640347297254,5.170094636629121,5.741582370223455,5.2374918181652,5.058724272793967,5.039611667864262,5.321064369915083,5.496474436502031,5.676103898937503,6.081909612667851,5.071803864069632,5.190211736382541,5.356965527109691,4.983130664413902,5.046475545741196,4.880303001062173
1070001400,37930423#2,2,544.12,27.493228472089466,26.820317285709656,26.5419056875881,26.450381874872278,27.200747318131064,26.97879411829263,27.691735536869892,28.376038560642794,29.130376514176515,29.73104939423628,33.017436052483475,30.11862236419413,29.090605065658984,28.980696477682336,30.599213115178554,31.607922959094118,32.640896781757284,34.97451551939158,29.165820318300227,29.846734411334474,30.805665637401447,28.655897876991038,29.02016776525787,28.064579041829948
1070001400,400120971,3,136.63,6.903623844265206,6.734654029895078,6.664744126470561,6.641762250172387,6.830181037411319,6.774447990116742,6.953469503790585,7.125299839264546,7.3147161345510865,7.465546715310047,8.290767271651138,7.562867333712865,7.30472941652758,7.277131073560496,7.683544967887315,7.936834731127378,8.196217244893583,8.782195205863545,7.323616169391605,7.494595535213977,7.735385753212819,7.195573268641633,7.2870424203616535,7.047091513793327
1070001500,183521095#0,0,1528.13,54.88529622371662,50.3028658365645,49.612499320362204,50.72638569935551,53.31807006606005,56.717791365615525,61.33713096373814,62.258286554127714,87.18322280722728,94.97071118324064,108.88449248430337,131.28141888723385,91.28699874946645,105.08619623485092,125.79917700719905,120.24232139698215,128.81147200965194,124.07211526904419,138.31363446888855,133.88759816588413,127.28750529855182,131.62558805996477,72.20687820547442,58.11841077940308
1070001500,183521095#1,1,290.73,10.442044964185726,9.570227784720146,9.438884078847288,9.65080334420084,10.143876836594817,10.790681083235983,11.66952031900924,11.844772139727345,16.58679455723347,18.068380872244866,20.715507515696647,24.9765706537307,17.367546705079004,19.99287353259095,23.93356241373638,22.876358752033283,24.50665797894558,23.604985225189754,26.314464704665156,25.472401834115875,24.216720053560866,25.04204957475709,13.737512973816088,11.057151921561553
1070001600,1414379206,0,275.83,10.873187385195273,10.322088176619742,10.005148598610045,10.057027146899136,10.387901031609664,12.218677049629967,22.947019687290986,28.413644886600274,26.708826193404263,35.15835990068321,47.4443330750629,40.568685204125,40.069808111108216,39.10797882375564,28.503121025151508,27.153973296627665,20.712412888350624,16.59778318864772,15.998020402569326,16.85535276016615,13.22863265506382,18.102648864418445,12.404738828975635,10.707402719490405
1070001600,183521097#1-AddedOnRampEdge,1,94.43,3.7224199136569256,3.5337518997868336,3.4252480954455526,3.443008641125641,3.5562828351335996,4.183046346650321,7.855878871300758,9.727370070846769,9.143727866595965,12.036413462718034,16.24249853996371,13.888630474660205,13.717840626226115,13.388559766259092,9.758002096962102,9.296123331039228,7.090864478290794,5.682226974962855,5.476899055993262,5.770405543785991,4.528803181733954,6.197415554026153,4.246744326651087,3.6656637740690967
1070001600,183521097#1,2,1445.99,57.00076216190594,54.111722011784,52.450222318472036,52.722186434197454,54.456734266386036,64.05425380485966,120.29569299070404,148.95350893512355,140.0162983990162,184.31148472895953,248.71852656785046,212.67415842480045,210.05888348106217,205.01666352232323,149.42257176941894,142.3499033723331,108.58116199262633,87.01094338162171,83.8667930316181,88.3612063142974,69.34876747596613,94.8999355815554,65.02964978178763,56.131665367639236
1070002500,183895353#2,0,34.49,6.243485780289514,5.334490477192953,5.824013568914061,5.874552529636041,5.930920785030963,5.601425185862576,5.8672790432188275,6.02135413880526,6.509348498955686,6.296021754525785,6.438594710923559,6.46494639459719,6.164968396235569,6.044395034744566,6.578628931846008,6.894479690455489,6.649399963385978,6.039259609906211,5.720892201899082,6.1145880093416,5.748652293457023,6.398027507524401,6.811891289755256,5.760298671685259
1070002500,218769245#0,1,104.16,18.855363261088886,16.11019217467144,17.588554750307,17.741182704751814,17.911415162911716,16.916336542749956,17.719216733594465,18.184524415713422,19.658270213140742,19.0140222079271,19.444593362997907,19.524175600499948,18.61824030594076,18.254108055059262,19.867497522211657,20.821368644762064,20.08122644784817,18.238599042268216,17.277127623943414,18.466091245376077,17.360963261423123,19.322080173492072,20.571951195735206,17.396135391207206
1070002500,218769245#1,2,90.77,16.431464316523023,14.039191087700909,15.327506861418648,15.460514152364844,15.608862848862293,14.741703801703277,15.441371955725513,15.846863298908477,17.131155791539797,16.56972730235736,16.944947576414364,17.01429934002861,16.224824045413236,15.907501806429812,17.313486464008754,18.144735329157573,17.499740060207166,15.893986511776939,15.05611438580399,16.09223408547222,15.129172765355,16.838183730298343,17.927381048741214,15.159823439514959
1070002500,218769245#2,3,78.19,14.15419406091148,12.09347087305645,13.203236328019434,13.317809866403076,13.445598613556712,12.69862091280356,13.301320625957672,13.650614094322506,14.756913862955784,14.273294896676457,14.596512625314963,14.656252786127986,13.97619248772569,13.702848587030374,14.913974954509692,15.630019338843567,15.074415283767745,13.69120640471344,12.969456690823113,13.861978441589436,13.032389760087117,14.504545399052855,15.442788632820044,13.058792494609174
1070002500,218769245#3,4,79.89,14.461933284642772,12.356406037197594,13.490299913613923,13.60736449964115,13.737931618327737,12.974713195087308,13.590516751601974,13.947404527374667,15.07775736681849,14.58362360014685,14.913868699787853,14.974907725844286,14.280061617142927,14.000774697760027,15.23823326660416,15.969845824021135,15.402161875178479,13.988879392154455,13.251437460415124,14.163364339411435,13.315738814853047,14.819901930302244,15.778544364701286,13.342715595272116
1070002500,1454595852,5,87.67,15.870292790895379,13.559721082502353,14.804037970040463,14.932502762342468,15.075785016632778,14.238241404597625,14.914014314844726,15.305657215107486,16.546088225672513,16.003833784264295,16.366239440610855,16.433222685251827,15.670709750593572,15.364224780981623,16.722191894895314,17.525051738539656,16.902084511164066,15.351171064090387,14.541914158900914,15.542648036502698,14.6124774301936,16.263121820372984,17.31512059648719,14.64208131477665
1070002500,1454595851,6,70.59,12.778418707759835,10.91799602160193,11.91989323947937,12.023330329574026,12.138698121639191,11.464326003770346,12.008443828959612,12.323786275971683,13.322554669216638,12.885943045867645,13.177744292377328,13.231677761513934,12.617718732683933,12.370943621415451,13.464349559263834,14.110795052167381,13.609195228049177,12.360433049094793,11.70883677970589,12.514606192502855,11.76565280936884,13.094716200526166,13.941763007939214,11.78948922105719
1070002500,1454595850,7,78.42,14.195829367651598,12.12904445408731,13.242074342541043,13.35698490501764,13.485149549496322,12.735974574524302,13.340447160603667,13.690768094088387,14.80032210171368,14.31528054479304,14.639449035390708,14.69936492503078,14.017304193470377,13.743156237305563,14.957845196734239,15.675995863308767,15.118757469664493,13.731479808896637,13.007607030238503,13.902754180706532,13.0707252204378,14.547211282692478,15.48821440830986,13.097205619992984
1070002500,1454595849,8,98.96,17.914043282616703,15.305919907886766,16.71047790025327,16.85548617955299,17.017220089494465,16.07181897341144,16.83461681985895,17.27669485578917,18.67686655426659,18.064781467900016,18.473857135198475,18.54946637313244,17.688758263017448,17.34280465753326,18.87564856756975,19.781899395983622,19.078707462356515,17.32806990421335,16.414598211073734,17.54420496968526,16.494248505668512,18.35746019555276,19.544933662922006,16.52766473035585
1070002500,913943264,9,14.87,2.6918130922848666,2.2999093475169383,2.5109620692882593,2.5327514095589425,2.557053988791256,2.4149954338584085,2.5296155225475196,2.5960433761679966,2.8064370014343587,2.7144634238851375,2.775932251418768,2.7872935021067033,2.657961149667234,2.6059772156176195,2.8363065299086725,2.9724822556414354,2.866818714280936,2.6037631313222773,2.4665023787254086,2.6362401768312433,2.47847084962905,2.758442129222611,2.9368751371023674,2.4834920628576342
1070002700,629928374#1,0,139.4,7.518343192343276,8.01030132359827,9.177410029789634,7.830814991085407,7.9837380546548715,7.500126369101184,6.62828543295605,6.944828551388886,7.515735372991093,8.007341123552596,7.791393412561425,7.7746196915440695,8.045995202500306,8.424519860160702,8.401653772909391,8.544110836093582,8.869367613726288,8.388643081817007,8.148877427729719,8.179639516924622,8.362742215489511,8.447510752566599,7.653784910043563,8.136637281386903
1070002700,629928374#2,1,565.3,30.488661453598663,32.48366813651436,37.216570228408024,31.755808568583788,32.375947792657094,30.41478792290458,26.87926653694444,28.162923817074155,30.478086128779516,32.47166382456443,31.59594473544457,31.52792332589571,32.62841526523258,34.163422359747806,34.07069496288148,34.64839207778839,35.96738530874799,34.01793353049607,33.04562704372747,33.170374597686425,33.9128993860561,34.25665587106096,31.037909681833753,32.99599035271173
1070002700,-629928374#2,2,565.04,30.474638718806634,32.46872783275442,37.199453107835964,31.741203031297687,32.36105703301426,30.40079916497082,26.86690388118713,28.149970765256644,30.46406825792602,32.456729041981056,31.581412724775518,31.513422600502583,32.61340838752348,34.14770948195984,34.05502473346286,34.63245614653025,35.95084272926759,34.00228756778967,33.03042827664562,33.15511845511541,33.89730173199565,34.24090011212504,31.02363432977772,32.980814415171125
1070002700,416456955#3,3,38.16,2.058105998707456,2.192776890304949,2.5122666193455694,2.143643472452074,2.1855053383474163,2.0531192413551014,1.8144574757647263,1.9011094513701567,2.057392122190388,2.191966551468917,2.1328520274271447,2.1282603115446315,2.2025478976141435,2.306166986109988,2.299907517749084,2.3389043723481424,2.4279416652783006,2.296345911062675,2.2307113532436587,2.239132309654545,2.289255688257387,2.3124606192104835,2.0951824402242636,2.227360679036759
1070002700,-416456955#3,4,38.16,2.058105998707456,2.192776890304949,2.5122666193455694,2.143643472452074,2.1855053383474163,2.0531192413551014,1.8144574757647263,1.9011094513701567,2.057392122190388,2.191966551468917,2.1328520274271447,2.1282603115446315,2.2025478976141435,2.306166986109988,2.299907517749084,2.3389043723481424,2.4279416652783006,2.296345911062675,2.2307113532436587,2.239132309654545,2.289255688257387,2.3124606192104835,2.0951824402242636,2.227360679036759
1070002700,702339100,5,36.07,1.9453847844176613,2.0726798331577445,2.3746713039778484,2.0262374227292006,2.0658065396800662,1.9406711487337138,1.7150807429463755,1.796986842529391,1.94471000648342,2.0719138760871028,2.0160370185874505,2.0116967881922134,2.0819156883370593,2.179859622352916,2.1739429812685924,2.2108040018500392,2.2949647763781007,2.17057644161506,2.108536648624182,2.1164963943721027,2.1638745460021998,2.1858085569948154,1.9804305717738255,2.105369488806496
1070002700,-702339100,6,36.07,1.9453847844176613,2.0726798331577445,2.3746713039778484,2.0262374227292006,2.0658065396800662,1.9406711487337138,1.7150807429463755,1.796986842529391,1.94471000648342,2.0719138760871028,2.0160370185874505,2.0116967881922134,2.0819156883370593,2.179859622352916,2.1739429812685924,2.2108040018500392,2.2949647763781007,2.17057644161506,2.108536648624182,2.1164963943721027,2.1638745460021998,2.1858085569948154,1.9804305717738255,2.105369488806496
1070002700,37401797#2,7,92.43,4.985082218567354,5.311277986658451,6.085136363367689,5.192268505208208,5.293665053025465,4.973003445452098,4.39492412172258,4.604809921125357,4.9833530884187,5.309315208392873,5.166129792848297,5.155007877255512,5.3349450255889765,5.585928053620184,5.570766558321487,5.665223562267789,5.880887005284942,5.562139742125867,5.40316169759726,5.423558683998156,5.54496601849136,5.601172301719733,5.074887655920564,5.395045795685735
1070002700,-416456952#0,8,37.47,2.020891817913218,2.1531276226343414,2.4668404147504845,2.104882623500503,2.145987553141449,2.0159952299155046,1.7816488893318736,1.866734044623684,2.020190849540719,2.152331936151476,2.094286306805427,2.089777617232111,2.16272195292458,2.264467425826553,2.2583211396765774,2.296612862470778,2.3840402043495263,2.25482393311107,2.1903761636802908,2.198644854369911,2.2478619140200284,2.2706472589574633,2.0572978520755543,2.18708607556361
1070002700,416456952#0,9,37.47,2.020891817913218,2.1531276226343414,2.4668404147504845,2.104882623500503,2.145987553141449,2.0159952299155046,1.7816488893318736,1.866734044623684,2.020190849540719,2.152331936151476,2.094286306805427,2.089777617232111,2.16272195292458,2.264467425826553,2.2583211396765774,2.296612862470778,2.3840402043495263,2.25482393311107,2.1903761636802908,2.198644854369911,2.2478619140200284,2.2706472589574633,2.0572978520755543,2.18708607556361
1070002700,-379556002,10,37.63,2.0295211931698534,2.162321655717381,2.4773740274102147,2.1138706464457955,2.1551510975370363,2.024603696336281,1.7892566774902163,1.8747051534344605,2.028817231604411,2.1615225715874047,2.103229082601768,2.098701140550957,2.1719569545917254,2.274136889080683,2.2679643577803477,2.306419589398863,2.394220253260547,2.264452217853472,2.1997292511152753,2.2080332497982322,2.2574604703649235,2.280343110610338,2.0660826841100377,2.196425114050137
1070002700,379556002,11,37.63,2.0295211931698534,2.162321655717381,2.4773740274102147,2.1138706464457955,2.1551510975370363,2.024603696336281,1.7892566774902163,1.8747051534344605,2.028817231604411,2.1615225715874047,2.103229082601768,2.098701140550957,2.1719569545917254,2.274136889080683,2.2679643577803477,2.306419589398863,2.394220253260547,2.264452217853472,2.1997292511152753,2.2080332497982322,2.2574604703649235,2.280343110610338,2.0660826841100377,2.196425114050137
1070002700,-379555997#0,12,69.63,3.7553962444968603,4.001128272325305,4.584096559356184,3.911475235504138,3.9878599766543665,3.746296980491502,3.31081430915875,3.468926915589728,3.7540936443426816,3.999649658773079,3.8917842418698134,3.8834058043200397,4.0189572880207765,4.2080295399066685,4.1966079785342965,4.267764975015754,4.4302300354645725,4.190109166333702,4.070346738112054,4.0857123354624205,4.177171739343864,4.219513441185167,3.8230490910066943,4.064232811355595
1070002700,-183521126#0,13,12.93,0.6973613879268189,0.7429927985231394,0.8512475730644186,0.7263446042663866,0.7405289314683463,0.6956716926289691,0.6148043805460668,0.644165230770863,0.6971195005220576,0.7427182261659617,0.7226880690417448,0.7211322282041952,0.7463035722261762,0.781413499224375,0.7792925630108927,0.792506119875825,0.8226752026218142,0.7780857607452933,0.755846378339636,0.7586997055511862,0.7756833346218033,0.7835460116978918,0.7099242387866805,0.7547110476924868
1070002700,37401797#0,14,84.82,4.574647557923649,4.873986788146379,5.584131411239287,4.76477566387277,4.857823972710373,4.563563261313934,4.033078697441407,4.225684058312807,4.573060791514379,4.872185610471528,4.740789019034864,4.730582799402926,4.895705258795379,5.126024207595629,5.112110997260936,5.198791112750771,5.396698428954546,5.104194449065412,4.958305476470837,4.97702312643864,5.088434682337304,5.140013357479906,4.657059082280452,4.950857777670279
1070002700,183521125,15,28.53,1.5387254754487354,1.6394110241195026,1.8782748073880793,1.602676841432329,1.6339745100380452,1.5349971686546398,1.3565637259844772,1.421348339821556,1.538191751731965,1.6388051811689783,1.5946087091849173,1.5911757517916234,1.6467162347728388,1.724186166502043,1.7195063281284433,1.7486619953640594,1.815229971446277,1.7168435231294057,1.6677724032505659,1.6740682598124783,1.711542578249037,1.728891547853121,1.5664453621488008,1.6652673001288976
1070002700,-183521125,16,28.53,1.5387254754487354,1.6394110241195026,1.8782748073880793,1.602676841432329,1.6339745100380452,1.5349971686546398,1.3565637259844772,1.421348339821556,1.538191751731965,1.6388051811689783,1.5946087091849173,1.5911757517916234,1.6467162347728388,1.724186166502043,1.7195063281284433,1.7486619953640594,1.815229971446277,1.7168435231294057,1.6677724032505659,1.6740682598124783,1.711542578249037,1.728891547853121,1.5664453621488008,1.6652673001288976
1070003500,518702967#2,0,111.25,8.574889864856626,8.246271331113618,7.9717934141590385,7.846879272341731,8.107902927853836,7.629514195545561,7.706364366513563,7.5068264502369795,8.192310007709542,7.725819423820331,8.537677075610501,8.202068566384598,8.459012974790994,8.093607477496173,8.685760405524904,8.816436058232869,8.503410387749144,9.168623916750827,8.07462510874215,8.40993778501358,8.466814093427445,8.566888412416635,8.569553903521928,7.912251147922861
1070003500,183895355#0,1,33.55,2.585955550255638,2.486853062102129,2.4040779240003207,2.3664071872994614,2.4451248829617636,2.3008557416678967,2.3240316808676855,2.2638564261164107,2.4705797821002706,2.3298988015206477,2.5747331765099535,2.4735227002445237,2.5510102049819134,2.4408137606291826,2.6193911155538023,2.6587993685726983,2.564399267496483,2.7650097295010356,2.4350891900970706,2.5362104511209496,2.5533628119954224,2.5835425279692408,2.584346368208186,2.3861215821376356
1070003500,183895355#1,2,74.48,5.740744243905811,5.520739674079481,5.336981334710698,5.253353422058536,5.428104360148797,5.107831166599851,5.159281060835328,5.025693788886745,5.484613477520959,5.172305893807985,5.715830908687373,5.491146668083819,5.663166618988164,5.418533797068899,5.814970202278607,5.902455349367946,5.692889938692642,6.138239184895296,5.405825421115644,5.630311606542127,5.66838933643574,5.735387406353177,5.737171907724164,5.297118790986919
1070003500,-37400834#5,3,5.17,0.398491511023,0.38321998006163954,0.37046446697709867,0.36465946820680223,0.3767897360629603,0.3545580978963645,0.35812947213370894,0.34885656402449605,0.3807122942908614,0.35903358580809985,0.39676216162612404,0.3811657931524348,0.3931064906037703,0.37612539917892324,0.40364387682304503,0.4097166240095634,0.3951697231879827,0.4260834665132744,0.3752432522444667,0.3908258727956873,0.39346902348781926,0.39811966824444045,0.39824353870749096,0.36769742413268486
1070003500,37400834#5,4,5.3,0.40851160704485495,0.39285607240361503,0.37977982107903735,0.3738288552216735,0.3862641394842726,0.3634734852709346,0.36713466195525285,0.3576285859438741,0.3902853307043647,0.36806150962919326,0.4067387730403205,0.39075023282551347,0.4029911799226271,0.38558309780431205,0.4137935294317483,0.4200189762573861,0.4051062926298469,0.4367973641238596,0.3846787692254688,0.4006532158253661,0.4033628287205884,0.4081304142544554,0.40825739944868517,0.3769432007549767
1070003600,183895353#0,0,63.22,13.851573033707862,13.547142857142855,16.7980469341408,17.122083333333332,20.87508936970837,14.334767441860464,10.374109396914445,17.322576112412175,13.007162954279016,15.760099431818182,10.850963325183374,13.161459074733097,16.772653061224492,20.565542168674703,16.461587537091987,16.671840721262207,24.015389610389608,17.68145019920319,15.474351464435149,13.192758620689654,12.58662507090187,11.65452731092437,10.673506493506494,9.362962025316456
1070003600,-379598682#2,1,6.44,1.4110112359550562,1.3800000000000001,1.7111582134746404,1.744166666666667,2.126472248353716,1.460232558139535,1.0567741935483872,1.7645901639344264,1.3249941383352875,1.6054261363636368,1.105349633251834,1.3407117437722422,1.7085714285714289,2.094939759036145,1.6768842729970328,1.6983020285499624,2.4463636363636363,1.8011474103585658,1.5763179916317993,1.3439001189060642,1.2821554169030063,1.1872058823529412,1.0872727272727274,0.9537721518987343
1070003600,379598682#2,2,6.88,1.5074157303370783,1.4742857142857142,1.8280696442089326,1.8633333333333333,2.2717591721542805,1.56,1.1289761570827488,1.8851522248243557,1.4155216881594375,1.7151136363636366,1.1808704156479217,1.4323131672597866,1.8253061224489797,2.238072289156627,1.7914540059347182,1.814335086401202,2.613506493506493,1.924207171314741,1.6840167364016736,1.435719381688466,1.3697560975609755,1.2683193277310925,1.1615584415584417,1.0189367088607595
1070003600,183895353#1,3,48.97,10.729382022471908,10.493571428571428,13.011710825132473,13.262708333333332,16.16977422389464,11.103662790697674,8.035750350631137,13.418009367681497,10.075304806565065,12.207720170454547,8.405119804400979,10.19482206405694,12.992040816326531,15.930000000000001,12.751090504451039,12.91395191585274,18.602240259740256,13.69599203187251,11.986380753138075,10.219066587395956,9.749557572319908,9.027557773109244,8.267662337662339,7.252518987341773
1070003600,183895353#2,4,34.49,7.556797752808988,7.390714285714286,9.164261922785768,9.341041666666667,11.3885136406397,7.820406976744186,5.659649368863955,9.450421545667448,7.0961254396248545,8.598004261363638,5.919799511002446,7.180302491103204,9.150408163265308,11.21963855421687,8.98070474777448,9.09540946656649,13.101720779220779,9.646207171314742,8.442112970711298,7.197378121284186,6.866698808848554,6.358188025210085,5.822987012987014,5.108012658227849
1070003700,-448204368#0,0,0.83,0.2151877778090142,0.22942990548380435,0.204215331712812,0.19439913763425082,0.24208625003514095,0.2125270324883463,0.2733697614710936,0.22841360468431907,0.17413042214431412,0.19458253304711334,0.23058410847394092,0.3266151781946795,0.31683177423953934,0.33456201951328485,0.246572008403993,0.35653843566108917,0.35318062505126735,0.2591174435049499,0.19765930525149988,0.19681057731864515,0.1958760541594873,0.1997651186730655,0.2238279815843083,0.25463887040733346
1070003700,-634224224,1,23.21,6.017479907165326,6.415744706360361,5.710648010908876,5.436149378904774,6.76966489556099,5.943075209704239,7.644472486438654,6.387325017738609,4.869357949360881,5.441277821715062,6.4480206719038184,9.133419621564473,8.859837927830975,9.35564394325704,6.895103994044191,9.97018926710106,9.876291936674598,7.2459227274095035,5.52731623480399,5.503582529597295,5.477449659086387,5.5862028968696995,6.259093316351562,7.120684556812301
1070003700,-183521163#2,2,0.2,0.051852476580485356,0.0552843145744107,0.04920851366573784,0.0468431656950002,0.05833403615304602,0.05121133312972201,0.0658722316797816,0.055039422815498576,0.041959137866099804,0.046887357360750205,0.055562435776853235,0.0787024525770312,0.07634500584085287,0.08061735409958673,0.059414941784094705,0.08591287606291306,0.08510376507259454,0.06243793819396384,0.04762874825337347,0.04742423549846872,0.04719904919505719,0.04813617317423266,0.053934453393809235,0.061358763953574334
1070003700,-183521163#1,3,60.02,15.560928221803655,16.59082280378065,14.767474951087927,14.057634025069563,17.50604424952911,15.368521072229576,19.768256727102457,16.517330786931122,12.59193727361655,14.070895943961137,16.674286976633656,23.618606018367068,22.911136252839945,24.193267965285973,17.83042402940682,25.782454106480213,25.539639898285625,18.737625252008545,14.293387350837376,14.232013073090462,14.164434663436662,14.445665569587222,16.18572946348215,18.413765062467657
1070003700,-183521163#0,4,35.98,9.328260536829314,9.945648191936483,8.852611608466235,8.427085508530535,10.494293103932979,9.212918830036989,11.850414479192708,9.901592164508193,7.548448902111353,8.43503558919896,9.995682196255895,14.158571218607914,13.73446655076943,14.50306200251565,10.688748026958635,15.455726403718058,15.310167336559758,11.232585081094093,8.568411810781885,8.531619966174521,8.491108950190787,8.659697554044454,9.70280816554628,11.03844163524802
1070003800,183521163#0,0,35.98,9.823748909364287,9.251199126303181,8.67466226800049,8.46763944363548,9.5540366900998,9.079450823406434,18.204572928620745,11.190689852225738,12.259719167377387,10.058557804918856,13.781679734233832,15.322053760414075,15.466107257306858,15.519164229030034,16.58601786530616,15.2189617250202,17.18456361922984,7.505327868539619,7.278900036624708,7.7462951588394775,7.249737776862588,10.606884813041631,11.02030785082157,13.493919083556317
1070003800,183521163#1,1,60.15,16.422971008845526,15.4658039868576,14.501971523630614,14.155878614082104,15.972076345455891,15.178681685044388,30.433714887619175,18.708171056458536,20.495333738681207,16.815515618840166,23.039689716902863,25.614828618368723,25.855651793413216,25.94435042735288,27.727875892111328,25.442483261811148,28.728501992681352,12.547122604020515,12.168589138492946,12.949962584885899,12.119836778162442,17.732187923970375,18.4233328856842,22.558622370092067
1070003800,183521163#2,2,0.2,0.05460671989641072,0.05142411965704938,0.048219356687051095,0.04706859057051407,0.05310748577042691,0.05046943203672282,0.10119273445592411,0.062205057544334294,0.06814741060243128,0.05591193888226158,0.07660744710524643,0.08516983746756017,0.08597057952922102,0.08626550433035039,0.09219576356479245,0.08459678557543192,0.0955228661435789,0.0417194434048895,0.040460811765562585,0.043058894712837574,0.04029870915432234,0.058959893346534925,0.06125796470717938,0.07500788817985725
1070003800,634224224,3,23.21,6.337109843978464,5.96776908620058,5.595856343532279,5.4623099357081575,6.1631237236580425,5.8569775878616825,11.743416833609993,7.218896928019995,7.9085070004121505,6.488580507286456,8.890294236563848,9.883959638110358,9.976885754366098,10.011111777537163,10.699318361694164,9.817456966028875,11.08542861596233,4.841541407137425,4.695477205393537,4.9969847314248,4.676665197359108,6.842295622865378,7.108986804268168,8.704665423272433
1070004100,-172670186#5,0,1.8,0.44660767757913306,0.48412954465343017,0.45345398842602835,0.44149724146753105,0.506512246204188,0.5159357298544985,0.4988248765316119,0.40391873252150096,0.4227772536206467,0.3730178458805118,0.367609550683404,0.4179978593263012,0.4231804746541429,0.418194842294881,0.40875608261157875,0.44728299160773055,0.4369322773755477,0.46558733229262195,0.3990150428730834,0.4129406493018788,0.4119821055476961,0.5019284249715711,0.4468325555638154,0.44909385392193196
1070004100,172670186#5,1,1.79,0.4441265238148045,0.48143993607202223,0.45093479960143934,0.4390444790149336,0.5036982892808314,0.5130694202441958,0.4960536272175474,0.40167473956304817,0.42042849110053204,0.37094552451450896,0.3655672754018296,0.4156756489967106,0.4208294720171754,0.415871537615465,0.40648521548595884,0.4447980860987987,0.4345048758345724,0.46300073600210734,0.39679829263489963,0.410646534583535,0.40969331607243115,0.49913993372172893,0.44435015247734977,0.44659888806681014
1070004100,172670186#6,2,4.51,1.119000347712161,1.2130134702149833,1.13615415988966,1.1061958661214248,1.2690945724338267,1.292705634246549,1.2498334406430942,1.0120408242622052,1.0592918965717315,0.9346169360672822,0.9210661519900845,1.0473168586453434,1.0603021892723246,1.0478104104166184,1.0241610736545665,1.1206923845282581,1.0947580949798446,1.1665549270220692,0.9997543574208922,1.0346457379730407,1.0322440533445052,1.2576095536787695,1.119563791996004,1.1252296006599516
1070004100,-1463443081#3,3,1.79,0.4441265238148045,0.48143993607202223,0.45093479960143934,0.4390444790149336,0.5036982892808314,0.5130694202441958,0.4960536272175474,0.40167473956304817,0.42042849110053204,0.37094552451450896,0.3655672754018296,0.4156756489967106,0.4208294720171754,0.415871537615465,0.40648521548595884,0.4447980860987987,0.4345048758345724,0.46300073600210734,0.39679829263489963,0.410646534583535,0.40969331607243115,0.49913993372172893,0.44435015247734977,0.44659888806681014
1070004100,-1463443081#2,4,24.46,6.068902107547552,6.578782590123835,6.161935864944808,5.999456959053227,6.882938634530245,7.010993306800574,6.778475822201792,5.488806776375507,5.745073124200567,5.0688980612429555,4.995405338731146,5.680126466178515,5.750552450022408,5.68280324585155,5.554540989266231,6.078078874847272,5.9374241692254985,6.326814526598629,5.4221710825975675,5.611404601068864,5.598379056498137,6.820649597113682,6.0719579494949585,6.10268648162803
1070004100,-1463443081#1,5,92.49,22.94819116627445,24.87618976944209,23.29997743862409,22.6855999240733,26.026287584125196,26.510497585690313,25.631284905782653,20.75469087272979,21.723704548540898,19.166900314160298,18.889004079282245,21.478123338383106,21.744423389312036,21.488244979918637,21.003250044858284,22.982891052110553,22.451036852480225,23.923429090969222,20.502722952961935,21.218267029961538,21.169013856725783,25.790755569789226,22.95974614672071,23.075939194021934
1070004100,-1463443081#0,6,10.6,2.6300229901882277,2.850985096292422,2.670340154064389,2.599928199753238,2.982794338757996,3.0382881869209353,2.937524272908381,2.3786325359599503,2.489688271321586,2.196660647963014,2.164811798468935,2.4615429493659957,2.492062795185508,2.462702960180966,2.4071191531570744,2.633999839467746,2.573045633433781,2.74179206794544,2.3497552524748246,2.4317616014443972,2.426116843780877,2.9558007248325846,2.631347271653579,2.644663806429155
1070004100,-1496600603#2,7,4.55,1.128924962769475,1.223771904540615,1.1462309151880161,1.1160069159318144,1.2803504001272532,1.30417087268776,1.260918437899352,1.0210167960960164,1.0686869466521904,0.9429062215312937,0.9292352531163824,1.0566056999637057,1.0697061998201944,1.0571036291342826,1.033244542157046,1.1306320065639854,1.1044677011437456,1.1769013121841276,1.0086213583736277,1.0438221968464156,1.041399211245565,1.2687635186781379,1.1294934043418665,1.135209464080439
1070004100,-1496600603#1,8,31.68,7.860295125392741,8.520679985900372,7.980790196298099,7.770351449828546,8.91461553319371,9.080468845439173,8.779317826956369,7.108969692378416,7.440879663723382,6.565114087497008,6.469928092027911,7.356762324142901,7.447976353912914,7.360229224389906,7.194107053963785,7.872180652296057,7.69000808180964,8.194337048350146,7.022664754566268,7.267755427713067,7.250885057639452,8.83394027949965,7.864252977923151,7.9040518290260025
1070004100,1460799298#0,9,0.46,0.11413307315911177,0.1237219947447655,0.11588268593109614,0.11282707281948015,0.12944201847440362,0.1318502420739274,0.12747746844696747,0.10322367608882803,0.10804307592527639,0.09532678283613079,0.09394466295242548,0.10682167516116586,0.10814612130050318,0.10687201525313626,0.10445988777851457,0.11430565341086447,0.1116604708848622,0.11898342936367005,0.10197051095645467,0.10552927704381347,0.105284315862189,0.1282705974927348,0.1141905419774195,0.11476842933560483
1070004100,-1460799298#0,10,0.46,0.11413307315911177,0.1237219947447655,0.11588268593109614,0.11282707281948015,0.12944201847440362,0.1318502420739274,0.12747746844696747,0.10322367608882803,0.10804307592527639,0.09532678283613079,0.09394466295242548,0.10682167516116586,0.10814612130050318,0.10687201525313626,0.10445988777851457,0.11430565341086447,0.1116604708848622,0.11898342936367005,0.10197051095645467,0.10552927704381347,0.105284315862189,0.1282705974927348,0.1141905419774195,0.11476842933560483
1070004100,-1496600603#0,11,101.9,25.28295685850759,27.407111444546967,25.670534122562387,24.993649391967452,28.67422104900376,29.207694928985223,28.239030510317363,22.86628824663386,23.933890079968837,21.116954719568973,20.81078511924382,23.663323258527832,23.956716870698422,23.6744746832491,23.1401360100666,25.321187136015414,24.735221702537952,26.35741620034343,22.588684927092892,23.37702897992303,23.322764752950132,28.414725835890607,25.295687451084884,25.423702063691593
1070004100,1463443080#0,12,5.21,1.2926811112151573,1.4012860709135395,1.3124973776108932,1.2778892378032427,1.4660715570687888,1.493347306967743,1.44382089262761,1.1691203313538998,1.2237052729797608,1.0796794316874814,1.0640254217002973,1.2098715817166827,1.2248723738600467,1.2104417379757388,1.1831217724479584,1.2946357701534867,1.264676202848113,1.347616667358089,1.1549268740937582,1.1952337682571046,1.1924593166130537,1.4528039411677138,1.2933320080485988,1.2998772105184806
1070004100,-1463443080#0,13,5.21,1.2926811112151573,1.4012860709135395,1.3124973776108932,1.2778892378032427,1.4660715570687888,1.493347306967743,1.44382089262761,1.1691203313538998,1.2237052729797608,1.0796794316874814,1.0640254217002973,1.2098715817166827,1.2248723738600467,1.2104417379757388,1.1831217724479584,1.2946357701534867,1.264676202848113,1.347616667358089,1.1549268740937582,1.1952337682571046,1.1924593166130537,1.4528039411677138,1.2933320080485988,1.2998772105184806
1070004100,-1463443082,14,10.08,2.501002994443145,2.7111254500592095,2.539342335185759,2.4723845522181738,2.836468578743453,2.8892400871851915,2.7934193085770267,2.2619449021204057,2.3675526202756214,2.088899936930866,2.0586134838270627,2.3407880122272866,2.3698106580632,2.3418911168513334,2.289034062624841,2.504784753003291,2.446820753303067,2.6072890608386827,2.234484240089267,2.3124676360905214,2.3070997910670985,2.8107991798407976,2.502262311157366,2.514925581962819
1070004100,-518705243#2,15,0.48,0.1190953806877688,0.1291012119075814,0.12092106358027423,0.11773259772467494,0.1350699323211168,0.13758286129453293,0.1330199670750965,0.10771166200573358,0.1127406009655058,0.09947142556813647,0.0980292135155744,0.11146609582034697,0.11284812657443809,0.11151862461196826,0.10900162202975432,0.11927546442872813,0.11651527396681272,0.12415662194469917,0.10640401143282224,0.110117506480501,0.10986189481271896,0.13384757999241895,0.11915534815035078,0.11975836104584853
1070004100,-518705243#1,16,19.36,4.803513687740008,5.207082213605783,4.8771495644043945,4.748548108228556,5.447820603618378,5.549175405546161,5.365138672028892,4.344370367564588,4.547204238942067,4.012014164581505,3.9538449451281674,4.495799198087328,4.551541105169004,4.497917859349387,4.396398755200091,4.810777065292035,4.699449383328113,5.0076504184362,4.291628461123831,4.441406094713541,4.431096424112998,5.39851905969423,4.805932375397481,4.83025389551589
1070004100,-518705243#0,17,86.84,21.54633928942884,23.3565609209466,21.876635752731282,21.299789138355777,24.43640192242872,24.89103265586925,24.06552904333621,19.486834851203966,20.396653724676092,17.996038742368693,17.735118545192673,20.16607450216444,20.416106899425426,20.175577836048593,19.720210118883056,21.578919439564068,21.0795549818292,22.462002186828496,19.250259068388093,19.922092214097308,19.875847803201072,24.21525801362846,21.55718840286763,21.666283485878093
1070004100,-448204368#8,18,6.8,1.6871845597433912,1.828933835357403,1.7130484007205518,1.6678784677662284,1.9134907078824883,1.9490905350058831,1.8844495335638671,1.5259152117478925,1.5971585136779989,1.4091785288819334,1.3887471914706373,1.5791030241215822,1.598681793137873,1.5798471820028839,1.5441896454215194,1.6897357460736488,1.65063304786318,1.758885477549905,1.5073901619649819,1.5599980084737644,1.5563768431801854,1.8961740498926016,1.6880340987966358,1.696576781482854
1070004100,-448204368#7,19,29.91,7.421130909106593,8.044619266991164,7.534893774345838,7.336212495718807,8.416545157759591,8.573132044415583,8.288806698366951,6.711782938732274,7.02514869766308,6.198313205714505,6.108445367189231,6.945731095805371,7.031848887169673,6.949004296133273,6.792163572729066,7.432352377215122,7.2603580090570174,7.736509504929067,6.630299962407737,6.861697122566219,6.84576932051755,8.340377328277604,7.424867631618732,7.462442872669436
1070004100,-448204368#6,20,38.18,9.473045072206277,10.268925563815536,9.61826293228098,9.364647044016852,10.7436875333755,10.943570092135973,10.5806298810983,8.567565115372725,8.96757530179794,7.912122975398856,7.7974070250513146,8.866199038376767,8.976128067941763,8.87037726601031,8.670170685616709,9.48736923310175,9.26781908344356,9.875624637184613,8.463552409385736,8.758929994636517,8.738598216561687,10.64645959189699,9.477814984125816,9.525779634855201
1070004100,-448204368#5,21,26.55,6.587463244292212,7.140910783638096,6.688446329283919,6.512084311646083,7.471055631511774,7.610052015353853,7.357666928841276,5.957801304692139,6.235964490904539,5.5020132267375494,5.422240872580209,6.165468425062943,6.241912001148607,6.1683739238494955,6.029152218520786,6.597424126214026,6.444751091289329,6.867413151316174,5.88547188237798,6.090874577202712,6.076736056828517,7.403444268330673,6.590780194566277,6.624134345348497
1070004100,-448204368#4,22,8.8,2.183415312609095,2.366855551638992,2.2168861656383614,2.1584309582857073,2.4762820925538085,2.5223524570664373,2.4386993963767694,1.974713803438449,2.0669110177009395,1.8236428020825024,1.797202247785531,2.0435450900396948,2.0688823205313653,2.044508117886085,1.998363070545496,2.186716847860016,2.136113356058233,2.2762047356528186,1.9507402096017412,2.018820952142519,2.014134738233181,2.4538722998610143,2.1845147160897644,2.1955699525072228
1070004100,-448204368#3,23,10.66,2.644909912774199,2.86712274778087,2.6854552870119233,2.6146447744688226,2.999678080298136,3.0554860445827523,2.954151768792768,2.392096493710667,2.5037808464422744,2.209094576159031,2.177065450158382,2.475476211343539,2.5061688110073126,2.476642788257462,2.420744355910794,2.6489092725213377,2.5876100426796325,2.7573116456885276,2.3630557539039274,2.44552628975446,2.439849580632467,2.972531672331637,2.6462416901723733,2.659633601559886
1070004100,-448204368#2,24,17.98,4.461114468262673,4.8359162293714855,4.529501506611106,4.410066889770116,5.059494548195167,5.15362467932438,4.98270626668799,4.034699339298104,4.223075011166238,3.7260338160731123,3.6720109562708916,4.17533417260383,4.227102741267493,4.177301813589978,4.083019091864547,4.467860105059442,4.364467970673527,4.650700130345189,3.9857169282544667,4.1248182635821005,4.115243476526431,5.013707267216026,4.463360749465223,4.4859486075090755
1070004200,448204368#0,0,0.83,0.21627083340801476,0.2299573673279983,0.21202809573049336,0.21839992451410403,0.22870963337613714,0.23300821133898333,0.2284617096543202,0.16969076260556396,0.17921422377220272,0.19614325468228053,0.1945140075275592,0.18121747820817746,0.193709491871425,0.17577641964646404,0.19948502333753942,0.20856598432074258,0.18927339663772824,0.19072934584263385,0.18463068520027193,0.2022609665605666,0.19541578781280522,0.21331571574505098,0.22068683471844017,0.22208211502224487
1070004200,448204368#2,1,16.8,4.377530121993552,4.654558760373941,4.291653022014805,4.4206249781168045,4.6293034225531375,4.71631078372882,4.6242852074609395,3.434704592498162,3.62746862575061,3.970128528508811,3.937150995738548,3.6680164263823873,3.920866823421615,3.5578841566995134,4.037769147073088,4.221576550106597,3.831075980137151,3.8605457953689744,3.7371030257404443,4.0939569135150835,3.955403897897744,4.317715692188984,4.466914244903368,4.495156063100861
1070004200,448204368#3,2,10.38,2.7046882539460166,2.8758523769453284,2.651628474316291,2.7313147186221687,2.8602481860774747,2.9140063056610206,2.8571476460383662,2.1221567660792213,2.2412574009101984,2.452972269400087,2.4325968652241743,2.2663101491576896,2.4225355730426408,2.1982641396750564,2.4947645087273003,2.6083312256015763,2.3670576591561683,2.385265794995831,2.3089957980467744,2.5294805215646763,2.443874551201106,2.6677314812453368,2.7599148727438667,2.77736428184446
1070004200,448204368#4,3,8.8,2.29299196866329,2.438102207814922,2.248008725817279,2.3155654647278503,2.424873221337358,2.4704485057627155,2.42224463247954,1.799130977022847,1.9001026134884147,2.079591133980806,2.062317188244001,1.9213419376288696,2.053787383697036,1.8636536058902213,2.1150219341811414,2.2113020024367893,2.0067540848337453,2.022190654717082,1.957530156340233,2.144453621365044,2.071878232232152,2.2616606006704205,2.339812223520812,2.3546055568623556
1070004200,448204368#5,4,26.36,6.8685532152232165,7.30322434068197,6.733807955970849,6.936171096616605,7.263597513005994,7.400116205898314,7.255723694563711,5.3892150629911635,5.691671010403932,6.229320714969776,6.177577395694531,5.755292440442841,6.1520267538924855,5.582489664916618,6.335452066478963,6.623854634572017,6.011140645024719,6.057380188447985,5.863692604673697,6.42361334763438,6.206217068368127,6.774701526553668,7.008801160455522,7.053113918055873
1070004200,448204368#6,5,37.97,9.89373921024376,10.519856912583247,9.699646740827509,9.991138715422325,10.462776842520395,10.659423836796623,10.451435079005469,7.762841272449714,8.198510935699442,8.972963108778545,8.89842995882099,8.290153792246384,8.861625790792779,8.041241751778601,9.1258389591884,9.541265571877826,8.658687795583784,8.725293086319043,8.446297731390754,9.252830000367124,8.93968369066532,9.758551478119983,10.095757968986955,10.159587840234504
1070004200,448204368#7,6,30.08,7.837863456521789,8.333876637621914,7.684102553702698,7.915023770342469,8.288657556571332,8.444442165152552,8.279672561930063,6.1497567941871845,6.494896206105852,7.108420603425299,7.049375116179495,6.567496077713226,7.020218693364415,6.370306871042938,7.229529520473718,7.558632299238478,6.859450326340802,6.912215328851115,6.691193988944795,7.330132378484148,7.082056502902627,7.7307671441098,7.99790360039841,8.048469903456779
1070004200,448204368#8,7,6.83,1.779674448405712,1.892299781747263,1.744761317878638,1.79719455955582,1.8820322842879722,1.9174049198135619,1.87999214089037,1.3963709742120503,1.474738732968849,1.6140463005782844,1.600639363148469,1.4912233447733159,1.5940190716648588,1.4464493327534331,1.6415454330064991,1.7162718950730989,1.557514818115282,1.5694957013315531,1.5193103372504306,1.6643884356730965,1.6080600370619997,1.755357034383974,1.816013350755357,1.8274949947011236
1070004200,518705243#0,8,83.69,21.806874756526213,23.186906110458047,21.37907389359637,22.021553834440198,23.061095442468577,23.494526755372913,23.036096965024164,17.11014448489114,18.070407695777888,19.77738431850609,19.613105168652325,18.272398495472736,19.531984788818743,17.723769349653708,20.11433928086587,21.029984611810782,19.084687427242745,19.23149271514461,18.616556680012962,20.3942413150046,19.70403286994418,21.508906326148573,22.252146021188263,22.392833983387558
1070004200,518705243#1,9,21.04,5.482335343258592,5.829280733230221,5.374784498999494,5.53630652021295,5.797651429197501,5.906617791050855,5.79136671220108,4.301558608700079,4.542972612249573,4.972113347608653,4.930812913710657,4.593753905421752,4.910418926475641,4.455826348628437,5.056825169905818,5.287022060371595,4.797966584647955,4.834874019914477,4.680276646522556,5.127193658354604,4.953672500700509,5.407424890693823,5.594278316236121,5.629647831407268
1070004200,518705243#2,10,0.48,0.12507228919981578,0.1329873931535412,0.12261865777185157,0.1263035708033373,0.13226581207294677,0.13475173667796628,0.13212243449888397,0.09813441692851892,0.1036419607357317,0.1134322436716803,0.11249002844967278,0.10480046932521107,0.11202476638347471,0.10165383304855752,0.11536483277351678,0.12061647286018849,0.10945931371820429,0.11030130843911354,0.1067743721640127,0.11697019752900237,0.11301153993993554,0.12336330549111384,0.12762612128295336,0.12843303037431028
1070004200,1463443082,11,10.1,2.6317294185794573,2.7982763976057625,2.580100923949377,2.657637635653555,2.783093129034922,2.835401125932207,2.780076225914017,2.064911689537585,2.180799590481021,2.3868034605916066,2.366977681961865,2.205176542051316,2.35718779265228,2.1389660703967315,2.427468356276082,2.5379716164331327,2.3032063928205484,2.320923365073014,2.2467107476177675,2.461247906339425,2.377951152902811,2.595769553042187,2.6854663019954765,2.7024450141261123
1070004200,1496600603#0,12,101.24,26.379830330394476,28.049257672634393,25.862318568379695,26.63952814193722,27.897064196385692,28.421387127661053,27.86682347638961,20.698184103840113,21.859816885178077,23.924750727751903,23.726021833843483,22.10416565517577,23.627890309714537,21.44048762049159,24.33236597914758,25.44002440076142,23.08679358506459,23.2643843049497,22.520494662259676,24.670964162158747,23.836017298998073,26.019377183167425,26.918476080596243,27.088666656448275
1070004200,1496600603#1,13,31.68,8.254771087187843,8.777167948133718,8.092831412942203,8.33603567302026,8.729543596814489,8.893614620745774,8.720080676926342,6.476871517282248,6.840369408558292,7.4865280823309,7.424341877678404,6.91683097546393,7.393634581309331,6.709152981204797,7.6140789630521075,7.960687208772439,7.224314705401484,7.279886356981494,7.047108562824838,7.720033036914157,7.458761636035746,8.141978162413514,8.423324004674921,8.476580004704479
1070004200,1496600603#2,14,4.55,1.1855810747065871,1.2606096642679425,1.162322693462343,1.1972525982399678,1.2537696769414746,1.277334170593222,1.252410577020671,0.9302324938015855,0.9824394194741235,1.075243143137803,1.0663117280125232,0.9934211154785632,1.061901431343354,0.9635936257727848,1.0935624773322943,1.1433436489872033,1.0375830779538116,1.0455644862457638,1.0121320694713702,1.108779997410335,1.0712552223473057,1.169381333301183,1.2097892746613286,1.2174381004231496
1070004200,-26600611#4,15,1.85,0.48204944795762333,0.5125555777792733,0.472592743495678,0.4867950124711958,0.5097744840311491,0.5193556517796617,0.5092218829644487,0.37822639857866663,0.39945339033563265,0.4371867724846012,0.4335553179831139,0.403918475524251,0.4317621204363088,0.39179081487464884,0.44463529298126264,0.46487598914864314,0.4218744382889124,0.4251196262757502,0.41152622604879896,0.4508226363096967,0.4355653101851683,0.4754627399136679,0.491892342444716,0.4950023045676543
1070004200,26600611#4,16,1.85,0.48204944795762333,0.5125555777792733,0.472592743495678,0.4867950124711958,0.5097744840311491,0.5193556517796617,0.5092218829644487,0.37822639857866663,0.39945339033563265,0.4371867724846012,0.4335553179831139,0.403918475524251,0.4317621204363088,0.39179081487464884,0.44463529298126264,0.46487598914864314,0.4218744382889124,0.4251196262757502,0.41152622604879896,0.4508226363096967,0.4355653101851683,0.4754627399136679,0.491892342444716,0.4950023045676543
1070004200,1463443081#0,17,10.6,2.7620130531625984,2.936804932140701,2.7078286924617223,2.789203855240365,2.920870016610908,2.975767518305089,2.9177037618503543,2.167135040504793,2.288759966247408,2.5049620477496064,2.484154794930274,2.314343697598411,2.4738802576350665,2.244855479822312,2.547640057081829,2.6636137756624954,2.4172265112770113,2.4358205613637574,2.3579340519552803,2.5830918620988026,2.49567150700691,2.724272996262097,2.8184101783318862,2.836229420766019
1070004200,1463443081#1,18,92.5,24.10247239788117,25.627778888963665,23.629637174783895,24.339750623559787,25.488724201557453,25.967782588983084,25.461094148222433,18.91131992893333,19.97266951678163,21.85933862423006,21.67776589915569,20.195923776212553,21.588106021815438,19.58954074373244,22.23176464906313,23.243799457432157,21.09372191444562,21.255981313787505,20.576311302439947,22.54113181548483,21.778265509258414,23.773136995683394,24.594617122235803,24.75011522838271
1070004200,1463443081#2,19,24.43,6.36565838573229,6.768504197377107,6.240778769513196,6.42832548901152,6.731778726962688,6.858301931338992,6.724481405849449,4.994632928257744,5.274943959945678,5.773228568539896,5.725273739636471,5.333907220031055,5.701593839058932,5.173756544533876,5.871589301368781,6.138875899946677,5.571022987782772,5.613877010765717,5.434370649930896,5.953295678403183,5.751816501526303,6.278678235724814,6.49563779779698,6.536706108425834
1070004200,1463443081#3,20,1.8,0.46902108449930924,0.49870272432577945,0.45981996664444347,0.4736383905125148,0.49599679527355045,0.5053190125423735,0.495459129370815,0.3680040634819459,0.3886573527589939,0.42537091376880115,0.42183760668627296,0.3930017599695415,0.4200928739380302,0.3812018739320907,0.43261812290068796,0.4523117732257068,0.41047242644326615,0.41362990664667587,0.40040389561504763,0.4386382407337589,0.4237932747747583,0.4626123955916769,0.4785979548110751,0.48162386390366363
1070004400,518705249#0,0,0.2,0.060696124850933814,0.0612997660727233,0.05859022318072556,0.05616119798280026,0.055329366953432026,0.05906747943088,0.08062382575032477,0.05768546072636714,0.06960690546146052,0.06437275695678672,0.05557882307134652,0.05021337253451999,0.05221254958587319,0.047267572688744854,0.046083674606447314,0.06515530104241361,0.059095795576340635,0.05341153794291446,0.055428880203348276,0.05473971117772938,0.05225681626631902,0.05755080745669773,0.05473971117772938,0.06286273818064589
1070004400,518705249#1,1,7.73,2.3459052254885915,2.3692359587107554,2.2645121259350427,2.17063030203523,2.138480032750148,2.282958080003512,3.116110865250052,2.22954305707409,2.6903068960854486,2.488007056379807,2.148121511707543,1.9407468484591974,2.0180150414939986,1.8268916844199883,1.7811340235391886,2.518252385289286,2.2840524990255653,2.064355941493644,2.142326219859411,2.1156898370192407,2.0197259486932304,2.2243387082013677,2.1156898370192407,2.4296448306819634
1070004400,518705249#2,2,27.45,8.330543135790665,8.413392893481273,8.041508131554583,7.708124423139335,7.593955614358545,8.107011551888279,11.065620084232075,7.917329484693888,9.553547774585455,8.835160892318978,7.628193466542309,6.891785380362868,7.166172430661093,6.48747435153023,6.324984339734893,8.942565068071268,8.110897942852752,7.330733582665009,7.607613807909551,7.513025359143357,7.172248032552285,7.898848323431764,7.513025359143357,8.627910815293646
1070004400,518705249#4,3,17.98,5.456581624098949,5.5108489699378245,5.2672610639472275,5.048891698653743,4.974110089113539,5.310166400836112,7.248081934954197,5.185922919300405,6.257660800985301,5.787110850415126,4.996536194114052,4.514182190853347,4.693908207769999,4.249354784718162,4.1429223471196135,5.857461563712983,5.312712022313023,4.80169726106801,4.98305633028101,4.921100034877871,4.697887782342081,5.173817590357126,4.921100034877871,5.6513601624400644
1070004400,518705249#5,4,5.26,1.596308083579559,1.6121838477126227,1.540922869653082,1.4770395069476467,1.455162350875262,1.553474709032144,2.1204066172335416,1.5171276171034553,1.8306616136364111,1.6930035079634906,1.4617230467764133,1.3206116976578754,1.3731900541084645,1.2431371617139895,1.2120006421495642,1.7135844174154777,1.5542194236577587,1.4047234478986501,1.4577795493480596,1.4396544039742825,1.3743542678041902,1.5135862361111505,1.4396544039742825,1.6532900141509863
1070004400,518705249#6,5,21.14,6.415580396743704,6.4793852738868525,6.192986590202692,5.936238626781988,5.848314086977765,6.2434325758440155,8.521938381809328,6.0973531987770055,7.357449907276376,6.804200410332356,5.8746815986413266,5.307553476898763,5.518866491226795,4.996182433200331,4.871044405901481,6.886915320183119,6.246425592419206,5.645599560566058,5.858832637493912,5.785987471485996,5.523545479349921,6.08312034817295,5.785987471485996,6.644591425694268
1070004400,518705249#7,6,26.3,7.981540417897796,8.060919238563113,7.7046143482654115,7.385197534738234,7.275811754376311,7.767373545160719,10.602033086167708,7.585638085517278,9.153308068182056,8.465017539817454,7.308615233882067,6.603058488289379,6.8659502705423225,6.215685808569948,6.060003210747822,8.56792208707739,7.771097118288793,7.023617239493251,7.2888977467402984,7.198272019871413,6.871771339020952,7.567931180555752,7.198272019871413,8.266450070754932
1070004400,518705249#8,7,14.53,4.409573470420341,4.453428005183348,4.256579714079711,4.0801110334504385,4.0196785091668366,4.2912523806534315,5.857320940761094,4.190848721770572,5.056941681775106,4.676680792910555,4.037801496133325,3.6480015146328766,3.7932417274136867,3.4339891558373132,3.3479789601583967,4.733532620731348,4.2933095486211466,3.8803482315527353,4.026908146773252,3.976840017062039,3.7964577017480767,4.18106616172909,3.976840017062039,4.566977928823922
1070004400,518705249#9,8,57.35,17.40461380100527,17.577707921353404,16.800746497073053,16.104223521567974,15.865695973896633,16.93759972680484,23.118882033905628,16.541305863285775,19.9597801410738,18.458888057358593,15.937227515708614,14.398684574273606,14.971948593749135,13.553976468497584,13.214493693398765,18.683282573912102,16.945719381515676,15.31575850513072,15.89423139831012,15.6966121802139,14.984642064366978,16.502694038208073,15.6966121802139,18.025890173300205
1070004400,518705249#10,9,0.2,0.060696124850933814,0.0612997660727233,0.05859022318072556,0.05616119798280026,0.055329366953432026,0.05906747943088,0.08062382575032477,0.05768546072636714,0.06960690546146052,0.06437275695678672,0.05557882307134652,0.05021337253451999,0.05221254958587319,0.047267572688744854,0.046083674606447314,0.06515530104241361,0.059095795576340635,0.05341153794291446,0.055428880203348276,0.05473971117772938,0.05225681626631902,0.05755080745669773,0.05473971117772938,0.06286273818064589
1070004500,518702967#0,0,72.19,14.271534443660077,14.218676908683557,14.14663386584822,12.80748211958152,10.61975868698357,10.968693615270174,12.515216838939073,13.113724219793546,12.424086619238059,13.583521504978544,15.025607692150922,15.433337750128889,15.741846295620952,15.196606691121467,15.166588702595794,15.257000557752852,15.302611919659434,12.374029864124289,12.823524894679116,12.535649846023055,12.920631940579085,13.853108760828366,15.441097095402956,11.164064748366588
1070004500,518702967#1,1,87.34,17.2665995056001,17.202649137060842,17.115486935076653,15.495296970830447,12.848451637638801,13.270615048589791,15.14169606196064,15.865807914624858,15.031440993548307,16.434198202587975,18.1789247240956,18.672222178920308,19.04547521068755,18.385810062370812,18.349492412864894,18.458878358694196,18.514061851545296,14.97087918454932,15.51470652862272,15.166417198388334,15.632192737085155,16.760361811480117,18.681609922600003,13.506987326808947
1070004500,518702967#2,2,111.25,21.993464563750987,21.912007287588946,21.800983759185684,19.737254270722318,16.365814571643195,16.903548478997187,19.286852380273885,20.209195448843776,19.146414134786454,20.933186970894347,23.15554586163998,23.783887307131717,24.25932124100057,23.41906766016433,23.372807773428203,23.512138967308555,23.58242936780873,19.069273062527042,19.76197734496539,19.318341118853926,19.911626310976914,21.348640388449308,23.795845018196136,17.204629495162532
1070004600,-183521163#0,0,35.98,5.932633428513174,5.620000878545882,5.33446322067569,5.328167630722098,5.237510486193186,4.964883474081956,5.461371821490151,4.939533959626394,5.093720239674906,5.046275006443955,5.177447292544181,5.381089438734834,5.736637914991773,5.43725496479148,5.364040442493298,5.472404895877001,6.073633236455414,6.054627678719525,5.969238482721717,5.636372083768446,5.404709544012601,6.008962784958109,5.8229587778570835,5.717265562387326
1070004600,-518702967#2,1,111.01,18.304103304592765,17.339530225886005,16.458553700033587,16.439129757822688,16.159422987001268,15.318280001607505,16.850108001768255,15.240068506340359,15.715783318685698,15.569399345896151,15.974108503205379,16.602410744690214,17.699393411429597,16.775699656517574,16.549809047281297,16.884148623994047,18.739133562504605,18.68049523664965,18.417041800081652,17.390040717596868,16.675286450273457,18.539604190055577,17.96572134324388,17.63962340413055
1070004600,-518702967#1,2,87.65,14.452343524435237,13.690746998458772,12.995155677938417,12.979819144880267,12.758971487349438,12.094831475911159,13.304314623502274,12.03307814233612,12.408687576639956,12.293107401745768,12.612653006989925,13.10874066995854,13.97488363671565,13.24556413740893,13.067208026251741,13.331192026782077,14.795829715823158,14.749530740404849,14.541516203739818,13.730628492004014,13.166281032037368,14.638287607047756,14.185167784301651,13.927691121268738
1070004600,-518702967#0,3,73.3,12.086215406059358,11.449306959350006,10.867597389536632,10.85477174352223,10.670081118342427,10.114673670100261,11.126141037110287,10.06303055143454,10.377145457703465,10.280487992560921,10.547717802765105,10.962586321824993,11.686924935211145,11.077009141723611,10.92785337506278,11.14861808971051,12.37346626548588,12.33474732768597,12.160788793315783,11.482659081162511,11.010706213900047,12.241716846509988,11.862781501304175,11.647458747164842
1070004700,779526217#3,0,3.82,0.7517392467848254,0.7475575564946231,0.7716616649858365,0.8610359830103174,0.7792337241427002,0.6635176640820106,0.9727405398262438,0.9347469285863743,0.900537118313368,1.0028943797519712,1.2921908354496554,1.1966041161150232,0.9525856104296261,1.119181300146018,1.1998914900603943,1.1631438145991573,1.074441580275482,1.1709396846701972,1.2469964379214376,1.158515921437622,1.1501264052191797,0.997739582825776,0.9387651851305395,0.8644443392023424
1070004700,183521064,1,7.52,1.4798636481209129,1.4716316295391532,1.5190826493962017,1.6950237152454415,1.5339889019772528,1.30619184133422,1.9149237852076841,1.8401300793113968,1.7727851124912377,1.9742842240143514,2.5437892886338767,2.3556185741321927,1.8752470655577977,2.2032050725387577,2.3620900537314564,2.2897490800486024,2.1151310690239855,2.3050959237486603,2.454820212871521,2.2806386725683025,2.264123185143516,1.9641365609554544,1.8480403644454597,1.7017333588485901
1070004700,1455536609,2,9.15,1.8006319654662706,1.7906156130695814,1.8483518938796872,2.062429121608483,1.8664891559962584,1.5893158707723554,2.3299937014162646,2.238988061928096,2.157045715331759,2.4022208310812925,3.0951691477393584,2.8662114299613783,2.281716841735885,2.6807614911874516,2.874085637186546,2.786064372665521,2.5735969789321103,2.804737726369713,2.986915551565747,2.7749792359042518,2.754883928731805,2.389873608077448,2.248612943440952,2.0705931161522075
1070004700,-1455536609,3,8.42,1.6569749889864476,1.6477577554148497,1.7008877537122364,1.8978855960593908,1.7175779992883604,1.4625179925577303,2.14410349354371,2.0603584132715373,1.9849535435074763,2.2105682401862823,2.848232155624633,2.6375410098660987,2.099678230318705,2.4668865306883436,2.644787001651445,2.5637881986714413,2.368271755476324,2.580971765686665,2.7486151851566767,2.553587449870361,2.5350953748548415,2.1992060961761872,2.0692154080626026,1.905398255519299
1070004700,1455536609,4,9.15,1.8006319654662706,1.7906156130695814,1.8483518938796872,2.062429121608483,1.8664891559962584,1.5893158707723554,2.3299937014162646,2.238988061928096,2.157045715331759,2.4022208310812925,3.0951691477393584,2.8662114299613783,2.281716841735885,2.6807614911874516,2.874085637186546,2.786064372665521,2.5735969789321103,2.804737726369713,2.986915551565747,2.7749792359042518,2.754883928731805,2.389873608077448,2.248612943440952,2.0705931161522075
1070004700,-1455536609,5,8.42,1.6569749889864476,1.6477577554148497,1.7008877537122364,1.8978855960593908,1.7175779992883604,1.4625179925577303,2.14410349354371,2.0603584132715373,1.9849535435074763,2.2105682401862823,2.848232155624633,2.6375410098660987,2.099678230318705,2.4668865306883436,2.644787001651445,2.5637881986714413,2.368271755476324,2.580971765686665,2.7486151851566767,2.553587449870361,2.5350953748548415,2.1992060961761872,2.0692154080626026,1.905398255519299
1070004700,1455536609,6,9.15,1.8006319654662706,1.7906156130695814,1.8483518938796872,2.062429121608483,1.8664891559962584,1.5893158707723554,2.3299937014162646,2.238988061928096,2.157045715331759,2.4022208310812925,3.0951691477393584,2.8662114299613783,2.281716841735885,2.6807614911874516,2.874085637186546,2.786064372665521,2.5735969789321103,2.804737726369713,2.986915551565747,2.7749792359042518,2.754883928731805,2.389873608077448,2.248612943440952,2.0705931161522075
1070004700,1455536618,7,1.35,0.2656670112983022,0.2641891888135448,0.2727076564740522,0.30429282122092377,0.2753836459666611,0.23448922683526557,0.34376956250403906,0.3303425009402109,0.31825264652435786,0.3544260242578956,0.45666430048613477,0.42288365360085906,0.33664674714136006,0.3955221872243781,0.4240454218799823,0.4110586779342572,0.37971102967850806,0.41381376290700694,0.4406924584277332,0.40942316595308637,0.4064582845669876,0.35260430283109895,0.33176256542571425,0.30549734500606346
1070004700,1455536617#0,8,57.29,11.274120797984986,11.211406390465172,11.572904918072926,12.91328572425683,11.686465983281492,9.951028003994344,14.588561656189924,14.018756947307171,13.505699347689232,15.040790318322102,19.379479833222714,17.945929270217196,14.286290476835937,16.78478970821083,17.995231273706803,17.44411233989155,16.113811029838317,17.561029982920314,18.701682180240617,17.374706057372084,17.248885276179795,14.963481858661968,14.079020276473457,12.964402144738793
1070004700,1455536617#1,9,13.54,2.664541728132601,2.6497197159521453,2.735156791599012,3.051944295800968,2.76199597510266,2.3518400972959226,3.4478813898553247,3.3132129353558923,3.1919561732887445,3.5547617544088195,4.580173798949826,4.2413664220412075,3.3764421898474177,3.9669410481615404,4.253018527596266,4.122766295725809,3.8083609939607403,4.150398777600646,4.419982138601116,4.106362716299843,4.0766260541014905,3.5364905632096884,3.3274556561956814,3.0640252232459986
1070004700,1455536617#2,10,12.82,2.5228526554401736,2.5088188152515882,2.5897127081461844,2.889654791149809,2.615124697253774,2.2267791763171143,3.264537623186504,3.13703026818778,3.022221428475754,3.3657345414712756,4.336619505357221,4.015828473454084,3.1968972580386934,3.7559958816418724,4.026860969260276,3.9035350008275382,3.6058484447988697,3.9296981040502432,4.184946160772992,3.8880036944581975,3.8598483023324306,3.348434935033102,3.150515621301968,2.901093305909432
1070004700,1455536617#3,11,14.5,2.853460491722505,2.8375875835528888,2.929082236202783,3.2683303020025143,2.9578243455678415,2.518587991934334,3.6923397454137525,3.548123158246709,3.418269166372733,3.806798038325545,4.904912857073299,4.542083686824042,3.6158354322590522,4.2482012701877645,4.55456193871092,4.415074688923503,4.078377726176568,4.444666342334518,4.733363442371949,4.397508078755371,4.365663056460238,3.78723140077847,3.5633757027206343,3.281267779694755
1070004700,1455536617#4,12,9.12,1.7947282541040857,1.7847447422070581,1.8422917237358192,2.0556670589146844,1.8603695194192216,1.584104999064905,2.322354377805064,2.231647117462758,2.149973434297884,2.3943446972088944,3.0850210521729995,2.856814015436914,2.2742358029105207,2.6719721092491318,2.8646624055892134,2.7769297353780926,2.5651589560503654,2.7955418649717796,2.9771223858229083,2.765880943327516,2.745851522408094,2.3820379569034236,2.2412404419870473,2.0638042862631836
1070004700,167755801#0,13,2.74,0.5392056377461838,0.5362062054437873,0.5534955398065949,0.6176017260335785,0.5589268073693715,0.47592628261379827,0.6977248898230126,0.6704729278342059,0.6459350010938819,0.7193535603456548,0.9268593950607477,0.8582971932343362,0.6832682127165381,0.8027635503665156,0.8606551525564086,0.8342968722517515,0.7706727565326758,0.8398886743445918,0.8944424711792511,0.830977388675153,0.8249597775655897,0.7156561405608971,0.6733551327899682,0.6200464631974917
1070004700,-167755801#0,14,2.74,0.5392056377461838,0.5362062054437873,0.5534955398065949,0.6176017260335785,0.5589268073693715,0.47592628261379827,0.6977248898230126,0.6704729278342059,0.6459350010938819,0.7193535603456548,0.9268593950607477,0.8582971932343362,0.6832682127165381,0.8027635503665156,0.8606551525564086,0.8342968722517515,0.7706727565326758,0.8398886743445918,0.8944424711792511,0.830977388675153,0.8249597775655897,0.7156561405608971,0.6733551327899682,0.6200464631974917
1070004700,1455536617#5,15,31.74,6.246126621191194,6.211381372549564,6.4116600122121605,7.154262330038606,6.474575498505054,5.513102266482465,8.082404380650518,7.766719244327624,7.482473333839346,8.332949636996744,10.736685109207347,9.942464566882418,7.914939077234642,9.299166090742045,9.969779029978248,9.664446250098758,8.92742820888581,9.729221359013629,10.361169355923149,9.625993546185896,9.556285890486064,8.290118942117836,7.800106538231236,7.182582022587002
1070004700,1455536617#6,16,32.18,6.332714387836566,6.297487478533237,6.500542507655555,7.2534392495476485,6.564330168301596,5.589528384858404,8.194447793614797,7.874386429819248,7.586200122336175,8.448466267125244,10.885523844180605,10.080293313241217,8.024660980006642,9.428077025837398,10.107986426739133,9.798420930314366,9.051185877818067,9.864093992849986,10.50480245348478,9.759435170644679,9.688761183233824,8.405041826003528,7.908236559555173,7.282151527626015
1070004700,-1454595855#3,17,38.65,7.605948138281022,7.563638627884078,7.807519202016383,8.71179077051015,7.884131790082556,6.713339716431862,9.841995252430452,9.457583452843814,9.111455398641802,10.147085805605677,13.074129787991934,12.107002379017185,9.638071686676714,11.323653730534971,12.140263374563936,11.768457705302993,10.87098614598099,11.847334767670974,12.616861865356952,11.721633603027248,11.636750147047461,10.094930595868128,9.498239373113966,8.746275840358777
1070004700,-1454595855#2,18,17.41,3.426120493854401,3.407062057217641,3.516918740157962,3.9242503833009494,3.551429093540422,3.024042547557017,4.433354135700237,4.260194771384497,4.104280426658571,4.57078302394812,5.889278127010079,5.453632895697004,4.341496198319317,5.100771318204758,5.468615403652215,5.301134505804013,4.896865945705797,5.3366648979340665,5.683300519427285,5.2800424586986905,5.241806469860189,4.547289564658838,4.278508343749396,3.939784278930048
1070004700,-1454595855#1,19,25.73,5.0634164449669,5.035250243090746,5.1976059267239725,5.799595770381013,5.248608304238659,4.46919096775658,6.55199321720661,6.296083369771574,6.065659700053131,6.755097484559744,8.703683297413518,8.059849190481557,6.416237632553477,7.538359909098703,8.081991633312551,7.834473913517361,7.237010958242973,7.886983792294286,8.399271818774501,7.8033022666466,7.746793823635994,6.7203768235882775,6.32314874696565,5.822553101485934
1070004700,-1454595855#0,20,30.91,6.082790606837423,6.048953945353089,6.243995304898484,6.9671785955101875,6.3052655532070325,5.3689348159096735,7.871049760740627,7.563619780786605,7.286806891902149,8.115043266527076,10.455921131871426,9.682469431705595,7.707963669732917,9.05599319044854,9.709069622452038,9.411721285146585,8.693976242490878,9.474802527004135,10.090225103704617,9.374274118229554,9.306389315530065,8.073332592969827,7.596133998006539,6.994757728990682
1070004800,1454595855#0,0,30.91,11.923974479649347,11.770291715317246,11.16907537590176,7.151089254953223,9.613012243036192,7.628999888208082,9.642866318325122,12.186039852828452,12.601473029629423,12.530278266750157,11.282714224203088,12.704594740182854,12.469891383536906,12.85183342094656,10.496967391821126,10.781260258682948,11.081380993935365,12.735861175146388,11.779222133917639,12.83059072107723,10.475718469975336,12.044231786271098,12.176482174512506,13.618434010967935
1070004800,1454595855#1,1,24.2,9.335496033889168,9.21517500843343,8.74447182454942,5.598717566155548,7.526201756113743,5.972882474753658,7.549575053492978,9.540671770897719,9.865921944905597,9.810182272900478,8.833441741368965,9.946657803701878,9.762904286043128,10.061933639175244,8.218266285411557,8.440844330641454,8.67581430130171,9.971136863103933,9.222166795238008,10.04530234390388,8.2016301188419,9.429647661849259,9.533188891077408,10.66211915449447
1070004800,1454595855#2,2,17.41,6.716156444215306,6.629594913091985,6.290960928322538,4.027837720114384,5.414511263385962,4.297019995266991,5.431326515756725,6.863764278154103,7.097756242182085,7.057655924429642,6.354967798232797,7.155839353820236,7.023643124793838,7.238771266861198,5.912397356570877,6.072524784978005,6.241567230812511,7.17345011515039,6.634624954755939,7.226806355676304,5.900428940869317,6.7838911484626285,6.858380933622217,7.6705576231301125
1070004800,1454595855#3,3,40.67,15.689034037118697,15.486825107148249,14.695771450596073,9.409084438658931,12.648372951287023,10.03789794414179,12.687653612626423,16.033847972000427,16.58045642559135,16.48678153053151,14.845292381052719,16.716139375064273,16.407327161709674,16.90986946715939,13.811441728416863,14.185501608561486,14.580387092311593,16.757278356299047,15.498575353815284,16.88191926969301,13.783483344351243,15.847263239975593,16.02127240496356,17.918528347656615
1070004800,-1455536617#6,4,32.18,12.413895139279067,12.25389800708214,11.62797947578514,7.444906251193617,10.00798233519588,7.9424528114699475,10.039063025677851,12.686727999483,13.119230090374469,13.045110146361049,11.74628740649807,13.226588765418446,12.982242145655698,13.37987704581237,10.92825657291504,11.224230188431488,11.536681992392108,13.259139845234898,12.263195350031367,13.357761546563095,10.906134596046792,12.539093461087155,12.676777624581446,14.177974974860826
1070004800,-1455536617#5,5,30.11,11.615363040512515,11.465657830740934,10.880001927156325,6.966007682518328,9.364212184982843,7.431549227885646,9.393293589284031,11.870645744699601,12.275326849632544,12.205974720538572,10.990699621182626,12.375779606176181,12.14715074598176,12.51920751551928,10.225289167510002,10.502224082463396,10.794577215379936,12.406236816035513,11.474357115893241,12.498514610534952,10.204590201583867,11.732507896623188,11.8613354343116,13.265967262059029
1070004800,-1455536617#4,6,8.82,3.4024411164835726,3.3585885774538373,3.1870347724184254,2.040524336094708,2.7430206400381496,2.176893530054846,2.7515393376780195,3.477220042120574,3.595761634465594,3.575446596982737,3.21946099830059,3.6251868524235773,3.5582155290454716,3.6672006073357704,2.995252423030163,3.0763738428205634,3.162011658573598,3.634108559197384,3.3611368237189767,3.6611391187286046,2.989189159015932,3.436755883368201,3.4744928107149895,3.8859459067207123
1070004800,-1455536617#3,7,13.88,5.354408469024036,5.285397897399009,5.015424335733305,3.2111652817454135,4.316681007225569,3.425768956594247,4.330086848862915,5.472087776035552,5.658636222945856,5.626666526771019,5.06645336240501,5.704942575015789,5.599550061581762,5.771059459163322,4.713617191798035,4.841277657409231,4.976045557936683,5.718982630573661,5.289408062723288,5.761520517908507,4.7040754565919665,5.408409485391228,5.46779594248572,6.115298093569556
1070004800,-1455536617#2,8,12.13,4.679320945912216,4.619011274888328,4.383076166602664,2.806299342044083,3.772430880233873,2.99384563713892,3.78414650408553,4.782163164503692,4.945191454202682,4.917252519433174,4.42767141829775,4.9856594693761895,4.893554916929882,5.043440291041145,4.119321076117447,4.230886021928961,4.348662292346684,4.997929345018625,4.622515835794919,5.035104026097276,4.1109823694856304,4.726513476786426,4.778412448296239,5.344277080331319
1070004800,-1455536617#1,9,13.54,5.2232486073908815,5.155928496454076,4.892568120016494,3.1325056134605833,4.210940982552896,3.341852425957212,4.224018439020451,5.33804528008079,5.520024096447181,5.488837519631094,4.942347156121314,5.565196143062952,5.462385290620825,5.6296934493567266,4.598153946465805,4.722687282515921,4.854153952050625,5.57889227795154,5.159840430062919,5.620388170928039,4.588845942525592,5.275926832290866,5.333858577900335,5.965499725283268
1070004800,-1455536617#0,10,56.44,21.772537031103496,21.491920556858794,20.394131808990466,13.05750493528178,17.552844095663623,13.930144085747786,17.60735603384891,22.251054328490383,23.00961299877983,22.879615185227397,20.60163024309357,23.197907704170824,22.769351979515463,23.46675762789466,19.16689872514993,19.68600223228941,20.234006577085474,23.254998535272147,21.508227021621202,23.427969598757645,19.12809933501805,21.992120414660004,22.233602521173918,24.866529135523468
1070004800,-1455536618,11,1.35,0.5207818035434041,0.5140696802225262,0.48781144475792226,0.3123251534838839,0.4198500979650229,0.33319798929410904,0.4211539802568397,0.5322275574674349,0.5503716787447337,0.5472622342320516,0.4927746425970291,0.5548755386362618,0.5446248258743068,0.5613062154085364,0.458457003525025,0.47087354737049436,0.4839813763122855,0.5562411059995996,0.51445971791617,0.5603784365400926,0.45752895291060186,0.526034063780847,0.531810124089029,0.5947876387837825
1070004800,632698281#0,12,22.98,8.864863589205498,8.750608334454556,8.303634815212632,5.316468168192334,7.146781667582389,5.671770217761945,7.168976641705315,9.059695756001224,9.368549020410356,9.31561936492781,8.388119471762762,9.445214724341701,9.270724813771533,9.554679133398642,7.803956993337092,8.015314161906637,8.238438539004681,9.46845971545985,8.757247642750803,9.53888627532691,7.788159509544911,8.954268730136198,9.052590112271027,10.124607362408385
1070004900,183521077,0,25.37,1.3370423645834846,1.153183405188001,1.1191584749396033,1.126316181037892,1.1242617967587532,1.1701500333611514,1.3170438676773217,2.3638601345080974,1.5051929916312248,1.5644074367334684,1.7326114689332013,1.797016122661768,1.889276720530227,1.941343401804682,1.86216474342292,1.5535640329501863,1.673799131223317,1.6933421155851276,1.6681367525655926,1.6863926951381298,1.8907255523711244,1.8235992013993683,1.467563166840444,1.6602734816780782
1070004900,662558003,1,0.2,0.010540341857181591,0.009090921601797407,0.008822691958530573,0.008879118494583305,0.008862923112012245,0.009224675075767845,0.010382687171283577,0.018635081864470614,0.011865928195752658,0.01233273501563633,0.013658742364471435,0.014166465294929194,0.01489378573535851,0.015304244397356578,0.014680053160606384,0.01224725292037987,0.013195105488555908,0.01334916922022174,0.013150467107336167,0.013294384668018366,0.014905207350186238,0.014376028391008029,0.01156927999085884,0.013088478373496871
1070004900,183521084#0,2,20.3,1.0698446985039314,0.9227285425824368,0.8955032337908533,0.9012305272002054,0.8995866958692429,0.9363045201904364,1.053842747885283,1.8914608092437675,1.2043917118688947,1.2517726040870873,1.3863623499938507,1.437896227435313,1.5117192521388887,1.5533808063316927,1.4900253958015481,1.2430961714185567,1.3393032070884245,1.3549406758525067,1.3347724113946209,1.3493800438038641,1.5128785460439031,1.4591668816873147,1.1742819190721723,1.3284805549099326
1070004900,379603760,3,43.0,2.266173499294042,1.9545481443864423,1.8968787710840733,1.90901047633541,1.9055284690826328,1.9833051412900868,2.232277741825969,4.006542600861183,2.551174562086821,2.6515380283618106,2.936629608361358,3.0457900384097765,3.2021639331020793,3.290412545431664,3.1562114295303725,2.6331593778816718,2.83694768003952,2.8700713823476742,2.827350428077276,2.858292703623949,3.204619580290041,3.090846104066726,2.4873951980346507,2.814022850301827
1070004900,-379603767#0,4,20.78,1.0951415189611673,0.9445467544267506,0.9166776944913266,0.9225404115872053,0.9208577113380721,0.9584437403722793,1.0787611970963638,1.936185005718497,1.232869939538701,1.2813711681246147,1.419143331668582,1.4718957441431433,1.547464337903749,1.5901109928853487,1.5252575233870036,1.2724895784274686,1.3709714602609586,1.3869786819810388,1.3663335324522277,1.3812865670071084,1.5486510436843504,1.4936693498257338,1.2020481910502336,1.359892903006325
1070004900,379603767#0,5,20.78,1.0951415189611673,0.9445467544267506,0.9166776944913266,0.9225404115872053,0.9208577113380721,0.9584437403722793,1.0787611970963638,1.936185005718497,1.232869939538701,1.2813711681246147,1.419143331668582,1.4718957441431433,1.547464337903749,1.5901109928853487,1.5252575233870036,1.2724895784274686,1.3709714602609586,1.3869786819810388,1.3663335324522277,1.3812865670071084,1.5486510436843504,1.4936693498257338,1.2020481910502336,1.359892903006325
1070004900,379603767#1,6,14.24,0.7504723402313292,0.6472736180479753,0.6281756674473769,0.6321932368143311,0.6310401255752719,0.6567968653946705,0.7392473265953907,1.3268178287503078,0.8448540875375892,0.8780907331133067,0.9725024563503661,1.0086523289989584,1.0604375443575258,1.0896622010917882,1.0452197850351745,0.8720044079310467,0.9394915107851805,0.950460848479788,0.936313258042335,0.9465601883629077,1.0612507633332602,1.0235732214397715,0.8237327353491495,0.9318996601929772
1070004900,379603767#2,7,14.1,0.743094100931302,0.640909972926717,0.6219997830764054,0.6259778538681229,0.6248360793968633,0.650339592841633,0.7319794455754921,1.3137732714451784,0.8365479378005624,0.8694578186023612,0.9629413366952361,0.998735803292508,1.0500118943427748,1.0789492300136387,1.0349437478227501,0.8634313308867807,0.9302549369431914,0.9411164300256326,0.9271079310671996,0.9372541190952948,1.0508171181881298,1.0135100015660659,0.8156342393555482,0.9227377253315293
1070004900,379603762,8,31.66,1.6685361159918457,1.4390928895645294,1.3966321370353898,1.4055644576925368,1.4030007286315385,1.46026606449405,1.6435793792141902,2.949933459145698,1.8783764333876456,1.952271952975231,2.162178916295828,2.2425514561872912,2.357686281907252,2.4226618881015463,2.323852415323991,1.9387401372961335,2.0887851988384,2.1131734875611015,2.081718943091315,2.1045010929473076,2.3594943235344816,2.2757252942965707,1.8314170225529545,2.0719061265245546
1070004900,-379603791#0,9,67.34,3.5489331033130416,3.0609133033251865,2.970600382437244,2.9895991971261986,2.9841462118145228,3.1059480980110337,3.4958507705711805,6.2744320637672555,3.99525802350992,4.152431879764752,4.598898554117532,4.769848864802659,5.01473765709521,5.152939088589959,4.94277389917617,4.1236500582919025,4.442792017996774,4.49466527644866,4.427762275040087,4.476219317721784,5.018583314807707,4.840408759252403,3.8953765729221717,4.406890668356397
1070004900,379603791#0,10,67.34,3.5489331033130416,3.0609133033251865,2.970600382437244,2.9895991971261986,2.9841462118145228,3.1059480980110337,3.4958507705711805,6.2744320637672555,3.99525802350992,4.152431879764752,4.598898554117532,4.769848864802659,5.01473765709521,5.152939088589959,4.94277389917617,4.1236500582919025,4.442792017996774,4.49466527644866,4.427762275040087,4.476219317721784,5.018583314807707,4.840408759252403,3.8953765729221717,4.406890668356397
1070004900,379603791#1,11,16.42,0.8653620664746086,0.746364663507567,0.7243430097953601,0.7289756284052893,0.7276459874962053,0.7573458237205402,0.8524186167623818,1.5299402210730375,0.9741927048712933,1.0125175447837427,1.121382748123105,1.1630668007136868,1.2227798088729338,1.2564784650229752,1.2052323644857843,1.0054994647631874,1.08331816061044,1.095966792980205,1.0796533495122993,1.0914689812443081,1.2237175234502904,1.180271930901759,0.949837887249511,1.0745640744640932
1070004900,416461494#3,12,4.47,0.2355766405080085,0.20318209780017202,0.1971871652731583,0.1984482983539368,0.19808633155347366,0.20617148794341136,0.23205305827818792,0.4164940796709182,0.26520349517507186,0.27563662759947194,0.30527289184593653,0.31662049934166747,0.33287611118526267,0.3420498622809195,0.3280991881395527,0.2737261027704901,0.2949106076692245,0.2983539320719559,0.2939129398489633,0.2971294973302105,0.3331313842766624,0.3213042345390294,0.2585734077956951,0.29252749164765507
1070004900,416461494#4,13,0.2,0.010540341857181591,0.009090921601797407,0.008822691958530573,0.008879118494583305,0.008862923112012245,0.009224675075767845,0.010382687171283577,0.018635081864470614,0.011865928195752658,0.01233273501563633,0.013658742364471435,0.014166465294929194,0.01489378573535851,0.015304244397356578,0.014680053160606384,0.01224725292037987,0.013195105488555908,0.01334916922022174,0.013150467107336167,0.013294384668018366,0.014905207350186238,0.014376028391008029,0.01156927999085884,0.013088478373496871
1070004900,416461494#5,14,9.05,0.476950469037467,0.41136420248133265,0.39922681112350844,0.4017801118798945,0.4010472708185541,0.417416547178495,0.4698165945005819,0.8432374543672955,0.5369332508578077,0.558056259457544,0.6180580919923324,0.641032554595546,0.6739438045249726,0.6925170589803852,0.6642724055174389,0.5541881946471892,0.5970785233571548,0.6040499072150338,0.5950586366069616,0.6015709062278312,0.6744606325959274,0.6505152846931133,0.5235099195863626,0.5922536464007334
1070004900,-669460928#1,15,25.41,1.339150432954921,1.1550015895083603,1.1209230133313093,1.1280920047368088,1.1260343813811557,1.171994968376305,1.3191204051115786,2.3675871508809916,1.5075661772703752,1.5668739837365955,1.7353432174060957,1.7998494157207539,1.8922554776772984,1.9444042506841532,1.865100754055041,1.5560134835342625,1.676438152321028,1.696011949429172,1.67076684598706,1.6890515720717336,1.8937065938411617,1.8264744070775698,1.4698770228386158,1.6628911773527775
1070004900,-669460928#0,16,71.33,3.759212923363814,3.2422771892810442,3.1466130870099285,3.166737611093135,3.160961527899167,3.2899803657726023,3.7029853796382874,6.646201946963445,4.231983291015185,4.398469943326696,4.871390464288736,5.052469847436496,5.311868682515612,5.458258764317224,5.235640959730267,4.367982754053481,4.706034372493464,4.760981202392084,4.690114093831443,4.741442291848751,5.315942201443922,5.1272105256530125,4.126183708739805,4.668005811907659
1070004900,669460928#0,17,71.43,3.764483094292405,3.246822650081944,3.1510244329891948,3.1711771703404272,3.1653929894551736,3.2945927033104865,3.7081767232239295,6.655519487895681,4.2379162551130625,4.4046363108345155,4.878219835470973,5.059553080083962,5.319315575383292,5.465910886515902,5.242980986310571,4.3741063805136715,4.712631925237742,4.7676557870021945,4.696689327385112,4.74808948418276,5.323394805119015,5.134398539848517,4.131968348735236,4.674550051094408
1070004900,669460928#1,18,25.41,1.339150432954921,1.1550015895083603,1.1209230133313093,1.1280920047368088,1.1260343813811557,1.171994968376305,1.3191204051115786,2.3675871508809916,1.5075661772703752,1.5668739837365955,1.7353432174060957,1.7998494157207539,1.8922554776772984,1.9444042506841532,1.865100754055041,1.5560134835342625,1.676438152321028,1.696011949429172,1.67076684598706,1.6890515720717336,1.8937065938411617,1.8264744070775698,1.4698770228386158,1.6628911773527775
1070004900,416461494#6,19,24.8,1.3070023902905172,1.1272742786228784,1.0940138028577913,1.1010106933283297,1.0990024658895183,1.1438597093952128,1.2874532092391635,2.3107501511943562,1.4713750962733294,1.5292591419389048,1.6936840531944577,1.75664169657122,1.8468294311844549,1.8977263052722158,1.8203265919151916,1.5186593621271038,1.6361930805809324,1.655296983307496,1.6306579213096846,1.6485036988342774,1.8482457114230935,1.7826275204849953,1.4345907188664961,1.622971318313612
1070004900,416461494#7,20,5.49,0.2893323839796347,0.24954579796933882,0.24218289426166426,0.24373180267631167,0.24328723942473615,0.25321733082982734,0.2850047628517342,0.5115329971797183,0.32571972897341045,0.33853357617921725,0.3749324779047409,0.3888694723458064,0.4088344184355911,0.42010150870743806,0.4029674592586453,0.3361870926644274,0.3622056456608596,0.3664346950950868,0.36098032209637776,0.36493085913710416,0.4091479417626122,0.3946219793331704,0.3175767357490752,0.3592787313524891
1070004900,-669460929#2,21,31.32,1.6506175348346368,1.4236383228414737,1.3816335607058878,1.3904699562517453,1.3879337593411174,1.4445841168652447,1.6259288110230081,2.9182538199760986,1.8582043554548662,1.931306303448649,2.1389590542762265,2.2184684651859117,2.3323668461571425,2.3966446726260404,2.29889632495096,1.9179198073314876,2.066353519507855,2.0904798998867244,2.0593631490088433,2.0819006390116765,2.334155471039165,2.2512860460318573,1.8117492465684946,2.04965571328961
1070004900,-669460929#1,22,1.0,0.05270170928590795,0.04545460800898703,0.04411345979265287,0.044395592472916516,0.04431461556006122,0.046123375378839225,0.05191343585641788,0.09317540932235308,0.05932964097876329,0.06166367507818164,0.06829371182235716,0.07083232647464596,0.07446892867679254,0.07652122198678289,0.07340026580303192,0.06123626460189935,0.06597552744277953,0.0667458461011087,0.06575233553668083,0.06647192334009183,0.0745260367509312,0.07188014195504014,0.057846399954294206,0.06544239186748435
1070004900,-669460929#0,23,42.94,2.2630113967368874,1.9518208679059028,1.894231963496514,1.906346740787035,1.9028695921490288,1.9805377387673562,2.2291629356745837,4.00095207630184,2.5476147836280956,2.6478382078571197,2.932531985652017,3.0415400988212973,3.1976957973814715,3.2858212721124573,3.1518074135821905,2.629485202005558,2.832989148392953,2.8660666315816075,2.8234052879450746,2.854304388223543,3.200148018084985,3.086533295549423,2.483924414037393,2.810096306789778
1070004900,669460929#0,24,42.94,2.2630113967368874,1.9518208679059028,1.894231963496514,1.906346740787035,1.9028695921490288,1.9805377387673562,2.2291629356745837,4.00095207630184,2.5476147836280956,2.6478382078571197,2.932531985652017,3.0415400988212973,3.1976957973814715,3.2858212721124573,3.1518074135821905,2.629485202005558,2.832989148392953,2.8660666315816075,2.8234052879450746,2.854304388223543,3.200148018084985,3.086533295549423,2.483924414037393,2.810096306789778
1070004900,669460929#1,25,1.0,0.05270170928590795,0.04545460800898703,0.04411345979265287,0.044395592472916516,0.04431461556006122,0.046123375378839225,0.05191343585641788,0.09317540932235308,0.05932964097876329,0.06166367507818164,0.06829371182235716,0.07083232647464596,0.07446892867679254,0.07652122198678289,0.07340026580303192,0.06123626460189935,0.06597552744277953,0.0667458461011087,0.06575233553668083,0.06647192334009183,0.0745260367509312,0.07188014195504014,0.057846399954294206,0.06544239186748435
1070004900,379603745,26,32.04,1.6885627655204907,1.4563656406079444,1.4133952517565977,1.4224347828322452,1.4198402825443617,1.477792947138009,1.663306484839629,2.9853401146881926,1.9009216969595757,1.9757041495049399,2.1881305267883238,2.2694677402476566,2.3859844748044328,2.4517399524565238,2.351744516329143,1.9620099178448551,2.1138558992666563,2.1385369090795225,2.1067048305952536,2.1297604238165424,2.387814217499835,2.303039748239486,1.853398654535586,2.0967742354341987
1070004900,-379603817#0,27,47.58,2.5075473278235,2.162730249067603,2.0989184169344233,2.1123422898613677,2.108489408347713,2.1945502005251702,2.470041278048363,4.433285975557559,2.822904317769557,2.9339576602198827,3.2494148085077534,3.370202093663655,3.5432316264417887,3.64087974213113,3.492384646908259,2.913621469758371,3.13911559572745,3.175767357490752,3.128496124835274,3.1627341125215693,3.545948828609306,3.4200571542208094,2.7523317098253184,3.1137490050549053
1070004900,379603817#0,28,47.58,2.5075473278235,2.162730249067603,2.0989184169344233,2.1123422898613677,2.108489408347713,2.1945502005251702,2.470041278048363,4.433285975557559,2.822904317769557,2.9339576602198827,3.2494148085077534,3.370202093663655,3.5432316264417887,3.64087974213113,3.492384646908259,2.913621469758371,3.13911559572745,3.175767357490752,3.128496124835274,3.1627341125215693,3.545948828609306,3.4200571542208094,2.7523317098253184,3.1137490050549053
1070004900,379603817#1,29,28.2,1.486188201862604,1.281819945853434,1.2439995661528107,1.2519557077362458,1.2496721587937265,1.300679185683266,1.4639588911509842,2.627546542890357,1.6730958756011247,1.7389156372047223,1.9258826733904721,1.997471606585016,2.1000237886855495,2.1578984600272775,2.0698874956455002,1.7268626617735614,1.8605098738863828,1.8822328600512652,1.8542158621343992,1.8745082381905895,2.1016342363762597,2.0270200031321317,1.6312684787110965,1.8454754506630586
1070004900,416461494#9,30,27.19,1.432959475483837,1.2359107917643573,1.1994449717622315,1.2071161593386002,1.2049143970780647,1.2540945765506388,1.4115263209360023,2.53343937947478,1.613172938212574,1.676635325375759,1.8569060244498914,1.925930956845624,2.0248101707219894,2.080612025820627,1.995753227184438,1.6650140345256434,1.7938745911691754,1.8148195554891458,1.7878060032423517,1.8073715956170968,2.0263629392578193,1.9544210597575413,1.5728436147572595,1.7793786348768998
1070004900,183521082#7,31,86.44,4.555535750673883,3.929096316296839,3.8131674644769133,3.8375550133589034,3.830555369011692,3.9869045677468624,4.487397395428762,8.0540823818242,5.128454166204299,5.330208073758021,5.903308449924554,6.122746300468397,6.437094194821947,6.614494428537513,6.344718976014079,5.29326271218818,5.702924592153862,5.769510936979835,5.6836318837906905,5.745833053517538,6.442030616750492,6.213319470593668,5.000242812049191,5.6568403530253475
1070004900,-183521082#7,32,86.38,4.5523736481167285,3.9263690398162994,3.810520656889354,3.8348912778105286,3.827896492078088,3.984137165224132,4.4842825892773766,8.048491857264858,5.124894387745573,5.326508253253331,5.899210827215212,6.118496360879918,6.43262605910134,6.609903155218306,6.340314960065898,5.289588536312065,5.698966060507296,5.765506186213769,5.67968674365849,5.741844738117132,6.437559054545437,6.209006662076367,4.996772028051933,5.652913809513298
1070004900,416461494#10,33,11.23,0.5918401952807463,0.5104552479409243,0.4953941534714917,0.49856250347085246,0.4976531327394875,0.5179655055043646,0.5829878846675729,1.046359846690025,0.6662718681915117,0.6924830711279799,0.7669383837650711,0.7954470263102743,0.8362860690403803,0.8593333229115719,0.8242849849680486,0.6876832514793297,0.7409051731824141,0.7495558517154507,0.7383987280769257,0.7464796991092313,0.8369273927129574,0.8072139941551008,0.6496150714867239,0.7349180606718494
1070004900,416461494#11,34,15.32,0.8073901862601097,0.6963645946976813,0.675818204023442,0.680140476685081,0.678899910380138,0.706610110803817,0.7953138373203219,1.4274472708184491,0.9089300997946537,0.9446875021977428,1.0462596651185119,1.0851512415915763,1.1408639873284618,1.172305120837514,1.1244920721024492,0.938139573701098,1.0107450804233824,1.0225463622689854,1.0073257804219502,1.0183498655702068,1.1417388830242658,1.101203774751215,0.8862068472997873,1.0025774434098604
1070004900,-379603781#1,35,38.65,2.0369210639003423,1.7568205995473487,1.704985220986033,1.7158896490782234,1.7127598913963662,1.782668458392136,2.0064542958505514,3.6012295703089463,2.293090623829201,2.38330104177172,2.6395519619341044,2.7376694182450665,2.8782240933580314,2.9575452297891585,2.8369202732871837,2.3667816268634096,2.549954135663429,2.579726951807851,2.541327768492714,2.569139837094549,2.8804313204234906,2.778167486562301,2.235763358233471,2.5293484456782704
1070004900,-379603781#0,36,37.09,1.954706397414326,1.685911411053329,1.636168223709495,1.6466325248204736,1.643629091122671,1.710715992801147,1.9254693359145396,3.455875931766076,2.2005363839023304,2.2871057086497575,2.5330137714912278,2.627170988944619,2.762052564622236,2.8381721234897777,2.7224158586344545,2.271253054084447,2.447032312852693,2.475603431890122,2.438754125055492,2.465443636684006,2.764170703092038,2.6660344651124386,2.145522974304772,2.427258314364995
1070004900,379603781#0,37,37.09,1.954706397414326,1.685911411053329,1.636168223709495,1.6466325248204736,1.643629091122671,1.710715992801147,1.9254693359145396,3.455875931766076,2.2005363839023304,2.2871057086497575,2.5330137714912278,2.627170988944619,2.762052564622236,2.8381721234897777,2.7224158586344545,2.271253054084447,2.447032312852693,2.475603431890122,2.438754125055492,2.465443636684006,2.764170703092038,2.6660344651124386,2.145522974304772,2.427258314364995
1070004900,379603781#1,38,38.65,2.0369210639003423,1.7568205995473487,1.704985220986033,1.7158896490782234,1.7127598913963662,1.782668458392136,2.0064542958505514,3.6012295703089463,2.293090623829201,2.38330104177172,2.6395519619341044,2.7376694182450665,2.8782240933580314,2.9575452297891585,2.8369202732871837,2.3667816268634096,2.549954135663429,2.579726951807851,2.541327768492714,2.569139837094549,2.8804313204234906,2.778167486562301,2.235763358233471,2.5293484456782704
1070004900,416461494#12,39,12.78,0.6735278446739036,0.5809098903548542,0.5637700161501036,0.567375671803873,0.5663407868575824,0.5894567373415653,0.6634537102450205,1.1907817311396722,0.7582328117085947,0.7880617674991613,0.8727936370897247,0.9052371323459754,0.9517129084894087,0.9779412169910853,0.938055396962748,0.7825994616122737,0.8431672407187224,0.8530119131721691,0.840314848158781,0.8495111802863736,0.9524427496769006,0.9186282141854129,0.7392769914158798,0.8363537680664499
1070004900,416461494#13,40,10.44,0.550205844944879,0.4745461076138246,0.4605445202352959,0.4634899854172484,0.46264458644703915,0.4815280389550815,0.5419762703410027,0.972751273325366,0.6194014518182887,0.6437687678162163,0.7129863514254088,0.7394894883953038,0.7774556153857142,0.7988815575420133,0.7662987749836532,0.6393066024438292,0.6887845065026184,0.6968266332955748,0.6864543830029478,0.6939668796705587,0.7780518236797216,0.750428682010619,0.6039164155228315,0.6832185710965366
1070004900,-379603826#0,41,72.64,3.8282521625283534,3.301822725772818,3.2044017193383043,3.2248958372326557,3.2190136742828472,3.3504019875188815,3.7709919806101952,6.768261733175727,4.309705120697365,4.479249357679115,4.960855226776024,5.145260195118283,5.40942297908221,5.55850156511991,5.331795307932239,4.448202260681969,4.792462313443505,4.848418260784536,4.776249653384495,4.828520511424271,5.413571309587642,5.221373511614115,4.201962492679931,4.753735345254063
1070004900,379603826#0,42,72.64,3.8282521625283534,3.301822725772818,3.2044017193383043,3.2248958372326557,3.2190136742828472,3.3504019875188815,3.7709919806101952,6.768261733175727,4.309705120697365,4.479249357679115,4.960855226776024,5.145260195118283,5.40942297908221,5.55850156511991,5.331795307932239,4.448202260681969,4.792462313443505,4.848418260784536,4.776249653384495,4.828520511424271,5.413571309587642,5.221373511614115,4.201962492679931,4.753735345254063
1070005000,634224224,0,23.21,5.290076335877864,5.133730894985134,4.742529722465893,5.331272532721622,5.787254072069269,5.5631777910761455,5.767179355268236,5.579179261232646,5.943905995368387,6.0805475125032915,7.5818683641246265,7.436529034460894,7.0406339618459155,7.10944895475339,6.380574527922862,7.993247210804463,7.842431225694946,7.498819548280476,7.061995108574819,6.616354712297498,6.794026817823292,5.71619250438669,6.498139552725461,5.989793072018168
1070005000,448204368#0,1,0.83,0.18917550016280169,0.18358451714078677,0.16959498792101207,0.1906486946212385,0.20695479878576015,0.19894173057273593,0.20623691791782142,0.1995139503155147,0.21255674175595693,0.2174431036354042,0.27113101000531836,0.2659336104525007,0.25177622526204696,0.2542370802432276,0.22817220414373007,0.28584210189434317,0.28044885468878955,0.26816114713799205,0.2525401094406333,0.2366038091859941,0.24295744329139732,0.20441360528397037,0.23237638210952746,0.21419768417815935
1070005000,518705250#0,2,15.37,3.5031655873521226,3.399631359583003,3.140572246199947,3.530446308829441,3.8324039245025703,3.684017348075845,3.8191101546950788,3.6946137546379045,3.9361411093844074,4.026627111898991,5.020823643110535,4.924577822475826,4.662410340093568,4.707980630528203,4.225309370709796,5.293244706163921,5.193372164538187,4.965827507844503,4.6765560025331725,4.381446442396059,4.499103498058768,3.785345919535692,4.303162642196912,3.9665281997810955
1070005000,518705250#1,3,8.05,1.8347744292898236,1.780548630100402,1.6448670515230692,1.8490626406035786,2.0072122050908066,1.9294950977235232,2.000249625588509,1.9350449398071004,2.0615443025728357,2.108936125620487,2.629644133184112,2.579235619448953,2.4419260401921425,2.4657933686240754,2.2129954739241295,2.7723240003005576,2.7200160002948865,2.60084004151908,2.449334796382046,2.294771884273798,2.35639448011536,1.9825656898023634,2.253770934917706,2.077459467029136
1070005000,518705250#2,4,14.05,3.2023081654064622,3.1076656214795837,2.870854916012313,3.2272459752149416,3.5032709914938915,3.3676280898155904,3.4911189117414354,3.3773144601602185,3.598099062254452,3.680813983225819,4.5896273380418355,4.501647261274259,4.261995138472,4.3036517800209015,3.8624330942402505,4.838652447729544,4.7473571185271,4.5393543581792635,4.274925948964937,4.0051608663412255,4.112713347282088,3.460254402698535,3.933600203179351,3.6258764610881196
1070005000,518705250#3,5,31.23,7.118013096487104,6.90764394012864,6.381266834666515,7.173444256652143,7.786985983228059,7.485482223839209,7.75997463442598,7.507012853437979,7.997767524142815,8.181624248835751,10.201712581284449,10.00615259570072,9.473459656546659,9.56605303132048,8.58532281374541,10.755239568867877,10.552310520398672,10.089967018216255,9.50220194919395,8.90257465166096,9.141639703602818,7.691369750624573,8.743511341301858,8.059510454077008
1070005000,518705250#4,6,30.13,6.867298578199053,6.66433915837579,6.156502392843486,6.920777311973393,7.51270853905416,7.22182450862233,7.486648598631278,7.242596774706574,7.7160658182011845,7.893446641608107,9.842382327060534,9.65371046136608,9.139780321862018,9.229112322564395,8.282925916687455,10.376412686839227,10.180631315389432,9.734572726828555,9.167510237887086,8.58900333828193,8.819647911288918,7.420460153260274,8.435542642120557,7.775634005166194
1070005000,518705250#5,7,30.02,6.842227126370249,6.640008680200506,6.134025948661185,6.8955106175055185,7.485280794636771,7.195458737100641,7.4593159950518055,7.216155166833435,7.687895647607022,7.864628880885344,9.80644930163814,9.618466247932616,9.106412388393554,9.195418251688787,8.252686226981659,10.338529998636364,10.143463394888508,9.699033297689786,9.1340410667564,8.557646206944028,8.787448732057529,7.393369193523845,8.404745772202427,7.7472463602751125
1070005000,518705250#6,8,36.09,8.225715422741583,7.982608703145779,7.374317004902804,8.289772757687349,8.99879360021456,8.650369947433784,8.967578756209852,8.675251164924006,9.242376879484924,9.454845313496072,11.789298977219206,11.56330602557922,10.947715626153343,11.05471834455191,9.92136728620147,12.428965611285356,12.194456826166766,11.660163614711005,10.980930782786093,10.287989727135576,10.564257986007869,8.888297608070472,10.10417304859379,9.313728219264785
1070005000,518705250#7,9,16.02,3.651315075431425,3.543402366982415,3.2733875981862814,3.6797495034123386,3.9944769596962386,3.8398150888858185,3.980620994028312,3.8508596193428257,4.102601208349916,4.196913879806235,5.233155156970121,5.132839083673567,4.859584492407219,4.907081958429526,4.403998446244043,5.517096954635395,5.41300078568001,5.17583322548269,4.87432837739632,4.56673858212003,4.689371375335163,3.945428863432778,4.48514414625859,4.134273374137486
1070005000,518705250#8,10,31.43,7.163597554357659,6.951881173174613,6.4221330968161565,7.219383701139189,7.836854609441496,7.533419990242277,7.809670277297744,7.5550885041164175,8.048986016132202,8.234020177422597,10.267045354779707,10.070232983761562,9.53412862648932,9.62731497836704,8.640304067755947,10.824117183782176,10.619888557673079,10.154584162104928,9.563054987613379,8.959587617729873,9.20018366584171,7.740626041054445,8.799505650243912,8.111124353878974
1070005000,518705250#9,11,39.98,9.112333128323868,8.843022885889946,8.169165803713328,9.18329495296038,9.968738380065892,9.582759503973474,9.934159010065663,9.61032257061961,10.238576548678504,10.473946124510194,13.060021421701961,12.809669573362623,12.127727091538116,12.246263214607518,10.99075267670642,13.76863522136848,13.508849651153982,12.91696706334569,12.164522380044,11.396891917175955,11.702938051554295,9.846332456931489,11.193262357516755,10.317618570413025
1070005500,518701059#0,0,137.82,20.883246647497952,18.317721191897235,18.20956808355477,19.480847770239116,21.703107441807134,20.582504423210136,17.539176920945604,17.439997051452156,19.67709539720593,21.033162273108132,24.978000892105396,24.30459978966373,22.572569373220052,22.624861039721722,26.09011135034695,25.334366663588092,26.26552671128609,24.224220790772737,23.383236270103456,19.95178416509338,21.85691536474422,23.07931866596268,21.26211541831613,21.223611044143155
1070005500,518701059#1,1,68.31,10.350708014008019,9.079114313006096,9.025508603886422,9.655613925301365,10.757069143446854,10.201646184512295,8.693231573572735,8.64407341884122,9.752883373843689,10.425013168451725,12.380258604989983,12.04648970854687,11.188014902660441,11.213933083902125,12.931472256147151,12.55689005071617,13.018416265041015,12.00665013944047,11.589819109060857,9.889031898980765,10.833303501419808,11.439183413669358,10.538492992491475,10.51940843437396
1070005500,518701059#2,2,55.5,8.409666151038575,7.376531172183258,7.332978004914309,7.844921283182928,8.739823414746017,8.288557506081574,7.063012038256284,7.023072386849476,7.923950040233125,8.470037049466706,10.05862029830104,9.787442231362192,9.089955015336766,9.111012826183106,10.506466259935102,10.202128499703521,10.577105880687693,9.75507367499555,9.416409904155723,8.034566979848227,8.801761738088118,9.294022536358504,8.56223629165974,8.546730612029787
1070005600,-518701059#2,0,55.5,13.168260725342769,12.144891003507073,12.058008799087503,11.544776526327906,10.65832123749514,11.383272175501324,11.527856971086587,10.950126784136536,14.432735914259473,12.90187163467154,12.680023223973263,13.407683647621726,15.933506563007592,16.536456355861418,15.25373188094004,16.795390192038607,13.979575367188533,14.730039463055082,16.42138011121381,16.151624380434118,10.596103825691173,11.290680966418298,12.598784420616255,12.413215791590869
1070005600,-518701059#1,1,68.31,16.207637660327286,14.948063143235462,14.841127586768781,14.209435756999266,13.118377004203479,14.010654456008925,14.188610985494138,13.477534425664269,17.76396739284801,15.879763087647078,15.606709665398444,16.502321981424146,19.611132131874747,20.35324925529538,18.774458104270526,20.671947820146976,17.206212492480155,18.129891814798068,20.211612169315593,19.879593899593775,13.041799141134486,13.896692194883494,15.506720067969304,15.278320193217517
1070005600,-518701059#0,2,137.82,32.69999447147279,30.15871852438459,29.942968877301613,28.66848830375697,26.46720419732577,28.267433715812473,28.626472932525285,27.19182834936392,35.83999394059893,32.03848556198976,31.487581995099006,33.29453982549957,39.56677251376046,41.06404351287965,37.8787266275884,41.707039212013704,34.7146860739806,36.578270969337865,40.778281205900676,40.10841211011586,26.312703229851483,28.03750722147333,31.285846285573548,30.825034241388348
1070005700,180192152#1,0,74.49,10.386459460659971,10.676121676694315,11.178146359254077,12.155369876021856,11.678594274704043,10.74618007632264,12.036248243917111,10.603155377465107,10.349990150755968,12.917077979558721,13.100787533045779,11.89058973350262,11.720386460975346,11.7907087797412,12.400829595857381,13.356036225352513,12.369606357261018,12.25645403299501,12.170426073225848,12.70550515058319,12.500751462829944,11.425105406725967,12.145353089968273,12.065809230189519
1070005700,183521107#0,1,34.23,4.772835378418456,4.905942341163194,5.13663511716025,5.5856935274027135,5.366603329616315,4.938135911028647,5.530954186995337,4.8724125194070425,4.7560768272301885,5.935717267288159,6.020136357311814,5.464020493727945,5.385807874334624,5.418122721580631,5.69848834831787,6.137429453534924,5.684140496832388,5.632144201227267,5.592612222936244,5.838494312048096,5.7444049210990595,5.250118916260302,5.581090566111074,5.5445381923665895
1070005700,183521107#1,2,44.12,6.1518404001116656,6.323405670234301,6.620752011951804,7.199555899182229,6.917164443548696,6.36490085873748,7.129000839329077,6.280188149466512,6.130239836909025,7.650711242557804,7.759521358007514,7.042728138570756,6.941917715911295,6.9835692222067625,7.344940284188853,7.91070369529538,7.326446938949605,7.259427465911395,7.208473598479318,7.525397868757288,7.404123433213278,6.767024440122832,7.193623014222046,7.146509642045396
1070005700,183521107#2,3,80.61,11.239797249614718,11.55325773067967,12.096528097992632,13.154039008002709,12.638092153092938,11.629072035875526,13.02513049996185,11.47429661669301,11.200331669384328,13.978328043122952,14.177130930847365,12.867504878744077,12.683317930181538,12.759417837762626,13.419665374171883,14.453350518534918,13.3858768755378,13.263428105782356,13.170332202480006,13.749372670002835,13.527796689739853,12.363776974576188,13.143199256038965,13.05712017781685
1070005700,183521107#3,4,103.41,14.418898816308872,14.821019500429037,15.51795026192058,16.874571068323537,16.21269209218882,14.91827737538628,16.709201649932453,14.719724762836176,14.368270660352728,17.932004750519095,18.187037706970923,16.506992674741657,16.2707096782046,16.368333936273828,17.215328077696494,18.541384159802703,17.171982727941494,17.014900141656785,16.895472684015104,17.63829087960542,17.354043613521874,15.860788697939755,16.860665364929776,16.75023939446769
1070005700,183521107#4,5,51.77,7.218512636305099,7.419825737715998,7.768729185374998,8.447892314158297,8.116536791534815,7.468515808178589,8.365103659385003,7.3691146985013924,7.193166735194477,8.97727382201309,9.104950605259498,8.263872070122577,8.145582052419034,8.194455544733549,8.618485007081981,9.28234656177339,8.596785086795583,8.51814505689558,8.458356260047015,8.830232268031843,8.687929966850668,7.940363899935608,8.440930721810412,8.385648326579561
1070005700,183521107#6,6,42.59,5.938505952872981,6.104121656737964,6.391156577267165,6.949888616187017,6.677289973951473,6.144177868849258,6.881780275317893,6.062402839659538,5.9176544572519365,7.385398726666748,7.490435508557119,6.798499352260394,6.701184848609747,6.741391957701405,7.090231339610229,7.63637512199978,7.072379309380411,7.007683947714559,6.95849706616578,7.264430988902379,7.147362126485801,6.532356548160277,6.944161472704374,6.898681905138565
1070005800,-183521107#6,0,42.59,7.899461859336302,7.881126551345581,7.884176522921179,7.995569911785058,7.176016954994125,8.008141562589751,7.881126551345581,7.4597993904168165,10.09049635226762,8.453407524991006,12.287522397604539,10.105511971839448,10.03087746687756,9.14805214873297,9.937908358647963,11.024194878370306,9.475680062896895,11.268092995148411,12.606876321304657,10.100501802294657,10.463642596419273,12.287522397604539,9.813445151844087,9.336715002396115
1070005800,-183521107#4,1,51.77,9.602139949702757,9.579852584248902,9.58355995754002,9.71896347342363,8.72276115895858,9.734244862532785,9.579852584248902,9.067711069309194,12.265437805984849,10.275485033312618,14.936018655176966,12.283689945577088,12.192968454103106,11.119855828596052,12.079960453796785,13.40038903153864,11.518101828038796,13.696857815422241,15.324207258838742,12.277599866278338,12.719013318070573,14.936018655176966,11.92867000495347,11.349183744401195
1070005800,-183521107#3,2,103.41,19.18016790030446,19.13564913535211,19.143054572323997,19.413521591399217,17.423618532893695,19.444045996417138,19.13564913535211,18.11265214752296,24.500075787461714,20.525167226093448,29.834531372065868,24.536534233574013,24.355319061981884,22.211788511398833,24.129586836529366,26.76712825480801,23.00728047203963,27.359321357790492,30.609933796339853,24.524369367816163,25.40608783507201,29.834531372065868,23.82738584532043,22.66986847611604
1070005800,-183521107#2,3,80.61,14.951294211812616,14.91659101441576,14.922363688956944,15.133197712819756,13.582031621086557,15.1569920488462,14.91659101441576,14.119146016940585,19.098260412216312,15.999745963595325,23.25656681077487,19.12668044259164,18.985419878023013,17.314498326117977,18.809457449885237,20.86546957373633,17.934598963844063,21.327095006783598,23.86100728481729,19.117197705634474,19.804513493715834,23.25656681077487,18.57388621014679,17.671580097279897
1070005800,-183521107#1,4,44.12,8.183241541064044,8.164247556829466,8.167407095357651,8.282802172058153,7.433807655654868,8.295825445913588,8.164247556829466,7.727784670232212,10.452986594553822,8.757087109711273,12.728938440533275,10.468541634129053,10.391225964748484,9.476686095376817,10.294917041172765,11.420227237231693,9.816083690420545,11.672887131860714,13.05976481089367,10.463351479625269,10.839537716694489,12.728938440533275,10.165982627362316,9.672126459396962
1070005800,-183521107#0,5,34.23,6.348874840222625,6.334138573668918,6.336589865686592,6.426117822972587,5.767435087331507,6.436221781813738,6.334138573668918,5.995513809203278,8.109830714677637,6.794086395408361,9.875602058464505,8.12189891514591,8.061914432759306,7.352379080796655,7.98719425021178,8.860253361977353,7.6156968432251855,9.05627666644588,10.132269933746379,8.117872192828036,8.409732004588674,9.875602058464505,7.88716195228042,7.504009263489528
1070005900,536149447#2,0,66.92,2.507204993345935,2.432363053246056,2.2153722965843436,2.108769262498805,2.3343717037419625,2.946319992180534,2.9868192360593038,3.3429399911279134,3.2675353296739003,3.0496996410289734,3.033732627201596,3.1340062416824184,3.533188608509177,3.6089871184495124,3.177931984253226,3.1644334867472965,3.9299068471435907,3.283996464835985,2.781326072618424,3.4174222714020606,3.5165113864865436,2.8939991044170617,2.567693937055413,2.7739289288082687
1070005900,-183521169,1,11.54,0.4323542382428584,0.4194481415788925,0.3820292334516336,0.36364610414280046,0.4025500517211932,0.5080772969181613,0.5150611772881704,0.5764723176571447,0.563469182672397,0.5259045704942371,0.5231511434235866,0.540442797803573,0.6092796853286894,0.6223507374014849,0.548017559747194,0.5456898152579767,0.6776916469820238,0.5663078183533662,0.4796249682907443,0.589316392886727,0.6064037866116962,0.4990548365955303,0.4427852366051922,0.47834936997082206
1070005900,26271772#0,2,127.42,4.773880159177212,4.6313762738286375,4.218211865373237,4.0152328067483225,4.444794418571442,5.609983463891865,5.687096638653265,6.365173545569617,6.221598202436466,5.8068249889407015,5.776422763867713,5.9673501989715145,6.727419194504473,6.871744450580348,6.050987648439123,6.025285637796482,7.48279633088817,6.25294126642859,5.29582438991392,6.506992615392268,6.695664687180446,5.510361116031411,4.8890550128451995,5.281739750579043
1070005900,459488062,3,251.45,9.42075157765743,9.13953511265273,8.324198505321775,7.923640631430432,8.771335399072273,11.070713718377094,11.222888477392587,12.561002103543242,12.277671229027229,11.459159813758745,11.39916421263959,11.775939472071789,13.275855881793673,13.560666630814852,11.940989202637084,11.89026898150938,14.766513399794617,12.339523477032403,10.450753750147976,12.840867156964256,13.21319169354515,10.874119468106247,9.648037066237054,10.422959192301839
1070005900,-459488062,4,250.99,9.40351735325607,9.122815342711112,8.308970303641727,7.909145206135312,8.755289209835553,11.05046107049301,11.202357442596005,12.538023137674761,12.255210585697133,11.438196546650657,11.378310700856675,11.754396691570086,13.251569169900154,13.535858889116007,11.919144481884597,11.868517047798925,14.739499694628956,12.316949681846742,10.431635250545401,12.81737620889425,13.18901961886219,10.854226467687363,9.63038704814014,10.403891539772673
1070005900,518705250#11,5,58.99,2.210101950948546,2.1441287583829176,1.952851341534824,1.858880735128579,2.057749354508942,2.597181953657049,2.632882049239963,2.946802601264728,2.880333369657253,2.688311145013436,2.674236217552633,2.762627438685682,3.114506814344835,3.1813232235107103,2.801347993889687,2.7894490643039904,3.4642140602659954,2.8948438652222768,2.451739764252254,3.012458753586485,3.0998058381476574,2.551061075456701,2.263422972906438,2.4452191797728595
1070005900,379603829#0,6,39.6,1.4836419267259269,1.4393541080176901,1.3109495359345487,1.2478670471451385,1.3813675951611137,1.743488817847417,1.7674542998796836,1.9781892356345694,1.9335684258082255,1.8046638640876769,1.7952153621814586,1.8545524084074083,2.0907691108332846,2.1356229810310925,1.8805455256489505,1.87255777159583,2.3255276620873606,1.9433093246787958,1.6458534440479615,2.0222642251572265,2.0809003422723724,1.712527862147574,1.519436340516951,1.6414761742499615
1070005900,379603779,7,41.18,1.5428377409740823,1.4967828830345573,1.363255098226887,1.297655681854465,1.4364827668872389,1.8130522605797126,1.8379739411375096,2.0571169879654434,2.0107158528985534,1.8766681293719834,1.866842641783648,1.9285471762176027,2.174188686467542,2.2208321807793023,1.9555773925814086,1.947270935210007,2.418313866786806,2.020845403794768,1.7115213339872488,2.1029505250498635,2.163926164009502,1.7808559940211386,1.580060315719395,1.7069694155457933
1070005900,-26323742#0,8,27.83,1.0426705762823874,1.0115460814679877,0.9213062016428912,0.8769732303547778,0.9707944488215603,1.2252851969872123,1.242127605193222,1.3902274350431831,1.3588689214707805,1.268277660039395,1.2616374628664138,1.3033382203529842,1.469346069557836,1.5008683727801841,1.3216056055255123,1.3159919894826249,1.6343291625225063,1.365714608732598,1.1566692259559284,1.4212023582354953,1.4624105183191947,1.2035265253426002,1.0678260948633018,1.1535929780145562
1070005900,518705250#11,9,58.99,2.210101950948546,2.1441287583829176,1.952851341534824,1.858880735128579,2.057749354508942,2.597181953657049,2.632882049239963,2.946802601264728,2.880333369657253,2.688311145013436,2.674236217552633,2.762627438685682,3.114506814344835,3.1813232235107103,2.801347993889687,2.7894490643039904,3.4642140602659954,2.8948438652222768,2.451739764252254,3.012458753586485,3.0998058381476574,2.551061075456701,2.263422972906438,2.4452191797728595
1070005900,379603829#0,10,39.6,1.4836419267259269,1.4393541080176901,1.3109495359345487,1.2478670471451385,1.3813675951611137,1.743488817847417,1.7674542998796836,1.9781892356345694,1.9335684258082255,1.8046638640876769,1.7952153621814586,1.8545524084074083,2.0907691108332846,2.1356229810310925,1.8805455256489505,1.87255777159583,2.3255276620873606,1.9433093246787958,1.6458534440479615,2.0222642251572265,2.0809003422723724,1.712527862147574,1.519436340516951,1.6414761742499615
1070005900,379603779,11,41.18,1.5428377409740823,1.4967828830345573,1.363255098226887,1.297655681854465,1.4364827668872389,1.8130522605797126,1.8379739411375096,2.0571169879654434,2.0107158528985534,1.8766681293719834,1.866842641783648,1.9285471762176027,2.174188686467542,2.2208321807793023,1.9555773925814086,1.947270935210007,2.418313866786806,2.020845403794768,1.7115213339872488,2.1029505250498635,2.163926164009502,1.7808559940211386,1.580060315719395,1.7069694155457933
1070005900,-26323742#0,12,27.83,1.0426705762823874,1.0115460814679877,0.9213062016428912,0.8769732303547778,0.9707944488215603,1.2252851969872123,1.242127605193222,1.3902274350431831,1.3588689214707805,1.268277660039395,1.2616374628664138,1.3033382203529842,1.469346069557836,1.5008683727801841,1.3216056055255123,1.3159919894826249,1.6343291625225063,1.365714608732598,1.1566692259559284,1.4212023582354953,1.4624105183191947,1.2035265253426002,1.0678260948633018,1.1535929780145562
1070005900,26323742#0,13,27.83,1.0426705762823874,1.0115460814679877,0.9213062016428912,0.8769732303547778,0.9707944488215603,1.2252851969872123,1.242127605193222,1.3902274350431831,1.3588689214707805,1.268277660039395,1.2616374628664138,1.3033382203529842,1.469346069557836,1.5008683727801841,1.3216056055255123,1.3159919894826249,1.6343291625225063,1.365714608732598,1.1566692259559284,1.4212023582354953,1.4624105183191947,1.2035265253426002,1.0678260948633018,1.1535929780145562
1070005900,26323742#1,14,11.44,0.42860766772082326,0.4158134089828882,0.3787187548255363,0.3604949247308178,0.3990617497132106,0.5036745473781427,0.5105979088541308,0.571476890294431,0.5585864341223762,0.5213473385142178,0.5186177712968658,0.535759584651029,0.6039999653518378,0.6169577500756489,0.5432687074096968,0.5409611340165731,0.6718191023807931,0.5614004715738743,0.47546877272496657,0.584209665045421,0.6011489877675741,0.4947302712870768,0.43894827614934134,0.4742042281166556
1070005900,416461495#1,15,15.08,0.5649828347229034,0.5481176754774436,0.4992201768154797,0.4751978553269871,0.5260359428037776,0.6639346306348244,0.6730608798531725,0.7533104462972047,0.7363184813431323,0.6872305825869235,0.683632516709505,0.7062285434036293,0.7961817725092406,0.8132624887360826,0.7161269324946004,0.7130851312036647,0.885579725865591,0.7400278943473798,0.6267542913192743,0.770094558468964,0.7924236656936205,0.652144448514783,0.5786136367423137,0.6250873916083187
1070005900,-183521084#2,16,23.37,0.875573530999619,0.8494370076861975,0.7736588549189496,0.7364306285803508,0.815216179265536,1.0289225675023772,1.0430658330350557,1.1674313746661586,1.1410983361398541,1.0650251137305307,1.0594490660146638,1.0944669137495235,1.2338705585902492,1.2603411380478946,1.1098067912731306,1.105092806116024,1.3724136733076169,1.146846942367259,0.971302903722244,1.193442296513242,1.228046489871347,1.0106509125855758,0.8966976585323522,0.9687196513187274
1070005900,-183521084#1,17,14.06,0.5267678153981447,0.5110434029982001,0.4654532948292867,0.4430558253247639,0.490455262322355,0.6190265853266333,0.6275355418259685,0.7023570871975263,0.6865144461329203,0.6407468163907257,0.6373921210169522,0.6584597692476808,0.7423286287453531,0.7582540180125544,0.6676886386521274,0.6648525825413478,0.8256797709330378,0.6899729571965624,0.5843610965483419,0.7180059344876415,0.7388247174835746,0.6080338823685577,0.5394766400926346,0.5828069446958196
1070005900,-183521084#0,18,20.3,0.7605538159731392,0.7378507169888664,0.6720271610977611,0.6396894206324827,0.7081253076204699,0.8937581566238021,0.9060434921100399,1.0140717546308524,0.9911979556542164,0.9251180919439355,0.9202745417243335,0.9506922699664239,1.071783155300901,1.0947764271447267,0.9640170245119619,0.9599222920049331,1.192126554049834,0.9961913962368575,0.8437076998528692,1.0366657517851439,1.0667241653567967,0.8778867576160543,0.77890297253773,0.8414637963958136
1070005900,518705250#10,19,27.02,1.0123233550539026,0.982104747440353,0.8944913247715026,0.8514486771177183,0.9425392025569014,1.1896229257130606,1.2059751308775013,1.3497644734052037,1.3193186582156124,1.231364081001238,1.224917148639975,1.2654041938173781,1.426580337745337,1.457185175440912,1.2831399015917837,1.2776896714272556,1.5867615512525375,1.3259650998187138,1.1230040418731293,1.3798378627209156,1.4198466476818055,1.1684975463441272,1.0367467151709095,1.120017328995807
1070006000,-183521084#0,0,20.3,5.512420798551745,2.530631561329493,2.0394703181904865,2.082896902588658,1.9808993738536462,2.8391148809427458,3.484535427063798,4.157745517300235,5.0660289071436,4.833892811668018,3.815689857720925,3.9270968608660604,3.6303122128114063,4.578827829265109,5.138608117847663,2.73658326520168,4.154534903001161,5.284992828473972,4.586634867337173,4.338808628537502,4.7111407175013165,5.4180490426853,5.380122699386503,4.154534903001161
1070006000,518705250#10,1,27.02,7.337222166348186,3.3683578712868427,2.714605320074233,2.772407601376627,2.6366453734741637,3.77895980704793,4.638036809815951,5.534102654061692,6.743059166060102,6.434078018289155,5.078814776138886,5.227101338945859,4.8320707384317325,6.094577731366662,6.839664598238612,3.642486690923615,5.529829215718787,7.0345076958308725,6.104969168248788,5.775103898674055,6.270690748122441,7.211610105091468,7.161128834355828,5.529829215718787
1070006000,518705250#11,2,58.99,16.018606054510713,7.353790926247626,5.926519904928906,6.052713708556893,5.7563179341687984,8.250216099842985,10.12575097746273,12.082039806184278,14.721430799625665,14.046863889669769,11.088056389505288,11.411795262191571,10.549365390824867,13.305667667406343,14.93233955033663,7.952268315972764,12.072710045716182,15.357720539491606,13.32835422779408,12.608193152582624,13.69015718844348,15.744370099901765,15.634159509202453,12.072710045716182
1070006000,518705250#12,3,21.38,5.805692446947601,2.665266146858353,2.1479741577789455,2.1937111220367242,2.086287123792658,2.990161386923936,3.6699195778632503,4.378945771422612,5.335551627326609,5.0910654341607,4.018692076752382,4.1360261519860275,3.8234519758575294,4.822430492102858,5.411992195053351,2.882174887192705,4.3755643461164935,5.56616486072776,4.830652879983682,4.569641796952305,4.961782686708283,5.706299927714862,5.666355828220858,4.3755643461164935
1070006000,518705250#13,4,87.19,23.67625465151363,10.869249548390075,8.759675716405345,8.946196105256409,8.508109182576327,12.194208200462956,14.96633713722623,17.857824219379676,21.75896849329313,20.76192681031204,16.388669886437803,16.86717119699073,15.592459203695885,19.66640386372536,22.070701566262937,11.753827334627314,17.844034393727647,22.699434715007172,19.699935669119608,18.63550366119137,20.234697495514272,23.27092098678479,23.1080245398773,17.844034393727647
1070006000,26271772#0,5,127.42,34.600623554259286,15.884387859340102,12.801443741075454,13.074025779696887,12.433802867804514,17.8206905482623,21.871896754505865,26.097533685438222,31.798689820110223,30.341606998164472,23.950502545359615,24.649787291209527,22.786915377164007,28.74060305443153,32.25425844217483,17.17711525379301,26.077381149773792,33.17309291646077,28.789606640202095,27.234039184642786,29.57111084847378,34.008266454136006,33.770208588957054,26.077381149773792
1070006300,1391302389,0,6.02,1.206053148650411,1.1461101492145058,1.0832269918355815,1.0989199486368593,1.058174385196212,1.1321551552531353,1.2141815607727389,1.200027903944414,1.2483616393566401,1.3858014544588857,1.5863880161114372,1.5291602256098045,1.5665581659100447,1.409519327762583,1.3945171868768658,1.4580005186011542,1.3972210495756094,1.3198109090084624,1.3394363500346107,1.2765575842668213,1.234990156501492,1.2625786356874649,1.2754278872895937,1.2472812744588846
1070006300,218647840#0,1,12.59,2.5222938773270225,2.396931358573194,2.2654199048521546,2.2982395603551597,2.2130258321628427,2.367746412730394,2.5392933305861765,2.509692908747537,2.6107762524086544,2.898212676351723,3.317711814425747,3.1980277808019,3.2762404167454258,2.947815338294173,2.91644042903318,3.049207064649258,2.922095185075901,2.760202548906403,2.80124645297936,2.6697441837075218,2.582811639593652,2.6405091400839176,2.6673815782352137,2.6085168181789626
1070006300,218647840#1,2,57.52,11.523617460194625,10.950873053624315,10.35003597514662,10.49997930989903,10.110662896426268,10.81753563623926,11.60128295276544,11.466047347987159,11.927867358105308,13.241079677819785,15.157647622380379,14.61084654104252,14.968177027100628,13.467699623405943,13.324356908497895,13.930928543179137,13.350191822523099,12.610552074114082,12.798069577074886,12.19727445963913,11.800105282718576,12.06370816025631,12.186480411444757,11.91754466891612
1070006300,536149423,3,93.77,18.785980689194194,17.85228383585452,16.87278987116652,17.1172298311758,16.482560149476548,17.634915101011046,18.91259218499331,18.692128995492972,19.44499516984587,21.585814349602945,24.71023326756968,23.81882962714807,24.401355351725066,21.955253714999568,21.721574188279686,22.710416715818976,21.763690667558954,20.55791842819328,20.863612382515853,19.884186823372065,19.236715444376227,19.666444961530495,19.866590197864653,19.428166961131165
1070006300,536149384#0,4,0.2,0.04006821091861831,0.03807674914333906,0.03598760770217879,0.03650896839325114,0.03515529518924293,0.03761312808149952,0.04033825783298137,0.039868036675894156,0.04147380861649968,0.04603991543052777,0.05270392080104444,0.05080266530265132,0.05204512179103139,0.04682788464327518,0.04632947464707196,0.048438555435254306,0.04641930397261162,0.043847538505264544,0.044499546512777766,0.04241055097231965,0.041029573305697405,0.04194613407599552,0.04237301951128219,0.04143791609497956
1070006300,536149384#1,5,85.3,17.089091956790707,16.23973350963411,15.348714684979251,15.571075019721613,14.99373339821211,16.041999126759542,17.20426696576655,17.003717642268857,17.68857937493711,19.636023931120093,22.47822222164545,21.667336751580784,22.197244443874887,19.972092800356865,19.75952093697619,20.65904389313596,19.797833144318854,18.700975172495323,18.979056587699716,18.088099989694328,17.499113014879946,17.890026183412083,18.072092821561853,17.67327121450878
1070006300,536149384#2,6,60.68,12.156695192708794,11.552485690089071,10.918640176841043,11.076821010512397,10.666116560416306,11.41182305992695,12.238627426526545,12.095962327466285,12.583153534246001,13.968510341622123,15.99036957103688,15.413528652824409,15.790489951398923,14.20758020076969,14.056362607921633,14.696257719056154,14.083616825290363,13.303343182497262,13.501162411976775,12.867361165001782,12.448372540948593,12.726457078657038,12.855974119723017,12.572263743216798
1070006300,536149384#3,7,0.91,0.18231035967971332,0.17324920860219276,0.16374361504491347,0.1661158061892927,0.15995659311105534,0.17113973277082278,0.18353907314006518,0.18139956687531839,0.18870582920507353,0.20948161520890132,0.23980283964475219,0.2311521271270635,0.23680530414919285,0.2130668751269021,0.21079910964417742,0.22039542723040706,0.21120783307538285,0.19950630019895366,0.20247293663313884,0.1929680069240544,0.1866845585409232,0.1908549100457796,0.19279723877633395,0.18854251823215698
1070006300,536149379,8,10.71,2.1456526946920107,2.039009916625807,1.9271363924516742,1.9550552574585989,1.882566057383959,2.014183008764299,2.1601137069561522,2.1349333639941324,2.220922451413558,2.465437471304762,2.8222949588959296,2.7204827269569782,2.787016271909731,2.507633222647386,2.4809433673507035,2.593884643557868,2.485753727733352,2.3480356869569166,2.3829507157592493,2.2710850045677176,2.197133650520096,2.24621547976956,2.269075194829161,2.2190004068861553
1070006300,536149370,9,19.42,3.8906232801978375,3.6972523418182237,3.4943967078815605,3.5450208309846865,3.413579162875489,3.6522347367136025,3.9168448355824905,3.8711863612293222,4.027106816662118,4.470475788304246,5.1175507097814155,4.932938800887443,5.053581325909149,4.546987598862021,4.498591988230687,4.703383732763192,4.507314415740588,4.257595988861187,4.320905966390721,4.118064499412238,3.9839715679832186,4.072969618779164,4.114420194545501,4.0236216528225155
1070006300,536149361#0,10,7.95,1.5927113840150777,1.513550778447728,1.4305074061616068,1.451231493631733,1.3974229837724066,1.4951218412396057,1.603445748861009,1.5847544578667927,1.6485838925058622,1.8300866383634786,2.0949808518415165,2.01940594578039,2.0687935911934976,1.8614084145701886,1.8415966172211105,1.9254325785513584,1.8451673329113116,1.7429396555842656,1.7688569738829163,1.685819401149706,1.6309255389014718,1.6673588295208217,1.684327525573467,1.6471571647754373
1070006300,536149361#1,11,26.0,5.20886741942038,4.949977388634078,4.678389001283242,4.746165891122649,4.570188374601582,4.8897066505949365,5.243973518287577,5.182844767866239,5.391595120144958,5.985189005968609,6.851509704135776,6.604346489344671,6.765865832834081,6.087625003625774,6.022831704119354,6.297012206583059,6.03450951643951,5.70018000568439,5.7849410466611095,5.513371626401554,5.333844529740663,5.452997429879416,5.508492536466685,5.386929092347342
1070006300,536149361#2,12,36.32,7.276387102821084,6.9147376444303745,6.535349558715668,6.630028660214407,6.384201606366516,6.830544059600311,7.325427622469415,7.240035460342378,7.531643644756341,8.360848642183843,9.571032017469669,9.22576401896148,9.451394117251299,8.503943851218773,8.413432595908267,8.796441667042181,8.42974560142627,7.962712992556041,8.081117646720442,7.701756056573249,7.450970512314649,7.617417948200784,7.694940343248846,7.525125562848287
1070006300,536149361#3,13,4.6,0.9215688511282211,0.8757652302967984,0.827714977150112,0.8397062730447763,0.8085717893525873,0.8651019458744887,0.9277799301585713,0.9169648435455655,0.9538975981794925,1.0589180549021384,1.2121901784240219,1.1684613019609802,1.197037801193722,1.0770413467953293,1.065577916882655,1.1140867750108487,1.067643991370067,1.0084933856210845,1.0234895697938886,0.9754426723633517,0.9436801860310403,0.9647610837478967,0.9745794487594903,0.9530720701845297
1070006300,536149361#4,14,98.63,19.759638214516617,18.77754884003766,17.74728873832947,18.004397763131802,17.33683382257515,18.548914113391483,19.892811850334756,19.6609222867172,20.452808719226812,22.704584294564764,25.99093854303506,25.053334394002494,25.66605181124713,23.093171311831156,22.847380422203535,23.887473612895654,22.891679754093413,21.623413613871207,21.94495136277635,20.914763211999436,20.233734075704675,20.685736019577185,20.89625457198881,20.435108322239167
1070006300,536149361#5,15,22.02,4.4115100221398755,4.192250080681632,3.9622356080098844,4.0196374200969505,3.8705980003356464,4.141205401773096,4.441242187411248,4.389470838015947,4.5662663286766145,5.068994688901107,5.802701680194992,5.593373449821909,5.730167909192556,5.155750099224598,5.100875158642623,5.333084953421499,5.110765367384539,4.827613989429626,4.8994000710568315,4.669401662052393,4.517356020957284,4.618269361767106,4.665269448192169,4.562314562057249
1070006300,632698279#0,16,0.2,0.04006821091861831,0.03807674914333906,0.03598760770217879,0.03650896839325114,0.03515529518924293,0.03761312808149952,0.04033825783298137,0.039868036675894156,0.04147380861649968,0.04603991543052777,0.05270392080104444,0.05080266530265132,0.05204512179103139,0.04682788464327518,0.04632947464707196,0.048438555435254306,0.04641930397261162,0.043847538505264544,0.044499546512777766,0.04241055097231965,0.041029573305697405,0.04194613407599552,0.04237301951128219,0.04143791609497956
1070006400,779526217#3,0,3.82,0.7831562214275211,0.6787135648073792,0.646805915147112,0.6135611666739422,0.5791947367175352,0.5975277316964487,0.5791947367175352,0.6028528952912185,0.6069094755212155,0.6379107453906685,0.7070918323254579,0.7369418279706088,0.8021160311359937,0.8881197193759579,0.9917427287839041,1.05626730450179,1.2142728848311528,1.038696639167787,1.0121464133536482,0.9319648949593863,0.9084962770113324,0.8969518491819067,0.8121474972582549,0.7657937957637978
1070006400,183521064,1,7.52,1.5417106767369,1.3361062846469873,1.2732933198707546,1.2078481605727869,1.140194874375881,1.176284958732276,1.140194874375881,1.186768003295802,1.1947537319161101,1.2557824097743002,1.3919713557820532,1.4507336508740782,1.5790347000373488,1.7483403899757075,1.9523312357211933,2.079353437134414,2.390401071709494,2.044764064539727,1.9924976514186998,1.8346534057839228,1.7884534039594815,1.7657272004837536,1.5987825076916429,1.50753124192245
1070006400,1455536610#1,2,9.97,2.0439967349823,1.7714068694056468,1.6881295743499236,1.6013625213976976,1.5116679385010017,1.559516095553297,1.5116679385010017,1.5734144937312695,1.584001955745162,1.6649136470012997,1.8454726618546637,1.9233795876615107,2.0934808456612197,2.3179459691566233,2.588396598422912,2.7568023627965568,3.169188654912721,2.7109438462049313,2.6416491468942076,2.432379581870441,2.3711277177494723,2.340997365534977,2.1196624470326704,1.9986817130275039
1070006400,1455536610#2,3,35.01,7.177565264967934,6.220356519347211,5.9279254160472235,5.623239907134743,5.308274275518563,5.476294734736301,5.308274275518563,5.525099440875801,5.562277680104124,5.846401883802959,6.480441112490649,6.754013978337963,7.351330431955796,8.139547480458713,9.089244223749866,9.680606892829232,11.128715627732634,9.519573124938278,9.276242390447964,8.541385071342438,8.326297030933702,8.220493256507476,7.443268031154843,7.018439997301194
1070006400,1455536612#0,4,82.02,16.815307141750072,14.57279753547153,13.887701874441396,13.173897091779253,12.436008456956083,12.829639935534745,12.436008456956083,12.943977610415114,13.031077272840339,13.69671186830959,15.182113111867553,15.823028463389878,17.222397087375445,19.068999838538236,21.293910632161207,22.679330972575084,26.071901050746373,22.302067629461227,21.732002309755554,20.01040855616986,19.506509068185725,19.258636301020942,17.43778474479635,16.442514955116934
1070006400,1455536612#1,5,87.14,17.86498249612413,15.482486920763096,14.75462498584276,13.996261796850089,13.212311350148173,13.630514801054595,13.212311350148173,13.751989867978216,13.844526622230031,14.551712657943154,16.129838290272353,16.810762012921167,18.297484542720024,20.259359252989782,22.623157430950105,24.095060972326173,27.69940816339965,23.69424741808402,23.08859645540233,21.259534279256787,20.72417947088155,20.460833543903497,18.526317515990662,17.46891920493648
1070006400,1455536612#2,6,36.82,7.548641903916577,6.541945930944425,6.234396281601221,5.9139586798258,5.582709477994673,5.759416513367341,5.582709477994673,5.810744399115881,5.849844735259464,6.148658022325763,6.8154767712626585,7.103193221433984,7.731390645661594,8.560358132833187,9.559153736602973,10.181089568522491,11.704064821854201,10.011730433025633,9.755819617717624,8.982970532043092,8.756762544386717,8.64548876619838,7.828081374096582,7.381289937178805
1070006400,1455536610#8,7,14.2,2.911208990646806,2.522966654519577,2.404357066777223,2.2807771117198903,2.153027555337435,2.221176384840202,2.153027555337435,2.240971495585158,2.2560509299479734,2.3712912524993435,2.628456549482068,2.7394172662781795,2.981687864432228,3.3013874385179585,3.686582918516083,3.9264386711846644,4.513789257749312,3.861123632508528,3.7624290758172263,3.4643721226238973,3.3771327574766805,3.3342189158070883,3.0189776076092194,2.846668036608882
1070006400,518702435#0,8,12.97,2.6590408879358503,2.304427993599924,2.196092334936661,2.0832168407751395,1.9665329149807416,2.0287787120688328,1.9665329149807416,2.046859175897148,2.0606324339031845,2.1658906721772175,2.4007803835762274,2.5021297143399996,2.723414901527183,3.0154221885618258,3.3672521445882824,3.5863316595257113,4.122806103732999,3.5266741911010993,3.4365285291091143,3.1642891852416866,3.0846064693290525,3.0454098125364744,2.7574746176543368,2.600090453156141
1070006400,518702435#1,9,10.83,2.2203093921623176,1.9242062583413397,1.8337455657181214,1.7394940929525644,1.6420625650918605,1.694038045621084,1.6420625650918605,1.7091353026188212,1.7206360261504619,1.8085270608850628,2.004660875414845,2.0892879573093444,2.2740619416761287,2.5178891520527813,2.8116685216569848,2.9946007611922476,3.4425589902412,2.944786545075166,2.869514569795814,2.6421936681701976,2.5756582932022853,2.5429289336754057,2.3025019359442145,2.1710855518643797
1070006400,536149388,10,66.56,13.645779606862776,11.825962008790357,11.270000448217743,10.690741165920839,10.091937611497158,10.41137325175802,10.091937611497158,10.50415934832029,10.574841542065997,11.11501026523636,12.320427319262429,12.840536143906736,13.976136919479515,15.474672387870093,17.28020838425567,18.404489996764173,21.15759246449255,18.09833725209631,17.63572389340807,16.238634400130042,15.829715235045624,15.628564157473225,14.150926025526033,13.343255247654028
1070006400,536149407#0,11,48.06,9.853007330315881,8.538998409592317,8.13756342459953,7.719306196426614,7.28693692320543,7.517587116578882,7.28693692320543,7.584583808297372,7.635620260091524,8.025651943318202,8.896029701979453,9.27157702938939,10.09154357497274,11.173569034871345,12.477265849569223,13.289059333601056,15.276951530100838,13.068000125236608,12.73396770308281,11.725191846007359,11.42992960030488,11.28468740096399,10.21775097335909,9.634568016860767
1070006400,536149407#1,12,177.89,36.47006812296903,31.606375927639967,30.120498493591562,28.57235495801769,26.971976888660297,27.825708950649545,26.971976888660297,28.073691503496033,28.26259858651021,29.706267669514663,32.927896872349656,34.31795334494545,37.35298973266542,41.35801488999716,46.18353770245254,49.1883221983831,56.546335990213024,48.3700903511931,47.13369776740326,43.39979978123697,42.30691170616385,41.7693100656988,37.82013567729606,35.66153359382775
1070006400,1391302387,13,19.62,4.022388760316221,3.485958152230571,3.3220764542372616,3.1513272487284683,2.9748169461774983,3.0689775120116036,2.9748169461774983,3.0963282213648453,3.1171633271534684,3.2763897446505017,3.6317125000590273,3.785025828477316,4.119768725363403,4.561494474910025,5.093715271921519,5.425121600608671,6.236658115284612,5.334876455620938,5.198511159685491,4.786688806047948,4.666151035330456,4.606857403389793,4.171291595865696,3.9332131604412868
1070006700,1391302387,0,19.62,4.77038511585677,4.3794923897662095,4.792180136374676,4.203961632661352,4.3749256615182786,3.91924680933772,4.274634446659225,4.418697956183285,4.844750241796801,5.218350384820932,5.094782889369799,4.83080450131955,5.218350384820932,5.378915012046191,4.898486525856426,4.912826357606592,5.3892790101426185,6.347282465046942,5.324306737812221,5.334461168971429,6.229478410387571,5.505975996582715,4.674711653923153,5.051840709688175
1070006700,-1455537633,1,14.77,3.5911614761062425,3.2968961568219632,3.6075688386469906,3.164756030296033,3.2934583089003553,2.950421782564634,3.2179587552067654,3.326410235108416,3.647143785491271,3.9283911918351255,3.8353691781851134,3.6366453865693043,3.9283911918351255,4.049264766968514,3.6875966354179113,3.6983917075356456,4.0570668185426335,4.778254944380395,4.0081554799942145,4.015799768894394,4.689571667758635,4.14491669059769,3.5191381818779286,3.8030421652443596
1070006700,-183521079,2,2.81,0.6832202943709237,0.6272361679532644,0.6863418034257309,0.6020964417827931,0.6265821156404875,0.5613192423159528,0.6122182872126617,0.6328512363340995,0.6938709571584613,0.7473784190288898,0.729680933696694,0.6918736314326165,0.7473784190288898,0.7703746780759325,0.7015671323983974,0.7036209003503835,0.7718590223496818,0.9090654294995876,0.7625536153543495,0.764007945199272,0.8921933910901669,0.7885725051170963,0.6695178260715626,0.7235307030695092
1070006700,-183521078,3,51.38,12.492476414511763,11.468823597665029,12.549552263350195,11.00915130918146,11.456864448970906,10.26355255167034,11.194226191098418,11.571493424500366,12.687220561851152,13.665588316620768,13.34199515065343,12.650700065127344,13.665588316620768,14.086067957132176,12.827942798088847,12.86549532384438,14.113208743176745,16.621986394195304,13.943062191069924,13.969654172362487,16.31348627552056,14.418809719899079,12.2419309265327,13.229540044025404
1070006700,180192152#0,4,77.67,18.884597958644,17.337164827377244,18.970878246290575,16.64228848159058,17.319086449037957,15.5151834699929,16.92206205260051,17.49236851461548,19.178988342525866,20.65796505550672,20.168796484064845,19.123781122196196,20.65796505550672,21.293594749522306,19.39171500832154,19.448482323919674,21.33462287042697,25.127086088695005,21.077416122623607,21.11761462762543,24.660733340204008,21.796593050692124,18.50585393273248,19.998800607618783
1070006700,180192152#1,5,74.49,18.111416273199325,16.627338843714828,18.194164034584585,15.960912437153114,16.61000063845548,14.879953864809721,16.229231393050235,16.77618811193134,18.393753593855436,19.81217737845623,19.343036566215915,18.340806692318715,19.81217737845623,20.421782836254877,18.59777070902371,18.65221383170821,20.461131165419147,24.09832165246415,20.214455091724375,20.25300777149244,23.651062527511222,20.90418715522153,17.748178955185303,19.180000737241187
1070006800,-180192152#1,0,74.58,17.14160834684324,15.453297251418997,14.65887204627229,13.012657447425045,13.754990254828487,12.172196275987792,11.851064968381317,13.17472750803982,15.475175444790521,19.131795080228184,17.987875352447123,19.73038313327985,19.507374638614582,20.873263378428458,19.199002791282858,19.837808086818576,20.342367721781088,18.568457965748077,19.042913337695186,20.279466151831237,18.78115507875779,22.491012872092668,18.911128470306295,16.62032274075576
1070006800,-180192152#0,1,77.67,17.851819794841976,16.093558561513994,15.266218715928785,13.551798122036784,14.324887276649621,12.676514947116814,12.342078520973143,13.720583072532218,16.11634321261571,19.924463983391302,18.73314935136187,20.547852748214613,20.3156045612925,21.738084829747095,19.99445624562804,20.659728534502534,21.185193094002912,19.337786674707072,19.831899690785534,21.119685384992383,19.559296258609784,23.42286095166851,19.69465471022647,17.30893627345803
1070006800,183521078,2,51.38,11.809276439538825,10.646157318019686,10.098858215841652,8.964740408268957,9.476151773841348,8.385725994371853,8.16449072238445,9.076394467190747,10.661229744614333,13.180365127676646,12.392290635676233,13.592747189433076,13.439111141485885,14.38010555623028,13.226666176134529,13.666754887379172,14.014358454614001,12.792268306250152,13.11913230478384,13.971024012886684,12.938800589254162,15.494613051329061,13.02834246184416,11.450149938589849
1070006800,183521079,3,2.81,0.6458557180829915,0.5822441040022444,0.5523120199788836,0.49028650344950897,0.5182558677402528,0.45861989186813756,0.44652041514013824,0.49639292434421955,0.5830684231678918,0.7208413002874926,0.6777410799192334,0.7433946983710965,0.7349922597815364,0.7864557534645209,0.7233735296796034,0.7474422194148593,0.7664528465835996,0.6996160751374646,0.7174924440724522,0.7640828625187152,0.7076300049786726,0.8474087713942129,0.7125270984387327,0.6262148954347504
1070006800,1455537633,4,14.22,3.2683517121495154,2.94644525228182,2.7949739943415386,2.4810939783103265,2.622632896536084,2.3208451467490803,2.259615766296358,2.511995510382492,2.9506167179528187,3.647816117469091,3.429707528986299,3.761947548340567,3.719427022809056,3.9798579410197465,3.6606304598021215,3.782430021380534,3.878633266341205,3.540405903364679,3.630869236551697,3.8666399661979107,3.58096038106645,4.288310579795626,3.605742113807395,3.1689593640861746
1070006800,218647841#0,5,11.05,2.5397529127462835,2.2896075975888968,2.1719031390628696,1.9279949690808091,2.0379812592632716,1.8034696815455233,1.7558898887183372,1.9520077629906143,2.2928491373684,2.8346250420557983,2.6651384103585514,2.923313671530469,2.890272053589315,3.0926462903142196,2.844582741266768,2.939230079905408,3.013987172508461,2.751159299028108,2.82145605231338,3.0046674842817804,2.782673151250652,3.3323369835964605,2.8019304048925258,2.4625176493074705
1070007100,218647841#3,0,31.3,9.875371561436362,5.965325968583386,6.916458734039699,5.357174212150932,5.127672103895358,7.843969280291383,11.419488846219258,9.770870275071957,9.2599293509457,9.905640899555706,11.010955173696932,14.15866525073406,15.880665078526043,14.961645108703934,12.786213030583777,12.901059255409379,10.005310660928947,19.979693004513447,17.305035306452744,12.88819678356949,12.673393503843332,13.65032880033812,11.677381548256728,9.763490463685951
1070007100,1069458459#0,1,6.68,2.107587285316131,1.2731111012823328,1.4761004582551178,1.1433202471938728,1.0943402445374117,1.6740483959216113,2.437130526924748,2.085284774360405,1.9762405132369738,2.1140473229722723,2.3499418709359587,3.0217215295496334,3.3892282020624265,3.19309231073937,2.728814793747592,2.7533251062662827,2.1353186969650277,4.26403671789616,3.6932152027828855,2.7505800164295264,2.7047370161557014,2.913233111382065,2.492169608381947,2.0837097858601323
1070007100,1069458459#1,2,2.4,0.7572169887363346,0.4574051860894609,0.5303354939838747,0.41077374150678064,0.3931761357619443,0.6014545135047705,0.8756157581765563,0.7492041105486483,0.7100265317019067,0.7595379603493193,0.8442904925518413,1.0856484537304072,1.2176867791841053,1.1472187942776177,0.9804125007476377,0.9892186010537543,0.7671803701670757,1.5319892399626922,1.3269036656704978,0.9882323412321653,0.9717618022116293,1.046670578939664,0.8953902784605798,0.7486382464168142
1070007100,536149445#0,3,34.64,10.929165204094428,6.601881519224552,7.654508963167258,5.928834335747869,5.674842226164063,8.680993478252189,12.63805410968163,10.813512662252158,10.248049607564187,10.962664561041844,12.18592610916491,15.669526015508877,17.575279179557256,16.558191264073617,14.150620427457573,14.277721808542521,11.072970009411462,22.111711363461527,19.151642907844185,14.263486791784253,14.025762011921183,15.106945356029152,12.9234663524477,10.805345356616018
1070007100,536149445#1,4,14.64,4.619023631291641,2.7901716351457115,3.2350465133016355,2.505719823191362,2.3983744281478607,3.668872532379101,5.341256124876994,4.5701450743467555,4.331161843381632,4.633181558130849,5.150172004566233,6.622455567755484,7.427889353023044,6.99803464509347,5.980516254560591,6.034233466427902,4.679800258019163,9.345134363772424,8.094112360590037,6.028217281516209,5.927746993490938,6.384690531531952,5.461880698609536,4.566693303142567
1070007100,536149447#1,5,50.67,15.986743674695864,9.656966991313745,11.196708116734554,8.672460617561908,8.30093116627405,12.69820841636947,18.486437694502545,15.817571783958341,14.990435150556506,16.035745187875005,17.82508302400075,22.92075297938322,25.708412125524426,24.220656794186212,20.698958922034503,20.88487771474739,16.197095565152388,32.344122828712344,28.01425364146839,20.864055304264088,20.516321049193024,22.097832597863658,18.90392725399899,15.80562497747499
1070007100,536149447#2,6,66.92,21.11373370259813,12.7539812721278,14.787521357250371,11.453741159014069,10.963061252162214,16.770556684891353,24.415086057156312,20.890307949131483,19.79790645895483,21.178450127740188,23.541633233987177,30.271497718182854,33.95316635958348,31.98828404710758,27.337168562513302,27.582711992715517,21.39154598815863,42.71696664095973,36.99849721111239,27.555211781356878,27.095958251667597,29.184664642767633,24.9664655977425,20.87452977092217
1070007100,-183521169,7,11.54,3.6409516875072083,2.199356603113491,2.550029833572464,1.9751370737451037,1.8905219194553489,2.8919937857687716,4.210252437232275,3.6024230982214176,3.4140442399333346,3.652111692679644,4.059630118353437,5.220159648353707,5.85504392991024,5.516210369151546,4.714150107761558,4.756492773400136,3.688858946553356,7.366314928820612,6.380195125765644,4.751750507424661,4.672554665634251,5.032741033734885,4.3053349222646204,3.599702234854181
1070007200,183521169,0,11.62,4.959598464483745,4.379287390953999,4.473680914077109,5.288961760194637,4.062399454004777,3.769513197276859,3.610545851055379,4.541913447912503,5.111347372725413,4.899288611911341,5.184864102537512,4.283430568763011,4.566136986301369,4.4131478604716845,6.911408152827501,7.420590985321834,6.066612470728127,6.2492750724927495,5.854021777309448,5.24441460907508,6.077378420099427,6.254982173015574,4.833595962916058,5.084785062696403
1070007200,540235865#0,1,20.39,8.702772176490843,7.68448105865336,7.850116509297096,9.280716892458575,7.128427269118539,6.614490025169981,6.335544742084267,7.969846403006535,8.969051026667056,8.596944474773858,9.098053274590352,7.516277908526488,8.012352250489236,7.743897149313052,12.127677472990772,13.021157503503634,10.64528642669075,10.965810561800962,10.272246474986202,9.202548526595601,10.664177795682214,10.975825000670186,8.481671401364753,8.9224412588967
1070007200,540235865#1,2,30.89,13.184337054036396,11.641668460117817,11.89259926298123,14.059899205887465,10.79927014924334,10.020676649215336,9.598086173760816,12.073985060758796,13.587738411659897,13.02401249758531,13.783171439533888,11.386847699577404,12.13837964774951,11.731681360582646,18.372925803858998,19.72651080349324,16.127165165300504,16.612745868270313,15.56202518942245,13.941477390217662,16.155784801796152,16.62791732568426,12.84937859677083,13.517126556513933
1070007200,540235865#2,3,24.19,10.32467184645971,9.116606022992878,9.31311026777326,11.010325729699506,8.456922787639895,7.847205184348299,7.516274022119589,9.455153726764497,10.640575985045418,10.199121473505622,10.793619848569918,8.917055547192534,9.50558121330724,9.187095244820144,14.38786258320975,15.447856793023684,12.629204446378091,13.009463339380346,12.186642581163131,10.917589448668346,12.651616521704401,13.021344127818137,10.062365433987905,10.585279747558175
1070007200,540235865#3,4,17.49,7.465006638883021,6.591543585867938,6.733621272565286,7.960752253511548,6.114575426036451,5.6737337194812625,5.434461870478363,6.836322392770195,7.693413558430936,7.374230449425932,7.8040682576059455,6.447263394807664,6.872782778864969,6.642509129057638,10.402799362560499,11.16920278255412,9.131243727455676,9.406180810490376,8.811259972903809,7.893701507119031,9.147448241612649,9.414770929952013,7.275352271204979,7.653432938602416
1070007200,-536149445#1,5,13.88,5.924201952412599,5.231024869745396,5.343777202012933,6.317623858132665,4.852504683441164,4.50265431826186,4.312769054444807,5.425280435200133,6.105464847971493,5.852162300630758,6.193280012325359,5.116524638074922,5.454215264187866,5.271470938325903,8.255623507852473,8.863838457510075,7.246521608752703,7.464710671789963,6.992583672035727,6.264412631149924,7.259381451891571,7.471527759161462,5.773692940212985,6.073736374374017
1070007200,-536149445#0,6,34.64,14.784895938874094,13.05494967492655,13.336343103582708,15.766750032112068,12.110285463573623,11.237171872088677,10.763279542216724,13.53974886709889,15.237269620585915,14.605108220017973,15.456427927013722,12.769194053524156,13.611960861056751,13.155890007464645,20.603371636311934,22.12127983920382,18.084979000518274,18.629508477723654,17.451231873149684,15.633951984368396,18.11707301826542,18.646521727475,14.40927402370157,15.158085591377228
1070007200,-1069458460,7,0.2,0.08536314052467722,0.07537499812313252,0.07699967149874543,0.09103204406531216,0.0699208167642819,0.06487974521991152,0.06214364631764853,0.07817406967147165,0.0879749978093875,0.08432510519640862,0.0892403459989245,0.07372513887716026,0.07859099804305283,0.07595779450037324,0.11895711106415666,0.12772101523789733,0.10441673787828103,0.10756067250417814,0.10075768979878569,0.09026531168803925,0.10460203821169411,0.10765890142883949,0.08319442276963956,0.08751781519270918
1070007300,-183521113,0,19.75,3.7298320149998023,3.2127447600928614,3.0418422754454344,3.5826417361328446,4.591310420966909,4.827924006257967,4.0674981004224176,3.802302844306792,3.3031258017308827,3.5070224561587144,3.5140197076674116,3.769748881598687,3.213917294676836,4.241875427463647,4.335860850524142,4.111173383480173,3.3318703698125356,2.943226399536942,3.3585558304403254,4.765223694488383,4.385524595325962,4.407474167875142,2.2487572490844054,3.5422901799736657
1070007300,27186878,1,6.96,1.3144116873113227,1.1321875205188006,1.0719606196000113,1.262541087771372,1.618001039490111,1.7013848649901493,1.4334069255159505,1.3399507745000139,1.1640382572175667,1.2358924706260583,1.2383583374868448,1.3284785932114866,1.1326007276430774,1.4948583784884548,1.5279793174505332,1.4487983164061775,1.174167988551658,1.037207885608968,1.1835720799931475,1.679288957652615,1.5454810725806938,1.5532162130841003,0.7924734406899981,1.2483209950692007
1070007300,668991972#0,2,13.03,2.460744868630249,2.1195981885574673,2.006845815141975,2.363636547939796,3.0291025207695608,3.1852075848881674,2.683518999924258,2.5085572689274684,2.1792267947621973,2.3137469672783824,2.318363381818044,2.487079895049665,2.120371764538693,2.7985638896127254,2.860570475054662,2.7123336297086915,2.198190932590245,1.941784303086904,2.215796580791769,3.1438412526168924,2.8933359735239135,2.9078171345525616,1.4836104787630278,2.3370147364585754
1070007300,668991972#1,3,53.82,10.164028306191867,8.754932809529002,8.289212722251811,9.762925480438971,12.511611486401977,13.156398481863482,11.08418976023972,10.361515902814762,9.0012268683117,9.55685815647909,9.575926109704309,10.272804294057787,8.758128040481385,11.55937901296676,11.815495239251105,11.203207670830528,9.079557635610666,8.020478218890036,9.152277204774597,12.985536163917205,11.950832087111053,12.010646061521019,6.1280058301631755,9.65296493600925
1070007300,668991972#2,4,4.71,0.8894941159822313,0.7661786237993609,0.7254216261948352,0.8543920292245925,1.094940358620463,1.1513682060493684,0.9700210659741562,0.9067770327435438,0.7877327861343016,0.8363582667598757,0.838026978385494,0.8990135307508766,0.766458251034324,1.0116067475115835,1.0340204863781624,0.9804367917059046,0.7945878198388375,0.7019036122439998,0.8009517955126041,1.1364153722045713,1.0458643465309005,1.0510989028198436,0.5362859059841797,0.844768949249416
1070007300,913601420,5,7.97,1.5051524637746037,1.296484847490638,1.2275181233063346,1.445754665163482,1.8527971673471528,1.9482812318924556,1.6414156891324891,1.534397654132918,1.3329576020149434,1.415238935472656,1.4180626364612288,1.5212606879160269,1.2969580171430068,1.711784666171406,1.749711948287464,1.659040600827189,1.3445573087294131,1.1877222483194647,1.355326074359969,1.9229788782315145,1.7697534696074897,1.7786110945805,0.9074731784912766,1.4294710245260818
1070007300,-913601420,6,7.97,1.5051524637746037,1.296484847490638,1.2275181233063346,1.445754665163482,1.8527971673471528,1.9482812318924556,1.6414156891324891,1.534397654132918,1.3329576020149434,1.415238935472656,1.4180626364612288,1.5212606879160269,1.2969580171430068,1.711784666171406,1.749711948287464,1.659040600827189,1.3445573087294131,1.1877222483194647,1.355326074359969,1.9229788782315145,1.7697534696074897,1.7786110945805,0.9074731784912766,1.4294710245260818
1070007300,668991972#3,7,32.02,6.047049170647782,5.20871327686954,4.931634919481661,5.808414602074618,7.443734667309389,7.8273481863483605,6.594495654457003,6.164543649352076,5.355244970704955,5.685815647908965,5.6971600526334445,6.111765022217213,5.210614267116573,6.877207655057519,7.02958300930547,6.665304898178996,5.401847556526451,4.771752370287235,5.445111781807555,7.725694313798382,7.110101141384169,7.145687233182888,3.6458332716801354,5.742994003177559
1070007300,668991972#4,8,32.25,6.090485189050311,5.246127519645305,4.9670589054741905,5.850136505837177,7.497203092464954,7.883572111484528,6.641863986765719,6.208823631842737,5.393711752193466,5.726656922081951,5.7380828137860265,6.155665895268741,5.248042164725467,6.926606710668488,7.080076578703979,6.713181854037244,5.44064908488376,4.806027918231209,5.484224077554455,7.781188058088626,7.161173073380369,7.197014780454344,3.672021330783396,5.784245990083581
1070007300,668991972#5,9,45.78,8.645656184642581,7.44706101858487,7.050913385817316,8.304472844565145,10.642541320094436,11.191005620581759,9.428357622143709,8.813641732271643,7.656561984974168,8.129189267997264,8.145408719848815,8.738182470865208,7.449778924066106,9.832559851609407,10.050415682885834,9.52959582256822,7.723191166076854,6.8223242820658845,7.785047388230789,11.045667885249529,10.16553498602646,10.216413539510075,5.212562372814385,8.210938958946553
1070007300,668991972#6,10,257.85,48.69555367431388,41.94461956404781,39.713368644233185,46.77388210946096,59.94275402766166,63.03190911461352,53.10401950348963,49.64171080529147,43.12460698614218,45.78661976306454,45.87797375301479,49.2166961579859,41.95992781936316,55.380636909949445,56.607682040893685,53.674230730651274,43.49988733448924,38.42586972762535,43.84828460147027,62.21331289234581,57.25607680530631,57.54264375628381,29.359091477286785,46.24706445094733
1070007300,1532869454,11,107.37,20.277066503824244,17.46594455145167,16.536840765295,19.47687307385233,24.9604556910996,26.24679496465407,22.112773217334425,20.67105095661875,17.95729708009341,19.065772208494238,19.103812456316454,20.494072780620304,17.47231898376972,23.060767830216292,23.571715418773525,22.350211958697024,18.113565650975794,16.000719924976277,18.25863997541153,25.90592749758064,23.84171016709613,23.961038045810326,12.225269156161652,19.257503626520126
1070007300,518701058#0,12,0.2,0.037770450784808125,0.03253412415283911,0.0308034660804601,0.03627991631526932,0.046494282743968704,0.04889036968362498,0.04118985418149283,0.03850433260057511,0.03344937520740134,0.0355141514547718,0.03558500969789784,0.038174672218720875,0.03254599792077809,0.04295570053127744,0.043907451650877394,0.04163213552891314,0.033740459441139604,0.029804824299108277,0.034010691953826076,0.04825542981760388,0.04441037564887051,0.04463264980126726,0.022772225307183855,0.035871292961758644
1070007300,518701058#1,13,20.23,3.820481096883342,3.290826658059675,3.1157705940385383,3.669713535289491,4.702896699552435,4.945260893498667,4.166353750458,3.8947132425481725,3.3834043022286453,3.592256419650167,3.599423730942366,3.861368094923617,3.2920276896867042,4.344969108738713,4.441238734486248,4.211090508749565,3.4128474724712703,3.014757977854802,3.4401814911295077,4.881036726050633,4.492109496883252,4.514592527398182,2.303410589821647,3.6283812830818865
1070007300,518701058#2,14,0.2,0.037770450784808125,0.03253412415283911,0.0308034660804601,0.03627991631526932,0.046494282743968704,0.04889036968362498,0.04118985418149283,0.03850433260057511,0.03344937520740134,0.0355141514547718,0.03558500969789784,0.038174672218720875,0.03254599792077809,0.04295570053127744,0.043907451650877394,0.04163213552891314,0.033740459441139604,0.029804824299108277,0.034010691953826076,0.04825542981760388,0.04441037564887051,0.04463264980126726,0.022772225307183855,0.035871292961758644
1070007300,518701058#3,15,27.25,5.146223919430107,4.432774415824327,4.196972253462688,4.9431385979554445,6.334846023865736,6.661312869393904,5.612117632228398,5.246215316828359,4.5574773720084325,4.838803135712657,4.848457571338581,5.201299089800719,4.434392216706015,5.852714197386551,5.982390287432045,5.672378465814416,4.59713759885527,4.060907310753502,4.633956778708803,6.574802312648528,6.0509136821586065,6.081198535422663,3.1027156981038004,4.887463666039615
1070007300,518701058#5,16,33.97,6.41531106579966,5.525920987359721,5.231968713766147,6.162143786148493,7.897053924063084,8.304029290763703,6.996096732726556,6.539960892207682,5.6813763789771174,6.032078624592988,6.044113897187947,6.483968076349741,5.527937746844159,7.296025735237474,7.457680662901525,7.071218219585898,5.7308170360775605,5.06234940720354,5.7767160283573595,8.196184754520019,7.543102303960656,7.5808555687452435,3.8678624684251774,6.092739109554705
1070007300,1455536608#0,17,18.59,3.510763400447915,3.0240468400063945,2.863182172178766,3.3722182215042826,4.321643581051891,4.544359862092942,3.828596946169758,3.5789777152234565,3.1091194255279544,3.3010403777210384,3.3076266514196044,3.548335782730106,3.0251505067363236,3.992732364382238,4.081197630949053,3.869706997412477,3.1361757050539256,2.770358418602114,3.1612938171081337,4.48534220154628,4.127944416562514,4.148604799027791,2.1166783423027393,3.3342366807954655
1070007300,1455536608#1,18,0.2,0.037770450784808125,0.03253412415283911,0.0308034660804601,0.03627991631526932,0.046494282743968704,0.04889036968362498,0.04118985418149283,0.03850433260057511,0.03344937520740134,0.0355141514547718,0.03558500969789784,0.038174672218720875,0.03254599792077809,0.04295570053127744,0.043907451650877394,0.04163213552891314,0.033740459441139604,0.029804824299108277,0.034010691953826076,0.04825542981760388,0.04441037564887051,0.04463264980126726,0.022772225307183855,0.035871292961758644
1070007300,1455536616,19,0.2,0.037770450784808125,0.03253412415283911,0.0308034660804601,0.03627991631526932,0.046494282743968704,0.04889036968362498,0.04118985418149283,0.03850433260057511,0.03344937520740134,0.0355141514547718,0.03558500969789784,0.038174672218720875,0.03254599792077809,0.04295570053127744,0.043907451650877394,0.04163213552891314,0.033740459441139604,0.029804824299108277,0.034010691953826076,0.04825542981760388,0.04441037564887051,0.04463264980126726,0.022772225307183855,0.035871292961758644
1070007400,779526217#3,0,3.82,0.7112297374690707,0.7186771692750296,0.6889866452933971,0.6102857083823182,0.702549374531456,0.6948891788589948,0.8505602532459002,0.963019649924392,0.9656252225702913,1.163282536707887,1.0887586402134828,0.9842666361334244,0.8616491604586664,0.9184124607873897,0.9656252225702913,0.8041799960837757,0.7864589736932122,0.8579208708220666,0.9328151653475687,0.8358198647821538,0.8842791929186812,0.823097514441835,0.8238575306139883,0.7570960591047511
1070007400,183521064,1,7.52,1.400117179520265,1.4147780923948228,1.3563297310487816,1.201400137967286,1.3830291352032853,1.3679493782773928,1.6744013362327668,1.8957873736731488,1.900916668515338,2.290022166503484,2.1433154383260185,1.9376139014982598,1.6962308080233433,1.8079742683563274,1.900916668515338,1.5830977933376948,1.5482124298882083,1.6888913477963194,1.8363272364957368,1.6453836081575384,1.7407799818713303,1.6203385624614133,1.6218347199521443,1.4904089959339604
1070007400,632698279#0,2,0.2,0.037237159029794284,0.03762707692539423,0.03607259923002079,0.03195213132891719,0.036782689766044825,0.03638163240099449,0.044531950431722526,0.050419876959392255,0.05055629437540792,0.060904844853816066,0.05700307016824518,0.05153228461431542,0.04511252148998254,0.04808442203075339,0.05055629437540792,0.042103664716428055,0.04117586249702682,0.04491732307968935,0.04883849033233344,0.04376020234461538,0.04629733994338645,0.043094110703761,0.04313390212638682,0.0396385371259032
1070007400,632698279#1,3,5.28,0.983060998386569,0.9933548308304074,0.9523166196725489,0.8435362670834137,0.9710630098235833,0.9604750953862545,1.1756434913974747,1.3310847517279556,1.3346861715107692,1.6078879041407443,1.5048810524416727,1.3604523138179272,1.190970567335539,1.2694287416118897,1.3346861715107692,1.1115367485137007,1.0870427699215082,1.1858173293037988,1.2893361447736027,1.1552693418978461,1.2222497745054024,1.1376845225792902,1.138735016136612,1.0464573801238446
1070007400,1455536607#0,4,49.74,9.260881450709839,9.357854031345544,8.97125542850617,7.946495061501705,9.147854944815347,9.048111978127329,11.075096072369393,12.539423399800853,12.573350411163952,15.147034915144056,14.176663550842575,12.816079183580245,11.219484094558657,11.958595759048368,12.573350411163952,10.471181414975657,10.24043700301057,11.170938249918741,12.146132545651326,10.883162323105847,11.51414844392021,10.71750533202536,10.727401458832402,9.858104183212125
1070007400,1455536607#1,5,5.53,1.029607447173812,1.0403886769871504,0.9974073687100748,0.8834764312445602,1.0170413720311393,1.0059521358874977,1.2313084294371277,1.394109597927196,1.397881539480029,1.6840189602080142,1.5761348901519792,1.4248676695858213,1.2473612191980172,1.3295342691503313,1.397881539480029,1.1641663294092357,1.1385125980427915,1.2419639831534106,1.3503842576890195,1.2099695948286153,1.2801214494346354,1.1915521609589914,1.1926523937945956,1.0960055515312235
1070007400,518701055#0,6,14.06,2.617772279794538,2.645183507855214,2.5359037258704618,2.246234832422878,2.585823090552951,2.557628757789913,3.130596115350093,3.544517350245276,3.5541074945911766,4.28161059322327,4.007315832827636,3.6227196083863737,3.1714102607457724,3.380334868761963,3.5541074945911766,2.959887629564892,2.8946631335409854,3.1576878125021617,3.4333458703630404,3.0763422248264614,3.254702998020067,3.029515982474398,3.0323133194849934,2.786589159950995
1070007400,518701055#1,7,0.2,0.037237159029794284,0.03762707692539423,0.03607259923002079,0.03195213132891719,0.036782689766044825,0.03638163240099449,0.044531950431722526,0.050419876959392255,0.05055629437540792,0.060904844853816066,0.05700307016824518,0.05153228461431542,0.04511252148998254,0.04808442203075339,0.05055629437540792,0.042103664716428055,0.04117586249702682,0.04491732307968935,0.04883849033233344,0.04376020234461538,0.04629733994338645,0.043094110703761,0.04313390212638682,0.0396385371259032
1070007400,518701055#2,8,131.98,24.572801243761244,24.830108063067648,23.80430823189072,21.085211463952447,24.272896976612977,24.00823922141626,29.38663408989369,33.27207680550295,33.36209865833169,40.19110711903322,37.61632600402499,34.00615461698674,29.769752931239474,31.73091009809416,33.36209865833169,27.784208346370868,27.171951661787993,29.640941500287,32.22851977030683,28.87735752721169,30.55161462864071,28.43780365341188,28.46406201320266,26.15747064938352
1070007400,518701057#0,9,4.76,0.8862443849091037,0.8955244308243825,0.8585278616744948,0.760460725628229,0.8754280164318667,0.8658828511436687,1.0598604202749962,1.1999930716335356,1.2032398061347085,1.4495353075208224,1.356673070004235,1.226468373820707,1.0736780114615845,1.1444092443319307,1.2032398061347085,1.0020672202509875,0.9799855274292383,1.0690322892966064,1.1623560699095357,1.041492815801846,1.1018766906525974,1.0256398347495117,1.0265868706080064,0.9433971835964962
1070007400,381081066#0,10,0.2,0.037237159029794284,0.03762707692539423,0.03607259923002079,0.03195213132891719,0.036782689766044825,0.03638163240099449,0.044531950431722526,0.050419876959392255,0.05055629437540792,0.060904844853816066,0.05700307016824518,0.05153228461431542,0.04511252148998254,0.04808442203075339,0.05055629437540792,0.042103664716428055,0.04117586249702682,0.04491732307968935,0.04883849033233344,0.04376020234461538,0.04629733994338645,0.043094110703761,0.04313390212638682,0.0396385371259032
1070007400,-381081066#0,11,0.2,0.037237159029794284,0.03762707692539423,0.03607259923002079,0.03195213132891719,0.036782689766044825,0.03638163240099449,0.044531950431722526,0.050419876959392255,0.05055629437540792,0.060904844853816066,0.05700307016824518,0.05153228461431542,0.04511252148998254,0.04808442203075339,0.05055629437540792,0.042103664716428055,0.04117586249702682,0.04491732307968935,0.04883849033233344,0.04376020234461538,0.04629733994338645,0.043094110703761,0.04313390212638682,0.0396385371259032
1070007400,518701057#1,12,53.17,9.89949872807081,10.003158400616055,9.589900505301028,8.494474113792634,9.778678074303015,9.672056973804386,11.838819022273434,13.404124289654431,13.440390859702198,16.191553004387,15.154266204227982,13.699857864715753,11.993163838111858,12.783243596875788,13.440390859702198,11.193259264862398,10.94660304483458,11.941270340735414,12.983712654850844,11.633649793316,12.308147823949287,11.45656933059486,11.467147880299937,10.537905094921365
1070007400,518701057#2,13,82.75,15.406874548577385,15.568203077881861,14.925037931421103,13.220194337339484,15.218837890701044,15.05290040591147,18.425094491125193,20.861224091948547,20.917666797825028,25.199379558266397,23.58502028211144,21.321482759173,18.665305766480273,19.894929615224218,20.917666797825028,17.42039127642211,17.036513108144845,18.584542424221468,20.20692537500296,18.105783720084617,19.155524401576145,17.830188303681112,17.846652004792546,16.40044473584245
1070007400,518701057#3,14,94.2,17.538701903033107,17.72235323186068,16.990194237339793,15.049453855919994,17.324646879807112,17.135748860868407,20.97454865334131,23.747762047873753,23.812014650817133,28.68618192614737,26.84844604924348,24.271706053342562,21.247997621781778,22.647762776484846,23.812014650817133,19.830826081437614,19.393831236099633,21.156059170533684,23.00292894652905,20.611055304313844,21.806047113335016,20.29732614147143,20.316067901528193,18.669750986300407
1070007400,518701057#4,15,136.86,25.481387924088228,25.74820874004727,24.68447965310323,21.864843468378034,25.170394606904477,24.89595105200053,30.473213680427726,34.50232180331212,34.59567224109165,41.67718533346634,39.007200916130174,35.26354236157604,30.870498455595058,32.904169995644544,34.59567224109165,28.811537765451718,28.176642706715455,30.736924183431423,33.42017893441577,29.94510646442031,31.681269723259344,29.489299954583654,29.5165292250865,27.124650955255564
1070007400,-381080918#2,16,0.2,0.037237159029794284,0.03762707692539423,0.03607259923002079,0.03195213132891719,0.036782689766044825,0.03638163240099449,0.044531950431722526,0.050419876959392255,0.05055629437540792,0.060904844853816066,0.05700307016824518,0.05153228461431542,0.04511252148998254,0.04808442203075339,0.05055629437540792,0.042103664716428055,0.04117586249702682,0.04491732307968935,0.04883849033233344,0.04376020234461538,0.04629733994338645,0.043094110703761,0.04313390212638682,0.0396385371259032
1070007400,381080918#2,17,0.2,0.037237159029794284,0.03762707692539423,0.03607259923002079,0.03195213132891719,0.036782689766044825,0.03638163240099449,0.044531950431722526,0.050419876959392255,0.05055629437540792,0.060904844853816066,0.05700307016824518,0.05153228461431542,0.04511252148998254,0.04808442203075339,0.05055629437540792,0.042103664716428055,0.04117586249702682,0.04491732307968935,0.04883849033233344,0.04376020234461538,0.04629733994338645,0.043094110703761,0.04313390212638682,0.0396385371259032
1070007400,518701057#5,18,16.33,3.0404140347827027,3.072250830958438,2.9453277271311973,2.6088915230060876,3.0033066193975593,2.9705602855411994,3.6360337527501434,4.116782953734377,4.127921435752056,4.972880582314081,4.654300679237218,4.207611038758854,3.683437379657074,3.926093058811014,4.127921435752056,3.4377642240963504,3.3620091728822397,3.6674994294566345,3.9876627356350243,3.573020521437846,3.7801778063775027,3.5186341389620845,3.5218831086194835,3.2364865563299956
1070007400,518701057#6,19,15.46,2.878432393003098,2.9085730463329735,2.7884119204806073,2.4698997517252983,2.843301918915265,2.8123001845968743,3.4423197683721516,3.897456488961022,3.9080015552190326,4.707944507199983,4.406337324005353,3.983445600686582,3.4871979111756506,3.716925822977237,3.9080015552190326,3.254613282579889,3.1828941710201732,3.472109074059987,3.7752153026893747,3.382663641238769,3.5787843776237724,3.331174757400725,3.3342506343697016,3.064058919832317
1070007400,518701057#7,20,24.97,4.649059304869816,4.697740554135469,4.503664013868096,3.9892235964153104,4.592318817290695,4.542246805264162,5.559814011400557,6.2949216383801225,6.311953352769678,7.603969879998935,7.1168333105054105,6.433805734097279,5.632298308024319,6.00334009053956,6.311953352769678,5.256642539846042,5.140806432753798,5.607927786499214,6.097485517991829,5.463461262725231,5.780222891931798,5.38029972136456,5.385267680479394,4.948871360169014
1070007400,183521113,21,19.75,3.6771694541921853,3.7156738463826797,3.5621691739645533,3.155272968730572,3.6322906143969265,3.592686199598206,4.397530105132599,4.978962849739985,4.992434069571533,6.014353429314337,5.629053179114211,5.088813105663648,4.454861497135775,4.748336675536898,4.992434069571533,4.15773689074727,4.066116421581398,4.435585654119323,4.822800920317927,4.3213199815307695,4.571862319409412,4.255543431996398,4.2594728349806985,3.914305541182941
1070007500,1496591683#3,0,56.29,9.811985608008133,8.717235878449953,9.708223698075463,8.46601870616033,10.026308843131858,8.95369854019395,8.512629646588337,9.851470459549413,10.300520655812184,10.0709924272802,12.064511256828068,11.98575475739549,12.744939223590606,13.831019261005816,12.225170582761693,10.808346177474741,11.373242319154608,10.888467350028296,9.891274380598096,10.840252734456218,10.552113832750125,10.300520655812184,10.808346177474741,9.717858058344806
1070007500,1496591684#0,1,25.93,4.519893174909414,4.015596488331983,4.472095229900457,3.8998732465933093,4.618621216955215,4.124523061773479,3.921344585824046,4.538081879838626,4.744936944487653,4.6392047191219685,5.557519575227426,5.521240377673922,5.870958857127455,6.3712618482480154,5.631527326541317,4.978866874789839,5.239086397862479,5.015774709295323,4.5564175642016105,4.993564636781839,4.86083339284439,4.744936944487653,4.978866874789839,4.476533299926822
1070007500,1496591684#2,2,15.68,2.733201889031222,2.428251173815869,2.7042982338927564,2.3582727538211756,2.792903227221665,2.494119614678293,2.3712565794724663,2.744200689389497,2.869286976072749,2.8053501733834345,3.3606597354248375,3.338721524177674,3.550198028529059,3.8527337362332776,3.405412590827915,3.010745568712097,3.168101608888688,3.0330639198515494,2.755288368942586,3.0196333785090332,2.9393701349710772,2.869286976072749,3.010745568712097,2.7069819569167977
1070007500,1496591684#3,3,7.93,1.3822889655623467,1.2280632530841737,1.3676712369113238,1.1926723812373676,1.4124823081548346,1.261375544923397,1.1992388185724907,1.3878514966108872,1.4511126097102616,1.4187772241664947,1.6996193687448318,1.6885243422658776,1.7954764264180763,1.9484807734904266,1.7222526687031483,1.5226538494825848,1.6022350611280163,1.5339411278330857,1.3934589774052746,1.5271487685954486,1.4865564521888166,1.4511126097102616,1.5226538494825848,1.3690285024458038
1070007500,-448705122#2,4,6.64,1.15742733055914,1.028290037891414,1.1451875174137693,0.9986563192201917,1.182709019690807,1.0561833062158077,1.0041545719194627,1.1620849858128992,1.2150551990512153,1.1879799203613524,1.423136520613579,1.4138463597283009,1.5034001855505708,1.6315147964661327,1.442087984891413,1.2749585826688983,1.3415940486620463,1.2844097211616252,1.1667802786848704,1.2787222980420907,1.2447332714418338,1.2150551990512153,1.2749585826688983,1.1463239919596644
1070007500,448705122#2,5,6.64,1.15742733055914,1.028290037891414,1.1451875174137693,0.9986563192201917,1.182709019690807,1.0561833062158077,1.0041545719194627,1.1620849858128992,1.2150551990512153,1.1879799203613524,1.423136520613579,1.4138463597283009,1.5034001855505708,1.6315147964661327,1.442087984891413,1.2749585826688983,1.3415940486620463,1.2844097211616252,1.1667802786848704,1.2787222980420907,1.2447332714418338,1.2150551990512153,1.2749585826688983,1.1463239919596644
1070007500,1496591684#4,6,2.25,0.3922005261683833,0.3484416544059761,0.3880529991236417,0.33840010816949273,0.4007673636000476,0.3578934396062602,0.34026322090644445,0.39377879790346737,0.4117280418471739,0.40255343686943423,0.48223752581032425,0.47908950442600556,0.5094353038386723,0.5528476343446986,0.48865933222977104,0.4320266281634068,0.45460641709180794,0.4352291976827797,0.39536982334954196,0.4333019835232988,0.42178461758194674,0.4117280418471739,0.4320266281634068,0.3884380996851272
1070007500,1496591684#5,7,15.78,2.7506330235275946,2.4437374695672456,2.721545033853807,2.373312758628709,2.810715110048334,2.5100259897719046,2.3863793892905303,2.761701969296318,2.887586000154846,2.8232414372442984,3.3820925143497407,3.3600143910410525,3.572839597588555,3.8773047422041533,3.4271307833714606,3.029946752186026,3.188306338537213,3.0524074397485617,2.772860361091454,3.0388912444434024,2.9581161179747193,2.887586000154846,3.029946752186026,2.7242458724583587
1070007500,1496591684#6,8,2.69,0.46889751795242274,0.4165813557120337,0.46393891895226497,0.4045761293226379,0.47913964803739023,0.42788149001815107,0.40680358410592693,0.47078442949347876,0.49224374780839897,0.4812749978572347,0.5765417530798987,0.5727781186248689,0.609058207700457,0.6609600606165508,0.5842193794213706,0.5165118354486952,0.543507227545317,0.5203406852296344,0.4726865888045635,0.5180365936345216,0.5042669427979718,0.49224374780839897,0.5165118354486952,0.46439932806799655
1070007500,1496591684#7,9,0.2,0.034862268992745186,0.030972591502753433,0.034493599922101485,0.03008000961506602,0.03562376565333757,0.031812750187223134,0.030245619636128398,0.035002559813641546,0.03659804816419323,0.035782527721727485,0.042865557849806606,0.04258573372675605,0.045283138118993094,0.04914201194175099,0.04343638508709076,0.03840236694785838,0.040409459297049595,0.038687039794024866,0.03514398429773707,0.038515731868737677,0.037491966007284154,0.03659804816419323,0.03840236694785838,0.03452783108312242
1070007700,1069458458,0,3.21,0.5982992171515231,0.5579349186690451,0.5207253991303866,0.5232598170220734,0.4647911444183432,0.4836079485349336,0.5236519187957879,0.5224773724358721,0.5213080832771197,0.5674490342127316,0.7275517809817583,0.8023116941825245,0.7743085713384809,0.7760283016468393,0.7941062336738397,0.8083441129357768,0.7743085713384809,0.6586366499839577,0.634996352233511,0.5998399018308831,0.6039874551711141,0.6431785417698839,0.6042485824755547,0.6405256513592841
1070007700,540235869,1,38.37,7.151632698474748,6.66914729885709,6.224371826988453,6.254666410946092,5.55577452066412,5.780696880151216,6.259353309717875,6.245313638742807,6.231336808518095,6.782872100542838,8.696623625006254,9.590249129527558,9.25552021254128,9.27607661501222,9.492167036157392,9.662356265839799,9.25552021254128,7.872862386256839,7.590283500062249,7.170048920015884,7.219625749194905,7.688087429193285,7.222747074637704,7.656376711107704
1070007700,-536149359#1,2,6.93,1.2916553192710452,1.2045137029210224,1.1241828710198067,1.1296543713280276,1.0034276108470772,1.0440508047810249,1.130500871418944,1.12796516852978,1.1254408152992024,1.2250535224592618,1.5706959009980017,1.732093470618347,1.6716381306466266,1.6753508194431768,1.7143788783052052,1.7451167297959294,1.6716381306466266,1.4219165060401326,1.3708799753826268,1.2949814703077944,1.303935534061003,1.3885443284938614,1.3044992761855432,1.382817060411165
1070007700,536149359#1,3,6.93,1.2916553192710452,1.2045137029210224,1.1241828710198067,1.1296543713280276,1.0034276108470772,1.0440508047810249,1.130500871418944,1.12796516852978,1.1254408152992024,1.2250535224592618,1.5706959009980017,1.732093470618347,1.6716381306466266,1.6753508194431768,1.7143788783052052,1.7451167297959294,1.6716381306466266,1.4219165060401326,1.3708799753826268,1.2949814703077944,1.303935534061003,1.3885443284938614,1.3044992761855432,1.382817060411165
1070007700,536149360#0,4,82.97,15.46445048195074,14.4211402498351,13.459372699641179,13.524880691065865,12.013620327847333,12.499984887832847,13.535015483640661,13.504656570406327,13.47443354190113,14.667054943498549,18.805286999394546,20.73763279324737,20.01382621930023,20.058276693968306,20.525543366952796,20.893554844324424,20.01382621930023,17.02401334865077,16.412974250721003,15.504273101217562,15.61147637244465,16.62446218400226,15.618225821805849,16.55589199167595
1070007700,536149360#1,5,44.72,8.335184109350813,7.77285033111517,7.254467242713673,7.289775394774804,6.475221177068009,6.737366809496023,7.295237946588048,7.278874796053646,7.262584886028908,7.905395890963663,10.135861571808174,11.17737662425,10.787252121575346,10.81121048275597,11.063062545138353,11.261417049996243,10.787252121575346,9.17577289323445,8.84642893205066,8.356648102765451,8.414429593536518,8.960418812445237,8.418067479223303,8.92346016473121
1070007700,536149360#2,6,58.36,10.877489817122395,10.143639206705753,9.467144639641546,9.513222093896635,8.450221553973368,8.792323949065024,9.520350772872954,9.49899671506464,9.477738236776544,10.316612347867608,13.227390011867733,14.586576471181349,14.077460505705213,14.108726381342539,14.437395575453358,14.69624997848347,14.077460505705213,11.97446569877376,11.544668883597417,10.905500520514126,10.980905882799442,11.69342669709982,10.98565335615993,11.645195331254774
1070007700,536149360#3,7,11.52,2.1471672839830362,2.002308493167414,1.8687715258511073,1.8778670068829548,1.668035508940596,1.735564974181444,1.8792741758652576,1.875058981452102,1.8708626540038689,2.036452608763448,2.6110269523083667,2.879324210898032,2.7788270223736133,2.784998764788657,2.849876576922939,2.9009732651153115,2.7788270223736133,2.3637053606900906,2.278865413623068,2.1526964701220477,2.1675811475299795,2.3082295330807048,2.1685182772954485,2.2987088796445336
1070007800,218647841#0,0,11.05,1.5870207551534194,1.4450096010025613,1.4113856545547152,1.4350037641808473,1.3435232432876327,1.4267708108579504,1.5427180665790374,1.6980959531071411,1.5026353615259262,1.6409511866218462,1.6928941615557576,1.7222032710009751,1.7968652625183585,1.9643455950437663,1.994275479811875,1.987104693028692,1.7612333734599208,1.783975267808758,1.8434851914940016,1.8839860025192485,1.7962163404300528,1.855866808451797,1.6888703044654725,1.6769126927345976
1070007800,218647841#1,1,128.29,18.4252391564373,16.776496082589915,16.38612358577596,16.660328769842614,15.598244061662477,16.564744554295608,17.910886946735268,19.71481717865295,17.445528554765705,19.05136902549472,19.65442461411657,19.9947020485715,20.861524391717662,22.805963474042063,23.153448081906372,23.07019557182361,20.44783977205187,20.71187213639688,21.402779657625832,21.872992241013065,20.85399043563542,21.546529670251672,19.60770781537334,19.468880484246288
1070007800,218647841#2,2,64.22,9.223391212303401,8.398055798767826,8.202641333529755,8.339904229474572,7.808240966871653,8.292056241927384,8.965914410471111,9.868934127469737,8.732963159927147,9.536822190484612,9.83870253892405,10.009040186758607,10.442958113930223,11.41631439943083,11.590259847377249,11.548584921837339,10.235873958696478,10.368044497617957,10.713902171741609,10.94928335581775,10.439186731440541,10.785861216178679,9.815316828305216,9.745822002481074
1070007800,218647841#3,3,31.3,4.495361958036382,4.093104118676938,3.997861627833718,4.064761793562038,3.8056359741993577,4.04144130134424,4.369871084517997,4.809991251787648,4.256333648485203,4.648124175679981,4.795256765311784,4.878277138672445,5.089763141794083,5.564164445689582,5.64894321430875,5.628631392922901,4.988832994506382,5.053251211078201,5.221817782240928,5.336539536547736,5.087925018593724,5.256889692718665,4.783858871472333,4.749987989374923
1070007800,1069458459#0,4,6.68,0.959393542481886,0.8735442655834488,0.8532177531606783,0.8674954882106841,0.8121932366661888,0.8625184630344895,0.9326114646830741,1.026541263959792,0.9083804719450848,0.9919958304646093,1.0233966515106299,1.0411147375824898,1.0862497695586095,1.1874957986327925,1.2055891588364998,1.2012542397675714,1.064709405856314,1.0784574469649324,1.1144326768488624,1.13891642505236,1.0858574800065837,1.1219176724396382,1.0209641297583127,1.0137354558793765
1070007800,1069458459#1,5,2.4,0.34469229071205487,0.31384823913177795,0.30654530053677065,0.3116750257044374,0.29180595329324144,0.3098868729465232,0.3350699873112841,0.3688172205843564,0.3263642414173957,0.3564056875920752,0.36768741970441793,0.3740531991314335,0.39026937828453034,0.4266451971135782,0.43314580556999993,0.43158834961709147,0.3825303254573583,0.38746974142452656,0.40039497371815413,0.4091915299589318,0.39012843593050917,0.403084193690888,0.3668134597934058,0.3642163314536682
1070008100,1147954124,0,158.72,22.584017923823748,30.330992978936813,23.708349666797336,24.685714285714287,26.147859922178988,33.35907335907336,27.121076233183857,25.73617021276596,27.84530386740332,26.261398176291795,26.927871772039182,26.56126482213439,28.841201716738205,28.595744680851066,28.261682242990663,29.302325581395348,27.000000000000004,26.58461538461538,24.019062748212868,31.98307773664728,29.217391304347824,30.530035335689053,22.251655629139073,29.06295050456512
1070008200,-183521247#0,0,14.13,3.828835948966918,3.2174573055028457,3.335825300019673,2.31597158987434,2.568442312547336,2.7388881410687844,2.6479958355023423,3.973752050621045,3.45324327076474,3.503788400606145,5.141297756215889,3.730966700894822,3.313660347860074,4.057268195413758,4.16166243966293,4.104575163398693,4.509774369431269,4.013729435436146,3.5516145924245057,4.719614028576729,3.549508059451539,3.20367804509384,3.963225555122711,5.217498333247858
1070008200,-518702429#2,1,23.85,6.462684882014225,5.430740037950663,5.630533149714735,3.9091240211254776,4.335268871497097,4.622964059765782,4.469547110879749,6.707288493086478,5.828722718169785,5.9140377462460405,8.677986658580958,6.297491565204636,5.593120969317959,6.848255234297108,7.024462079685837,6.928104575163399,7.612039540759786,6.7747662445259795,5.994763484028624,7.966227500463908,5.991207871048776,5.4074820506361,6.689520841449162,8.806605466947023
1070008200,-518702429#0,2,103.12,27.942644236197356,23.480834914611002,24.344678339563245,16.901839373520307,18.744357485483462,19.988262215641402,19.3249349297241,29.000234356690882,25.20158854078273,25.570464251274284,37.520921770770165,27.22839958926214,24.182919679499705,29.60973080757726,30.37159453489323,29.95497458242556,32.91209716742763,29.29198721742218,25.91949729446674,34.443496010391534,25.904123927150934,23.38027459377755,28.923412543825474,38.07702959126109
1070008500,183521066#0,0,36.12,6.322435698898901,5.694288739613048,5.766946452294951,5.454735902981052,5.477401010611167,5.597570459534695,5.484997960695232,5.704556119237306,6.091156764976915,6.599388451666688,7.682726623916974,10.01185703711712,10.482925194595792,8.28639817634628,8.369700591875688,8.091424101608721,8.149785738611566,7.536319256143426,7.8194434595378395,7.71269337817896,7.269638841289085,7.243010127584729,7.071405506770249,6.663325239530349
1070008500,183521066#1,1,82.0,14.353259338585547,12.92723357276495,13.092181868443687,12.383398229358978,12.434852792638862,12.707662726518413,12.452099467802022,12.950542684868747,13.828207495241061,14.982000360926591,17.44140595684363,22.729022066544957,23.798445901352576,18.81186739923574,19.000981410127533,18.369235225136077,18.501728420989714,17.109030426460716,17.751781940257555,17.50943679431547,16.503609772583197,16.443156989533442,16.053578393000016,15.12715032230035
1070008500,183521066#2,2,186.64,32.669418572604954,29.423644805132316,29.799083218613774,28.18582250643365,28.30293811241606,28.923880137529224,28.34219322768987,29.476698618340276,31.47434935258282,34.10049448004071,39.69834155835726,51.73347168902378,54.167584671078586,42.817645504797056,43.24808744373418,41.81017149291948,42.11173893284781,38.94182242432472,40.404787577191094,39.853186381598036,37.563825950669845,37.42622951861612,36.53951062523807,34.43086995309923
1070008500,183521066#3,3,3.47,0.6073879256694129,0.5470426889938339,0.5540228180914585,0.5240291689740934,0.5262065754933762,0.5377510934270596,0.5269364043082077,0.548029062396275,0.5851692683961766,0.6339944055172594,0.7380692520761878,0.9618256898891585,1.0070805765572373,0.7960631692115613,0.8040659206480798,0.7773322711124658,0.7829389953760282,0.7240040924368132,0.7512034552767527,0.7409481180033498,0.698384462327606,0.6958262774839151,0.6793404515086592,0.6401367270534417
1070008500,183521066#4,4,6.54,1.144759952126213,1.0310257020229607,1.0441813343856305,0.9876515173171672,0.9917553324860753,1.0135135881881758,0.9931308599929906,1.0328847458419708,1.1028838660838602,1.194905882444633,1.3910584750946018,1.812778101404927,1.898071173107876,1.5003611315975822,1.5154441271004153,1.465058516736463,1.4756256569911308,1.3645494998665009,1.4158128523083464,1.3964843492051606,1.316263511130416,1.311442033067667,1.2803707645148792,1.2064824769249305
1070008500,183521066#5,5,112.78,19.74098278299607,17.77967563824916,18.00653989174487,17.03170307691592,17.102471926265988,17.477685393862764,17.12619241437454,17.81173419511582,19.018844406259596,20.605731715918303,23.988314192839322,31.26072083737732,32.73156986286028,25.873200064461063,26.133301017490037,25.26441888647374,25.446645503892924,23.531176237759016,24.415194722222527,24.081881483693884,22.698501343316252,22.615356649750996,22.079543550762704,20.80536601645163
1070008500,183521066#8,6,28.72,5.027141563465572,4.527684734265968,4.585456869045155,4.337209721307192,4.355231368348636,4.450781384214741,4.361271911161879,4.53584860865159,4.8432453568697955,5.2473542727538005,6.108746086348159,7.9607013872094035,8.335260564473732,6.588741850073787,6.654977879254424,6.43371263007205,6.480117564034446,5.9923335835116065,6.217453382002402,6.132573472350492,5.780288691080358,5.759115472431713,5.622667944475127,5.29819216166422
1070008500,183521066#9,7,46.03,8.057079601891376,7.256592211638666,7.349184529322718,6.951314884114558,6.98019846396545,7.133337991483445,6.989879737840575,7.269676582737907,7.762346231779829,8.41001800748111,9.79058434382332,12.758742508817859,13.359054449259258,10.55988117544904,10.666038711075249,10.311413383085533,10.385787307538493,9.60400817719496,9.964811252561649,9.828772873687086,9.264160461365908,9.230225807661272,9.011539188168179,8.491496699213233
1070008500,1455538686#0,8,8.1,1.4178219590554015,1.2769584382853183,1.293252111395047,1.2232381177781426,1.2283208246387167,1.2552691229853552,1.2300244596243461,1.2792609237492298,1.3659570818469826,1.4799293039451875,1.7228705884199194,2.245183887061148,2.350822095133608,1.8582454382171891,1.876926212463817,1.8145220161414908,1.8276097586587399,1.6900383713942901,1.7535296794644657,1.729590707731162,1.6302346238771204,1.6242630684783033,1.5857803046743917,1.4942672879345467
1070008500,1455538686#1,9,8.29,1.4510795111813923,1.3069117843685538,1.323587654748758,1.251931357577877,1.2571332884265387,1.2847137073516783,1.2588768852204728,1.309268278750755,1.3979980504335168,1.5146436950253832,1.763283602222362,2.297848694288508,2.4059648356367416,1.9018339114593206,1.9209528767067954,1.8570848782485132,1.8704796171951794,1.7296812467726745,1.794661857130916,1.770161353961893,1.6684746953013985,1.6623630663808806,1.62297762046305,1.5293180020959742
1070008600,1459747340#0,0,14.64,1.5838179263553627,1.5313681540875317,1.486031596894151,1.4608947440113642,1.3323041903188941,1.3332115484507798,1.3150015384965708,1.304196506978833,1.3082639498609232,1.379562337544206,1.4433022538524662,1.348208648054565,1.5341684615793325,1.5246097795757227,1.5520076297372316,1.5163431115222528,1.5924069606631464,1.5902509804835325,1.4729864236081476,1.5414165015552979,1.615624998879143,1.5606688469108916,1.6107506502813178,1.5652443685836046
1070008600,1459747340#1,1,22.07,2.387627160837627,2.308558412616928,2.240212933296032,2.202318784175602,2.0084667677826498,2.0098346225620705,1.9823827837854724,1.9660940511627625,1.9722257768736733,2.0797090703279117,2.175797864926498,2.0324429550931864,2.3127799144163843,2.2983700707128554,2.3396727041189003,2.2859079556896256,2.4005752473931445,2.3973250778190955,2.220547156354632,2.3237064336970916,2.435576757190074,2.352729607330832,2.428228610089391,2.3596272687595734
1070008600,1539122302#0,2,101.87,11.0207330708894,10.655770072192407,10.340303195055133,10.165392593745743,9.270616657635639,9.276930357970011,9.150219038705304,9.075034027727712,9.10333665111559,9.599454598745101,10.042978183056745,9.381285176046347,10.675255545156189,10.608743049547737,10.799386423588237,10.551220817675677,11.080498434614395,11.065496405864579,10.249530530940028,10.72568982332228,11.24205728386737,10.859654059754952,11.208139941540836,10.891492064727583
1070008600,1539122302#1,3,23.87,2.582358873094434,2.4968413823817883,2.422921736192854,2.381936990406507,2.1722746600349727,2.1737540752404447,2.1440633008137393,2.1264460807093406,2.1330779018565735,2.249327390517773,2.353253060072293,2.198206313460551,2.5014071842826957,2.485822092791838,2.530493314332494,2.4723435841554764,2.596362988458286,2.592847739353956,2.4016520445031753,2.5132248560194643,2.6342191750850503,2.5446151212952857,2.626271722828897,2.552075346864115
1070008600,540235870#3,4,97.48,10.545804061551966,10.196568829265887,9.894696725767885,9.727323746327036,8.871107409309138,8.877149026159973,8.755898222175253,8.68395324455578,8.711036190740629,9.18577436228205,9.610184679340056,8.977006763139276,10.215214592537796,10.151568395699552,10.333996157567304,10.096525034917295,10.602993888349966,10.588638359121225,9.807835831511083,10.263475448880495,10.757590498001287,10.391666611808313,10.725134794359484,10.422132585350395
1070008600,540235870#4,5,76.54,8.280425142297778,8.006210281001344,7.769184318734858,7.637765280507502,6.965475596107114,6.970219393334884,6.875014874079749,6.818524634163927,6.839789803439554,7.21254790407333,7.545789242477308,7.048626360798934,8.020850686426373,7.970876538847392,8.114116392082494,7.927657223764566,8.325329833958827,8.314058063265682,7.700982299383034,8.058744469196892,8.446717036489726,8.159398466021834,8.421233249489894,8.183319943400896
1070008600,1492450443,6,198.43,21.46700759062122,20.75610538357848,20.141615421564644,19.800911479110315,18.058000033126923,18.070298330538815,17.82348055217722,17.67702956829302,17.732159533531625,18.69853515293011,19.562463540433395,18.273568444908967,20.79406064420676,20.664502633962478,21.035852047046372,20.552456531377093,21.58342303308662,21.55420096020132,19.964801641841856,20.89230030079356,21.898119434944554,21.15324585331477,21.832052700500128,21.215262299046767
1070008600,1492450445#0,7,40.15,4.343599026172665,4.199756242255082,4.075421353504109,4.006483877872696,3.6538260410726497,3.6563144583537435,3.6063737548249524,3.576741103497277,3.58789601003525,3.783430864234963,3.9582367139464836,3.6974437991387146,4.207436047295778,4.181221492483966,4.2563597222643335,4.1585502682799484,4.367154335425227,4.361241589235917,4.039645143979994,4.2273136979129236,4.430829488046283,4.280112992040457,4.417461653606209,4.292661297720746
1070008600,1492450445#1,8,0.2,0.021636856917422988,0.020920329973873383,0.02030097809964687,0.019957578470100604,0.018200876916924784,0.0182132725198194,0.017964501892029656,0.01781689217184198,0.017872458331433378,0.01884648002109571,0.019717243905088336,0.018418150929707174,0.020958585540701267,0.020828002453220258,0.021202290023732674,0.02071506982953897,0.02175419345168233,0.02172474017054006,0.020122765349838083,0.021057602480263633,0.02207137976610851,0.0213206126627171,0.022004790304389586,0.021383119789393508
1070008700,261995707#5,0,35.69,9.580260816858665,6.791693588570815,7.0942937979625835,4.49701050372942,6.17471029309203,6.678278899518953,6.996162801570914,7.348960754812525,7.7287946814657555,7.575580689982954,8.020787390980086,8.598284083130652,10.097808670734764,9.743098111196206,7.428323181970326,10.033003597585358,9.356130667171549,9.118010692609387,9.59094710890201,9.0603625744264,9.300469532861712,7.7287946814657555,7.519268983935857,8.043296616586206
1070008700,-518702965#13,1,13.71,3.680173040042934,2.608969433995682,2.7252106464014303,1.7274870833883542,2.371960720602178,2.565402177427987,2.687514486117603,2.8230387208876357,2.96894858736048,2.9100927783599415,3.0811150218643033,3.3029553034385337,3.8789845019830103,3.742725556304287,2.8535251001628796,3.8540902023786856,3.594075411793834,3.5026037152052316,3.684278085263283,3.480458696984756,3.5726936759746173,2.96894858736048,2.8884611311224604,3.089761743160462
1070008700,-518702965#12,2,139.44,37.42985621470363,26.53498890418365,27.71724088506312,17.569715456431226,24.12444951719677,26.091880351608935,27.33384536427706,28.712218762988467,30.19622108107551,29.597617579468285,31.33702980661987,33.59329595269651,39.45190364380094,38.066057736766574,29.02228592025616,39.19871173010093,36.55418493220512,35.623855729264584,37.47160730919855,35.39862587217756,36.33671817490158,30.19622108107551,29.377609053516835,31.424972827592615
1070008700,-518702965#11,3,57.79,15.512560173893592,10.997253361824248,11.487229996757012,7.281654161124215,9.998221009744702,10.813609907626795,11.328334219747356,11.899592099204702,12.514627196466968,12.266539873188986,12.987427944094682,13.9225227560695,16.350584563792715,15.776229751920111,12.02809741345097,16.24565082388506,15.149643913024484,14.764075032947506,15.529863643133853,14.670729985320863,15.059516231551651,12.514627196466968,12.17535877225142,13.02387535647287
1070008700,-518702965#9,4,92.27,24.768020890208717,17.558687795388877,18.34100556845076,11.626202274561884,15.963589765861629,17.26547475647559,18.08730573552671,18.99940064013874,19.98139213389872,19.585285241376496,20.736286146420074,22.229298748962325,26.106046681106655,25.189007080977134,19.204577752883218,25.938504957949032,24.188573176237565,23.57295731597277,24.795648353555297,23.42391859743132,24.04467144290138,19.98139213389872,19.439701573207103,20.794479652911434
1070008700,-518702965#8,5,56.02,15.037439365660479,10.660427986319336,11.135397550066237,7.058630664581736,9.691994133343108,10.482409188877886,10.981368454581188,11.535129769812206,12.131327488251937,11.890838617339455,12.5896472301122,13.496101830680283,15.849796630276312,15.293033235898335,11.6596992057713,15.74807681526287,14.685638553514995,14.31187892967156,15.054212861885421,14.22139286689176,14.598271314959742,12.131327488251937,11.802450223594475,12.624978326174256
1070008700,-518702965#7,6,19.75,5.301489244409041,3.758362240803408,3.9258140238095,2.4885390150926328,3.4169383101307815,3.69560124027737,3.8715106565151456,4.066740681074457,4.276931772455834,4.192146781371907,4.438513616471188,4.758086596857114,5.58788795872826,5.391599543180865,4.110657967047183,5.552026367394531,5.177460932379884,5.04569098288135,5.307402785116691,5.013789880776727,5.146659380050962,4.276931772455834,4.1609852180648135,4.450969688360256
1070008700,-518702965#6,7,34.79,9.33867396521471,6.620426448483571,6.915395943713038,4.383608725826465,6.019001711870881,6.50987175439239,6.81973953114744,7.163640926307867,7.533896524746249,7.3845461531103105,7.818526010988993,8.381459883780202,9.843170738438287,9.497404967456319,7.241002059421341,9.779999864387634,9.120195738607402,8.888080470604667,9.349090779453656,8.831886073530244,9.065938219340403,7.533896524746249,7.329654467669612,7.840467618129282
1070008700,-518702965#5,8,40.03,10.745246301452855,7.617581797435969,7.956979006232622,5.043859077172561,6.925571673647351,7.490375577129273,7.846915016724116,8.242614150046101,8.668636903868709,8.496791678902149,8.996136712270465,9.643858555553939,11.325729366475557,10.927885048786331,8.331627261817657,11.253043822116613,10.49386132269199,10.226785318721037,10.75723207535297,10.162127034303413,10.431431644731141,8.668636903868709,8.43363231793086,9.021383120256257
1070008700,-518702965#4,9,0.49,0.1315306192283762,0.09324544293638834,0.09739994286919772,0.06174096796938684,0.08477467199818141,0.09168833456890689,0.09605266945278085,0.10089635107475868,0.10611121865839789,0.10400769229732831,0.1101200846618168,0.11804873075746763,0.13863620758363784,0.1337662671472721,0.10198594449889212,0.13774647696320608,0.1284534611071465,0.12518423198034742,0.1316773349218825,0.12439276159901753,0.12768927069493527,0.10611121865839789,0.10323456996717766,0.11042912138210256
1070008700,-518702965#3,10,0.2,0.053685967031990287,0.03805936446383198,0.03975507872212152,0.025200395089545653,0.034601906938033236,0.03742381002812527,0.03920517120521667,0.0411821841121464,0.04331070149322363,0.04245211930503197,0.04494697333135381,0.048183155411211286,0.05658620717699504,0.05459847638664167,0.04162691612199679,0.05622305182171678,0.05242998412536592,0.05109560488993773,0.05374585098852346,0.05077255575470104,0.05211806967140215,0.04331070149322363,0.042136559170276595,0.04507311076820513
1070008700,-518702965#2,11,22.09,5.929615058683328,4.203656805030242,4.390948444858322,2.7833836376403167,3.8217806213057703,4.133459817606435,4.330211159616181,4.54857223518657,4.78366697992655,4.688836577240781,4.964393204448028,5.321829515168286,6.249946582699102,6.0304017169045725,4.597692885674545,6.209836073708618,5.790891746646666,5.643509560093622,5.936229241682416,5.607828783106729,5.756440795206367,4.78366697992655,4.65398296035705,4.978325084348256
1070008700,-518702965#1,12,45.67,12.259190571754981,8.690855875316032,9.078072226196449,5.7545102186977495,7.901345449299889,8.545727019922404,8.952500844711226,9.403951742008632,9.889998685977615,9.69394144330405,10.26364136021464,11.002623538150097,12.921460408866817,12.467562082889627,9.505506296457966,12.838533883489026,11.972386875027308,11.667681376617281,12.272865073229333,11.593913106585982,11.90116120946468,9.889998685977615,9.62188328653266,10.292444843919641
1070008700,-518702965#0,13,30.54,8.197847165784916,5.811664953627142,6.070600520867956,3.8481003301736205,5.283711189437675,5.714615791294728,5.986629643036585,6.288519513924754,6.613544118015247,6.482438617878381,6.863402827697725,7.357567831291963,8.64071383592714,8.337187344240183,6.356430091828909,8.585260013176152,8.006058575943376,7.802298866693491,8.206991445947532,7.752969263742848,7.958429238823108,6.613544118015247,6.434252585301236,6.882664014304923
1070008700,-183521112#2,14,61.63,16.543330740907805,11.727993159529824,12.250527508221746,7.7655017468434915,10.662577622954942,11.532147060166801,12.081073506887515,12.690290034157915,13.34619266513686,13.0816205638456,13.850409832056675,14.847639339964758,17.437039741591022,16.82452049854363,12.827334202993312,17.325133418862027,16.156299608231507,15.745110646834311,16.561783982113504,15.645563055811124,16.060183169242574,13.34619266513686,12.984380708320733,13.889279083222412
1070008700,668991973,15,36.52,9.803057580041427,6.94963995109572,7.25927737465939,4.601592143351035,6.318308206884869,6.833587711135674,7.158864262072565,7.519866818877934,7.908534092662634,7.7517569850988375,8.207317330305205,8.798244178087181,10.332641430519294,9.969681788200772,7.601074883876613,10.266329262645485,9.573715101291818,9.33005745290263,9.813992390504385,9.27106868080841,9.516759521998033,7.908534092662634,7.694135704492506,8.230350026274257
1070008800,-183521112#0,0,13.61,3.2485210681895604,2.8259270559617966,2.5043451745470287,2.508076042591046,2.474893118102521,2.519335643231186,2.42673303580431,3.0568244096037045,2.747525162936336,2.8035737611810827,2.8741716493200853,3.181003388926292,3.5839191986998187,3.529446632262558,3.9473529744179134,3.8948433628438175,3.3420268855369533,3.4201036944423353,3.2881758663852345,3.2674353102168654,2.8964233007986926,2.99164112588048,2.6850814092332382,2.42673303580431
1070008800,183521112#0,1,13.27,3.167367713069469,2.7553307885828833,2.441782547115288,2.4454202119899473,2.4130662510815912,2.4563985294399586,2.366109286195679,2.9804599497017747,2.678887502730726,2.733535915567448,2.802370153304742,3.1015367355658996,3.4943870511937254,3.4412752983191877,3.8487416583780836,3.797543822552348,3.258537602577176,3.334663925440837,3.2060318697231494,3.185809446478898,2.8240659222335527,2.9169050507299024,2.6180036958504824,2.366109286195679
1070008800,183521112#2,2,60.85,14.524063703110565,12.634655500020232,11.196870233004166,11.213550859049608,11.065190759481146,11.263892277047589,10.84986812848584,13.666992308918841,12.28412242209229,12.534714428204916,12.850355978040207,14.222193696999625,16.023621105134755,15.780075501335538,17.648525238304927,17.41375596098797,14.942126082654196,15.291205716885829,14.701359402611427,14.608628848397965,12.94984260496697,13.375559332096048,12.004937821590193,10.84986812848584
1070008800,518702965#0,3,30.62,7.308575687580041,6.3578167857127275,5.634316623411464,5.642710391193082,5.568054906414342,5.668042424374645,5.459703567694929,6.877293418226704,6.181426927928775,6.307525978498513,6.466358258793609,7.156673311456508,8.063159872460579,7.94060660395882,8.880819109234132,8.76268212860233,7.5189466006716765,7.694605078899657,7.397791699391321,7.351129257813405,6.516420387248786,6.730643003266738,6.04093995229403,5.459703567694929
1070008800,518702965#1,4,47.28,11.285090088464544,9.817033887279482,8.699885367566754,8.712846090646927,8.597571390439912,8.751961000144782,8.430267298517839,10.619151953421245,9.544672278003672,9.739380413566613,9.984631563545456,11.05053932611573,12.45023510025918,12.261001967183963,13.71277359518582,13.530359602884328,11.609921465700747,11.881153759973081,11.422847535833496,11.3507965809738,10.061931936940645,10.392710685645046,9.327747908049044,8.430267298517839
1070008800,381080995#0,5,3.95,0.9428110374245972,0.8201625180785523,0.7268305245746336,0.7279133261010017,0.7182827198019808,0.7311811749274933,0.704305326335564,0.8871753429782977,0.7974081112122358,0.8136749710995795,0.8341644390017883,0.9232155316869107,1.0401528901443267,1.0243434384597432,1.1456314657568525,1.1303917180920706,0.969949022620938,0.9926090810468204,0.954319961221284,0.9483004757793255,0.8406224862714795,0.868257343661124,0.7792851995937761,0.704305326335564
1070008800,-381080995#0,6,3.57,0.852110228760965,0.7412608074785902,0.6569075880332764,0.6578862213115382,0.6491821037197649,0.6608396948078864,0.6365493708906236,0.8018268289702589,0.7206954321589066,0.7353973789431643,0.7539157081611099,0.8343998602841192,0.9400875488139863,0.925799006405388,1.0354188184182185,1.0216451730604281,0.8766374710776577,0.8971175745157338,0.8625119649518947,0.8570715692486561,0.75975247493397,0.7847287890810664,0.7043159905189317,0.6365493708906236
1070008800,518702965#2,7,22.96,5.480238333992088,4.767324408881914,4.224817428919896,4.231111384121266,4.175131961178097,4.250106272489936,4.093886150041658,5.156847056906764,4.635060818590616,4.729614515556037,4.848712789742041,5.366336356337081,6.046053255117402,5.954158315705241,6.659164165513248,6.570580720859226,5.637982166930819,5.769697341983544,5.547135774592578,5.512146563010965,4.886251211340043,5.046883192521368,4.5297185272590115,4.093886150041658
1070008800,518702965#3,8,0.2,0.047737267717701114,0.04152721610524316,0.036801545548082716,0.036856370941822876,0.03636874530642941,0.0370218316418984,0.035661029181547545,0.04492027053054672,0.040375094238594214,0.041198732713902765,0.042236174126672826,0.04674509021199548,0.05266596912123173,0.051865490554923704,0.05800665649401785,0.057235023700864335,0.04911134291751585,0.05025868764794028,0.04831999803652071,0.048015213963510155,0.04256316386184707,0.04396239714739868,0.039457478460444353,0.035661029181547545
1070008800,518702965#4,9,0.4,0.09547453543540223,0.08305443221048632,0.07360309109616543,0.07371274188364575,0.07273749061285882,0.0740436632837968,0.07132205836309509,0.08984054106109345,0.08075018847718843,0.08239746542780553,0.08447234825334565,0.09349018042399096,0.10533193824246347,0.10373098110984741,0.1160133129880357,0.11447004740172867,0.0982226858350317,0.10051737529588056,0.09663999607304143,0.09603042792702031,0.08512632772369413,0.08792479429479735,0.07891495692088871,0.07132205836309509
1070008800,518702965#5,10,40.21,9.597577674643809,8.349046797959137,7.398950732442029,7.409973377853488,7.311936243857632,7.443239251603673,7.169649916950133,9.03122039016642,8.117412696669367,8.283005212130151,8.491582808167571,9.39810038712169,10.58849309182364,10.427556876067412,11.662238288122287,11.507101515058775,9.87383549356656,10.104509151618393,9.71473560524249,9.653458767363716,8.557324094424352,8.838639946484504,7.932926044472336,7.169649916950133
1070008800,518702965#6,11,35.71,8.523489150995534,7.414684435591165,6.570915957610169,6.580705031662474,6.49363947446297,6.61024803966096,6.367276760365313,8.020514303229117,7.208973076300998,7.356033726067339,7.541268890317433,8.346335857351793,9.403508786595925,9.260583338581627,10.357088517006886,10.219313481789326,8.768830277922454,8.973688679539736,8.627535649420773,8.573116453184737,7.599652907532794,7.849486010668033,7.04513277911234,6.367276760365313
1070008800,518702965#7,12,21.81,5.205749044615306,4.528542916276765,4.01320854201842,4.019187251205784,3.9660116756661266,4.0372307405490195,3.888835232247759,4.898555501356119,4.402904026718699,4.492721802451096,4.605854788513671,5.097552087618106,5.74322393267032,5.6559317450144295,6.325625890672645,6.241479334579255,5.355591945155102,5.480709888007887,5.2692957858825835,5.236059082720781,4.641513019134422,4.794099408923826,4.3028380261114565,3.888835232247759
1070008800,518702965#8,13,52.55,12.542967092825968,10.911276031652639,9.669606092758732,9.684011464963959,9.555887829264327,9.727486263908803,9.369935417451616,11.80280108190115,10.608556011190629,10.82496702057795,11.097554751783283,12.282272453201811,13.837983386603636,13.627657643306202,15.241248993803186,15.038502477402103,12.904005351577288,13.205470179496308,12.696079484095817,12.615997468912292,11.183471304700316,11.551119850479001,10.367452465481753,9.369935417451616
1070008800,518702965#9,14,91.78,21.906632155653043,19.056839470696083,16.888229252015158,16.913388625202515,16.689617221120454,16.989318540467174,16.364846291412167,20.61391214646789,18.528130746090884,18.906098442409977,19.38218030673016,21.451321898284725,24.16841322973324,23.801073615654488,26.619254665104787,26.26515237632664,22.537195264848023,23.06371176163979,22.174047098959356,22.034181687854808,19.532235896201616,20.17434405094125,18.107036865497914,16.364846291412167
1070008800,518702965#11,15,56.57,13.50248617395176,11.745973075368026,10.409317158275197,10.4248245208946,10.286899609923557,10.471625079910963,10.086722104000721,12.705698519565141,11.420095405386373,11.653061548127395,11.946501851729408,13.22184876646292,14.896569365940394,14.670154003460167,16.407182789332946,16.188926453789477,13.891143344219357,14.215669801219907,13.667311444629883,13.581103269578845,12.038990898323442,12.434764033141715,11.160547782536685,10.086722104000721
1070008800,518702965#12,16,139.27,33.24184637522117,28.917476934886075,25.626756242407403,25.664933905338355,25.325375794132118,25.780152463835954,24.83255767057063,31.280230383946208,28.115196873045083,28.68873752532619,29.41115985310862,32.55094356912305,36.673947597569715,36.116534347921124,40.39293524960932,39.85560875409688,34.19868364061216,34.99763714364321,33.6476306327312,33.43539424349029,29.638859155197203,30.61321525359107,27.476215125930423,24.83255767057063
1070008800,518702965#13,17,13.77,3.2867108823637214,2.859148828845991,2.533786410985495,2.5375611393445046,2.5039881143476643,2.5489531085447044,2.455261859149548,3.0927606260281415,2.7798252383272115,2.836532747352205,2.9079605886214237,3.2183994610958884,3.6260519739968045,3.5709390247064965,3.9937582996131282,3.940631381804509,3.381315959870966,3.4603106445606877,3.326831864814451,3.3058474813876737,2.93047383188817,3.0268110435983986,2.7166473920015934,2.455261859149548
1070008800,-518702965#13,18,13.71,3.272389702048412,2.8466906640144187,2.5227459473210705,2.526504228061958,2.493077490755736,2.5378465590521353,2.444563550395084,3.079284544868978,2.7677127100556334,2.8241731275380344,2.8952897363834222,3.20437593403229,3.6102521832604353,3.55537937754002,3.9763563026649233,3.9234608746942503,3.3665825569957115,3.445233038266306,3.3123358654034947,3.2914429171986206,2.9177048827296166,3.0136223244541793,2.7048101484634604,2.444563550395084
1070009100,183272437#0,0,40.25,8.845115385626125,9.067377259418782,7.187555144661228,8.731548472032902,7.614722504679856,7.306357709035795,8.87619761840694,8.223900305054244,10.006443495114105,9.64614602065828,10.023461256160218,9.511234887502217,9.5061213203584,8.591538219565901,10.88085271130254,9.223466695809401,9.445184645227899,9.731087317483006,9.651411384206673,10.907702440386567,11.106398025041846,9.223466695809401,10.17340946827769,9.536885467026227
1070009100,183272437#1,1,0.88,0.19338388917642213,0.19824327921213733,0.15714406279010884,0.19090093553761375,0.1664833740153608,0.15974148531556523,0.19406345103597777,0.1798020439365897,0.21877441678758788,0.210897105544827,0.21914648212226065,0.20794749567706713,0.2078356959482085,0.18783984181908062,0.23789193505456485,0.20165591782142292,0.20650341584597645,0.21275420718969057,0.21101222405222042,0.2384789601873336,0.2428231121002938,0.20165591782142292,0.22242485297104017,0.2085083033784616
1070009100,-37402230#11,2,23.5,5.164228858688545,5.293996660778667,4.196460767690406,5.097922710379458,4.445862828819294,4.2658237555861165,5.182376249256225,4.801531855124838,5.842271357395813,5.631911341253903,5.852207193037643,5.553143350467133,5.550157789526022,5.016177594032266,6.352795992934402,5.385129623640271,5.51457985497778,5.6815043965428735,5.63498552866725,6.368472232275385,6.484480834496483,5.385129623640271,5.939754596385732,5.568119465220282
1070009100,-37402230#10,3,20.83,4.577484558573719,4.69250852953275,3.719671395361326,4.518711917327834,3.9407371372045064,3.7811535671854806,4.593570096681155,4.255996108180867,5.178489888278926,4.992030350566757,5.187296843871238,4.922211744265122,4.91956539386498,4.446254437603919,5.631010235439301,4.773287236613909,4.888029718263283,5.035988790637789,4.994755257963353,5.644905387161544,5.747733437555818,4.773287236613909,5.264897372030417,4.935486317469722
1070009100,-37402230#9,4,52.99,11.644786690293872,11.93739927892177,9.462572599145304,11.495273379702445,10.024947714856784,9.618978757808865,11.685707125450525,10.826943532045327,13.173700392698047,12.699360935023163,13.196104645066583,12.521747495372486,12.515015373063145,11.310946838628503,14.324879134706125,12.14289441517864,12.434790915543513,12.811187998842845,12.706292900599045,14.360227386735009,14.621814443402918,12.14289441517864,13.393514726062977,12.555517040937138
1070009100,-37402230#8,5,84.96,18.67033548230548,19.13948750211726,15.171544971190507,18.430617594631435,16.073213018573927,15.422314309557294,18.735944090928037,17.35907006005984,21.12167551167439,20.361156917146022,21.157596728530983,20.07638549173139,20.065591736090674,18.135082910169416,22.967385002540713,19.468962247850104,19.936966148038813,20.540451639586486,20.372271085768915,23.024059610813477,23.443467731864725,19.468962247850104,21.47410853229497,20.13052892617511
1070009100,-37402230#7,6,9.27,2.0371234689379922,2.0883127253369467,1.6553698432548964,2.0109678095837267,1.753750996729994,1.6827313282673746,2.044282035344902,1.8940510764683935,2.3045895950237947,2.2216092822733478,2.3085089650833592,2.190537823780014,2.1893601152726054,1.9787219700714513,2.505975270404336,2.124261770687035,2.17532575555932,2.241172159827763,2.222821951095549,2.5121590465188435,2.557920737692868,2.124261770687035,2.3430436216381163,2.196445423089022
1070009100,-37402230#6,7,13.2,2.900758337646332,2.97364918818206,2.3571609418516326,2.8635140330642055,2.497250610230412,2.3961222797334782,2.9109517655396666,2.697030659048845,3.281616251813818,3.1634565831724046,3.2871972318339098,3.119212435156007,3.1175354392231274,2.8175976272862093,3.568379025818472,3.024838767321344,3.0975512376896464,3.1913131078453585,3.165183360783306,3.577184402810004,3.6423466815044065,3.024838767321344,3.3363727945656025,3.1276245506769245
1070009100,-37402230#5,8,24.71,5.430131706306127,5.566581169695357,4.412533854026806,5.3604114967436765,4.674777468090416,4.485468297895019,5.449213494430695,5.048759665537649,6.143086180478746,5.921894861378039,6.153533605955752,5.839071157023102,5.835931871454809,5.274457376533502,6.6798974036344285,5.662406510644729,5.798522051765998,5.974041431428697,5.925127336739053,6.696380802532969,6.818362613634387,5.662406510644729,6.245588769220912,5.854818382365667
1070009100,-37402230#4,9,38.29,8.41439672336955,8.625835410264475,6.837552459355985,8.306360024699126,7.243918626191098,6.9505698553784,8.443965386554078,7.8234321162863845,9.519173203178113,9.176420649217528,9.535362273251545,9.048079101676024,9.043214543019209,8.17316766278704,10.351002492317372,8.774323969752595,8.985245219025497,9.257225674196876,9.181429612454,10.376544756332958,10.565564729909376,8.774323969752595,9.678008659387647,9.072480609501472
1070009100,-37402230#3,10,64.77,14.233493752223705,14.591155902920606,11.56616016694926,14.050742721330957,12.253554698835137,11.757336368055862,14.283511049545773,13.233839074741947,16.102294290150073,15.522506279702776,16.129679144385026,15.30540828977686,15.297179575642572,13.825439266615739,17.50938708350473,14.842333860560867,15.19912073220897,15.659193181450293,15.530979263479903,17.55259346742454,17.87233292129094,14.842333860560867,16.370974689698038,15.346685011162453
1070009100,-37402230#2,11,353.48,77.67879221145647,79.63072083625717,63.12191285800872,76.68143487935876,66.8733443715338,64.16525026062045,77.9517598547698,72.2232119212565,87.87770550690519,84.71353280452891,88.02715738701897,83.52872814992011,83.48382023155993,75.45184918887342,95.5568650035086,81.00151571763249,82.9486675377679,85.45949676978616,84.75977381588508,95.7926623261576,97.53762916501347,81.00151571763249,89.34401935023101,83.75399440706661
1070009100,-37402230#1,12,29.13,6.4014462405786094,6.562303094829046,5.201825623949853,6.3192548320576,5.510978051213023,5.287806212775472,6.4239412825886735,5.951856295310065,7.241930410252766,6.981173505137284,7.254246618433469,6.883534714855642,6.879833889740128,6.217925672942974,7.874763713794856,6.675269188793239,6.835732390446924,7.042647790267825,6.984984189364978,7.894195579837531,8.037996881229043,6.675269188793239,7.362768144370909,6.902098724334757
1070009100,-37402230#0,13,6.7,1.4723546107750323,1.5093522394560455,1.1964377507883288,1.4534503046613774,1.2675438703442246,1.2162135813798716,1.4775285476602855,1.3689473799717624,1.6656688550873169,1.605693871761751,1.6685016252490301,1.5832366148140338,1.582385412332951,1.4301442502134545,1.811222687347255,1.5353348288676518,1.5722419161000478,1.619833168376053,1.606570342215769,1.8156920832444718,1.848766876218146,1.5353348288676518,1.6934619487567832,1.5875064007223785
1070009200,-37402230#1,0,29.13,6.586987855197877,6.183506829551335,4.9300285071267815,4.794373746093893,5.262504571115886,6.312393820539503,7.050705958085974,6.604088031353632,7.746329810223566,7.28909658933358,7.85152688172043,9.844793768101468,28.265496774193547,8.373583639491176,7.264119673550597,7.562112692263433,6.809140015196518,8.571073819667856,6.882832006702974,7.125755489292491,7.736906051330349,7.326885684554779,6.479609550884919,7.442641046452367
1070009200,-37402230#0,1,6.7,1.515029819080871,1.4222277980773754,1.1339234808702174,1.1027224201451795,1.2103941169404886,1.4518722484591375,1.6216865746370075,1.5189629182996682,1.7816824486267728,1.6765172381920697,1.805878136200717,2.264336362728453,6.501161290322582,1.925952982649876,1.6707724618190525,1.7393118790993822,1.5661255785038335,1.971376402051996,1.5830749895266023,1.6389482244510705,1.7795149517306332,1.6852088598186412,1.4903324404712999,1.7118329904301708
1070009200,37402230#0,2,6.7,1.515029819080871,1.4222277980773754,1.1339234808702174,1.1027224201451795,1.2103941169404886,1.4518722484591375,1.6216865746370075,1.5189629182996682,1.7816824486267728,1.6765172381920697,1.805878136200717,2.264336362728453,6.501161290322582,1.925952982649876,1.6707724618190525,1.7393118790993822,1.5661255785038335,1.971376402051996,1.5830749895266023,1.6389482244510705,1.7795149517306332,1.6852088598186412,1.4903324404712999,1.7118329904301708
1070009200,37402230#1,3,29.23,6.609600240557293,6.204734110119654,4.946952738184546,4.810832289678149,5.280570154950818,6.334063555591132,7.074910235319362,6.626759119686463,7.772922085576204,7.314119234679731,7.878480286738351,9.878589833216818,28.362529032258063,8.4023292063964,7.289056575965807,7.588072571055963,6.832515023830904,8.600497348056692,6.906459991621283,7.150217403090267,7.7634659759830456,7.352038055596849,6.501853318653149,7.468190792578191
1070009200,37402230#2,4,353.29,79.88729623628075,74.99385951981432,59.791615903975995,58.14638862881947,63.823901130433626,76.55700696389981,85.51129103783708,80.09468797105818,93.94784959333622,88.40250374341436,95.22368458781364,119.39811844602019,342.80526451612906,101.55521331945893,88.0995825426945,91.7136557861225,82.5815680044208,103.95038344491786,83.47530791788857,86.42149525616698,93.83355780550977,88.86081165452654,78.58500714837396,90.26469808792164
1070009200,37402230#3,5,64.99,14.695789245084447,13.795609641350541,10.999057764441108,10.69640747540824,11.74082293432274,14.08316081005363,15.73035977397897,14.73394030750678,17.282319751679694,16.262217210463074,17.51701792114695,21.964062718465993,63.06126451612903,18.681743931703796,16.20649287964481,16.87132522726401,15.191418111487184,19.122351099904357,15.355827398408042,15.897797777175384,17.26129503178714,16.34652594024082,14.456224672571606,16.604780007172653
1070009200,37402230#4,6,38.37,8.676372262407913,8.144907554064014,6.493827456864215,6.315143173279185,6.931764517463664,8.314677339310014,9.28718117445104,8.698896593307204,10.203456052807354,9.601189019317866,10.342021505376342,12.967550184759812,37.23127741935484,11.029674021533692,9.568289456715977,9.960805492693028,8.968990813013745,11.289807842796279,9.066057813154586,9.386036324207101,10.19104308923946,9.650964768841979,8.53493369266922,9.803437588478454
1070009200,37402230#5,7,24.71,5.58752042231169,5.245261028431634,4.181977494373593,4.066906119669759,4.464005765611862,5.354591531257505,5.980876904370218,5.602025927042508,6.570951239636949,6.183095665033738,6.660186379928315,8.351007690002996,23.97667096774194,7.103029582280364,6.161908586798328,6.414686049633692,5.7759646335566766,7.2705538648813155,5.838475073313783,6.04453889943074,6.562957381681186,6.215150884495317,5.496435015529226,6.313342267690972
1070009200,37402230#6,8,13.42,3.034582115233625,2.848701052268415,2.2712318079519878,2.2087365490072104,2.424401350647964,2.9080784439286007,3.2482140047206927,3.0424600542659026,3.568683352324073,3.358039005453369,3.6171469534050176,4.5354319384799755,13.021729032258065,3.857655078680796,3.346532304121147,3.48381573395727,3.136926158734544,3.9486375097817583,3.1708755760368663,3.2827888316616964,3.5643418883918057,3.3754481938456964,2.985113634496245,3.4287759300855054
1070009200,37402230#7,9,9.27,2.0961681228178617,1.9677689086831744,1.5688762190547636,1.5257069902605693,1.6746796214982582,2.0087844392860004,2.2437364995350833,2.101609888453422,2.4651039251895797,2.3195992235881318,2.49858064516129,3.1328952361929487,8.994890322580645,2.6647140521140824,2.311650853889943,2.406480764067354,2.1668633004075426,2.727561081645075,2.190314201927105,2.267619409053944,2.4621050153049207,2.3316247955998213,2.0619972721147684,2.3684614658638328
1070009200,37402230#8,10,86.73,19.611721822221487,18.410420436903102,14.678385596399098,14.274494850625587,15.668280860037102,18.79416121027776,20.99236964451756,19.662634911064213,23.063480413343285,21.702140308716146,23.37668817204301,29.311327274543093,84.15607741935484,24.931030176899068,21.627775464711412,22.515002876759617,20.27314498860261,25.51902617163725,20.492551319648097,21.215817836812143,23.035422651283255,21.81465140478668,19.29201978538445,22.15929481492667
1070009200,37402230#9,11,51.47,11.638594744491408,10.925681308513807,8.710901725431357,8.471212382816775,9.298355999839844,11.153412631073403,12.457941492024892,11.66880916490805,13.687044124002984,12.879155559663554,13.872917562724014,17.39483471487067,49.942503225806455,14.79534328611778,12.835023673108454,13.36154961451421,12.031116944118255,15.144290061733763,12.16132383745287,12.59054703171591,13.670393218742639,12.945925375353054,11.448867270307133,13.150454330961326
1070009200,37402230#10,12,20.83,4.71015987036635,4.421642542380855,3.5253173293323328,3.42831462860061,3.7630611128164744,4.513805811254303,5.041750947714755,4.722387699728669,5.539170955954578,5.212217025603105,5.614394265232974,7.0397203635274135,20.211819354838706,5.9877015863577485,5.194356773088189,5.407442752483601,4.869014298542515,6.128920963394487,4.921709258483451,5.095416644076985,5.532432305156579,5.239238888063029,4.633376826121966,5.322012118009023
1070009200,37402230#11,13,23.5,5.313910559462757,4.988410933554974,3.9771942985746436,3.8677577423002565,4.245412201209176,5.092387737132795,5.688005149846219,5.327705758215254,6.249184707870024,5.880321656345319,6.334050179211469,7.942075302107261,22.80258064516129,6.755208222727177,5.860172067574289,6.100571516244102,5.493127029080611,6.914529171376402,5.552576455802263,5.7485497424776355,6.241582293383564,5.91080719488628,5.227285425533663,6.004190339568508
1070009200,535722776,14,1.9,0.42963532182890374,0.4033183307980617,0.32156039009752435,0.3127123281008718,0.34324609286372065,0.4117249659809494,0.45988126743437524,0.4307506783237865,0.5052532317001296,0.47543026157685553,0.5121146953405018,0.6421252371916508,1.8436129032258064,0.5461657711992186,0.4738011458889851,0.4932376970580338,0.4441251640533259,0.5590470393878794,0.44893171344784244,0.4647763621577663,0.5046385684012243,0.4778950497993162,0.4226315875963387,0.4854451763906453
1070009200,1028953203,15,14.76,3.3375880790497994,3.1331466118838898,2.4980165041260314,2.429281033036246,2.6664801740360615,3.198452893620428,3.572551319648094,3.3462526379258364,3.925019842049428,3.6933424530917827,3.978322580645161,4.988299211025667,14.321961290322582,4.242845675210772,3.6806867964849577,3.8316781097771466,3.450151274435311,4.342912790192157,3.487490573942187,3.61057847655191,3.920244878737932,3.7124899658094246,3.283180122590505,3.7711425281715396
1070009300,1539122297#1,0,27.81,2.6277912539070445,2.607094364617717,2.488160044199698,2.4721404714196336,2.381374708638659,2.3807840899113177,2.466423805375754,2.507659731066467,2.6241994123899497,2.710141572705374,2.7623946620208453,3.404014698766821,2.9581884285123063,2.7070844474118543,2.7078480819527315,2.738750770477157,2.6106395024537483,2.552332212316521,2.6679603809122945,2.5888137676705596,2.595112584623529,2.578383414053837,2.510939432519601,2.7178146802158647
1070009300,183521068#1,1,98.77,9.332863795339764,9.259356720362888,8.836949570859552,8.78005445386973,8.457690757721695,8.45559311616472,8.759751141926042,8.90620466154027,9.320107010491022,9.625339199428616,9.810921278957169,12.08969909375041,10.506302448189876,9.614481512796434,9.61719363734165,9.726947630349832,9.271947632411246,9.064863452373347,9.47552847258926,9.194431349616007,9.216802228812153,9.157386904210625,8.917852849692952,9.652591009166521
1070009300,183521066#0,2,36.12,3.413010431180239,3.386129034519667,3.231655548237795,3.2108491128254997,3.092961325998862,3.09219422249539,3.203424230498822,3.2569820023775904,3.408345299371628,3.519968126793172,3.587835138158681,4.421179824504048,3.842134701109835,3.5159974915683625,3.516989310324799,3.5571261355496198,3.3907335069625812,3.3150032185858587,3.465182630656313,3.3623859506745992,3.3705669383891355,3.3488388678757497,3.2612417224957926,3.529934061466991
1070009400,1492450445#2,0,5.63,0.7548831117644452,0.6775240252942777,0.7526364358365749,0.6690101651880667,0.6937883194542912,0.6990624531889126,0.6143597751377811,0.617736409016401,0.6646145662052277,0.725120695171582,0.7184256887530942,0.72772904299594,0.8098826018929998,0.7823227917744444,0.7790091411354305,0.7902682576284036,0.7878063627448261,0.7141146274368915,0.7426896987990872,0.768066339988122,0.776020997134144,0.7083637043167763,0.716136898948217,0.6723452108769403
1070009400,1539122301#0,1,152.66,20.468997485250483,18.371370817304516,20.408077849877714,18.140513644335748,18.812384520051886,18.955395045083375,16.65864356528129,16.75020252228131,18.02132498701422,19.661976079021972,19.480437947610543,19.73270261168032,21.96033357104535,21.213036836995858,21.1231856990648,21.428481742371595,21.36172634753555,19.363541567409563,20.138367569923382,20.826466689624635,21.042160821047677,19.207602682237848,19.418376375388064,18.230944918734227
1070009500,-635356833#3,0,0.2,0.04414041248500439,0.03981728675612418,0.03727875843873255,0.03943602214522041,0.032879321483102894,0.037950851439430854,0.04020599541291146,0.041346715492282596,0.0411312745083888,0.04395606737485819,0.053067409071607514,0.047291725008896356,0.04962039035768434,0.055136976247275565,0.05345672979278749,0.051037351935786325,0.05150914909886863,0.045606800766884656,0.04636579794068499,0.04908047937451783,0.04862696365134467,0.0454754321616992,0.05098241398967676,0.04698676844881916
1070009500,-635356833#2,1,21.97,4.848824311477731,4.3739289501602405,4.0950716144947705,4.332047032652461,3.611793464918853,4.168901030621479,4.416628596108324,4.541936696827243,4.51827050474651,4.828574001128172,5.829454886516086,5.194995992227264,5.4507998807916245,6.05679684076322,5.872221767737704,5.606453110146128,5.6582800285107195,5.009907064242279,5.093282903784245,5.391490659290783,5.341671957100211,4.995476222962656,5.6004181767659915,5.161496514102784
1070009500,-635356833#1,2,45.88,10.125810624060007,9.134085581854887,8.551747185845247,9.046623480113562,7.542516348223804,8.705925320205438,9.223255347721892,9.484936533929627,9.435514372224391,10.083521855792469,12.173663641026764,10.848721717040824,11.382917548052786,12.648422351125014,12.26297381446545,11.707968534069384,11.816198803280464,10.46220009592334,10.636314047593137,11.25906196851439,11.155025461618466,10.432064137893796,11.695365769231849,10.778764682159116
1070009500,-635356833#0,3,110.81,24.455995537316678,22.0607677272306,20.65429611297977,21.849528069559366,18.216788067713157,21.026669240016666,22.2761317585236,22.90814771849917,22.788782641372816,24.35385912904018,29.40199799612414,26.201980241179026,27.492177277675008,30.548641689803027,29.617701141693907,28.277244840022416,28.53864405822817,25.268447964892438,25.688970349036513,27.193039597451605,26.941769211027513,25.195663189189442,28.24680647098041,26.033019059068256
1070009500,-1455538687#9,4,23.86,5.265951209461023,4.750202310005614,4.447355881740793,4.704717441924795,3.922503052934175,4.5275365767241,4.796575252760338,4.932663158229313,4.906961048850784,5.243958837820582,6.330941902242776,5.641902793561335,5.919712569671741,6.577841266299974,6.377387864279547,6.088756085939308,6.145041487495027,5.440891331489339,5.531439694323718,5.8553011893799765,5.801196763605419,5.425219056890715,6.082201988968437,5.605521475944125
1070009500,-1455538687#8,5,112.46,24.820153940317965,22.389260342968623,20.96184587009931,22.174875252257436,18.488042469948756,21.339763764391968,22.607831220680115,23.249258121310504,23.12811565606702,24.71649668488276,29.839804120964903,26.592136972502423,27.9015454981259,31.003521743843045,30.0587191624844,28.69830299349265,28.96359453829383,25.644704071219238,26.071488182047165,27.597953552291372,27.342941661151105,25.570835504523455,28.66741138639524,26.42065989877101
1070009500,-1455538687#7,6,119.79,26.437900057893376,23.84856390258058,22.328112366878862,23.620205463879767,19.69306960230448,22.73066246964711,24.081380952563325,24.76461524410266,24.63557686679947,26.327486554171315,31.78472466343932,28.325378694078474,29.720132804735037,33.024291923305704,32.017908309390066,30.56882194193922,30.851404852767367,27.31619331932556,27.77079467657327,29.396753121367457,29.12511987897289,27.237510093249735,30.5359168591169,28.142724962420235
1070009500,-1455538687#5,7,106.89,23.590843452610592,21.28034890681057,19.92363244758061,21.07658203551305,17.57235336664434,20.282832551803818,21.48809424843053,22.09775209485043,21.982609661008393,23.49232020849296,28.361876778320635,25.27506243100466,26.51961762666439,29.467956955356424,28.569949237755267,27.276912742081002,27.52906473589034,24.3745546698615,24.78020070939909,26.23106220171105,25.988680723461158,24.304344718820133,27.247551156782745,25.1120783974714
1070009500,-1455538687#4,8,113.94,25.146792992706995,22.683908264963943,21.237708682545932,22.466701816132066,18.73134944892372,21.620600065043757,22.90535558673566,23.555223815953394,23.4324870874291,25.04177158345671,30.2325029480948,26.942095737568252,28.26873638677277,31.411535368072887,30.45429896295103,29.07597939781747,29.344762241625457,25.982194396894187,26.414595086808234,27.961149099662805,27.70278119217106,25.907353702520034,29.04468124991885,26.768361985292273
1070009500,-1455538687#3,9,31.03,6.848384997048431,6.177652040212666,5.783799371769355,6.118498835830947,5.101226728103414,5.888074600827697,6.237960188313214,6.414942908627645,6.381517239976523,6.819783853209249,8.233408517459905,7.337311135130269,7.698603563994726,8.554501864764804,8.293811627350978,7.918445152837249,7.991644482689469,7.075895138982155,7.193653550497276,7.614836374956441,7.544473410506126,7.055513299887631,7.90992153049835,7.289997124834293
1070009500,-1455538687#2,10,8.58,1.893623695606688,1.708161601837727,1.5992587370216262,1.6918053500299557,1.410522891625114,1.6280915267515836,1.7248372032139019,1.773774094618923,1.7645316764098795,1.8857152903814165,2.276591849171962,2.028815002881654,2.128714746344658,2.3653762810081216,2.293293708110583,2.1895023980452333,2.2097424963414642,1.9565317528993513,1.989092731655386,2.105552565166815,2.0860967406426862,1.9508960397368955,2.187145560157133,2.015732366454342
1070009500,-1455538687#1,11,23.8,5.252709085715522,4.738257123978777,4.436172254209174,4.692886635281229,3.9126392564892445,4.516151321292272,4.784513454136465,4.920259143581629,4.894621666498267,5.230772017608125,6.315021679521294,5.627715276058666,5.904826452564437,6.561300173425792,6.36135084534171,6.073444880358573,6.129588742765367,5.427209291259274,5.517529954941513,5.840577045567621,5.786608674510015,5.411576427242205,6.066907264771535,5.59142544540948
1070009500,-1455538687#0,12,15.25,3.3657064519815845,3.0360681151544684,2.842505330953357,3.006996688573056,2.507048263086596,2.8937524222566022,3.0657071502344997,3.1526870562865477,3.136259681264646,3.3516501373329373,4.046389941710073,3.6059940319283474,3.783554764773431,4.204194438854762,4.076075646700046,3.8915980851037073,3.9275726187887328,3.4775185584749546,3.53539209297723,3.742386552306985,3.707805978415031,3.4675017023295642,3.8874090667128534,3.582741094222461
1070009500,-37401789,13,5.87,1.2955211064348786,1.1686373662922447,1.0941315601768005,1.157447249962219,0.9650080855290699,1.1138574897472957,1.1800459653689517,1.213526099698494,1.2072029068212113,1.290110577452088,1.5575284562516805,1.388012129011108,1.4563584569980352,1.6182702528575377,1.5689550194183128,1.4979462793153286,1.5117935260517945,1.3385596025080646,1.3608361695591042,1.4405120696420983,1.4272013831669659,1.3347039339458715,1.496333850597013,1.3790616539728424
1070009600,37401789,0,5.8,1.7283780026247781,1.5537845136463155,1.5670496062500119,1.4415215487860058,1.394079067433555,1.4054651139261212,1.5045388842520608,1.4529320095943383,1.5572998632247013,1.5869199758969863,1.545065184164574,1.6881092324839184,1.6974760531327198,1.7660719423869602,1.6788452184032143,1.7581776233596882,1.7133205713635788,1.5998292610001574,1.466084216283957,1.3801033374342213,1.6035562948056323,1.5220045097740582,1.6214995042292526,1.6378977740519163
1070009600,1455538687#0,1,15.25,4.54444216207377,4.085381695363158,4.120259740571152,3.790207520514929,3.66546651351064,3.6954039633402322,3.9558996525592978,3.8202091631575277,4.094624640375292,4.1725051090394905,4.062455872156854,4.438563068168924,4.463191346598961,4.643551227827784,4.4142051001119,4.622794613144007,4.504851502292169,4.206447625905586,3.854790396263853,3.628719982046875,4.216247154445844,4.00182220242317,4.263425420602776,4.306541561084781
1070009600,1455538687#1,2,23.8,7.0923097349085715,6.375874383583158,6.430307004956946,5.915209113983955,5.720531345675623,5.767253398524429,6.173797490551561,5.9620313497146995,6.390299438749636,6.511844039025566,6.340095066054633,6.927068919502976,6.965505183544608,7.246984867036147,6.889054516895949,7.214590937234583,7.030522344560893,6.564816622724784,6.016000749578996,5.663182660505943,6.58011031316794,6.245466781486654,6.653739344940727,6.721028796971657
1070009600,1455538687#2,3,8.58,2.556807459055275,2.298529504669895,2.3181526933836385,2.1324577394110222,2.0622755859620523,2.0791190823251933,2.225679935669428,2.1493373521240384,2.3037297976668856,2.3475471367579557,2.2856309103675945,2.4972374508124178,2.5110938854963334,2.612568494082779,2.4835330989482034,2.600890346280366,2.5345328452240534,2.366643975755405,2.168793547537302,2.0416011439975206,2.3721574154193665,2.2515170161830036,2.398700990739136,2.4229591209250763
1070009600,1455538687#3,4,31.11,9.27066201063049,8.334178658540841,8.40532987076515,7.732023341850455,7.477551687561707,7.538624085214074,8.070035291220968,7.793226692841357,8.353034266365595,8.51191042244056,8.287409979199982,9.054668659064605,9.104910347061882,9.472844504768677,9.004978404228275,9.430501010813774,9.189897064676025,8.581153156847396,7.863772408378258,7.4025887633756255,8.601144195069521,8.163717292943268,8.697387858029664,8.78534478461295
1070009600,1455538687#4,5,114.11,34.00434722060576,30.569370836582944,30.830350098136012,28.36069378137433,27.427303859455684,27.651314508639604,29.600505531379767,28.58518476117413,30.638532309063905,31.22128249131123,30.397825545693028,33.212093882541375,33.396378003961146,34.74594299065104,33.02983239172254,34.5906290692369,33.70810524108586,31.475261547022065,28.843943089683165,27.1523434197619,31.548587724184603,29.944126656951347,31.901604901310353,32.22422672363176
1070009600,1455538687#5,6,108.36,32.29086902834844,29.028981017019788,29.276809540215744,26.931599142491656,26.045242715017245,26.257965473281807,28.108936809922984,27.14477802752457,29.094657444660104,29.64804286003404,28.866079888978145,31.538537315854725,31.713535365079572,32.99509580638811,31.36545997692626,32.84760814952686,32.00955467464783,29.889223917582253,27.390497530436136,25.784137524891765,29.95885519054109,28.435242875709825,30.294083841083072,30.60044875797684
1070009600,1455538687#7,7,119.39,35.577767195409,31.98385053176442,32.25690560175671,29.672975467165728,28.696396527740024,28.930772405455105,30.970154722560952,29.90785390094277,32.05621218455122,32.66592688316228,31.80436764438078,34.74885539073363,34.94166654888197,36.35367744854813,34.558160452613755,36.1911769746402,35.267817761223746,32.93165783979462,30.178585272783042,28.408713354529603,33.00837690290422,31.329675589987037,33.37772858791905,33.71527849035488
1070009600,1455538687#8,8,112.72,33.59013249239052,30.196998341071158,30.454798554569198,28.01522568606182,27.093205600191435,27.314487524440064,29.239935005671082,28.23698208990928,30.265317341842813,30.840968910880743,30.027542682591516,32.80752977337712,32.989569087779344,34.322694714803134,32.627488451450056,34.16927270777656,33.29749910415563,31.09185418964444,28.49258842405649,26.821594516480246,31.164287163877738,29.579370403746875,31.513004158055413,31.831696050195173
1070009600,1455538687#9,9,24.15,7.196608407480755,6.4696372421652635,6.524870343265136,6.002197483307248,5.80465680664144,5.852065948502728,6.264588630118495,6.04970828132815,6.484274430495954,6.607606451364176,6.4333317582024945,7.028937580083903,7.067939083302616,7.353558173904326,6.990364142144418,7.320687862782148,7.13391237903973,6.6613580436472075,6.104471348837511,5.74646475845456,6.676876641302762,6.337311881214398,6.751588452954561,6.819867455750651
1070009600,635356833#0,10,105.52,31.44455979947699,28.26816239309642,28.509495595086427,26.22575065998264,25.36262468889461,25.569772210600743,27.37223156315128,26.43334235386114,28.332117511632838,28.87099928562931,28.109530729835495,30.7119458985695,30.882357435614583,32.13032954494346,30.543404732052956,31.986707382226598,31.170618394876698,29.105859244954587,26.672621810738477,25.108362787251558,29.173665556532814,27.68998549506183,29.50010822177082,29.79844364102728
1070009600,635356833#1,11,40.96,12.205924653019121,10.972933392922947,11.066612391724222,10.180124592806,9.845082517599726,9.925491563174814,10.625157361890416,10.260706053962776,10.997759034083407,11.206938312541476,10.91135688678982,11.92154382112781,11.987692954537275,12.472121855201705,11.856120714792354,12.416371629795314,12.099588035008999,11.298104574235596,10.3535878446536,9.746384948500985,11.324425144006673,10.74850081385266,11.451141326419,11.566947038821809
1070009600,635356833#2,12,21.11,6.290699937139494,5.655239841909263,5.703520204816854,5.246641361184928,5.0739670885383354,5.115408371548348,5.47600273216569,5.288171503885601,5.668034502185076,5.775841498480238,5.6235044892610615,6.144135499609574,6.1782274968330535,6.427892879963573,6.110417682843423,6.399160280883278,6.235896079566406,5.822826844778159,5.336041000992126,5.023100250558002,5.836391962646017,5.539571586436271,5.901699057634401,5.961383105213095
1070009600,635356833#3,13,0.2,0.05959924146981994,0.053578776332631584,0.05403619331896594,0.04970763961331054,0.04807169198046742,0.048464314273314525,0.05188065118110555,0.05010110377911513,0.05369999528361039,0.05472137847920643,0.053278109798778416,0.058210663189100655,0.05853365700457655,0.06089903249610208,0.05789121442769705,0.060626814598609934,0.059080019702192385,0.05516652624138474,0.050554628147722665,0.047589770256352464,0.05529504464847009,0.052482914130139946,0.05591377600790528,0.05647923358799712
1070010300,379553691#1,0,5.18,1.2806780915590412,1.0982266993942327,1.0746089209126366,1.0611610277044008,0.9763718178843352,0.9150692053814603,0.8554820024630099,0.8690315621293495,0.9905421699315063,1.0741964030927083,1.0496180157751334,1.0164481039071942,0.9579875488040073,1.0033279419349248,0.9958297615859449,0.966925234988426,0.946965018631643,0.9517964728083352,0.9390206812270151,0.9262766071024512,0.8747363645065662,0.9186742055339808,1.0131359992963451,1.3045602004925434
1070010300,539135854#4,1,15.28,3.777753134946361,3.2395567503366562,3.169888863232642,3.1302201743867273,2.8801083739908577,2.6992775015885546,2.5235067563001525,2.5634753415707454,2.921908176940814,3.168672015300499,3.096170517576069,2.998325681023538,2.8258783292905854,2.9596237360551454,2.937505551550818,2.8522427781125774,2.793363993183688,2.8076158502917687,2.769929731495905,2.7323371730744124,2.580303407270334,2.709911556092515,2.9885556118239682,3.8482007458544527
1070010300,573169790#0,2,18.42,4.554071514771726,3.905277182015786,3.8212927264885654,3.7734722259295492,3.4719631052952624,3.2539719619935332,3.042080788681205,3.0902628135951,3.5223526583278666,3.819825819491832,3.7324254537795287,3.6144737594537677,3.4065889283725515,3.567818666108363,3.541155252589403,3.4383712024105813,3.36739298131175,3.3845735577470153,3.339143040193363,3.2938253094260914,3.1105490027434266,3.2667912868602182,3.602695966609784,4.638995925303601
1070010300,573169790#1,3,27.14,6.709962047280383,5.754029463621522,5.630286894511382,5.5598282416790425,5.115585161656537,4.794397342481242,4.482197209815848,4.553188532083117,5.189829052498279,5.628125555972221,5.499349989987861,5.325560142865106,5.019262948753042,5.25681859924978,5.21753276630165,5.066090903008859,4.961511699934902,4.986825535138652,4.919888279633435,4.853117204007823,4.583078172337492,4.813285316253328,5.308206760792048,6.835089544665566
1070010300,573169793,4,12.22,3.0212135673458462,2.5907973487640015,2.5350812767475714,2.503356710144359,2.303332744120961,2.1587153841238313,2.0181448011772165,2.050109206413253,2.3367616441241332,2.5341081169484356,2.476125898218558,2.397875642808091,2.259962904707523,2.3669242182325836,2.3492354607297776,2.2810475620769437,2.2339599474283163,2.2453577022621345,2.2152186727015684,2.1851544669482537,2.0635672537201235,2.167219843943098,2.3900621450581734,3.077553214289359
1070010300,573169794#0,5,42.09,10.40612758179924,8.923621964768971,8.731716116064263,8.622445493451396,7.933492242230054,7.4353789294412485,6.951204147426272,7.061300859078054,8.048633191586315,8.728364209685735,8.528652950574395,8.259131408002665,7.78411118323565,8.152523759853473,8.091597425705102,7.856734197039162,7.694547805831247,7.733805702799775,7.629996230278971,7.526444477401965,7.107655131675941,7.464671295545417,8.232218959533432,10.600181242998293
1070010300,573169794#1,6,5.57,1.3770998011551854,1.1809117211632967,1.1555157701705379,1.1410553907941146,1.0498824373775577,0.9839643772151996,0.9198908790963254,0.9344605793553045,1.065119669212064,1.155072194059148,1.12864331039913,1.092976049954261,1.0301140244861624,1.078868076559369,1.0708053613964699,1.0397246252674777,1.0182616126985042,1.0234568250081908,1.0097191495047249,0.9960155794518636,0.9405948938806127,0.9878407962981224,1.0894145783939466,1.4027799839273103
1070010300,573169794#2,7,64.5,15.94666735628536,13.674830523345177,13.380748146499046,13.213298510991091,12.157525531571357,11.394201495579958,10.65223728935601,10.820952848907924,12.333971034861422,13.375611582911137,13.06956795704558,12.656544923168731,11.928609439741017,12.493176110965765,12.399810737894489,12.039899161535422,11.791359787980884,11.851519786899155,11.692438984390439,11.53375311932589,10.891987550323073,11.439090010992619,12.61530346614175,16.24404110651912
1070010300,573169794#3,8,24.3,6.0078142132982055,5.151912894841671,5.041119069146153,4.978033392512923,4.580277060731535,4.292699168102217,4.01316846715273,4.076731073309497,4.646751878250117,5.039183898678149,4.923883741956707,4.768279715240312,4.494034254041964,4.70673146506152,4.671556603578854,4.535962009694741,4.442326245704425,4.46499117552945,4.405058408072677,4.3452744310018465,4.103492984075205,4.309610655304196,4.752742236081311,6.119848044781623
1070010300,563109707#0,9,9.93,2.4550450674095137,2.1052878619661644,2.060012854181946,2.034233398668861,1.8716934655581952,1.7541770674590542,1.6399490896636464,1.6659234385993127,1.89885786629727,2.0592220622993427,2.012105578503296,1.9485192416599302,1.8364510346764078,1.923368043130078,1.9089941182525931,1.853584475566616,1.81532097201008,1.8245828137040094,1.8000917692247607,1.77566152674273,1.6768594786776452,1.7610878109946775,1.9421699754850787,2.500826793608293
1070010300,563109707#1,10,15.26,3.772808431890149,3.2353164928100373,3.1657397940399292,3.1261230275616136,2.876338598632231,2.695744415853491,2.5202037369856236,2.5601200073540293,2.9180836897982214,3.1645245388406815,3.0921179383645816,2.994401170969842,2.8221795356658594,2.9557498829974813,2.9336606489964323,2.8485094760469853,2.789707757590516,2.803940960435366,2.7663041690201253,2.728760815518032,2.5769260467896142,2.7063645514379435,2.984643889818963,3.843163833883439
1070010300,563109707#2,11,28.71,7.098121237193065,6.086889679461086,5.955988826139343,5.8814542674504535,5.411512527308739,5.0717445726837305,4.741484226006373,4.816582268095294,5.490051293191805,5.9537024580678874,5.8174774580895905,5.633634182080222,5.309618248294025,5.560916064276389,5.519357616820942,5.35915511515786,5.248526193998933,5.275304388866275,5.204494933982163,5.133861272183664,4.848200970074038,5.091725181637179,5.615276938184956,7.23048713439014
1070010300,518962606#0,12,42.99,10.6286392193288,9.11443355346681,8.918424229736342,8.806817100581505,8.103132133368259,7.594367787519108,7.099840016580077,7.212290898830258,8.220735113002984,8.915000650377516,8.71101901509131,8.435734360418973,7.950556896348316,8.326847147448344,8.264618040652467,8.02473278999082,7.859078407524003,7.899175746337903,7.79314654168907,7.687380567439069,7.259636353308356,7.624286505001128,8.408246449758666,10.826842281693908
1070010300,518962606#1,13,53.62,13.256748893705753,11.368130428864625,11.12365450566324,10.984450638129337,10.106767736478389,9.472202855705385,8.855394782252239,8.995651035014616,10.253450029290997,11.119384388770468,10.86496486599665,10.521611453958252,9.91646570789013,10.385800047596655,10.308183748308565,10.008982837853168,9.802367625295114,9.852379705016011,9.720132997566129,9.588214608655104,9.054703448811212,9.509519478905801,10.487326695418924,13.503960994287679
1070010300,518962606#2,14,1.42,0.35107391699108853,0.3010582843899248,0.29458391268261463,0.2908974245830597,0.2676540504625012,0.25084908718951227,0.2345143713315587,0.23822872938681008,0.2715385871240809,0.2944708286470359,0.2877331240155771,0.27864021381239684,0.2626143473555386,0.27504356709412997,0.27298808136139807,0.26506444665705886,0.259592727115238,0.26091717980460155,0.25741493578037866,0.25392138650298857,0.23979259413114365,0.2518373304745662,0.2777322623553688,0.35762074994197135
1070010300,518962607#0,15,8.11,2.0050770892941743,1.7194244270438666,1.6824475576450737,1.661393037583531,1.5286439079231582,1.4326662655682707,1.339374332041508,1.3605880248781899,1.5508295363213354,1.6818017044559586,1.6433208702579791,1.5913888267736187,1.499860814826351,1.5708474148826719,1.5591079858034775,1.5138539875977097,1.4826035330313945,1.4901678367713511,1.4701655839287824,1.4502129891121387,1.3695196749320948,1.4383103874286842,1.586203273029606,2.0424678042460473
1070010300,518962607#1,16,36.28,8.969691343969503,7.691827153286249,7.526411515581169,7.43222434075592,6.838372500548974,6.409017523405286,5.991677036555599,6.086576269122162,6.937619676663138,7.523522298108776,7.3513786896374205,7.119061237404055,6.709611635252777,7.027169446602138,6.974653233656001,6.772209946984575,6.632411366014674,6.66625019951475,6.5767703310648855,6.48751260727354,6.1265319120266835,6.4342664433924375,7.095863717079422,9.136958315418818
1070010300,563109702#0,17,37.61,9.298514097207633,7.97380427880639,7.802324616896576,7.704684604625969,7.089062561897656,6.643967724787012,6.211327820971777,6.3097059945337515,7.191948071645552,7.799329482686634,7.620875207201306,7.380041155974821,6.955581411297049,7.284780674936781,7.230339253522662,7.0204745343464685,6.875551032960635,6.910630374965538,6.817870235704254,6.725340384772817,6.351126383994586,6.670142252921432,7.355993230412267,9.471912961491228
1070010300,563109702#1,18,46.9,11.595328666818347,9.943403899920757,9.729567256911709,9.607809304891196,8.840123215979792,8.285086048724033,7.745580292570495,7.868258738198164,8.968422349379855,9.725832298271818,9.503298250937018,9.202976075916487,8.673671049982227,9.084185420221617,9.016296490034906,8.754593343814127,8.573872465989199,8.617616713264656,8.501944005704056,8.386558469711384,7.91991032728918,8.317725914969825,9.172988101737179,11.811558572027081
1070010300,563109702#2,19,36.95,9.135338896352621,7.833875780427974,7.665405333537052,7.569478759397223,6.964659975062972,6.527375895529916,6.10232818359232,6.1989799653821365,7.065739995939993,7.6624627595126595,7.487140093222235,7.2505323242028625,6.833521221681095,7.156943524033876,7.103457469227929,6.8972755661819205,6.7548952583859485,6.7893590097042456,6.698226674003516,6.607320585412273,6.239673488130816,6.553091099320579,7.226906404247097,9.305694866447777
1070010300,563109702#4,20,0.2,0.04944703056212515,0.042402575266186605,0.04149069192712883,0.04097146825113517,0.03769775358626778,0.035330857350635535,0.03303019314528996,0.03355334216715635,0.03824487142592689,0.04147476459817408,0.040525792114870014,0.0392451005369573,0.03698793624725897,0.03873853057663803,0.03844902554385888,0.03733302065592379,0.03656235593172367,0.036748898564028395,0.036255624757799816,0.035763575563801206,0.03377360480720333,0.03547004654571355,0.03911722005005194,0.050369119710136814
1070010300,563109702#5,21,53.47,13.219663620784157,11.336328497414986,11.092536486717892,10.953722036940986,10.07849442128869,9.44570471269241,8.83062213739327,8.97048602838925,10.224766375721552,11.088278315321837,10.834570521910498,10.492177628555535,9.888724755704684,10.356746149664177,10.27934697915067,9.980983072361225,9.774945858346323,9.82481803109299,9.69294127899778,9.561391926982251,9.02937324520581,9.482916943996516,10.457988780381386,13.466184154505077
1070010300,563109702#7,22,32.63,8.067283036210718,6.917980154678344,6.769206387911069,6.684495045172704,6.150388497599589,5.764229376756188,5.388876011654057,5.47422777457156,6.239650773139973,6.766607844192101,6.611782983541042,6.402838152604585,6.034581798740302,6.3201912635784945,6.272958517480577,6.090882320013966,5.965148370260717,5.995582800721232,5.91510517923504,5.834827353234167,5.510163624295223,5.786938093933165,6.381974451165974,8.21772188070882
1070010300,-1528816936,23,5.71,1.4117127225486727,1.2105935238496273,1.184559254519528,1.1697354185699091,1.076270864887945,1.0086959773606445,0.9430120142980283,0.9579479188723138,1.0918910792102126,1.1841045292778698,1.1570113648795388,1.120447620330131,1.0560055798592436,1.1059850479630156,1.097719679277171,1.0658577397266242,1.0438552618507106,1.0491810540030104,1.0350980868351847,1.0210500823465245,0.964236417245655,1.0126698288801217,1.1167966324289829,1.438038367724406
1070010300,1528816936,24,5.71,1.4117127225486727,1.2105935238496273,1.184559254519528,1.1697354185699091,1.076270864887945,1.0086959773606445,0.9430120142980283,0.9579479188723138,1.0918910792102126,1.1841045292778698,1.1570113648795388,1.120447620330131,1.0560055798592436,1.1059850479630156,1.097719679277171,1.0658577397266242,1.0438552618507106,1.0491810540030104,1.0350980868351847,1.0210500823465245,0.964236417245655,1.0126698288801217,1.1167966324289829,1.438038367724406
1070010300,1528816939#0,25,31.22,7.718681470747735,6.619041999051727,6.47669700982481,6.3956461940022,5.884619334816399,5.515146832434207,5.156013149979762,5.237676712293107,5.970024429587188,6.474210753774972,6.326076149131208,6.126160193819034,5.773816848197124,6.047084623013196,6.00189288739637,5.827684524389704,5.707383760942064,5.736503065844831,5.659503024692551,5.582694145509368,5.272059710404439,5.536874265785885,6.106198049813107,7.862619586752356
1070010300,1528816939#1,26,8.27,2.044634713743875,1.7533464872568159,1.715640111186777,1.694170212184439,1.5588021107921723,1.4609309514487792,1.3657984865577397,1.387430698611915,1.5814254334620768,1.7149815161344977,1.675741503949875,1.6227849072031844,1.5294511638241581,1.6018382393439825,1.5898672062385646,1.5437204041224488,1.5118534177767735,1.519566955622574,1.4991700837350224,1.4788238495631798,1.3965385587778574,1.4666864246652551,1.6174970490696476,2.0827631000141573
1070010300,1528816939#2,27,1.7,0.4202997597780638,0.36042188976258605,0.352670881380595,0.3482574801346489,0.320430905483276,0.300312287480402,0.2807566417349646,0.285203408420829,0.32508140712037853,0.3525354990844796,0.3444692329763951,0.33358335456413707,0.3143974581017012,0.32927750990142324,0.32681671712280047,0.3173306755753522,0.31078002541965116,0.3123656377942413,0.30817281044129835,0.30399039229231023,0.2870756408612283,0.30149539563856514,0.33249637042544145,0.4281375175361629
1070010300,1496591683#0,28,100.97,24.96333337928888,21.4069401231343,20.946575819410988,20.684445746585588,19.03171089802729,17.83678333346835,16.675293009399635,16.939404793088883,19.30792333937919,20.938534907388178,20.45944614919213,19.812889006082894,18.67335961442869,19.557147161615706,19.410990545817157,18.847575478143124,18.458505392130693,18.55268144004973,18.303652158975236,18.055241123385038,17.0506043869166,17.907052998603483,19.74832854226872,25.428850085662567
1070010300,1496591683#1,29,19.47,4.813668425222883,4.127890702163265,4.039118859105991,3.9885724342480082,3.6698763116231676,3.439458963084369,3.2154893026939773,3.2664178599726705,3.723138233313983,4.037568333632246,3.9451858623825955,3.820510537272793,3.6007755936706602,3.7711959516357116,3.7430126366946617,3.634369560854181,3.5593453499532988,3.5775052752081633,3.5294850701718112,3.481584081136047,3.2878604279812436,3.4530090312252137,3.8080613718725562,4.903433803781819
1070010300,1496591683#2,30,9.86,2.4377386067127693,2.090446960622999,2.045491112007451,2.0198933847809637,1.858499251803001,1.7418112673863315,1.628388522062795,1.6541797688408078,1.8854721612981953,2.0447058946899817,1.9979215512630915,1.934783456471995,1.823505256989867,1.9098095574282548,1.8955369593122426,1.8405179183370428,1.8025241474339768,1.8117206992065995,1.7874023005595305,1.7631442752953992,1.665038716995124,1.7486732947036776,1.9284789484675604,2.483197601709745
1070010400,-1496591683#2,0,9.86,3.1846050425854124,2.6312351012648922,2.3838639964009642,2.3859801650617727,2.305151505953763,2.279734228958514,2.18166124670624,2.1737215171387687,2.056470279986295,2.09493893682158,2.3474293938358843,2.608254882039871,3.0578005187054464,2.854813229890693,2.411670395641173,2.2482698920469155,2.18520866336755,2.1545544336209117,2.209458821160779,2.128955767082841,2.117216743554224,2.105606467639708,2.3733392105448896,2.559815862801988
1070010400,-1496591683#1,1,19.47,6.288464521210749,5.195755316595076,4.70728519370454,4.71146387563415,4.551855965610523,4.501665865904895,4.308006538881388,4.292328391348055,4.060798818593627,4.136760760640585,4.63533978681386,5.15037754090429,6.038070598295644,5.637242757197951,4.7621929617782595,4.4395349693867585,4.315011427562495,4.25448020513176,4.362896881135939,4.203931925466828,4.18075152099399,4.157825347357517,4.6865024776175455,5.054727672287496
1070010400,-1496591683#0,2,100.97,32.61151837219565,26.94480813130996,24.411637699452875,24.433308039177206,23.605593058433207,23.345310861860156,22.341007716017142,22.25970198635918,21.059006508135518,21.452939599480217,24.03853406649181,26.70948229610201,31.312993749867037,29.2343297993979,24.69638538011047,23.023104563892197,22.377334557831805,22.06342405301252,22.62566502764745,21.80128436129356,21.6810724743073,21.56217900989669,24.30386004956567,26.213449053460117
1070010400,-1528816939#2,3,1.7,0.5490698349285194,0.4536612243560159,0.4110110338622352,0.4113758905278919,0.3974399148196143,0.39305762568250235,0.37614849081142065,0.3747795719204774,0.3545638413769474,0.36119636841751385,0.40472920583377314,0.4496991175930813,0.5272069859836978,0.4922091775673609,0.41580524062778845,0.3876327400080889,0.3767601143737156,0.37147490234843306,0.3809411760622033,0.367061339152214,0.36503736957831445,0.3630355978689152,0.40919641561118786,0.4413475625520669
1070010400,-1528816939#1,4,8.27,2.671063255799327,2.206928426720148,1.9994477941415794,2.001222714509215,1.9334282915048293,1.9121097437613497,1.8298517758884993,1.8231923881072636,1.724848804816091,1.7571140981251994,1.9688885483795904,2.1876539426439896,2.564706925932459,2.394452881460044,2.022770199995183,1.8857192705099382,1.832827144629781,1.8071161426009068,1.8531667800202478,1.7856454557581236,1.775799439066271,1.7660614084564286,1.9906202100614845,2.147026083709173
1070010400,-1528816939#0,5,31.22,10.083506027334337,8.331354955526363,7.548096751281754,7.554797236635756,7.298867141569622,7.218387690475132,6.907856401842678,6.882716609033708,6.511460663404881,6.633265071761636,7.432732827135529,8.258592030150586,9.682001236712377,9.039276778619417,7.636140948470327,7.118761260619138,6.919088688674941,6.822027324304753,6.9958726568599925,6.740973534313013,6.703803928373517,6.667041979686784,7.514771820812521,8.105218178162076
1070010400,-563109702#7,6,32.63,10.53891100806917,8.707626912198117,7.888994138191022,7.89599723995595,7.628508482684715,7.544394309423561,7.219838385398034,7.193563195155987,6.8055400847822325,6.932845589096163,7.768419991974129,8.631577768860144,10.119272913322387,9.447520861189993,7.981014706873377,7.440268415567024,7.231577960008436,7.130132978605513,7.311829749946879,7.045418527374556,7.0065702172590605,6.968147975566297,7.854164141995918,8.471277038867026
1070010400,-563109702#5,7,53.47,17.269861219781134,14.268979803715395,12.927505870949243,12.938981686191989,12.50065426200281,12.362818379554941,11.830976355109803,11.787919829757604,11.152075646132575,11.360688128990862,12.729923903489324,14.144359892765916,16.582210317969597,15.48142630854517,13.078297774334029,12.192189769548536,11.850213715036807,11.68397825210042,11.981720402380006,11.545158708511108,11.48149891256028,11.41853730473582,12.870430789841304,13.881678923328835
1070010400,-563109702#4,8,0.2,0.0645964511680611,0.05337190874776659,0.04835423927791002,0.048397163591516704,0.04675763703760169,0.04624207360970617,0.04425276362487302,0.044091714343585574,0.041713393103170286,0.042493690402060455,0.04761520068632626,0.05290577854036251,0.062024351292199735,0.05790696206674835,0.048918263603269244,0.04560385176565752,0.04432471933808419,0.04370292968805095,0.04481660894849451,0.04318368695908401,0.04294557289156642,0.04271007033751943,0.048140754777786815,0.05192324265318434
1070010400,-563109702#2,9,36.95,11.934194353299288,9.860460141149877,8.933445706593877,8.94137597353271,8.638473442696911,8.543223099393215,8.175698079695291,8.145944224977434,7.706549375810711,7.850709301780668,8.796908326798777,9.774342585331974,11.458998901233901,10.698311241831759,9.037649200703992,8.425311613705228,8.188991897711054,8.074116259867413,8.27986850323436,7.978186165690771,7.934194591716896,7.890685494856717,8.894004445196114,9.592819080175808
1070010400,-563109702#1,10,46.91,15.15109762146873,12.51838119678865,11.341486822633795,11.351554720390238,10.967003767169475,10.84607836515658,10.379485708213968,10.341711599287997,9.783876352348589,9.966895083803278,11.168145320977821,12.409050356642025,14.547811595585447,13.582077952755824,11.473778728146797,10.69638343163497,10.396362920747645,10.250522158332348,10.511735628869387,10.128733776253153,10.072884121716902,10.017646997665183,11.291414033129897,12.178596564304387
1070010400,-563109702#0,11,37.3,12.047238142843396,9.953860981458467,9.01806562533022,9.026071009817864,8.720299307512713,8.6241467282102,8.253140416038818,8.22310472507871,7.779547813741257,7.9250732599842735,8.880234927999846,9.866927697777607,11.567541515995249,10.799648425448565,9.123256162009712,8.505118354295126,8.2665601565527,8.150596386821501,8.358297568894224,8.053757617869167,8.009349344277135,7.965428117947374,8.97825076605724,9.68368475481888
1070010400,-518962607#1,12,36.96,11.937424175857693,9.863128736587264,8.935863418557773,8.943795831712286,8.64081132454879,8.5455352030737,8.177910717876536,8.148148810694614,7.7086350454658685,7.852833986300771,8.799289086833092,9.77698787425899,11.462100118798512,10.701206589935094,9.040095113884155,8.42759180629351,8.191208133677959,8.076301406351815,8.282109333681785,7.980345350038725,7.936341870361473,7.892820998373591,8.896411482935003,9.595415242308468
1070010400,-518962607#0,13,7.84,2.5321808857879953,2.09217882291245,1.895486179694073,1.8971688127874546,1.832899371873986,1.8126892855004817,1.7347083340950222,1.7283952022685545,1.6351650096442751,1.6657526637607698,1.8665158669039892,2.07390651878221,2.4313545706542294,2.269952913016535,1.917595933248154,1.7876709892137748,1.7375289980529,1.713154843771597,1.7568110707809848,1.692800528796093,1.6834664573494031,1.6742347572307619,1.887117587289243,2.035391112004826
1070010400,-518962606#2,14,1.35,0.4360260453844125,0.36026038404742444,0.3263911151258927,0.3266808542427377,0.3156140500038114,0.3121339968655166,0.29870615446789295,0.29761907181920266,0.28156540344639946,0.28683241021390804,0.32140260463270226,0.3571140051474469,0.41866437122234823,0.39087199395055133,0.3301982793220673,0.3078259994181883,0.2991918555320683,0.29499477539434393,0.30251211040233794,0.29148988697381706,0.28988261701807333,0.2882929747782562,0.324950094750061,0.35048188790899437
1070010400,-518962606#1,15,53.62,17.31830855815718,14.30900873527622,12.963771550407676,12.975279558885626,12.53572248978101,12.397499934762221,11.864165927828457,11.820988615515292,11.183360690959953,11.392558396792406,12.765635304004068,14.184039226671187,16.628728581438747,15.524856530095231,13.114986472036481,12.226392658372779,11.88345725454037,11.71675544936646,12.015332859091377,11.577546473730422,11.513708092228956,11.45056985748896,12.906536355924644,13.920621355318723
1070010400,-518962606#0,16,42.99,13.885007178574735,11.472291785332429,10.393743732786762,10.402970313996514,10.050554081232482,9.93973372240634,9.512131541166456,9.47751399815372,8.966293847526453,9.134018751922895,10.234887387525829,11.37209709725092,13.332134310258333,12.447101496247559,10.514980761522724,9.802547937028082,9.527598421721198,9.393944736446553,9.633330093478895,9.282333511855107,9.2311508930422,9.180529619049803,10.347855239485275,11.160901008301975
1070010400,-563109707#2,17,28.71,9.272820565175172,7.661537500741892,6.941251048343983,6.947412833562222,6.712058796747721,6.63804966667332,6.352484218350522,6.329365594021709,5.987957579960095,6.099969257215778,6.835162058522134,7.594624509469038,8.903595627995273,8.312544404681725,7.0222167402492985,6.546432920960137,6.362813460981986,6.273555556719713,6.4334242145563865,6.19901826297651,6.1648369885843595,6.131030596950915,6.9106053483512975,7.453581482864613
1070010400,-563109707#1,18,15.26,4.928709224123062,4.07227663745459,3.6894284569045346,3.692703582032724,3.5676077059690083,3.5282702164205806,3.3764858645778117,3.3641978044155794,3.1827318937718925,3.242268577677212,3.633039812366693,4.036710902629659,4.732458003594839,4.418301205692899,3.7324635129294426,3.479573889719669,3.3819760854958236,3.334533535198287,3.4195072627701304,3.29491531497811,3.2767472116265175,3.258778366752733,3.673139589545133,3.9617434144379655
1070010400,-563109707#0,19,9.6,3.1006296560669324,2.5618516198927956,2.321003485339681,2.323063852392801,2.2443665778048807,2.2196195332658957,2.1241326539939047,2.1164022884921074,2.0022428689521736,2.0396971392989016,2.28552963294366,2.5394773699374,2.9771688620255867,2.7795341792039205,2.348076652956923,2.188984884751561,2.127586528228041,2.097740625026445,2.151197229527736,2.0728169740360323,2.0613874987951877,2.050083376200933,2.3107562293337667,2.4923156473528487
1070010400,-379553695#1,20,8.01,2.5870878692808468,2.1375449453480515,1.9365872830802966,1.9383064018402436,1.8726433633559472,1.851995048068732,1.7723231831761643,1.765873159460602,1.6706213937819696,1.701872300602521,1.9069887874873666,2.118876430541518,2.484075269252599,2.319173830773271,1.959176457310933,1.8264342632145834,1.7752050094902716,1.7503023340064403,1.794905188387205,1.7295066627113143,1.7199701943072347,1.7105383170176534,1.9280372288503616,2.079525868260033
1070010400,379553695#1,21,8.01,2.5870878692808468,2.1375449453480515,1.9365872830802966,1.9383064018402436,1.8726433633559472,1.851995048068732,1.7723231831761643,1.765873159460602,1.6706213937819696,1.701872300602521,1.9069887874873666,2.118876430541518,2.484075269252599,2.319173830773271,1.959176457310933,1.8264342632145834,1.7752050094902716,1.7503023340064403,1.794905188387205,1.7295066627113143,1.7199701943072347,1.7105383170176534,1.9280372288503616,2.079525868260033
1070010400,-573169794#3,22,24.29,7.84523899436102,6.482018317416252,5.872622360302172,5.877835518189702,5.678715018216724,5.616099839898814,5.374498142240828,5.3549387070284675,5.066091592380031,5.160858699330242,5.7828661233543235,6.425406803727026,7.532857464437657,7.032800543006586,5.9411231146170485,5.5385877969391055,5.383237163610325,5.3077208106137865,5.442977156794657,5.244658781180753,5.215739827680741,5.1871380424917355,5.846694667762208,6.3060778202292385
1070010400,-573169794#2,23,65.08,21.019685210087083,17.367219106523244,15.734469461031923,15.748437032679533,15.214935092035587,15.047170752598387,14.39984928353368,14.347443847402745,13.57353811577161,13.827446856830472,15.493986303330564,17.215540337033957,20.182723910481794,18.84292545651991,15.918002976503809,14.839493364544955,14.423263672612594,14.220933320491778,14.583324551840112,14.051971736485935,13.97448941891571,13.897856887828825,15.665001604691827,16.895823159346186
1070010400,-573169794#1,24,5.57,1.7990111650305016,1.4864076586252994,1.3466655638897944,1.3478610060237401,1.3022001914972068,1.287841750030317,1.2324394669527137,1.2279542444688583,1.1617179979232926,1.1834492776973835,1.3260833391141862,1.473425932349096,1.7273781834877628,1.6127088935589413,1.3623736413510483,1.270067271673562,1.2344434335656447,1.217126591812219,1.2481425592155722,1.2026656818104897,1.1960342050301247,1.1894754588999163,1.3407200205613625,1.4460623078911843
1070010400,-573169794#0,25,42.09,13.59432314831846,11.232118195967477,10.176149656036165,10.185183077834688,9.840144714563275,9.731644391162662,9.312994104854528,9.279101283607584,8.778583578562186,8.942797145113623,10.02061898443736,11.134021093819289,13.053024729443434,12.18652016694719,10.294848575308011,9.597330604082625,9.328137184699818,9.197281552850322,9.431655353210669,9.08800692053923,9.037895815030152,8.988334302530966,10.131221842985235,10.927246416362646
1070010400,-573169793,26,12.22,3.9468431663685335,3.2610236244885384,2.9544440198803024,2.9570666954416702,2.8568916229974626,2.825390697553047,2.7038438574797414,2.6940037463930784,2.5486883186037046,2.596364483565894,2.9092887619345347,3.2325430688161494,3.789687863953404,3.538115382278324,2.9889059061597503,2.7863953428816743,2.708240351556944,2.670249003939913,2.738294806753015,2.638523273200033,2.623974503674708,2.609585297622438,2.9414001169227744,3.172510126109564
1070010400,-573169790#1,27,27.14,8.765738423505892,7.2425680170719255,6.56167027001239,6.5674950993688155,6.345011346002548,6.275049388837126,6.005100023895269,5.983245636424563,5.660507444100207,5.766393787559603,6.4613827331344735,7.179314147927192,8.416704470351503,7.857974752457751,6.6382083709636355,6.188442684599726,6.0148644141780245,5.9304875586685135,6.081613834310705,5.8600263203477,5.8277142413855625,5.795756544801387,6.532700423345671,7.0459840280371155
1070010400,-573169790#0,28,18.42,5.949333152578428,4.915552795669303,4.453425437495514,4.457378766778688,4.306378371163115,4.258894979453938,4.075679529850805,4.060846891044232,3.8418035048019834,3.9136688860297677,4.385359983210648,4.872622203567388,5.7124427540115965,5.333231206347523,4.505372077861097,4.200114747617057,4.082306651037554,4.025039824269493,4.1276096841563445,3.977217568931638,3.955287263313267,3.9335974780855403,4.433763515034165,4.782130648358279
1070010400,-448704565,29,9.57,3.0909401883917242,2.553845833580631,2.3137503494479947,2.315804277854074,2.2373529322492405,2.21268322222444,2.117494739450174,2.1097885313405698,1.9959858599866982,2.0333230857385924,2.2783873528407113,2.5315415031563457,2.967865209331757,2.7708481348939085,2.340738913416433,2.182144306986712,2.1209378203273284,2.091185185573238,2.144474738185462,2.0663394209921697,2.054945662861453,2.043676865650305,2.3035351161170987,2.484527160954871
1070010500,820363545#1,0,23.51,2.917699488023202,2.591835261539991,3.3127934737408395,3.1674955143662418,3.1043198816863096,3.009120738647929,3.0011177579600363,3.0011177579600363,2.777649912598089,2.6947349898339663,2.828120994969858,3.1107381860591965,2.864919776561024,3.224057934265639,2.8210506924824337,2.8061430574895203,2.874956119727321,2.9290597715586584,2.7845040764786506,3.4337627295335826,2.9520478142393025,2.7845040764786506,2.904556697536611,2.979327464007851
1070010500,820363545#2,1,506.22,62.82423797648257,55.807692305264744,71.33144671531636,68.20287449096038,66.84256956645017,64.79273076641236,64.62040967394852,64.62040967394852,59.80867455361142,58.02334098484689,60.895423652643196,66.98076922785566,61.68777921270615,69.42078296401326,60.743185093511585,60.42219219746257,61.90388289784621,63.068848896572696,59.95625919162154,73.93617052082051,63.5638300520723,59.95625919162154,62.54124591352545,64.15121858060631
1070010500,820363545#3,2,184.72,22.924604399304375,20.364262420742964,26.028890279430364,24.887272284718506,24.390896152492346,23.642908670482576,23.5800285942313,23.5800285942313,21.824223388137767,21.17275403326798,22.22077882564152,24.441325296846223,22.509909873515625,25.331687861231337,22.165226878577418,22.048096366629697,22.588766245683995,23.013863079639105,21.878077116424343,26.979355652889975,23.194482018132028,21.878077116424343,22.821340415523725,23.408820465824338
1070010500,820363545#4,3,116.44,14.450741317967744,12.836805523339708,16.407557298272366,15.687927592207789,15.375032200066094,14.903531212597398,14.863894161500067,14.863894161500067,13.757105734705293,13.34644586202752,14.007078207328382,15.406820688419092,14.18933469939454,15.968069156354357,13.972060511810062,13.898226185201178,14.239042559806434,14.507006371769041,13.791052941947003,17.00669214065888,14.62086122883983,13.791052941947003,14.38564788860753,14.75597149762119
1070010500,820363545#5,4,270.0,33.50824592795681,29.76586646600585,38.04569280774252,36.37702207056083,35.65148311592104,34.55817096703279,34.46626093786516,34.46626093786516,31.899850123414886,30.947615791372645,32.47948399157217,35.72519397005457,32.90209866743838,37.02661175039228,32.39828528159324,32.22707892480521,33.01736079652814,33.63871281670939,31.978566595033417,39.43496116435845,33.90271841108514,31.978566595033417,33.35730788323629,34.21601085844831
1070010500,820363545#6,5,127.3,15.798517431958894,14.034054818972386,17.937839608983786,17.15109225771257,16.80901407650647,16.293537644826937,16.250203768111977,16.250203768111977,15.040188595224869,14.591227741636065,15.313475230100506,16.84376737921462,15.512730223573726,17.45736176231458,15.275191542025254,15.19447091528779,15.567074182955677,15.860030153952241,15.077301953880571,18.59285391193641,15.98450390270792,15.077301953880571,15.727352939022143,16.132215489927663
1070010600,-820363545#6,0,122.01,14.990662320003933,14.239296604698112,16.942173996571718,16.445809562503435,14.655859858626053,14.109926859652399,16.239448759348978,13.751764607606914,14.437861323387732,13.60320539870722,13.841645422035718,14.135612406120215,14.379931632892664,15.290770755028625,14.041886223801152,14.402157184102698,14.637442189937865,14.118478330476432,14.628250703476365,15.082867753503473,15.097530295065534,15.17127270940157,14.326869154542504,14.56423210083533
1070010600,-820363545#5,1,267.81,32.90426420719821,31.2550284706516,37.187801147626196,36.098289147889886,32.16937815538598,30.971063947901886,35.64533048308541,30.184903528917356,31.6908748546551,29.858818439699863,30.38219048008676,31.02744331188472,31.56372010986791,33.562997425655404,30.82171583965402,31.61250483955859,32.12895166697205,30.989834289688496,32.10877650109011,33.10665366007512,33.13883770446275,33.30070112535722,31.44724881794958,31.968256691457334
1070010600,-820363545#4,2,114.58,14.077781236177778,13.372171174217765,15.910452393469285,15.444314889530723,13.763367122378275,13.250679612974116,15.250520767528942,12.91432824145234,13.55864396716471,12.774815790376797,12.99873561557948,13.274800995764725,13.504242000629793,14.359614073528235,13.18678242376146,13.52511409027528,13.746071027973775,13.25871032789107,13.737439272226228,14.164371667866797,14.178141309799269,14.2473930583004,13.454410849335957,13.67731918788388
1070010600,-820363545#3,3,184.44,22.66107497993218,21.525250928370784,25.611134922774262,24.860791047521786,22.154961005860088,21.329685353612724,24.548839678504432,20.788258865888196,21.82541711733164,20.563684974490283,20.92412983886786,21.368513664329253,21.737845999268277,23.114742710085075,21.22682972803774,21.771443906531445,22.12711939605065,21.34261243564522,22.11322481558217,22.800460031605446,22.822625093204547,22.934099979690398,21.65763254539644,22.016449214638705
1070010600,-820363545#2,4,508.51,62.477679668430454,59.346157826858764,70.61113760344794,68.54240325078781,61.08229896492037,58.806974079188926,67.6823382396242,57.31423506773372,60.173730526644505,56.69507398816989,57.68883791131368,58.9140256096729,59.93229271897587,63.728463541018,58.523396145112066,60.02492377418296,61.0055383001828,58.842614669539955,60.96723026985301,62.8619709969187,62.92308114370767,63.230422796965755,59.71114034731914,60.70041525773112
1070010600,-820363545#1,5,23.51,2.8885375882574587,2.743757586890031,3.2645726633833383,3.1689286354762376,2.8240247953143065,2.7188294440654697,3.129165153121011,2.6498154735254364,2.782018848560328,2.6211897297238482,2.667134528907956,2.7237787695097637,2.7708564272543765,2.946365219660053,2.705718753557619,2.775139049243951,2.8204759108715614,2.7204772194861158,2.8187048113984865,2.906304572451985,2.9091298847388796,2.923339245947307,2.7606318647921837,2.806369122945977
1070010700,-635356835#0,0,16.02,2.1600811259871895,2.1369347330021906,1.9707211292876432,2.3605010242746607,2.214237887741883,2.3016203211375044,2.2628668311037106,2.324117361870427,2.4493471404815126,2.3364142791290012,2.4610478433819014,2.3686406829790565,2.397112129730646,2.476823791095888,2.3586998025850194,2.333768283342898,2.325866133399299,2.333768283342898,2.310221293936972,2.3832506486412246,2.5975429338551836,2.4551835514596254,2.0026408106820006,2.5461911789848997
1070010700,-1419371349#3,1,19.73,2.660324632692088,2.631817870295457,2.427111603049014,2.907158876962488,2.7270233161764885,2.8346422556830815,2.786914018581536,2.8623492852499086,3.016580467022487,2.877493990462871,3.0309908832662247,2.9171835627451177,2.9522485842437987,3.050420312005111,2.904940518414634,2.8742352203717467,2.864503046939337,2.8742352203717467,2.8452350892244977,2.935176984874617,3.1990962599851915,3.023768506260825,2.4664234203967466,3.1358521823578074
1070010700,-1419371349#2,2,25.05,3.3776549441934525,3.3414616143386318,3.0815583201407906,3.6910456091186172,3.4623382701581873,3.598975595786173,3.5383779100591726,3.634153552737466,3.829971652251055,3.6533818784133265,3.8482676951758195,3.703773352598337,3.7482933114702055,3.8729360778372035,3.6882290920571004,3.6492444130923603,3.636888055034485,3.6492444130923603,3.612424682466988,3.7266185236243876,4.061701029530109,3.8390978754097143,3.131470181497136,3.9814038098359386
1070010700,-1419371349#1,3,189.9,25.60545604400545,25.33108026199226,23.3607954089715,27.981220006851316,26.247426646827932,27.283252121349076,26.82387086308331,27.549930525542706,29.03439587874153,27.69569735372019,29.173095222111304,28.077706972392182,28.41520558276216,29.360102242765866,27.959868446372987,27.66433189805346,27.570660345351246,27.66433189805346,27.3852074730731,28.250892520410023,30.79109882266538,29.10358030101017,23.739169160331585,30.182378582349095
1070010700,-1419371349#0,4,32.41,4.370051766120151,4.3232243880524965,3.986958289651218,4.775520486687999,4.479616101230612,4.6563991640490965,4.577997128344023,4.701912840088673,4.955264720537192,4.7267906858034285,4.978936367291349,4.7919877987110615,4.849588272445083,5.010852626056038,4.771876442058707,4.721437581968997,4.705450773000704,4.721437581968997,4.673799758832537,4.821545163699256,5.255079056569693,4.967072340999154,4.051534873545796,5.151189520031248
1070010700,-1419371350,5,54.84,7.394435015551653,7.315199797617986,6.74621390325433,8.080516614932735,7.579825578262476,7.878954957002545,7.746293197111579,7.955967298687531,8.384656503371172,7.998062363759952,8.424710594947783,8.108380465329056,8.205844519003037,8.478715150043602,8.074350635066324,7.989004535488424,7.961953730063519,7.989004535488424,7.908397987484617,8.158393606210035,8.8919634514743,8.404635827843062,6.85548202607996,8.716175047161792
1070010700,-820363545#12,6,215.83,29.101767129951007,28.78992655579668,26.55060807329289,31.801931090461927,29.831395962005654,31.00865879594929,30.48655107098089,31.311750949593907,32.99891344133114,31.47742158953885,33.156551562866156,31.91159292180835,32.29517546565327,33.36909356006402,31.777664069408544,31.441773320468023,31.335311334055604,31.441773320468023,31.124535697279445,32.10842618578249,34.99548635542849,33.077544688609926,26.980647076747584,34.30364807492578
1070010700,-820363545#11,7,13.53,1.824338179438619,1.8047894467864942,1.6644105417766424,1.993606670314367,1.8700773171752605,1.9438778367659448,1.9111478292654935,1.9628781464486194,2.06864337145536,1.973263745107078,2.0785254257775985,2.000481176074072,2.024527285596482,2.0918493067120703,1.9920854137937152,1.9710290183289272,1.9643551051743147,1.9710290183289272,1.9511419542426485,2.0128203043767643,2.1938049872072805,2.0735726249218933,1.691368924377495,2.150434872138932
1070010700,345439963#0,8,9.7,1.3079142897675242,1.293899307747893,1.1932581119906454,1.4292671620139954,1.3407058371470824,1.3936153005639071,1.3701503284460668,1.4072371042536294,1.4830628753227635,1.4146828032179346,1.490147570587044,1.4341956694692164,1.4514349349804785,1.4996997986036276,1.428176534648857,1.4130806709379597,1.408295973406567,1.4130806709379597,1.398823130536119,1.443041903359543,1.5727944106364096,1.4865967820947794,1.2125852599010867,1.5417012756650141
1070010700,-345439963#0,9,4.9,0.6606989711196773,0.6536192379345027,0.6027798710055838,0.7220009375122246,0.6772637734041963,0.7039912343054789,0.6921377947820339,0.7108723516332768,0.749176091657891,0.714633581006998,0.7527549583377852,0.7244905959174393,0.7331990908664274,0.7575803106348223,0.7214500020391136,0.7138242564531961,0.7114072442981628,0.7138242564531961,0.7066219937759778,0.7289593120063671,0.7945043930018977,0.7509612610581876,0.6125430694345696,0.778797551624595
1070010700,-820363545#10,10,37.2,5.0159187195208155,4.9621705410537755,4.576206367634228,5.481313239888726,5.141675994007369,5.34458651350282,5.254597135896257,5.396826832807734,5.687622573402764,5.4253814721347595,5.714792744931757,5.500214320026274,5.566327791883898,5.751426031758243,5.477130627725515,5.419237212256918,5.400887650590134,5.419237212256918,5.364558809891096,5.534140082987114,6.031747636667468,5.701175288033587,4.650326976115508,5.912503861313251
1070010700,-820363545#9,11,145.68,19.64298492096216,19.4325001188364,17.92101461389662,21.46552991362875,20.135466634596597,20.930090410943304,20.577680396703407,21.134670242027706,22.27346388422889,21.24649389410193,22.37986578176501,21.539548982296438,21.79845786886146,22.523326459853248,21.44915026470572,21.222432179612575,21.150572928440074,21.222432179612575,21.00830450067029,21.67240664756889,23.62110203520744,22.326538063460564,18.211280480658797,23.15412802462673
1070010700,-820363545#8,12,108.2,14.589311974520221,14.432979907043508,13.310363682204931,15.942959477310755,14.95508985353756,15.54527582690874,15.283532529676748,15.697222131983786,16.543031248445672,15.7802762173382,16.622058467785376,15.99793519964631,16.190232986070907,16.72861012463016,15.930793922577974,15.762405009844047,15.709033435318613,15.762405009844047,15.603367291134855,16.096611746752842,17.54395414751129,16.582450703366508,13.525951043432741,17.197121446077787
1070010700,-820363545#7,13,406.92,54.86767863837124,54.27974291843017,50.057792879508604,59.958494182137635,56.243300953803185,58.46288021705826,57.47851254136842,59.034321903390406,62.21525208518959,59.34667281293216,62.51245870343092,60.165247610351905,60.8884436847687,62.91317959255549,59.912741801991025,59.27946253794583,59.07874201016498,59.27946253794583,58.68135136884099,60.53635168196549,65.97953624496576,62.36350129587708,50.868576696798996,64.67516320552656
1070010800,820363545#7,0,403.18,59.930621642363775,76.27794844701621,66.32588597768898,53.07398280869774,83.61313739383911,64.4193524131481,66.99612650967403,66.77121295026264,61.29268122514478,66.43665989998992,74.42273174016644,68.02727681080627,68.7028499397564,76.90468847775536,70.56133058114229,71.7707715202868,69.84890274823347,74.59718727635997,74.87802374610628,72.06331542594015,79.717334900038,69.5132374226631,67.79539857710944,73.80139167925597
1070010800,820363545#8,1,103.42,15.37284808337036,19.56611297284195,17.013302068090166,13.614046584839327,21.447667714844094,16.524255733339395,17.18522596267297,17.127533219197783,15.722230994356051,17.041716768830195,19.090229963212494,17.449727089075807,17.62301885205022,19.72687852167632,18.0997390959416,18.409973685768296,17.916993705596276,19.134979681832306,19.207017252399208,18.485014339378765,20.448352535745645,17.830891944669425,17.390247831848452,18.9308495646328
1070010800,820363545#9,2,149.09,22.161457365593574,28.20645700175021,24.52633151548601,19.62597375105101,30.91890136923328,23.821323605526693,24.77417654974776,24.691006842488857,22.665126851175245,24.567294073340683,27.520425306665548,25.155480677918316,25.405297627655845,28.438216194128042,26.092536277450524,26.539769646211514,25.82909100335862,27.584936383333766,27.688785555600443,26.647948055095537,29.47829123529606,25.704966931258596,25.06973553713291,27.290662943251828
1070010800,820363545#10,3,39.52,5.874443591711436,7.476820582930904,6.5013121033738495,5.202350812539647,8.195821196003081,6.314432281778892,6.567009573050047,6.544963380610099,6.007953673341242,6.512170244673847,7.294970877452696,6.668083683622857,6.734303858373861,7.538254101495342,6.9164734971147945,7.035023787096916,6.846640797187825,7.312071137362335,7.339598934585348,7.063699155794322,7.813951771540011,6.813738635209201,6.6453548086893335,7.234066667900679
1070010800,820363545#11,4,13.53,2.011164519125904,2.5597515811501794,2.225778156848385,1.7810679780784773,2.8059074084494346,2.161798298898492,2.2482702308544313,2.2407225338981434,2.0568728036514927,2.229495531640616,2.4974938252007832,2.2828737914832304,2.305544817909877,2.5807838561040475,2.367912105667084,2.408498781361874,2.344004301263949,2.5033482411060826,2.512772610954953,2.418316031829382,2.6751712416228832,2.3327399730359435,2.275092372509278,2.4766427635803687
1070010800,820363545#12,5,211.37,31.419057236337203,39.98926028881844,34.77182032616727,27.824415264334643,43.83478558196283,33.7723064625406,35.123198721042215,35.005286178126426,32.13312671898123,34.82989434758884,39.016649655039885,35.663786644923164,36.01796069191506,40.317833234642464,36.992282466729606,37.626340533367284,36.61878707746939,39.10810921822563,39.25533974704719,37.779708769237,41.7923832477331,36.442812128647994,35.542222821676724,38.69090768203863
1070010800,1419371350,6,54.84,8.15168235246597,10.37522370364197,9.021557584742457,7.219051582987709,11.372946214291723,8.762233459836903,9.11272279823038,9.082130359125957,8.33694786047656,9.036624904299439,10.122879628530006,9.252978471909856,9.34486901804713,10.46047203760133,9.597657049133991,9.762163575009993,9.500753575854764,10.146608835347937,10.184807833316308,9.801955002625522,10.84304441172202,9.455096830841917,9.221438707199468,10.038365791186065
1070010800,1419371349#0,7,34.82,5.175812901401624,6.58762380307829,5.728129742901756,4.583650184530124,7.221115740000689,5.563475001304175,5.7860140013563415,5.76658969921163,5.293445012797116,5.737696556668606,6.4274009603467315,5.875067658495645,5.933412458213002,6.641751209870135,6.093917185463996,6.1983686302306324,6.032389487805669,6.442467535499912,6.466721530927677,6.22363371975603,6.884660948507671,6.003400285374099,5.855041863323951,6.373739913367956
1070010800,1419371349#1,8,183.44,27.267407197964214,34.70516112684323,30.177143022340555,24.147753872780182,38.04254656363373,29.309702878783398,30.48209099393473,30.379759173560636,27.88712099791795,30.227543261208766,33.86106927530168,30.951246733901236,31.25862094585276,34.990317114835655,32.10419783174944,32.65447276075552,31.780055360226076,33.94044355864744,34.068219346162344,32.787575231247736,36.2700231015005,31.627333381649184,30.84574610592032,33.57837018116651
1070010800,1419371349#2,9,25.05,3.7235529345235694,4.7392296458102,4.120897474431046,3.297542708859265,5.194972696353167,4.002442526785456,4.162540227856875,4.148566110432261,3.8081791375809235,4.1277799754321824,4.62396306883072,4.2266066871141845,4.268580760431812,4.778169667066252,4.384050129117551,4.459193974361785,4.339786234047444,4.634802175883768,4.6522508428988605,4.477370036757282,4.95292236531066,4.318930992206237,4.212199847106978,4.585358553413766
1070010800,1419371349#3,10,19.59,2.911952175142384,3.7062478547473776,3.2226898812017635,2.578796872916288,4.062655294273793,3.1300538562765303,3.2552560105275914,3.244327748637445,2.9781329063956203,3.228072244260138,3.616105250235281,3.3053582834557633,3.338183516840686,3.7367003504122906,3.428484711753007,3.4872498985128684,3.3938687554886,3.624581821379761,3.6382273058837793,3.501464232338329,3.8733632389794743,3.3775592070786495,3.2940916169591095,3.585915132190645
1070010900,635356833#3,0,0.2,0.0407105984604242,0.0367786924882926,0.036416839945117754,0.04246681519070409,0.039326472715913385,0.04254491508070998,0.05118096808658419,0.04666424120047615,0.04827083479423276,0.05666576258453411,0.05290748444856731,0.05001902178407795,0.05498228776027582,0.04626759515027211,0.05163794101592868,0.05524488973166818,0.056944732492642584,0.0504829188764562,0.04760040653320175,0.045315959990472186,0.0504829188764562,0.04509512197882271,0.051986061966597864,0.04272169450625309
1070010900,635356834#0,1,200.65,40.84290790542058,36.89822323887956,36.53519467493938,42.60483234007388,39.45428375224011,42.68318605472229,51.347306232865584,46.815899984377694,48.42771500731401,56.849926312933846,53.07943377302515,50.1815836048762,55.16098019549671,46.41796483451049,51.80576432423045,55.4244356232961,57.12980287324368,50.646988362804684,47.755107854434655,45.46323686044122,50.646988362804684,45.24168112525389,52.1550166679893,42.86054001339841
1070010900,635356834#1,2,50.25,10.228537863181579,9.240646487683517,9.149731036210834,10.669787316664403,9.880776269873238,10.689409914028383,12.859218231754276,11.724390601619632,12.128047242050979,14.237272849364198,13.293005467702535,12.567279223249585,13.8142997997693,11.624733281505867,12.974032680252082,13.88027854508163,14.30736403877645,12.68383336770962,11.959602141466938,11.385634947606137,12.68383336770962,11.330149397179206,13.061498069107712,10.73382574469609
1070010900,635356834#2,3,105.88,21.552190824948568,19.470639803302102,19.279075066945335,22.481931961958743,20.819434655804542,22.523278043727867,27.095204505037668,24.704049291532073,25.55457994006682,29.99885471225236,28.009222267071532,26.480070132490866,29.10762314029002,24.49406487255405,27.33712597383264,29.246644623945137,30.146541381604983,26.725657253195912,25.199655218677,23.990269218955973,26.725657253195912,23.87335757558874,27.521421205116905,22.616865071610384
1070010900,635356834#3,4,39.01,7.940602229705739,7.1736839698414725,7.103104631295216,8.283152302946831,7.670628503238905,8.298385686492482,9.982847825288244,9.101860246152873,9.415226326615098,11.052656992113377,10.319604841693053,9.756210198984405,10.724295227641798,9.024494434060573,10.071980395156888,10.775515742161879,11.107070072689936,9.846693326852781,9.284459294301,8.8388779961416,9.846693326852781,8.79580354196937,10.139881386584912,8.332866513444666
1070010900,635356834#4,5,45.19,9.198559722132845,8.310145567729714,8.228384985599355,9.595376892339587,8.885816510160629,9.61302356248642,11.564339739163698,10.543785299247586,10.90679512175689,12.803629055975483,11.954446111153782,11.301797972112412,12.42324791943432,10.454163124203982,11.667592772549085,12.482582834870424,12.866662306712591,11.406615520135277,10.755311856176935,10.23914115984719,11.406615520135277,10.189242811114992,11.746250701352785,9.652966873687884
1070010900,635356834#5,6,13.93,2.8354931827685452,2.5616359318095796,2.536432902177451,2.9578136780325393,2.739088824663367,2.96325333537145,3.564754427230589,3.2501643996131637,3.362063643418311,3.946770364012801,3.6850062918427127,3.4838248672610295,3.829516342503211,3.2225380022164516,3.596582591759433,3.847806569810689,3.966200618112556,3.516135299745174,3.3153683150375013,3.156256613336388,3.516135299745174,3.140875245825002,3.620829215973541,2.975566022360528
1070010900,635356834#6,7,30.88,6.285716402289496,5.678630120192378,5.62276008752618,6.556876265444711,6.072007387337027,6.568934888461622,7.902341472568599,7.204958841353517,7.453016892229536,8.749193743052068,8.168915598858792,7.722936963461636,8.489265230186588,7.1437166912020125,7.972898092859388,8.529810974569568,8.792266696864015,7.794562674524836,7.349502768726349,6.996784222528905,7.794562674524836,6.962686833530227,8.02664796764271,6.5962296317654765
1070010900,635356834#7,8,39.35,8.00981024708846,7.23620774707157,7.165013259201917,8.35534588877103,7.737483506855958,8.37071204212969,10.06985547103544,9.181189456193682,9.497286745765294,11.148988788507088,10.409547565255618,9.841242536017338,10.817765116834268,9.103149345816037,10.159764894883969,10.869432054705715,11.203876117927429,9.932514288942757,9.365379985407445,8.915915128125402,9.932514288942757,8.872465249333368,10.228257691928128,8.405493394105296
1070010900,1530928390#0,9,66.84,13.605482005473768,12.291439029587389,12.170507909658353,14.192409636733307,13.142907181658254,14.218510619973278,17.104679534536437,15.59518940919913,16.132112988232585,18.937697855751303,17.681681302711194,16.716357080238854,18.37508056948418,15.462630299220937,17.257399887523366,18.462842148323507,19.030929599041155,16.871391488511662,15.908055863396024,15.144593828815804,16.871391488511662,15.07078976532255,17.373741909237005,14.277590303989784
1070010900,-1530928392,10,10.41,2.1189866498650796,1.91433094401563,1.8954965191433788,2.2103977306761475,2.046942904863292,2.214462829950955,2.663969388906707,2.4288737544847834,2.512496951039815,2.9494529425250007,2.7538345655479284,2.6034900838612574,2.861828077922356,2.408228327571663,2.6877548298790876,2.875496510533329,2.9639733262420465,2.6276359275195453,2.4776011600531507,2.358695717504077,2.6276359275195453,2.3472010989977226,2.705874525361419,2.2236641990504733
1070010900,183521068#0,11,1.98,0.4030349247581995,0.3641090556340968,0.3605267154566657,0.42042147038797045,0.3893320798875425,0.42119465929902883,0.5066915840571834,0.46197598788471383,0.47788126446290424,0.5609910495868877,0.5237840960408163,0.4951883156623717,0.5443246488267306,0.4580491919876939,0.511215616057694,0.546924408343515,0.5637528516771616,0.4997808968769164,0.47124402467869725,0.4486280039056746,0.4997808968769164,0.44644170759034485,0.5146620134693188,0.4229447756119056
1070011000,37400588#4,0,15.53,3.276316995379348,3.079593325899617,2.816018927397106,2.5263596099828436,2.8598929410260894,2.6562371984625406,3.116746596587414,3.7991715049905403,3.591801690608976,3.7683840535724644,4.04129715131091,3.5734010671939718,3.9654797516558453,4.04129715131091,3.9790524148104005,4.284569338551985,4.159379178987854,3.5881064213799543,4.300418546956,3.6122624977538234,3.896803845342253,3.877308995643487,3.728102022000338,3.472015372405491
1070011000,37400588#5,1,11.6,2.447216815608528,2.300275761779495,2.1034011305734985,1.8870425934192523,2.1361724479010067,1.9840535416719558,2.328027077940374,2.8377584969665337,2.682865396720162,2.8147620747869024,3.018612167109244,2.669121209236965,2.9619810121833745,3.018612167109244,2.972118996252456,3.2003222361367047,3.1068125226181014,2.6801052471350593,3.212160666110084,2.69814842073048,2.910684134318747,2.8961226239191533,2.7846737575791316,2.593392036053039
1070011000,1530928392,2,10.41,2.196166125041791,2.0642991965624606,1.8876211870060446,1.6934580515081392,1.9170306191939208,1.78051701455216,2.089203610462008,2.546643616674277,2.4076404120566286,2.526006310218246,2.7089441947937267,2.3953061886342075,2.6581226152438733,2.7089441947937267,2.6672205819817303,2.8720133170847495,2.788096410384003,2.4051634157479285,2.8826372874315496,2.4213556086038186,2.6120880895050136,2.5990203892239987,2.499004639344721,2.3273457840786325
1070011000,183521067#1,3,23.14,4.881775613205288,4.58865354548082,4.1959226001267895,3.7643246217001294,4.261295727968043,3.9578447374387116,4.64401263651209,5.660838932741861,5.35185390345729,5.614965035393872,6.021610823009302,5.324436619115808,5.908641432924421,6.021610823009302,5.928864963213951,6.384091081396841,6.197555325291627,5.346347880922869,6.407706708085116,5.382340901353733,5.806313005873776,5.777265303231829,5.554944030205268,5.173369975367873
1070011000,183521067#2,4,27.7,5.843784982099674,5.492899879421725,5.022776837662578,4.506127572216663,5.101032483349818,4.737783026233894,5.55916810853003,6.776371583273533,6.4064975421679735,6.721457713068722,7.208237674907418,6.373677370333097,7.073006382541334,7.208237674907418,7.0972151893269855,7.642148788016096,7.418854041079431,6.399906495313892,7.67041814234908,6.442992349502956,6.950512975916318,6.915741093324184,6.649608886632927,6.1928413274714815
1070011000,183521067#3,5,0.2,0.042193393372560825,0.03965992692723268,0.036265536734025834,0.03253521712791815,0.036830559446569086,0.03420781968399924,0.04013839789552369,0.04892687063735403,0.046256299943451075,0.04853038059977417,0.05204503736395248,0.046019331193740784,0.05106863814109267,0.05204503736395248,0.05124343096986994,0.05517796958856388,0.053565733148587966,0.046208711157501026,0.05538208045017387,0.04651980035742207,0.050184209212392195,0.049933148688261264,0.04801161650998503,0.04471365579401792
1070011000,-635356834#7,6,40.04,8.447117353186677,7.939917370831981,7.260360454151972,6.513550469009212,7.3734780012031305,6.848405500736647,8.035707258683841,9.795159501598276,9.260511248678904,9.71578219607479,10.419416480263287,9.213070104986903,10.223941355846751,10.419416480263287,10.25893488016796,11.046629511630488,10.72385977634731,9.250983973731705,11.087492506124807,9.313264031555898,10.046878684320916,9.996616367389905,9.611925625299003,8.951673889962388
1070011000,-635356834#6,7,30.72,6.480905222025342,6.091764776022938,5.570386442346368,4.997409350848227,5.657173930993011,5.254321103462282,6.165257916752438,7.5151673298975785,7.1049676713140855,7.4542664601253135,7.994117739103101,7.068569271358583,7.844142818471834,7.994117739103101,7.870990996972022,8.475336128803411,8.22769661162311,7.0976580337921575,8.506687557146705,7.145441334900029,7.708294535023439,7.66973163851693,7.374584295933701,6.868017529961152
1070011000,-635356834#5,8,13.93,2.938769848398861,2.7623139104817556,2.5258946335248993,2.2660778729594986,2.5652484654535366,2.382574640990547,2.795639413423225,3.4077565398917082,3.2217512910613677,3.3801410087742716,3.6249368523992898,3.205246417644045,3.556930646527104,3.6249368523992898,3.5691049670514414,3.8431455818434737,3.7308533137991513,3.218436732119946,3.85736190335461,3.240104094894447,3.4953301716431158,3.477843806137397,3.344009089920457,3.114306126053348
1070011000,-635356834#4,9,44.8,9.451320115453624,8.883823631700118,8.123480228421787,7.287888636653664,8.250045316031475,7.662551609215829,8.991001128597304,10.959619022767303,10.361411187333042,10.870805254349415,11.658088369525355,10.308330187397933,11.439374943604756,11.658088369525355,11.478528537250865,12.359865187838308,11.998724225283702,10.35075129928023,12.405586020838944,10.420435280062543,11.24126286357585,11.185025306170523,10.754602098236646,10.015858897860014
1070011000,-635356834#3,10,39.07,8.242479395329758,7.747566725234903,7.084472600991947,6.35575466593881,7.19484978788727,6.682497575269251,7.841036028890553,9.55786417900711,9.036168193953168,9.480409850165886,10.166998049048116,8.98987634869726,9.976258460862454,10.166998049048116,10.010404239964092,10.779016359125954,10.464065970576659,9.026871724617825,10.818889415941465,9.0876429998224,9.803485269640813,9.754440596251838,9.379069285225576,8.7348126593614
1070011000,-635356834#2,11,105.27,22.20849260164739,20.875002538148916,19.088365259954497,17.124911535279715,19.385764964701636,18.005285890672997,21.126845732308894,25.752658359971292,24.347003475235475,25.543965828691135,27.393905416516386,24.222274973825456,26.879977685564125,27.393905416516386,26.97197989099104,29.042924292940594,28.194323642759272,24.32195511775066,29.150358044949012,24.485696918129104,26.414458518942627,26.282312812066316,25.27091435003062,23.53503272718133
1070011000,-635356834#1,12,50.2,10.590541736512767,9.954641658735401,9.102649720240485,8.166339499107455,9.24447042108884,8.586162740683807,10.074737871776446,12.280644529975861,11.610331285806222,12.18112553054332,13.063304378352072,11.550852129628936,12.81822817341426,13.063304378352072,12.862101173437354,13.849670366729534,13.444999020295578,11.598386500532758,13.90090219299364,11.676469889712939,12.59623651231044,12.533220320753578,12.050915744006245,11.223127604298497
1070011000,-635356834#0,13,200.55,42.30942520433537,39.768991726282565,36.36526696004441,32.62468897501992,36.931843485047146,34.301891188130234,40.248778489736374,49.06141953160675,46.383504768295566,48.663839146423555,52.18816121670335,46.14588435452357,51.20907689598067,52.18816121670335,51.38435040503708,55.32970900493243,53.713038914746576,46.33578511318415,55.534381171411844,46.64772980840498,50.32221578772627,50.070464847153985,48.14364845538749,44.83661834745147
1070011100,664389978,0,38.48,5.36653926801821,4.903166833619452,4.738010719631652,4.779364927907739,4.270808548392208,4.196005114594424,4.428712503965346,4.1720279425110265,4.5577296934387705,5.3684183083781605,5.790106755561943,6.125530438964454,5.672291042814659,5.323681489141675,5.1606202250851645,4.997458503496749,4.571318631105553,4.43255353822724,4.729242038472555,4.331130703030516,4.291128656235104,4.354502325682484,4.2648686199521615,5.505279241913115
1070011100,801428774#0,1,0.36,0.05020670832865269,0.04587162318354997,0.04432650361401753,0.04471339329643415,0.039955589330072636,0.039255765105353245,0.041432861263709056,0.039031446447608364,0.04263988278684921,0.0502242877083196,0.05416939792105768,0.05730745732918927,0.053067171918224465,0.04980575197741693,0.04828023079601505,0.04675376978323362,0.042767014220322225,0.04146879609568104,0.044244468135398125,0.04051993381213581,0.04014569428910181,0.04073858724650972,0.03990001827398073,0.0515046914524096
1070011100,801428774#1,2,40.99,5.716591595531873,5.222993984149204,5.047064953162719,5.091116642280101,4.5493877962213265,4.469705032412304,4.717591619998429,4.444163860798519,4.855024431758192,5.71859320323339,6.1677878355115405,6.525090766454079,6.042287158133392,5.670938259873111,5.497240723135159,5.3234361761520725,4.869499758030578,4.7216831998943505,5.037724302416582,4.613644685998463,4.57103335808412,4.638540808984539,4.543060414029084,5.864381396206304
1070011100,536149452,3,46.25,6.450167389444965,5.893229367331072,5.694724422634197,5.74442899988911,5.133183351432943,5.043275378118299,5.322971759573734,5.0144566616719075,5.4780404969216,6.452425851416059,6.959262927358105,7.3624163929861215,6.817657503383005,6.398655635987591,6.202668539765823,6.006560701318207,5.494373354694175,5.327588387292357,5.684185142394899,5.205685941142447,5.157606557974885,5.2337768337529855,5.126044014365579,6.616922165760956
1070011100,37400588#0,4,51.35,7.161429090767545,6.543077362431364,6.3226832238327795,6.377868738255261,5.699220866942305,5.5993987171108035,5.909937294142945,5.567402153013027,6.082105503068631,7.163936593950587,7.726662731239756,8.17427203848297,7.569442438891185,7.1042371223343315,6.8866384760427035,6.668905773247352,6.100239389482073,5.915062998647838,6.3109817743130385,5.779718336814373,5.726337227070495,5.810906819745208,5.691294273246974,7.346571961336759
1070011100,37400588#1,5,34.79,4.85192050764952,4.432982695988065,4.2836640575879725,4.32105264661929,3.8612637577589637,3.7936335222645536,4.004025676012328,3.7719556164230412,4.120670894873566,4.853619359367885,5.234870426871102,5.538129001340263,5.128352530652859,4.813172531373152,4.665747859426011,4.518232363218605,4.132956735347251,4.00749837824651,4.275736240084725,3.915801381456124,3.879635289771811,3.9369318064057595,3.85589343264386,4.977356154525917
1070011100,37400588#2,6,89.74,12.515416681703591,11.434776290254927,11.049612317560925,11.146055317838892,9.960040518001994,9.785589890428888,10.328291582792364,9.72967223391215,10.62917522581069,12.519798830401667,13.503227137321435,14.285475613115123,13.228466688726288,12.415467173481654,12.035188643428864,11.654675834298292,10.660866267032546,10.337249337851159,11.029162695751744,10.100719056391855,10.007429459733322,10.155224498616063,9.94618788863064,12.838975030386772
1070011100,37400588#3,7,28.7,4.002590358423145,3.656987737133011,3.533807371450842,3.564651076687945,3.1853483715919015,3.1295568292323277,3.3031197729679165,3.111673647351,3.3993462110627006,4.003991825635479,4.318504778706544,4.568677848188145,4.230632872369562,3.9706252270885156,3.849007288460089,3.727314424385569,3.409481411453466,3.3059845776279055,3.5272673207942398,3.2303391678008273,3.200503961381172,3.2477707054856366,3.180918123509019,4.106068457455987
1070011100,37400588#4,8,15.53,2.165861612066601,1.9788508556681417,1.9121961142380342,1.928886105260062,1.723639728600078,1.693450089128155,1.7873675984038937,1.6837732314759941,1.8394371657771338,2.166619966972787,2.336807638094516,2.472180034228637,2.2892588330278496,2.148564800581347,2.082755511839205,2.016905679815606,1.8449214745600115,1.7889177871275739,1.9086571948409248,1.7479849225068587,1.731840645304864,1.757417388717489,1.7212424549858907,2.221855161822003
1070011100,37400588#5,9,11.6,1.6177717128121423,1.478085635914388,1.4282984497850093,1.4407648951073226,1.2874578784134516,1.2649079867280488,1.3350588629417364,1.257679941089603,1.3739517786873634,1.6183381594902981,1.7454583774563033,1.8465736250516545,1.7099422062538996,1.6048520081612119,1.5556963256493739,1.506510359681972,1.3780482359881605,1.336216763083056,1.4256550843628286,1.305642311724376,1.2935834826488362,1.3126878112764244,1.2856672554949347,1.6595956134665315
1070011200,1539122301#0,0,152.66,12.374817277760094,11.585137753884576,12.224231345499629,11.51725032246054,11.843124840360916,11.971718092070342,11.905506324903243,11.231107457306242,11.629845000169187,12.051508268637061,13.330937043838876,13.579215234502138,13.406052050906768,13.167843727252441,12.456656796819404,12.7698326315417,13.410028927812998,13.114362493663366,12.304084789237239,12.47040207328486,12.7482254697286,12.557002087682672,12.676726729012232,11.899238619546622
1070011200,1539122301#1,1,24.58,1.9924866283724818,1.8653392243579385,1.9682405769185172,1.854408574126032,1.9068780857858725,1.9275830650012382,1.916922215813715,1.8083363114148265,1.872537600577483,1.940430192867149,2.1464328084472655,2.186408426988488,2.1585271807368556,2.1201729255591837,2.005663723737855,2.056088602667988,2.159167503246715,2.1115618373787863,1.9810978915200532,2.0078768699157727,2.0526096033402923,2.0218204592901876,2.041097491151059,1.9159130438127598
1070011200,1069458452#3,2,21.48,1.7411966142164734,1.630084887681388,1.7200084455740339,1.6205327978937012,1.6663849179284194,1.6844786100987226,1.6751622943726039,1.580271113473982,1.6363754133606323,1.6957054736690953,1.8757272874470001,1.9106612291176863,1.886296332067846,1.852779269365796,1.7527118301826334,1.7967771841053044,1.8868558978738583,1.8452542012569704,1.731244211141202,1.7546458570297316,1.7937369519832986,1.7668308977035492,1.7836767335201282,1.674280397929133
1070011200,1069458452#4,3,109.42,8.869726886758217,8.303719199725208,8.761793487649479,8.255060463013445,8.488633040955662,8.58080305013977,8.533345356156905,8.049965793124912,8.33576339524769,8.637993153113241,9.555031647693239,9.732986577749406,9.60887079398807,9.438133503445316,8.928385868649151,9.152856586815753,9.611721245128379,9.39980049820939,8.819028937759326,8.938237880642143,9.137369519832985,9.000308977035491,9.086122354831119,8.528852939544029
1070011200,1069458452#5,4,40.66,3.295952250188166,3.085626235247916,3.2558446646666765,3.0675448585827696,3.1543394209948565,3.188589398818159,3.1709543244501894,2.991332563959595,3.0975337200765036,3.2098409943847956,3.5506085431841257,3.616735827557035,3.5706149377038465,3.5071696970397235,3.3177496748242956,3.4011620254060366,3.571674153051726,3.4929253176493673,3.2771131110335787,3.3214106399827226,3.395407098121085,3.344475991649269,3.3763638726689202,3.1692849618155745
1070011200,1069458452#6,5,62.36,5.054982349280227,4.732406591983769,4.993469584078062,4.704675292209088,4.837791595997031,4.89032058313577,4.863273774537969,4.587788949545509,4.750669030594461,4.922914028771173,5.445547190185984,5.546966212652649,5.476230878386913,5.378925290393438,5.088412929710848,5.216341955344822,5.4778553906617224,5.35707877050208,5.026088873685539,5.094027730185012,5.207515657620042,5.129402922755741,5.178309176085437,4.860713483000965
1070011200,1069458452#7,6,21.92,1.7768635839676488,1.663475825790318,1.755241393248735,1.6537280693589353,1.700519432075929,1.718983758536499,1.7094766058029551,1.6126416576978437,1.6698952076752822,1.730440595103658,1.9141500065567154,1.949799541073542,1.9249355492982863,1.8907319173416317,1.7886146795904714,1.833582675772266,1.9255065773461348,1.883052704448454,1.7667073141627168,1.7905883233748472,1.830480167014614,1.8030229645093947,1.8202138733129056,1.708576644441648
1070011200,1069458453,7,45.92,3.7223346613044903,3.4847997226410308,3.6770385391415106,3.4643792401898863,3.5624020219400845,3.6010827642333956,3.5811663201857526,3.378307706272125,3.4982476248379997,3.6250835824434295,4.009934685268448,4.084616556847493,4.032529216413198,3.9608763523872135,3.746951920017995,3.841154948515623,4.033725457652122,3.9447892421657396,3.701058388063501,3.7510864876538768,3.834655532359082,3.7771356993736953,3.8131487711007583,3.5792809996697295
1070011700,183272440#3,0,24.52,5.318960593401813,4.6626104489858315,5.00719684812087,5.975742223852278,6.2454673973383015,5.4791523792599826,5.027697142278992,5.261981904666923,5.116729279173515,7.11892769276315,6.178691959756696,6.309646895319941,8.125823172881015,6.6289610094555655,5.321841937168551,5.345005558222605,5.304600548603212,4.95167349597437,5.140826905292071,5.0849483519736784,5.578716760938756,5.473047474102033,5.893293470913705,4.8562136510198455
1070011700,183272438-AddedOnRampEdge,1,97.54,21.158703763475238,18.547757879040706,19.918514704963695,23.77136608950046,24.8443266695097,21.79594302907907,20.000064406928747,20.932043840995586,20.354232214134772,28.318931776187508,24.578695503860857,25.09963124671725,32.324339000114776,26.369855500093635,21.17016568317376,21.26231003870444,21.101579833228275,19.697644078194944,20.450092020480778,20.227808411562506,22.192007865496176,21.771657855787616,23.443386833316595,19.31790699512544
1070011700,183272438,2,60.5,13.123862801827475,11.504401801127358,12.354625175828414,14.744388439766022,15.409901204688712,13.51911578080053,12.405207059864559,12.98327509104196,12.62488260154966,17.56505405432996,15.245141254701473,15.568256001910946,20.049441352336924,16.35612320848539,13.130972153291083,13.188125459725434,13.088431206790144,12.217628324080316,12.684340447396833,12.546467181664257,13.764778304926375,13.504052699150611,14.54095656567207,11.982093225395621
1070011700,37402127#0,3,30.17,6.544577532746032,5.736988468429958,6.16097589346683,7.352697507896544,7.684573873478652,6.741681373665322,6.186199950348987,6.4744695784584465,6.295747241136417,8.759300509407188,7.602411762881711,7.763541877316583,9.998209018181903,8.156433672727342,6.548122807682513,6.576623886279609,6.526908586923284,6.092658620454598,6.325397542115081,6.256643221005135,6.864187792721137,6.734169750964859,7.2512505716748175,5.9752025224824115
1070011700,37402127#1,4,0.22,0.04772313746119082,0.04183418836773585,0.04492590973028514,0.05361595796278554,0.056036004380686226,0.04916042102109283,0.045109843854052936,0.04721190942197077,0.04590866400563512,0.06387292383392712,0.055436877289823536,0.0566118400069489,0.07290705946304336,0.059476811667219597,0.047748989648331214,0.04795681985354703,0.04759429529741871,0.044427739360292054,0.046124874354170294,0.04562351702423366,0.050053739290641365,0.0491056461787295,0.05287620569335298,0.04357124809234771
1070011800,37402127#1,0,0.22,0.045200350247338456,0.04594732628888463,0.04510258452942785,0.040216833649833764,0.03950570555245748,0.045863111981170386,0.05195787769295384,0.043292238575997524,0.04651099237346946,0.052591244003628766,0.06540228410069672,0.08505409210376126,0.07052681481659123,0.08425223534318708,0.07001374901210566,0.054563702348291686,0.05545858576446491,0.05065367185612665,0.054563702348291686,0.04881567283832729,0.05172160788947202,0.05475473500421568,0.052305422025348165,0.046048792596478774
1070011800,1028953202,1,4.17,0.8567520933245515,0.8709106846574949,0.8548989885805186,0.7622918014536673,0.748812691607944,0.8693144407340024,0.9848379544528068,0.8205847039177713,0.8815947190789438,0.9968431249778725,1.2396705668177515,1.6121616548758386,1.3368037172053882,1.5969628244595007,1.3270787880930937,1.0342301763289832,1.0511922847173576,0.9601173256365825,1.0342301763289832,0.9252788897082945,0.9803595677231742,1.0378511134889972,0.9914254992986448,0.8728339323968931
1070011800,219054277#0,2,0.46,0.09450982324443495,0.09607168224039513,0.0943054040160764,0.08408974308601606,0.0826028388824111,0.09589559777881082,0.10863919881253985,0.09052013520435846,0.09725025678089069,0.10996351018940562,0.1367502303923659,0.17784037439877357,0.1474651582528726,0.17616376480848212,0.14639238429803914,0.11408774127370079,0.11595886114388118,0.10591222297190118,0.11408774127370079,0.10206913411650252,0.10814518013253241,0.11448717319063278,0.10936588241663708,0.09628383906536471
1070011800,219054277#1,3,0.82,0.16847403274007966,0.17125821616766085,0.16810963324604924,0.1498991072402895,0.1472485388773415,0.17094432647527144,0.19366118049191883,0.16136198014689984,0.17335915339202254,0.19602190946807083,0.2437721498298696,0.3170197978412919,0.2628726734072946,0.31403105900642453,0.2609603372269393,0.20337379966181443,0.20670927421300556,0.18880004964556296,0.20337379966181443,0.18194932603376532,0.19278053849712298,0.20408583047025844,0.19495657300357044,0.1716364087686936
1070011800,704467806#0,4,9.96,2.0463431293795047,2.0801607719876856,2.0419170086959157,1.8207257416015652,1.788531033193075,2.0763481606020777,2.3522748264628195,1.959957710076979,2.105679472907981,2.380949046709739,2.9609397711042704,3.85063071524301,3.192941252605676,3.8143284728097426,3.1697133643662383,2.470247615404478,2.5107614282457753,2.2932298713046433,2.470247615404478,2.210018643044272,2.3415782480870058,2.4788961847363096,2.36800910623849,2.0847544284587665
1070011800,704467806#1,5,16.71,3.4331720574228433,3.4899082831239188,3.425746306757906,3.0546513194941918,3.00063790809802,3.4835118236607148,3.946436982951176,3.28824230274963,3.532721284366703,3.994544033184712,4.967600760557465,6.460244904790231,5.356832161751089,6.399340239021165,5.317862481783116,4.144361210181609,4.212331673291858,3.8473766214358016,4.144361210181609,3.70777224149295,3.9284912174230797,4.158871008729291,3.9728345547434905,3.497615110396183
1070011800,219054276,6,39.27,8.068262519149913,8.201597742565905,8.050811338502871,7.178704806495327,7.05176844111366,8.186565488638916,9.274481168192262,7.727664585815559,8.3022121386643,9.387537054647735,11.674307711974366,15.182155440521388,12.589036444761536,15.039024008758897,12.497454198660861,9.739620869170068,9.899357558956988,9.041680426318608,9.739620869170068,8.713597601641421,9.232307008270755,9.7737201982525,9.336517831524647,8.219709478471461
1070011800,1534267660,7,13.42,2.757221365087646,2.802786903621962,2.7512576562950986,2.4532268526398595,2.409848038699906,2.7976498308513937,3.1694305392701843,2.6408265531358492,2.837170534781637,3.2080658842213547,3.9895393301425,5.188299618329437,4.302135703812065,5.139386355934412,4.270838689738445,3.3283858432457927,3.3829737316323594,3.089873983223726,3.3283858432457927,2.977756043137964,3.155018081257793,3.340038835257156,3.1906307435462384,2.808976348385205
1070011800,535722777,8,12.31,2.5291650524760745,2.5709617573462262,2.5236946161693488,2.2503146464975163,2.2105237970488707,2.5662495840373065,2.907279429092099,2.4223975312296795,2.602501436897314,2.942719153112137,3.659555078543531,4.759163062715005,3.946295865419264,4.714295532157424,3.917587501541003,3.0530871632157757,3.1031599580025597,2.8343031843132684,3.0530871632157757,2.7314587847264042,2.894059059633639,3.0637763086449774,2.9267261142365273,2.576639258466608
1070011800,779506247,9,0.2,0.041091227497580415,0.04177029662625875,0.041002349572207136,0.03656075786348524,0.03591427777496134,0.04169373816470036,0.04723443426632168,0.03935658052363411,0.042282720339517695,0.0478102218214807,0.0594566219097243,0.07732190191251025,0.06411528619690111,0.07659294122107918,0.06364886273827787,0.04960336577117426,0.05041689614951356,0.04604879259647878,0.04960336577117426,0.04437788439847935,0.04701964353588366,0.049777031822014255,0.047550383659407426,0.041862538724071606
1070011800,1534267661,10,30.33,6.231484650008069,6.334465483372139,6.218006312625211,5.544438929997536,5.446400224572887,6.322855392676808,7.163101956487681,5.968425436409112,6.412174539487857,7.250420139227547,9.016596712609688,11.725866425032178,9.723083151760054,11.615319536176656,9.65235003425984,7.522350419198576,7.6457223010737305,6.9832993972560065,7.522350419198576,6.729906169029394,7.130528942216755,7.548686875808461,7.211015681949136,6.348453997505459
1070012100,525873405#0,0,25.62,7.016126837066237,6.2528504448237685,5.877994423194536,5.130966987704992,5.564052899399692,5.72513195782196,5.042272657753307,5.642078786286825,5.2581428256156615,5.787608596250573,5.8397492142348115,8.035687968347903,8.13655434451963,9.371742112482854,9.002946705278665,8.412270317261106,8.176467365130451,7.948105538175174,6.115209082830793,6.678774430475761,6.105609068572033,5.869124210282269,6.22948154300115,6.724967683020837
1070012100,525873405#1,1,24.51,6.712149444828004,5.981942404474261,5.6233272175057785,4.908665139291545,5.322987375655209,5.4770875989936085,4.823813537920904,5.397632749878613,5.030331017011704,5.536857404141355,5.586739002376863,7.687537552857419,7.784033840131779,8.96570644718793,8.612889295330996,8.047804273070637,7.822217608093183,7.6037496776219164,5.850264427017281,6.389413009014867,5.841080338434836,5.614841311241937,5.959585972636932,6.4336049145527205
1070012100,-976309329,2,41.58,11.386828801140286,10.148068754713984,9.539695867151785,8.327307078406463,9.030184213779828,9.29160760367826,8.183360542911105,9.156816390858944,8.533707208786073,9.393004115226338,9.477625773922071,13.041526374859709,13.205227542744975,15.209876543209878,14.611339734796523,13.65270100670245,13.270004412260896,12.899384398022002,9.924683593446698,10.839322436345906,9.909103242436577,9.525299947835158,10.110142176346129,10.914291813427258
1070012100,-635356835#5,3,0.28,0.07667898182586051,0.06833716333140731,0.06424037620977634,0.05607614194213107,0.060809321304914676,0.0625697481729176,0.055106805002768385,0.06166206323810738,0.05746604181000723,0.06325255296448715,0.06382239578398702,0.08782172643003172,0.08892409119693587,0.1024234110653864,0.09839286016697997,0.09193738051651482,0.08936029907246394,0.08686454140082156,0.06683288615115622,0.07299207027842362,0.06672796796253588,0.06414343399215597,0.06808176549728032,0.07349691456853374
1070012100,-635356835#4,4,24.82,6.7970440318494925,6.057601406734033,5.694450491166603,4.970749439298904,5.390311981385651,5.54636124875648,4.884824643459683,5.465901462749375,5.093954134729927,5.6068870163520375,5.657399511994848,7.784768749976382,7.882485512528386,9.079103795153179,8.721824247658724,8.14959208721392,7.921152224923411,7.699921134172826,5.924257979541776,6.470225658251692,5.914957731536216,5.685857256018967,6.03496221300892,6.514976498539312
1070012100,-635356835#3,5,66.9,18.320799586250246,16.327700810254104,15.348861315835848,13.398192485459173,14.529084268924256,14.949700545600669,13.166590195304304,14.732828680819226,13.730279275319585,15.11284211901496,15.248993849816896,20.983119636318293,21.24650607526789,24.471879286694108,23.508865518467715,21.966466987695863,21.350728599813706,20.754420784696297,15.96828601254411,17.439891077237643,15.943218059620177,15.325699050268693,16.266678970600193,17.560512802267525
1070012100,-635356835#2,6,10.23,2.8015213717091183,2.4967470745724887,2.3470680308071854,2.0487819002428598,2.221711989104561,2.2860304421748103,2.013366482779716,2.2528675247351373,2.0995628847013355,2.310977202952512,2.3317968173935255,3.2086295049258013,3.2489051890880494,3.742112482853224,3.594853426815018,3.3589978667283806,3.264842355397522,3.1736580661800167,2.441787233308314,2.666817424815263,2.437953972345507,2.3435261776419836,2.487415932275635,2.6852622715575003
1070012100,-635356835#1,7,32.75,8.96870233856047,7.9930074967985325,7.513829717393482,6.558905887874259,7.112518831199841,7.318425902368039,6.44552808514523,7.212259182314344,6.721474533134774,7.398289677096263,7.46494093544848,10.272005502084065,10.400942809641606,11.979881115683586,11.508450608816405,10.753390042556642,10.451963552225692,10.160049038846093,7.817060790894163,8.537465362922763,7.80478910990375,7.5024909401539555,7.963135071556894,8.596514114712427
1070012100,-635356835#0,8,16.02,4.387133174465305,3.9098619877469463,3.675467238859346,3.208356406831927,3.479161883231189,3.5798834490362132,3.152896486229819,3.5279509038374286,3.287878534986842,3.6189496374681567,3.6515527873552567,5.024657347889671,5.087728360624688,5.86008230452675,5.629477213839353,5.2601315566948825,5.112685682645973,4.969892690147005,3.8237958433625803,4.17618916378695,3.8177930241422313,3.669920759122637,3.8952495830943956,4.205073469242537
1070012100,-1419371349#3,9,19.73,5.403129683657957,4.815329401888094,4.526652223638882,3.9513652875651637,4.284885390521309,4.408932612327372,3.8830616525165005,4.344973241742351,4.049303588969438,4.4570459642476115,4.497199531493084,6.188295223087591,6.265972568984088,7.21719250114312,6.933182611051838,6.478301848538704,6.29670964535612,6.1208478637078905,4.7093315848654,5.143334094976064,4.701938599645832,4.519821259518704,4.79733297593336,5.178907587275609
1070012200,635356835#0,0,18.58,4.885264211089652,4.723058172830816,4.800408505189833,4.996292943159872,5.1505980500306245,5.578329375984724,4.824350692248136,4.337588851102024,5.409856341139548,5.040554006231115,5.0510825785678914,5.183720867072622,5.578329375984724,4.965514957883733,5.640130109596218,5.673210051587982,5.669884606071227,4.709261508255849,3.7710811454025395,4.617099349860388,5.1369214752828,5.347055355421511,5.254113600194194,5.3235130093326966
1070012200,635356835#1,1,34.77,9.142122530655932,8.83857549350525,8.983326357666874,9.349898042716296,9.638659537113284,10.439101851614042,9.028130977904613,8.117220901658632,10.123826963478047,9.432726738248435,9.452429561722585,9.70064448590501,10.439101851614042,9.29230113485562,10.554753708862247,10.616658422697212,10.61043529349282,8.812756869863072,7.05707704120809,8.640287642338306,9.613065645618029,10.006303267384604,9.832375128027566,9.962246896366949
1070012200,635356835#2,2,11.58,3.0447448635316565,2.943649819234707,2.991858476323911,3.1139436104301037,3.2101143928608518,3.47669828707767,3.0067804637369977,2.7034057532702604,3.371697332098815,3.1415293537220847,3.1480912949309037,3.2307582153229797,3.47669828707767,3.094761206259076,3.5152156441939835,3.5358327447464393,3.5337601581434237,2.935051036900039,2.3503293683402267,2.8776108972757424,3.2015904566079025,3.3325565670495747,3.2746305430704403,3.317883780843522
1070012200,635356835#3,3,71.19,18.71808176466482,18.096582956072435,18.392953793566427,19.14349271386175,19.734718793416587,21.373588174184743,18.484689223958274,16.619642104949033,20.728077121944267,19.313080716016856,19.353421354588175,19.861630168293864,21.373588174184743,19.025565654022767,21.610380113140728,21.737127210578496,21.72438563542576,18.043720493688582,14.449045572723724,17.690597562785847,19.68231645992371,20.487452677742592,20.131342690948586,20.397249253734913
1070012200,635356835#4,4,22.31,5.865998092002699,5.671228624104172,5.764107306285531,5.999316230457307,6.184598627351089,6.6981985133594835,5.792855971154785,5.208374987518091,6.49590392738554,6.052462856782357,6.065105076848744,6.224370965790645,6.6981985133594835,5.962359456963728,6.7724059604462665,6.812126816519262,6.808133776181329,5.6546622308497305,4.528138878037172,5.543998196737634,6.168176432376709,6.4204954240825565,6.308895286347281,6.3922268696562154
1070012200,635356835#5,5,0.28,0.07362077390231984,0.07117633414384439,0.07234200115463688,0.07529397330919077,0.0776193462867909,0.08406524355628218,0.07270280914044555,0.06536732391327055,0.08152636036162939,0.07596098610036128,0.07611965134547954,0.0781185060699857,0.08406524355628218,0.0748301500649863,0.0849965786160894,0.08549509227366175,0.08544497791711216,0.0709684188542324,0.05683007108249253,0.06957953810338584,0.07741324074699592,0.08057995153487746,0.07917932228495021,0.08022516913956702
1070012200,976309329,6,41.58,10.932684924494497,10.569685620360891,10.742787171463577,11.181155036414827,11.526472923588447,12.483688668107902,10.79636715735616,9.707047601120676,12.10666451370196,11.280206435903649,11.30376822480371,11.600598151392875,12.483688668107902,11.112277284650464,12.621991924489276,12.696021202638768,12.688579220691153,10.53881019985351,8.43926555575014,10.332561408352795,11.495866250928891,11.9661228029293,11.758129359315102,11.913437617225703
1070012200,700433853#0,7,11.7,3.0762966237755074,2.9741539624392117,3.0228621911044695,3.1462124561340423,3.2433798269837624,3.5127262486017905,3.037938810511474,2.7314203206616616,3.406637200825227,3.1740840620508104,3.1807140026503946,3.264237575067259,3.5127262486017905,3.1268312705726413,3.5516427493151643,3.5724734985780087,3.5703794343936144,2.965466073551853,2.3746851130898663,2.907430699320051,3.234767559785186,3.3670908319930932,3.3085645383354185,3.3522659961890504
1070012200,1389567234#0,8,22.43,5.89754985224655,5.701732767308678,5.79511102106609,6.031585076161246,6.217864061474,6.734226474883605,5.8240143179292625,5.236389554909494,6.530843796111952,6.085017565111084,6.097727784568235,6.257850325534926,6.734226474883605,5.994429521277295,6.808833065567447,6.848767570350831,6.844753052431519,5.685077267501544,4.552494622786813,5.573817998781944,6.201353535553994,6.455029689026076,6.342829281612261,6.426609085001744
1070012300,400120973#2,0,2512.27,69.11463187325256,75.19391634980988,72.93828374723383,70.79713603818617,65.0669006361044,69.76481655691438,66.64569759604584,75.36585365853658,76.1005643919959,84.94845360824742,99.77800201816348,102.21915920055136,101.24232081911262,110.85201793721973,73.49851337958376,67.77244688142564,66.24385886556499,67.89654383154041,68.65077528349919,68.20878362842032,85.43778801843318,67.74149349166477,66.30308448815379,71.01747665788844
1070012400,399174157#1,0,1551.01,55.69734613212874,56.258555133079845,56.538020634314094,55.71832046695538,56.78756476683939,56.62456946039036,59.625226677412854,64.63958060288336,61.22905027932961,69.66101694915255,69.59548447789275,86.27405247813412,68.43663274745606,61.35600248807797,63.59767891682785,78.2029598308668,90.88452088452088,85.50130020225367,69.97398912272405,62.57559737788116,64.09356725146199,62.39089184060721,64.40043525571274,57.49368564212163
1070012500,183521096,0,840.14,23.120059346067297,23.494473262602796,21.24825633147519,25.919709212290833,22.32929203196495,20.71726063576597,24.28089914586983,35.67500960571449,31.924336224184607,27.503008985132183,26.769971328942088,35.33708664598513,30.885992940725025,29.407778188494376,30.172278488021966,34.02489515489643,31.596015766948586,30.154858003906476,26.511783788206102,30.382905213941832,39.29888191329272,28.415785670710566,25.576990236418222,22.046523454101315
1070012500,183272304,1,290.92,8.00591290137108,8.135563312729316,7.35775315060914,8.975363396623955,7.73208945882739,7.173882286472537,8.407883423615651,12.35338609576316,11.054619342418867,9.52362150826607,9.269788438850467,12.236371613123996,10.695066377408201,10.183196646507469,10.447924462274562,11.781991690030793,10.940929972291146,10.441892173324057,9.180384387917394,10.520859362534766,13.608244728515627,9.839693821652483,8.85668817051776,7.634173594004755
1070012500,780139449#0,2,0.2,0.005503858724990429,0.00559299004037489,0.005058265606083555,0.006170330947768428,0.00531561216748755,0.004931859127232598,0.005780203096119655,0.008492634467044659,0.00759976580669522,0.006547244265272975,0.006372740573938174,0.008412190026896738,0.007352582412627664,0.0070006851687800555,0.0071826787173618605,0.008099815543813277,0.007521607295676575,0.007178531674222505,0.006311277593783441,0.007232819581008364,0.009355317426451001,0.006764535832292372,0.0060887447893013605,0.005248297534720718
1070012500,-780139449#0,3,0.2,0.005503858724990429,0.00559299004037489,0.005058265606083555,0.006170330947768428,0.00531561216748755,0.004931859127232598,0.005780203096119655,0.008492634467044659,0.00759976580669522,0.006547244265272975,0.006372740573938174,0.008412190026896738,0.007352582412627664,0.0070006851687800555,0.0071826787173618605,0.008099815543813277,0.007521607295676575,0.007178531674222505,0.006311277593783441,0.007232819581008364,0.009355317426451001,0.006764535832292372,0.0060887447893013605,0.005248297534720718
1070012500,-518796200#1,4,15.35,0.4224211571430154,0.42926198559877277,0.38822188526691287,0.4735729002412268,0.40797323385466944,0.37852018801510184,0.44363058762718355,0.6518096953456775,0.583282025663858,0.5025009973597009,0.48910783904975486,0.6456355845643247,0.5643107001691732,0.5373025867038692,0.5512705915575228,0.621660842987669,0.5772833599431771,0.5509523059965772,0.4843905553228791,0.5551189028423918,0.7180206124801143,0.5191781251284395,0.4673111625788794,0.4028068357898151
1070012500,-518796200#0,5,60.43,1.6629909137558585,1.6899219406992727,1.5283549528781464,1.86436549586823,1.6061122164063633,1.4901612352933293,1.7464883654925538,2.5660495042175433,2.2962692384929606,1.9782498547522294,1.9255235644154194,2.5417432166268497,2.2215827759754485,2.1152570237468935,2.1702463744508864,2.447359266563182,2.2726536443886767,2.1689933453663297,1.9069525249616668,2.1853964364016774,2.82670916040217,2.04390450172714,1.8397142380874059,1.5857731001158646
1070012500,914604025#0,6,26.23,0.7218310717824948,0.7335206437951668,0.6633915342378583,0.8092389037998293,0.6971425357659922,0.6468133245365552,0.7580736360560927,1.113809010352907,0.996709285548078,0.8586710853905506,0.8357849262719916,1.1032587220275072,0.9642911834161181,0.9181398598855041,0.9420083137820081,1.0622908085711111,0.9864587968279828,0.9414644290742816,0.8277240564246983,0.9485842880492469,1.2269498804790488,0.8871688744051445,0.7985388791168735,0.688314221678622
1070012600,415336553,0,38.58,12.05813408345054,16.20346497112524,13.930871231117978,9.287247487411985,8.888149390126836,12.234348986548982,12.3895415741162,15.24783997716469,18.389915788358664,12.208860759493671,13.042106449310745,18.143198651879143,21.02961661922355,15.24783997716469,15.767497303740704,15.221436791057043,16.158786299329858,13.51326632872474,14.811086346816248,12.234348986548982,12.512996080904545,14.724254182303923,11.697112104904116,11.642887081901247
1070012600,518796200#0,1,60.43,18.887326144710112,25.380388496762528,21.82069850949869,14.547132339665795,13.922002790185713,19.163341349330093,19.406428131774028,23.883539912391456,28.805148032413538,19.123417721518987,20.428576794500998,28.41870125798488,32.93985827630065,23.883539912391456,24.697508088777887,23.842183133322376,25.310405807892778,21.16658072174277,23.19942840689751,19.163341349330093,19.599801792873553,23.06341835761084,18.321837337982267,18.236901668203537
1070012600,518796200#1,2,15.35,4.797624628848258,6.446946275447705,5.542739071997433,3.695159381331622,3.5363684069063495,4.86773605348696,4.929483233869457,6.066727414449923,7.316879402574017,4.857594936708861,5.189122187582166,7.2187169338088335,8.36714917327842,6.066727414449923,6.273485837543282,6.056222258753904,6.429169769173493,5.376584710884519,5.892954261887751,4.86773605348696,4.978602639758548,5.858405953819731,4.653983172894717,4.632408416464079
1070012600,537813376,3,12.23,3.8224722612908275,5.136557195356706,4.41613673293346,2.9440911552889735,2.817575610193137,3.878333025025767,3.9275296384510407,4.833620604477039,5.829670038663206,3.8702531645569622,4.134395071930286,5.751459811106322,6.666464781055055,4.833620604477039,4.998353862746211,4.8252506986684205,5.122393894266568,4.2837544634604345,4.695168118754866,3.878333025025767,3.9666651650975275,4.667642007505884,3.7080269840066706,3.690837454941738
1070012600,669609356,4,6.66,2.0815752461322083,2.7971766901942487,2.4048626853096353,1.6032417902064238,1.5343461622147418,2.111994926138316,2.1387855594508527,2.6322087674421164,3.174619988348075,2.107594936708861,2.251436727641513,3.132029627307286,3.6303070680152625,2.6322087674421164,2.721916330816825,2.627650830182476,2.789463886820551,2.3327722589244884,2.556812728610581,2.111994926138316,2.160097301680256,2.5418230392468675,2.0192526339725614,2.0098918601726883
1070012600,1211909480#7,5,0.2,0.06250976715111736,0.0839993000058333,0.07221809865794701,0.04814539910529801,0.046076461327770026,0.06342327105520468,0.06422779457810368,0.0790453083315951,0.09533393358402627,0.06329113924050633,0.06761071254178717,0.09405494376298157,0.10901823027072861,0.0790453083315951,0.0817392291536584,0.07890843333881309,0.08376768428890544,0.07005322098872338,0.07678116302133878,0.06342327105520468,0.06486778683724492,0.07633102219960562,0.06063821723641326,0.06035711291809875
1070012600,1211909480#8,6,7.96,2.487888732614471,3.343172140232165,2.874280326586291,1.916186884390861,1.833843160845247,2.524246187997146,2.556266224208527,3.1460032715974844,3.794290556644246,2.518987341772152,2.69090635916313,3.743386761766666,4.338925564774999,3.1460032715974844,3.2532213203156046,3.140555646884761,3.3339538346984363,2.78811819535119,3.055890288249283,2.524246187997146,2.581737916122348,3.037974683544304,2.413401046009248,2.40221309414033
1070012700,1069458450,0,0.2,0.033299033188217336,0.030615516602534327,0.02840792890686196,0.02656346293455184,0.027684997228491857,0.02694475666088512,0.029429671200776157,0.03074332704435608,0.030992139985796318,0.030654729560078392,0.03134732168176976,0.032375624083911,0.029630058934114776,0.03156436545206886,0.030029711548345307,0.030547134784979207,0.03168974525525482,0.030992139985796318,0.030057996990934012,0.028723288453682824,0.02952952511293178,0.029484053100130844,0.030114728032753956,0.031429652139239934
1070012700,1455540413#0,1,3.2,0.5327845310114774,0.48984826564054923,0.45452686250979135,0.42501540695282947,0.4429599556558697,0.43111610657416194,0.4708747392124185,0.49189323270969726,0.4958742397727411,0.49047567296125427,0.5015571469083162,0.518009985342576,0.4740809429458364,0.5050298472331017,0.4804753847735249,0.4887541565596673,0.5070359240840772,0.4958742397727411,0.4809279518549442,0.4595726152589252,0.47247240180690847,0.4717448496020935,0.4818356485240633,0.502874434227839
1070012700,1455540413#1,2,0.2,0.033299033188217336,0.030615516602534327,0.02840792890686196,0.02656346293455184,0.027684997228491857,0.02694475666088512,0.029429671200776157,0.03074332704435608,0.030992139985796318,0.030654729560078392,0.03134732168176976,0.032375624083911,0.029630058934114776,0.03156436545206886,0.030029711548345307,0.030547134784979207,0.03168974525525482,0.030992139985796318,0.030057996990934012,0.028723288453682824,0.02952952511293178,0.029484053100130844,0.030114728032753956,0.031429652139239934
1070012700,183521063#0,3,16.52,2.750500141346752,2.528841671369335,2.346494927706798,2.194142038393982,2.2867807710734276,2.2256369001891105,2.43089084118411,2.5393988138638117,2.5599507628267757,2.532080661662475,2.589288770914182,2.6742265493310486,2.4474428679578804,2.6072165863408876,2.4804541738933223,2.5231933332392824,2.617572958084048,2.5599507628267757,2.4827905514511492,2.372543626274201,2.4391387743281645,2.4353827860708073,2.4874765355054764,2.5960892667012185
1070012700,183521063#1,4,86.46,14.395172047266353,13.235087827275587,12.280747666436426,11.48338502660676,11.968224301877031,11.648218304500636,12.72244686009553,13.290340281275132,13.397902115859749,13.252039588821887,13.551447163029065,13.995982291474725,12.809074477217814,13.645275184929366,12.981844302349675,13.20552636754651,13.69947687384666,13.397902115859749,12.994072099180771,12.417077598527083,12.765613706320407,12.745956155186562,13.018596928559534,13.58703861979342
1070012700,183521063#2,5,0.68,0.11321671283993893,0.10409275644861672,0.09658695828333068,0.09031577397747625,0.09412899057687232,0.09161217264700941,0.10006088208263893,0.10452731195081068,0.10537327595170748,0.10422608050426654,0.10658089371801718,0.11007712188529742,0.10074220037599023,0.10731884253703411,0.10210101926437405,0.1038602582689293,0.10774513386786641,0.10537327595170748,0.10219718976917565,0.0976591807425216,0.10040038538396805,0.10024578054044488,0.10239007531136346,0.10686081727341577
1070012700,183521063#3,6,80.05,13.327938033583989,12.253860520164363,11.3702735449715,10.632026039554374,11.080920140703867,10.784638853519267,11.779225898110655,12.305016649503518,12.404604029314974,12.269555506421376,12.546765503128345,12.958343539585378,11.859431088379438,12.633637272190558,12.019392047225208,12.226490697687927,12.683820538415743,12.404604029314974,12.030713295621338,11.496496203586549,11.819192426450943,11.800992253327369,12.05341989510977,12.579718268730783
1070012700,518780122#0,7,78.47,13.064875671397072,12.011997939004342,11.14585090660729,10.422174682371415,10.86220866259878,10.571775275898275,11.546731495624524,12.062144365853106,12.159766123427184,12.027383142896756,12.299121661842365,12.70257610932248,11.625353622799931,12.384278785119216,11.78215732599328,11.985168332886591,12.43347155089923,12.159766123427184,11.79325511939296,11.269582224802456,11.585909178058783,11.568068233836335,11.815513543651015,12.331424016830788
1070012700,518780122#1,8,0.2,0.033299033188217336,0.030615516602534327,0.02840792890686196,0.02656346293455184,0.027684997228491857,0.02694475666088512,0.029429671200776157,0.03074332704435608,0.030992139985796318,0.030654729560078392,0.03134732168176976,0.032375624083911,0.029630058934114776,0.03156436545206886,0.030029711548345307,0.030547134784979207,0.03168974525525482,0.030992139985796318,0.030057996990934012,0.028723288453682824,0.02952952511293178,0.029484053100130844,0.030114728032753956,0.031429652139239934
1070012700,616217914#0,9,1.4,0.23309323231752133,0.21430861621774028,0.19885550234803373,0.18594424054186287,0.193794980599443,0.18861329662619583,0.20600769840543307,0.2152032893104925,0.2169449799005742,0.21458310692054872,0.2194312517723883,0.22662936858737703,0.2074104125388034,0.22095055816448195,0.21020798083841713,0.21382994349485443,0.22182821678678374,0.2169449799005742,0.2104059789365381,0.20106301917577973,0.20670667579052243,0.20638837170091587,0.21080309622927768,0.22000756497467952
1070012700,616217914#1,10,1.74,0.28970158873749086,0.26635499444204863,0.24714898148969905,0.231102127530601,0.24085947588787915,0.23441938294970055,0.2560381394467525,0.2674669452858979,0.2696316178764279,0.266696147172682,0.2727216986313969,0.28166792953002573,0.2577815127267985,0.2746099794329991,0.2612584904706042,0.2657600726293191,0.27570078372071694,0.2696316178764279,0.2615045738211259,0.24989260954704054,0.2569068684825065,0.2565112619711383,0.2619981338849594,0.2734379736113874
1070012700,664389978,11,38.48,6.406733985413014,5.890425394327604,5.465685521680241,5.110810268607774,5.326593466761833,5.184171181554296,5.662268739029332,5.915016123334109,5.962887733267211,5.897969967359082,6.0312246915725005,6.229070073744476,5.700823338923682,6.072983912978047,5.7777165019016365,5.877268732629998,6.097106987111027,5.962887733267211,5.783158621055703,5.526360698488575,5.681480631728074,5.672731816465173,5.794073673501861,6.0470650715897625
1070012800,1069458453,0,45.92,13.666303550365996,11.34784663369144,10.526283076501109,10.099747727525665,9.67503560035153,8.559598135388677,7.445511038108359,8.727293471930265,8.882807398880232,10.742317618861318,14.827745778442425,17.579157883426287,16.105213107046698,19.658945576676718,16.64290702635986,14.806773012136283,19.085484994677035,14.880438549510098,14.262109699700755,12.62773042168921,11.782091749668378,10.109501226055386,9.692952332944772,10.531577987505386
1070012800,1209313353#0-AddedOnRampEdge,1,25.38,7.553370734065526,6.271958788394789,5.817880324076614,5.5821340880792985,5.347395547406833,4.730892871867697,4.115136545017207,4.823578142804663,4.909530744415947,5.937282690912461,8.195300258207071,9.716006687311829,8.90135689583722,10.865506070036043,9.198540512391403,8.183708602962083,10.548554206552769,8.224423571136024,7.882673000400809,6.979351003973695,6.511966215300161,5.587524850115106,5.357298131753883,5.820806823233595
1070012800,1209313353#0,2,7.18,2.136847985444857,1.7743366469926944,1.6458778852194675,1.5791852936331505,1.5127777789748251,1.3383692206465745,1.1641718043035283,1.3645898764908386,1.388905860713416,1.679656805388159,2.318449797239038,2.7486575261977513,2.518193164385786,3.0738508109873437,2.6022663860902395,2.3151705188836784,2.9841851537844315,2.326688780171657,2.2300075706413636,1.9744578490358997,1.8422347291511094,1.5807103397882767,1.5155792193062598,1.6467057916003631
1070012800,1069458443#0,3,114.64,34.11814109350953,28.330077048919566,26.279030746735344,25.214178560181672,24.15387807544206,21.369170954724694,18.58783504809979,21.787824991770158,22.176067948772424,26.818364369038793,37.01769982666898,43.88664328736911,40.20691704250508,49.078865873480375,41.54927834281129,36.965340986744415,47.64721253897594,37.1492481558327,35.60558048723202,31.525326993520274,29.414176789677327,25.238528322190536,24.198607479285464,26.292249575078777
1070012800,1069458443#1,4,17.4,5.178433836593386,4.2999244648569475,3.9886177162700185,3.82699500128368,3.6660631412481837,3.243401732486128,2.8212520048581324,3.306944826036294,3.3658721415617596,4.070477494951805,5.618527363782626,6.661092055131039,6.102585105893129,7.449164917991613,6.306328010859355,5.6105803660969364,7.231869314185111,5.638493701251647,5.404196619660128,4.784897851424046,4.464468563680962,3.8306907955871887,3.6728521470653095,3.9906240632097933
1070012800,1209313353#4,5,94.65,28.16889440422782,23.39010635624771,21.6967049910895,20.8175331535345,19.942119328686243,17.642987010334025,15.346638060909324,17.98863952783536,18.30918380452992,22.14199395960853,30.562851435748602,36.23404385161799,33.19595863636694,40.52088847631645,34.30424978320908,30.519622508682478,39.33887532112764,30.67146142663612,29.396966094875353,26.028194346970462,24.285169514505924,20.83763700013376,19.97904917929492,21.7076188265981
1070012800,1209313353#5,6,12.04,3.5832381260105963,2.975350032004463,2.759940074936266,2.6481045870951436,2.536747139116559,2.2442848769616655,1.952176674625972,2.2882537761768376,2.329028769218597,2.816583278116077,3.8877626126403917,4.609169445044697,4.222708314652487,5.154479632909139,4.363689037399231,3.8822636556210983,5.004121065677515,3.9015784001764273,3.7394555919947097,3.3109293178819263,3.0892069831447575,2.6506619068315946,2.5414448190038117,2.761328374772753
1070012800,1069458450,7,0.2,0.05952222800682054,0.04942441913628676,0.04584618064678183,0.043988448290617016,0.04213865679595613,0.0372804796837486,0.03242818396388658,0.038010860069382695,0.03868818553519265,0.046787097643124206,0.06458077429635203,0.07656427649575909,0.0701446563895762,0.08562258526427143,0.07248652886045236,0.06448942949536708,0.08312493464580589,0.06481027242817987,0.06211720252482907,0.054998825878437324,0.05131573061702256,0.044030928684910216,0.042216691345578275,0.045869242105859694
1070012900,1209313353#4,0,94.65,4.56468071946374,4.838308496479412,4.435628437369626,5.046388984763131,5.879308766669298,4.948036258270582,4.955059730603116,4.791818229526281,5.5060561202048826,5.830212242521747,4.85175758194565,5.512577307871924,7.109652912851111,4.819937287138274,4.91494485070031,5.077584843941666,5.914171249826167,4.793463206604732,5.428988460668578,4.908034559170328,4.527677795343575,5.676161919040481,5.23953407911429,5.601026201700595
1070012900,1209313353#5,1,12.04,0.5806524655292491,0.6154594220561238,0.5642363062433206,0.6419284033444066,0.7478803756016729,0.6294173961920528,0.6303108204591814,0.6095456046856461,0.7004005883493585,0.7416350279974836,0.617170219615696,0.701230119247522,0.9043869104144465,0.613122503297885,0.6252079873474033,0.6458966880196265,0.7523150749910941,0.6097548548074058,0.6905971586524002,0.6243289603001663,0.5759454902898745,0.7220389805097451,0.666497520470534,0.7124813044741167
1070012900,-573169795#4,2,2.6,0.1253900673069807,0.13290651971311643,0.12184504952098285,0.13862241268234696,0.16150240669139115,0.13592070017436358,0.1361136323250724,0.1316294495168339,0.15124929648740298,0.16015374358749648,0.13327596104657888,0.15142843106674064,0.19529949892670773,0.132401869482932,0.13501169161987117,0.13947935123347419,0.16246006602797713,0.1316746364202039,0.14913227678540206,0.13482186850335817,0.1243736108599397,0.15592203898050977,0.143928035982009,0.1538580890060385
1070012900,-573169795#3,3,7.11,0.34289360713562805,0.36344821352317613,0.33319934695930314,0.3790789823736488,0.4416469659906889,0.3716908377845097,0.3722184330120249,0.35995591771718805,0.41360865308670586,0.43795889111811537,0.36445849347737536,0.41409851726327923,0.5340690143726508,0.36206818923986406,0.3692050490066477,0.3814223797192313,0.4442657959457375,0.36007948651832683,0.40781941844008024,0.3686859557918757,0.3401139896977582,0.4263868065967017,0.3935878214738785,0.4207426972434361
1070012900,-573169795#2,4,5.41,0.26090779389644836,0.27654779678767694,0.2535314299648143,0.2884412510044219,0.33604923853862545,0.2828196107474258,0.28322105803024683,0.2738905084177198,0.3147148823064808,0.3332429818493676,0.2773165189469199,0.3150876200273334,0.4063731881513418,0.2754977361164085,0.28092817371673195,0.2902243423742674,0.3380419066197524,0.27398453193588584,0.31030985284962503,0.280533195616603,0.25879278259702837,0.32443778110944527,0.2994810287164111,0.32014317750871857
1070012900,-573169795#1,5,39.87,1.9228084552035851,2.038070361908443,1.868446970923687,2.12572138217122,2.476577290302217,2.0842916599814907,2.087250200307937,2.0184869816292954,2.3193497888279833,2.4558960603205704,2.043735602664269,2.322096748704211,2.994842700849168,2.0303317447248066,2.070352363417024,2.1388622052610056,2.491262627898249,2.019179905412896,2.2868861059361456,2.0674414989341887,1.9072214865329984,2.3910044977511244,2.207081074847192,2.359354618719521
1070012900,218655245#0,6,138.47,6.677985623076007,7.078294532567397,6.489186156604037,7.382709801586377,8.601245482521897,7.238822828132356,7.249097949251067,7.010280720998457,8.055188494081035,8.529418797907937,7.097970125430684,8.064728788389068,10.401200621685085,7.051418025885228,7.190411130232139,7.4283483712689105,8.652248208805382,7.012687271194475,7.9424409101825475,7.180301589100003,6.623851498375327,8.304047976011995,7.665275054780304,8.194126763333134
1070013000,219095464#4,0,17.65,3.7177019700145273,4.293606468576225,3.8071479929151395,3.414335155670462,2.8074646167109707,3.5278233935160146,3.9045044018860517,4.892153070154024,4.411120279677653,5.763669080664905,6.090371106930727,7.1162226588749045,7.0130058918646325,6.879952815655342,6.064906140629972,5.821498536323752,6.533889122975983,3.9959321909109313,5.710721989372709,4.500072550053779,4.973223035316577,4.792478145266524,4.905941551186025,3.7643340448979274
1070013000,573169795#1,1,39.87,8.398004393454912,9.698928606353206,8.60005611770689,7.712721963545684,6.3418478338961135,7.969083212435326,8.819976799047982,11.050999598132632,9.964383317322833,13.019687606011887,13.757682494806126,16.075002686081728,15.841843904172404,15.541287181879802,13.700159083678015,13.150319923129064,14.759555769578041,9.026505181394835,12.900084176560332,10.165319692387772,11.234130448615973,10.825841566672882,11.082146722140898,8.503342683857245
1070013000,1069458451#0,2,25.85,5.444906284695499,6.2883698137504505,5.575907966960701,5.000598514112265,4.111782455636182,5.166812165574447,5.718495115510167,7.1649947231434306,6.460479276468404,8.441407690378913,8.919891961142172,10.42234310095843,10.271172935110526,10.076304831993804,8.8825962456252,8.526104088610142,9.569463673027148,5.852399271107513,8.36386195044105,6.590757814101428,7.283728921412664,7.0190119011410586,7.185189184031659,5.513203119581385
1070013000,1069458451#1,3,6.43,1.3543809443169073,1.5641863792036899,1.3869666625747505,1.2438626091196074,1.022776061498671,1.2852070493092338,1.4224341815369583,1.782240466917302,1.606997359678601,2.099738934202569,2.2187584259243387,2.5924822490972033,2.5548797668379373,2.5064077396410114,2.2094813872096726,2.1208065489270096,2.3803346776620717,1.455741868983416,2.0804499938621257,1.6394032009544364,1.8117747375119315,1.7459282988138105,1.7872636925850507,1.3713692866115397
1070013100,400120973#2,0,2512.27,12.82591093117409,13.137051627617668,12.951757972199509,13.634602969657841,12.779346510689795,13.375554148195063,13.392517438173746,13.443666454487587,12.679607764658796,15.987887963663889,17.082771636559716,16.616837136113297,15.431076473453482,14.538779256539698,13.104446742502583,13.717254817059972,13.705386112913692,14.779566130160953,14.419663177059629,14.155495978552281,13.489461358313818,12.951757972199509,13.180778032036615,12.561459159397305
1070013200,399174157#1,0,1551.01,12.517985611510795,12.918127448958547,13.555507465916467,12.912801484230055,13.390337751175718,13.546712802768164,13.685820406379726,13.112832321540715,13.17904481380181,14.376864815239841,15.918678526048286,19.917329093799683,14.889469931067266,13.923094020893533,13.997765363128492,18.648407264066687,21.697263595427785,19.69192077962905,15.866261398176295,15.711060948081265,14.171945701357464,14.104931321774377,14.233128834355828,13.611473272490223
1070013300,976309330#4,0,205.52,17.601623630145813,17.898259377019983,18.402217297533866,17.860634278476738,18.575215842307358,17.17465883620656,18.084937688955694,17.328785898983043,16.504086492368657,18.502403585085766,20.104836077310424,21.395879441630285,18.619995017031304,17.342934734173067,18.38628808974548,16.497677138391037,19.305393606615283,18.43815912819311,20.0621103335806,18.255916902173155,17.525378973332067,17.485704314203304,17.917131434566397,18.008274112487037
1070013300,976309330#5,1,0.2,0.01712886690360628,0.017417535399980522,0.017907957665953548,0.017380920862667126,0.018076309694732735,0.016713369828928144,0.017599199775161244,0.016863357239181632,0.016060808186423373,0.018005453080075676,0.01956484631890855,0.020821213936969913,0.018119886159041754,0.016877126055053586,0.01789245629597653,0.016054570979360683,0.01878687583360771,0.01794293414576986,0.019523268133106852,0.017765586709004626,0.017054670079147592,0.017016061029781336,0.017435900578597115,0.017524595282684935
1070013300,538083189#0,2,0.2,0.01712886690360628,0.017417535399980522,0.017907957665953548,0.017380920862667126,0.018076309694732735,0.016713369828928144,0.017599199775161244,0.016863357239181632,0.016060808186423373,0.018005453080075676,0.01956484631890855,0.020821213936969913,0.018119886159041754,0.016877126055053586,0.01789245629597653,0.016054570979360683,0.01878687583360771,0.01794293414576986,0.019523268133106852,0.017765586709004626,0.017054670079147592,0.017016061029781336,0.017435900578597115,0.017524595282684935
1070013300,-538083189#0,3,0.2,0.01712886690360628,0.017417535399980522,0.017907957665953548,0.017380920862667126,0.018076309694732735,0.016713369828928144,0.017599199775161244,0.016863357239181632,0.016060808186423373,0.018005453080075676,0.01956484631890855,0.020821213936969913,0.018119886159041754,0.016877126055053586,0.01789245629597653,0.016054570979360683,0.01878687583360771,0.01794293414576986,0.019523268133106852,0.017765586709004626,0.017054670079147592,0.017016061029781336,0.017435900578597115,0.017524595282684935
1070013300,538083189#0,4,0.2,0.01712886690360628,0.017417535399980522,0.017907957665953548,0.017380920862667126,0.018076309694732735,0.016713369828928144,0.017599199775161244,0.016863357239181632,0.016060808186423373,0.018005453080075676,0.01956484631890855,0.020821213936969913,0.018119886159041754,0.016877126055053586,0.01789245629597653,0.016054570979360683,0.01878687583360771,0.01794293414576986,0.019523268133106852,0.017765586709004626,0.017054670079147592,0.017016061029781336,0.017435900578597115,0.017524595282684935
1070013300,-538083189#0,5,0.2,0.01712886690360628,0.017417535399980522,0.017907957665953548,0.017380920862667126,0.018076309694732735,0.016713369828928144,0.017599199775161244,0.016863357239181632,0.016060808186423373,0.018005453080075676,0.01956484631890855,0.020821213936969913,0.018119886159041754,0.016877126055053586,0.01789245629597653,0.016054570979360683,0.01878687583360771,0.01794293414576986,0.019523268133106852,0.017765586709004626,0.017054670079147592,0.017016061029781336,0.017435900578597115,0.017524595282684935
1070013300,976309330#6,6,35.22,3.016393461725066,3.0672279839365695,3.1535913449744193,3.060780163915681,3.1832381372424345,2.943224426874246,3.099219080405895,2.9696372098198847,2.8283083216291556,3.1707602874013268,3.4453694367597953,3.6666157743004018,3.1909119526072525,2.9720618982949363,3.150861553721466,2.827209949465416,3.3083688342983173,3.159750703070072,3.4380475182401162,3.1285198194557142,3.0033274009378905,2.9965283473444932,3.070462091890952,3.0860812292808166
1070013300,976309330#7,7,21.37,1.830219428650331,1.8610636574879187,1.9134652766071365,1.8571513941759825,1.9314536908821927,1.7858235662209718,1.880474495975979,1.8018497210065572,1.7160973547193374,1.923882661606086,2.0905038291753786,2.2247467091652355,1.9361098360936113,1.8033209189824757,1.9118089552250919,1.7154309091446889,2.0073776828209837,1.9172025134755097,2.086061200022467,1.8982529398571442,1.82229149795692,1.818166121032136,1.863025976823102,1.8725030059548853
1070013300,976309330#8,8,83.36,7.139311725423097,7.259628754711881,7.464036755169438,7.244367815559657,7.534205880764603,6.966132544697249,7.3353464662872065,7.028647297290902,6.694144852101261,7.504672843775543,8.154627945721083,8.67828196892906,7.552368551088602,7.034386139746334,7.457575784163016,6.691545184197533,7.830369847447692,7.478614951956877,8.137298157878934,7.404696540313128,7.1083864889887165,7.092294237212861,7.2672833611592775,7.304251313823081
1070013300,976312216#0,9,37.56,3.21680120449726,3.271013148116342,3.3631144496660763,3.2641369380088863,3.3947309606708074,3.138770853872705,3.305129717775282,3.16693848951831,3.01621977741031,3.3814240884382123,3.674278138691026,3.91022397736295,3.4029146206680414,3.1695242731390634,3.3602032923843916,3.015048429923936,3.528175281551528,3.3696830325755798,3.666469755397467,3.3363771839510687,3.2028670408639175,3.195616261392935,3.2744621286605384,3.291118994088231
1070013400,617286516#0,0,5.65,0.8546741278148472,0.9184428591609246,0.8727711738321009,1.0162225434571008,1.0773971282513501,0.9313343885089554,1.0552473812392005,1.3746476750048806,1.3218793726115932,1.5274720656005945,1.8307050799694877,1.9362475080673727,1.3602138744173293,1.4508947993784849,1.0877360051318106,1.2513467105955194,1.3205959945799315,1.191080450453003,1.9473355396096341,1.3263909063065131,0.9128952177297511,1.1195175921130283,1.041511389293514,1.0973891685496808
1070013400,-617286516#0,1,5.65,0.8546741278148472,0.9184428591609246,0.8727711738321009,1.0162225434571008,1.0773971282513501,0.9313343885089554,1.0552473812392005,1.3746476750048806,1.3218793726115932,1.5274720656005945,1.8307050799694877,1.9362475080673727,1.3602138744173293,1.4508947993784849,1.0877360051318106,1.2513467105955194,1.3205959945799315,1.191080450453003,1.9473355396096341,1.3263909063065131,0.9128952177297511,1.1195175921130283,1.041511389293514,1.0973891685496808
1070013400,1455063479#0,2,36.67,5.5470619941540615,5.960937990341788,5.664516627331529,6.595554100632192,6.992593396987081,6.044607438340424,6.84883565841442,8.921828361491855,8.579348069675598,9.913699229305097,11.881761996899312,12.566760375368242,8.828149163696187,9.416692441275936,7.05969545277584,8.121572367705786,8.57101860553028,7.730428339488783,12.638724643802703,8.608629121107935,5.924932324628314,7.265966389873407,6.759685423963392,7.122347046144565
1070013400,1455063479#3,3,1.02,0.1542951522780786,0.16580738342374213,0.15756222961216687,0.1834596450134943,0.1945035523568809,0.1681347037662185,0.19050483696707687,0.2481664829212351,0.2386401699228009,0.27575601892258517,0.33049897018918184,0.34955264747410975,0.24556073485056207,0.2619314505072663,0.19637003986450385,0.2259068397889256,0.23840848043743892,0.2150269131791262,0.3515543806020932,0.2394546414925032,0.16480586231581346,0.2021076007000511,0.18802506496980254,0.1981127348532167
1070013400,1455063479#4,4,12.99,1.9649941451884718,2.1116057947788334,2.0066013359431842,2.3364125379659715,2.4770599461920417,2.141244903846253,2.426135129610126,3.1604731501439645,3.039152752252141,3.5118340056905697,4.209001590938699,4.451655775184986,3.1272881820674527,3.33577406087195,2.5008302135685345,2.876990047900141,3.03620211851209,2.7384309825459305,4.477148435314892,3.0495252872427616,2.0988511289043306,2.5738997383271216,2.394554503880132,2.5230239468071423
1070013400,1455063479#5,5,95.93,14.511307801996159,15.594021854744689,14.818573222250167,17.25419975112207,18.292868409407436,15.812904051267981,17.916793147305572,23.33981441826871,22.443874020288522,25.93458323063098,31.08310412769433,32.87508379626603,23.094746366876883,24.634396124668683,18.468409729609665,21.246316804854544,22.422083851336783,20.223070373797626,33.06334483446941,22.520474272917486,15.499829776427436,19.008021701133238,17.683573022110938,18.632308484773606
1070013400,1455063479#6,6,10.33,1.5626165912083843,1.6792061478110356,1.5957037567585137,1.8579785617543099,1.9698251920064505,1.7027759704951344,1.9293283979116707,2.513293890761136,2.416816622845621,2.7927055641865732,3.3471121196610283,3.5400773023603467,2.486904304908143,2.652697925235353,1.9887279527454165,2.2878604460976484,2.414470198939945,2.1776745226866407,3.5603497564898263,2.425065143742704,1.66906329188466,2.0468348188544394,1.9042146285667254,2.006377010817381
1070013400,1455063479#7,7,0.2,0.030253951427074238,0.03251125165171414,0.03089455482591508,0.035972479414410646,0.038137951442525665,0.032967588973768336,0.03735388960138763,0.048660094690438256,0.046792190180941357,0.05406980763187945,0.06480371964493761,0.06853973479884505,0.04814916369618864,0.05135910794260123,0.03850392938519684,0.04429545878214228,0.046746760870086064,0.042162139839044356,0.06893223149060651,0.046951890488726125,0.03231487496388499,0.03962894131373551,0.036867659798000496,0.038845634284944454
1070013400,1455063479#8,8,159.79,24.17139449266096,25.97486450713701,24.683204578164847,28.740212428143384,30.470316305005877,26.33945521059221,29.84389009702864,38.87698265292564,37.38462034506309,43.199072807490076,51.774931810322904,54.75982111753725,38.46877433506992,41.033359290741245,30.762714382303013,35.38985679399257,37.34832459715526,33.68544162440448,55.07340634942006,37.51221290596773,25.817969352395913,31.661542662608987,29.455416795612496,31.03571951195637
1070013700,1528761962#1,0,17.13,3.2623277882586197,3.413326235089726,3.681066170476378,4.7029269830737865,4.790208379047863,3.9037641238503937,3.838872156787264,3.639843115062499,3.5314534206904167,3.7043738921129945,4.118095612583615,4.472814347816353,4.212991718874549,4.291277139567572,4.498032675764061,4.182870233753902,3.871046206623593,4.123901198503611,4.41431677586302,3.9583499099755004,3.9708876698713502,4.163027395832867,4.350848661584375,3.4700125545336835
1070013700,617286974,1,1.15,0.21901208152349166,0.22914916347654318,0.24712353158481232,0.3157248120569091,0.3215843336780527,0.262074065524107,0.2577176287393668,0.24435607602579532,0.2370794765787495,0.24868826479450928,0.2764629278733893,0.3002765032100879,0.28283365304762004,0.28808924171060757,0.3019695024593503,0.280811486796088,0.25987759122108184,0.2768526782416318,0.2963493457234369,0.2657386104186705,0.26658031642452146,0.2794793639934499,0.2920884974210176,0.23295472491031735
1070013700,1528761960,2,2.85,0.5427690716016969,0.5678914051375201,0.6124365782754045,0.7824484472714706,0.796969870419522,0.6494879015162651,0.6386915147019092,0.6055781014552319,0.5875447897821183,0.6163143953603056,0.6851472560340517,0.7441635079554353,0.7009355749441019,0.7139602946741145,0.7483592017470856,0.6959241194511746,0.6440444652000724,0.6861131591205658,0.734430987227648,0.6585695997332269,0.6606555667912055,0.6926227716359412,0.7238714936086088,0.5773225791255691
1070013700,519304013#0,3,9.37,1.7844723511957539,1.867067531978443,2.0135195573475575,2.5724708599767294,2.6202132230985686,2.135333907792072,2.099838418511189,1.9909708107493063,1.9316823439503328,2.026268731412654,2.2525718558031804,2.446600726155238,2.3044794165706084,2.3473010389812115,2.460394989603576,2.288003157634212,2.1174374171665535,2.2557474740209478,2.4146029299379164,2.1651919822808194,2.17205005643284,2.277149252711849,2.3798862789868998,1.8980745847040639
1070013700,519304013#1,4,2.6,0.49515774953137254,0.5180763695991412,0.5587140714091409,0.7138126185634468,0.7270602326634237,0.592515278576242,0.5826659432368294,0.5524572153626677,0.5360057731345642,0.5622517291006297,0.6250466195398366,0.6788860072575902,0.6394499981946193,0.6513321986500694,0.6827136577341834,0.6348781440607206,0.5875493366737503,0.6259277942854284,0.6700072164182053,0.6008003365987333,0.6027033240902224,0.6318663881591043,0.6603739941692571,0.5266802476233262
1070013700,519304013#2,5,20.3,3.866039352110332,4.044980885716371,4.3622675575406005,5.573229291091526,5.676662585795192,4.6261769827298895,4.549276402964476,4.313415950716213,4.184968151781405,4.389888500285686,4.880171683330262,5.300533056665031,4.992628832057989,5.085401397152465,5.330418173847663,4.956933201704858,4.587404436337358,4.887051624613153,5.231210189726756,4.69086416652088,4.705722107319815,4.933418338319161,5.155996954475354,4.112157317982124
1070013700,519304013#3,6,112.2,21.367961345161536,22.35698794962448,24.11066108157908,30.803759924161053,31.375445424936974,25.569313175482442,25.144276473527793,23.840653678342814,23.130710671422346,24.263324617342562,26.973165658603723,29.296542313192926,27.594726845167802,28.107489495591455,29.461720152990527,27.397433755235713,25.355013682613375,27.011191738009646,28.913388339277933,25.926845294760724,26.00896652420114,27.267464904404424,28.497677748381022,22.728278378206618
1070013700,519304013#4,7,89.98,17.136267039551118,17.929427590973354,19.335804671305574,24.703407468591905,25.161876821174946,20.505586448573172,20.164723681711504,19.11926932243571,18.549922871787725,19.458234840182563,21.631421086997886,23.494678051168446,22.12988878367379,22.541104320974323,23.627144201123777,21.97166746253217,20.333726659193868,21.661916511462636,23.187403589734657,20.792313187366936,20.858171192937778,21.867437540983154,22.85401999821145,18.227187954287263
1070013700,519304013#5,8,0.2,0.03808905765625943,0.039852028430703165,0.04297800549301084,0.05490866296641899,0.05592771020487874,0.04557809835201861,0.0448204571720638,0.04249670887405137,0.0412312133180434,0.04325013300774075,0.04808050919537205,0.052222000558276166,0.0491884613995861,0.0501024768192361,0.0525164352103218,0.048836780312363125,0.04519610282105771,0.04814829186810988,0.051539016647554246,0.046215410507594874,0.04636179416078635,0.048605106781469565,0.05079799955148132,0.04051386520179433
1070013700,-183521196#5,9,65.51,12.476070835307775,13.053531912476823,14.077445699235701,17.98533255465054,18.319121477608032,14.929106115203698,14.680940746709497,13.919796991695526,13.505283922325114,14.166581066685483,15.748770786944116,17.105316282863356,16.111680531434427,16.411066282140787,17.201758353140907,15.996487391314544,14.803983479037456,15.770973001399392,16.881604902906396,15.1378577117627,15.185805677365568,15.920602726270356,16.63888475308771,13.270316546847733
1070013700,-183521196#4,10,44.68,8.509095480408355,8.902943151419088,9.601286427138621,12.266595306698001,12.49425045976991,10.182147171840956,10.012890132239052,9.493764762463075,9.211053055250893,9.662079713929282,10.741185754246116,11.666394924718894,10.988702276667533,11.192893321417344,11.73217162598589,10.910136721781923,10.096809370224294,10.756328403335747,11.513816319063618,10.324522707396692,10.357224815519668,10.8583808549803,11.348273099800927,9.050797486080851
1070013700,-183521196#3,11,10.92,2.0796625480317648,2.175920752316393,2.3465990999183917,2.9980129979664762,3.053652977186379,2.488564170020216,2.4471969615946834,2.320320304523204,2.2512242471651693,2.3614572622226446,2.6251958020673136,2.851321230481878,2.685689992417401,2.735595234330291,2.8673973624835702,2.666488205055027,2.467707214029751,2.6288967359987994,2.8140303089564616,2.52336141371468,2.5313539611789344,2.653838830268238,2.7735707755108803,2.21205704001797
1070013700,-183521196#2,12,26.58,5.062035762516877,5.29633457844045,5.7117769300211405,7.2973613082370825,7.4327926862283835,6.057329270983273,5.956638758167278,5.647812609361425,5.479628249967966,5.747942676728745,6.389899672064945,6.9403038741949015,6.537146520004992,6.658619169276478,6.979434239451766,6.490408103513059,6.006562064918569,6.398907989271803,6.84953531245996,6.142028056459358,6.161482443968505,6.459618691257305,6.751054140391868,5.3842926853184645
1070013700,-183521196#1,13,21.45,4.085051433633823,4.274130049192914,4.609391089125412,5.8889541031484365,5.998246919473244,4.888251048253996,4.806994031703843,4.5577720267420085,4.422047628360154,4.638576765080194,5.156634611203652,5.600809559875118,5.275462485105609,5.373490638863072,5.632387676307013,5.237744688500945,4.84728202755844,5.163904302854784,5.527559535450193,4.956602776939549,4.972302423744336,5.212897702312611,5.448085451896371,4.345112042892441
1070013700,-539134822,14,26.3,5.008711081798115,5.240541738637466,5.651607722330926,7.220489180084097,7.354493891941554,5.993519933290448,5.893890118126389,5.588317216937754,5.421904551322706,5.687392490517908,6.322586959191424,6.867193073413316,6.4682826740455726,6.588475701729547,6.905911230157316,6.422036611075752,5.94328752096909,6.331500380656449,6.777380689153383,6.077326481748726,6.096575932143405,6.3915715417632475,6.679936941019794,5.327573274035953
1070013700,-573169792,15,2.3,0.43802416304698333,0.45829832695308637,0.49424706316962463,0.6314496241138182,0.6431686673561055,0.524148131048214,0.5154352574787336,0.48871215205159063,0.474158953157499,0.49737652958901857,0.5529258557467785,0.6005530064201758,0.5656673060952401,0.5761784834212151,0.6039390049187006,0.561622973592176,0.5197551824421637,0.5537053564832636,0.5926986914468738,0.531477220837341,0.5331606328490429,0.5589587279868998,0.5841769948420352,0.4659094498206347
1070013700,448704565,16,9.57,1.8225614088520135,1.9069195604091465,2.0564975628405686,2.6273795229431482,2.6761409333034476,2.1809120061440908,2.1446588756832528,2.033467519623358,1.9729135572683765,2.069518864420395,2.3006523649985526,2.4988227267135144,2.3536678779701945,2.3974035158004474,2.5129114248138977,2.336839937946576,2.1626335199876117,2.3038957658890578,2.466141946585471,2.211407392788415,2.2184118505936263,2.3257543594933185,2.430684278538381,1.9385884499058583
1070013800,-448704565,0,9.57,2.5768901256762207,2.2700344679502296,2.224874631054668,2.1843170205927342,2.0424782530217773,1.9034290527404154,2.1843170205927342,2.185265486515701,2.3451381246251906,2.6798010731872517,3.1395298911077094,3.5794213481121333,4.81134456543562,4.383855762583327,3.4541293173957848,3.6128258545912844,3.386720333408923,3.9012917949191155,3.526745911314407,2.744092920090327,2.7835544333217146,2.4561573525845093,2.6170912196805296,2.4597587563273016
1070013800,573169792,1,2.3,0.6193152862126757,0.5455673224958754,0.5347138611730131,0.5249664730787135,0.49087774106061516,0.45745943796269123,0.5249664730787135,0.5251944220466156,0.5636173131283111,0.644048324799444,0.7545369644250501,0.8602580042484749,1.156331504754642,1.0535912491057104,0.8301460219446505,0.8682862555444048,0.8139453256886648,0.9376145379638416,0.8475982858958345,0.6594998658524296,0.6689838241003074,0.5902990502554201,0.6289769911457908,0.5911645913848269
1070013800,-573169792,2,2.3,0.6193152862126757,0.5455673224958754,0.5347138611730131,0.5249664730787135,0.49087774106061516,0.45745943796269123,0.5249664730787135,0.5251944220466156,0.5636173131283111,0.644048324799444,0.7545369644250501,0.8602580042484749,1.156331504754642,1.0535912491057104,0.8301460219446505,0.8682862555444048,0.8139453256886648,0.9376145379638416,0.8475982858958345,0.6594998658524296,0.6689838241003074,0.5902990502554201,0.6289769911457908,0.5911645913848269
1070013800,573169792,3,2.3,0.6193152862126757,0.5455673224958754,0.5347138611730131,0.5249664730787135,0.49087774106061516,0.45745943796269123,0.5249664730787135,0.5251944220466156,0.5636173131283111,0.644048324799444,0.7545369644250501,0.8602580042484749,1.156331504754642,1.0535912491057104,0.8301460219446505,0.8682862555444048,0.8139453256886648,0.9376145379638416,0.8475982858958345,0.6594998658524296,0.6689838241003074,0.5902990502554201,0.6289769911457908,0.5911645913848269
1070013800,-573169792,4,2.3,0.6193152862126757,0.5455673224958754,0.5347138611730131,0.5249664730787135,0.49087774106061516,0.45745943796269123,0.5249664730787135,0.5251944220466156,0.5636173131283111,0.644048324799444,0.7545369644250501,0.8602580042484749,1.156331504754642,1.0535912491057104,0.8301460219446505,0.8682862555444048,0.8139453256886648,0.9376145379638416,0.8475982858958345,0.6594998658524296,0.6689838241003074,0.5902990502554201,0.6289769911457908,0.5911645913848269
1070013800,573169792,5,2.3,0.6193152862126757,0.5455673224958754,0.5347138611730131,0.5249664730787135,0.49087774106061516,0.45745943796269123,0.5249664730787135,0.5251944220466156,0.5636173131283111,0.644048324799444,0.7545369644250501,0.8602580042484749,1.156331504754642,1.0535912491057104,0.8301460219446505,0.8682862555444048,0.8139453256886648,0.9376145379638416,0.8475982858958345,0.6594998658524296,0.6689838241003074,0.5902990502554201,0.6289769911457908,0.5911645913848269
1070013800,539134822,6,26.32,7.087121014398969,6.243187794822365,6.1189864461190036,6.007442422361626,5.61734875857191,5.234927133555667,6.007442422361626,6.010050951420402,6.449742470233544,7.3701530037918985,8.634527349420575,9.844343770356462,13.23245443701834,12.05674855498361,9.499757955470956,9.936214889534233,9.314365640054636,10.729571582264484,9.699472558599291,7.546972377928673,7.655501847965258,6.755074349009851,7.197684524764006,6.764979150108106
1070013800,183521196#1,7,21.71,5.84579776681617,5.149681117993676,5.047233880898311,4.95522701327777,4.63345902540259,4.318019303552186,4.95522701327777,4.957378653318273,5.320057333919841,6.079256144085186,7.122172825072974,8.120087509667126,10.914763899227513,9.944985225254337,7.835856581051462,8.195867220812621,7.6829360959569195,8.850265921389132,8.000590776868943,6.225105255502716,6.314625574442468,5.571909730889205,5.9369958599022254,5.580079686506345
1070013800,183521196#2,8,26.58,7.157130568492574,6.304860622582768,6.1794323608603,6.066786458448784,5.672839285822239,5.286639939586231,6.066786458448784,6.069420755651758,6.513455731717613,7.4429584665953135,8.71982283235558,9.941590327358462,13.36317017233843,12.175850174447733,9.593600549256003,10.034368987987078,9.406376850784659,10.835562790903873,9.795288017004905,7.6215245366772075,7.731126106341814,6.8218038068648115,7.268786271589182,6.831806451742913
1070013800,183521196#3,9,11.46,3.0858057304335937,2.718348485131623,2.664269934366405,2.6157025136878516,2.4458517011107177,2.279341373501062,2.6157025136878516,2.616838294197485,2.8082845254132374,3.209040783565926,3.7595624401352503,4.286329012472836,5.761547410647044,5.24963291945715,4.136292787602476,4.326330647190817,4.0555710575617825,4.671766350028534,4.223250589724463,3.2860297663777582,3.333284619212837,2.941229180837876,3.1339462254481583,2.945541833595703
1070013800,183521196#4,10,44.68,12.030872603470588,10.598238247441614,10.387397964004448,10.198044355285617,9.535833682864473,8.886646820944803,10.198044355285617,10.202472511757735,10.948878935031713,12.511338761756157,14.657700682830976,16.711446795574723,22.462996361929306,20.467155221757892,16.126488808907386,16.867404303358263,15.811772674682413,18.21418154618454,16.465518006011255,12.811501741863719,12.995737939479017,11.467200680613988,12.218561723649538,11.48401475785829
1070013800,183521196#5,11,65.51,17.639714956431476,15.539180563784695,15.230045671932217,14.95241463103762,13.981478616035176,13.029638165624307,14.95241463103762,14.958907212292955,16.053291383928553,18.34417641635286,21.491181104123932,24.502392112312002,32.93533777238114,30.00902727344135,23.644724303301764,24.73105765248433,23.18328621124541,26.705707992178816,24.14181030827658,18.784276613909856,19.054404485570068,16.813256861840248,17.914905517374244,16.837909731139135
1070013800,1528761963#0,12,0.2,0.05385350314892833,0.047440636738771774,0.046496857493305496,0.045649258528583786,0.04268502096179263,0.039779081561973156,0.045649258528583786,0.04566908017796658,0.04901020114159228,0.05600420215647339,0.06561190995000438,0.07480504384769349,0.10055056563083846,0.09161663035701831,0.07218661060388265,0.0755031526560352,0.07077785440770999,0.08153169895337754,0.07370419877355083,0.0573478144219504,0.058172506443505,0.051330352196123495,0.05469365140398181,0.05140561664215886
1070013800,1528761963#1,13,0.2,0.05385350314892833,0.047440636738771774,0.046496857493305496,0.045649258528583786,0.04268502096179263,0.039779081561973156,0.045649258528583786,0.04566908017796658,0.04901020114159228,0.05600420215647339,0.06561190995000438,0.07480504384769349,0.10055056563083846,0.09161663035701831,0.07218661060388265,0.0755031526560352,0.07077785440770999,0.08153169895337754,0.07370419877355083,0.0573478144219504,0.058172506443505,0.051330352196123495,0.05469365140398181,0.05140561664215886
1070013800,1528761963#2,14,205.79,55.4125620650898,48.81404317235922,47.84294151773668,46.97080456298628,43.92075231863652,40.930685973192276,46.97080456298628,46.9912000491187,50.42904646464137,57.625523808903296,67.51137474305699,76.9706498670842,103.46150450585122,94.268931805854,74.27641298086506,77.68896892542742,72.82687329281319,83.89204163807781,75.83793532804513,59.00803364946586,59.85660050504447,52.81636589220126,56.27703261212709,52.893809243949356
1070013800,1528761963#5,15,20.98,5.649232480322582,4.976522793897159,4.877520351047746,4.788607219648439,4.477658698892046,4.172825655850984,4.788607219648439,4.790686510668695,5.14117009975303,5.874840806214059,6.882689353755458,7.847049099623046,10.547754334674954,9.61058452445122,7.5723754523472895,7.920280713618093,7.424596927368778,8.552675220209304,7.731570451345483,6.015785732862597,6.102295925923674,5.384553945373353,5.737364032277692,5.392449185762465
1070013800,1528761963#6,16,0.2,0.05385350314892833,0.047440636738771774,0.046496857493305496,0.045649258528583786,0.04268502096179263,0.039779081561973156,0.045649258528583786,0.04566908017796658,0.04901020114159228,0.05600420215647339,0.06561190995000438,0.07480504384769349,0.10055056563083846,0.09161663035701831,0.07218661060388265,0.0755031526560352,0.07077785440770999,0.08153169895337754,0.07370419877355083,0.0573478144219504,0.058172506443505,0.051330352196123495,0.05469365140398181,0.05140561664215886
1070013800,1528761963#7,17,0.2,0.05385350314892833,0.047440636738771774,0.046496857493305496,0.045649258528583786,0.04268502096179263,0.039779081561973156,0.045649258528583786,0.04566908017796658,0.04901020114159228,0.05600420215647339,0.06561190995000438,0.07480504384769349,0.10055056563083846,0.09161663035701831,0.07218661060388265,0.0755031526560352,0.07077785440770999,0.08153169895337754,0.07370419877355083,0.0573478144219504,0.058172506443505,0.051330352196123495,0.05469365140398181,0.05140561664215886
1070013800,1528761965#0,18,6.23,1.6775366230891176,1.477775834412741,1.4483771109164663,1.4219744031653851,1.3296384029598405,1.239118390655464,1.4219744031653851,1.422591847543659,1.5266677655605996,1.7445308971741462,2.0438109949426364,2.330177115855652,3.132150119400618,2.8538580356211205,2.2486129203109444,2.3519232052354964,2.204730164800166,2.539712422397711,2.2958857917961084,1.786384419243755,1.812073575715181,1.5989404709092467,1.7037072412340335,1.6012849584032487
1070013900,1069452217#1,0,16.03,3.233067376686097,2.9866060246713246,3.0268376430702255,2.803573655452935,2.877490851641901,2.8495853081347438,2.64625500904373,2.7530588148141435,2.963436078785589,3.1081115586286607,2.8916495878536135,3.427428537958389,3.8545601468765125,3.520616687147119,3.390917980962826,3.398460058322619,3.344894137963769,3.285908908003978,3.3804151376589595,3.318739448787684,3.244050195800105,2.9726607825327815,2.9784554429275825,2.868846493093972
1070013900,1528761960,1,2.85,0.5748123533097553,0.5309935851723815,0.5381464306144816,0.4984519599526428,0.5115938195370816,0.5066324471730518,0.47048201969897874,0.4894708435570997,0.5268741624790347,0.5525962534055947,0.5141111244780285,0.6093681430556087,0.6853085725887748,0.6259362169912219,0.6028768712254556,0.6042177895333415,0.5946942166685428,0.5842071358584738,0.601009553482722,0.5900441315686151,0.5767650067392576,0.5285142376929773,0.5295444798717162,0.5100569248482733
1070013900,617286974,2,1.15,0.23194182677411176,0.21426056945552233,0.21714680533566802,0.20112973822650498,0.20643259384829607,0.2044306365785998,0.18984362198379842,0.19750577897918056,0.21259834626347016,0.2229774355847136,0.20744834847359045,0.2458853910575263,0.2765280205182775,0.2525707542245281,0.24326610593307857,0.2438071782327518,0.23996433304169268,0.23573270394289295,0.24251262684390532,0.23808798291365169,0.2327297395614548,0.21326013099892066,0.21367584275525386,0.20581244335982954
1070013900,1455541230#0,3,18.45,3.7211536556368365,3.4374847882212065,3.4837900508200654,3.226820582851319,3.311896831740054,3.2797784738044924,3.04575202226181,3.1686796714485927,3.410816946574804,3.577333640467797,3.3281930689893424,3.9448569260968354,4.436471285706278,4.052113404732648,3.9028344821437386,3.9115151638211048,3.8498625605384613,3.7819725110838043,3.8907460567565684,3.8197593780494548,3.733794517312036,3.421434275591379,3.4281037381168993,3.301947460859874
1070013900,1455541230#1,4,32.83,6.621434933038338,6.11667347410852,6.199069234060853,5.741816787805355,5.8932017878604865,5.83605025989168,5.419622704111394,5.63836062946652,6.069220615504109,6.3655210523879555,5.922199374250413,7.019493381233556,7.89427383792613,7.210345966253269,6.944718485028669,6.96016492294021,6.850460046746758,6.729656235169718,6.923208295030793,6.796894329613204,6.643928130263097,6.088113131038752,6.099980797960856,5.875497839568004
1070013900,1455541230#2,5,3.25,0.6554877713181421,0.6055190006351718,0.6136757542094966,0.5684101297705576,0.5833964608756194,0.5777387555482169,0.5365145838672565,0.5581685058107277,0.6008214133532853,0.6301536223046255,0.5862670717731904,0.6948934964669222,0.78149223189948,0.713786914112797,0.687491168941309,0.6890202863099507,0.6781600716395663,0.6662011198386105,0.6853617715153847,0.6728573430168416,0.6577144813693289,0.6026916745621671,0.6038665121344131,0.5816438616690834
1070013900,519304014#0,6,85.23,17.189914692137,15.87950289973406,16.093410625007817,14.906337033952191,15.299347803208937,15.150976657038315,14.069888610155775,14.637754384691792,15.756310480030924,16.525536378160993,15.374628469916622,18.223314678115624,20.494333207628515,18.7187872891796,18.02919148580547,18.069292000676032,17.784487047950844,17.470868136567624,17.973348857309613,17.645425029330898,17.24830930680243,15.805357360902615,15.836167024374165,15.253386563094152
1070013900,519304014#1,7,29.68,5.986116016222293,5.529785827339046,5.604275810750111,5.190896200489276,5.327755987319502,5.276088081437255,4.899616261286207,5.0973665392192,5.486886014869387,5.754756772308088,5.353971289301013,6.345981223119462,7.136827520854327,6.5185217264208655,6.278380890516323,6.292345260824412,6.193166438849947,6.083953611326142,6.258934578023575,6.144740289458419,6.006451017551286,5.503965815693883,5.514694793892118,5.311750712104122
1070013900,519304014#2,8,11.3,2.2790805587369243,2.1053429868238283,2.1337033915591728,1.9763182973560927,2.028424617813692,2.0087532115984157,1.8654199377538456,1.940708958664992,2.089009837197577,2.190995671397621,2.038405511088324,2.4160912338696066,2.7171883755274227,2.4817821936844946,2.390353910472859,2.3956705339392137,2.3579104029314153,2.3163300474388615,2.3829501594227227,2.3394732234124036,2.2868226582995126,2.095512591554612,2.09959741142119,2.0223309651878907
1070013900,519304014#3,9,102.46,20.665008322848255,19.089685170793754,19.346836238863084,17.919785198858868,18.392246578866448,18.213880890298555,16.914241311704338,17.596906186266818,18.94158831143926,19.866320043486745,18.48274589965572,21.907319276307952,24.63744433243714,22.50295606769144,21.67395235991585,21.722159549328477,21.37977875082768,21.00275899651201,21.60682064906656,21.21260411246326,20.735207926492745,19.000550454042962,19.037588564089834,18.336993866650552
1070013900,519304014#4,10,6.38,1.2867729172337679,1.1886803766315066,1.2046927113404886,1.1158328085957405,1.1452521293496774,1.134145618583884,1.0532193984840297,1.095727712945367,1.1794586514442953,1.2370400339395418,1.1508873593578322,1.3641293869104503,1.5341293660057482,1.4012186190891216,1.3495980485678618,1.3525998235869188,1.3312803867878256,1.30780404448318,1.3454178776209706,1.3208707225992153,1.291144120349636,1.1831301180635772,1.1854364145900171,1.141811642291924
1070013900,37400589#0,11,8.07,1.6276265583192018,1.503550256961796,1.523804103529427,1.4114060760764306,1.4486182890049997,1.434569771468957,1.332206982095003,1.3859753359669456,1.491885786388004,1.5647199175379471,1.4557462366798914,1.7254740050732498,1.9405053265934782,1.772387814427776,1.7070934564173428,1.7108903724680933,1.6839236240404,1.6542286267992576,1.7018059988089707,1.6707565409679732,1.6331556506616873,1.4965297888359042,1.4994470008999121,1.4442664503598475
1070013900,37400589#1,12,33.48,6.752532487301966,6.237777274235554,6.3218043849027525,5.855498813759466,6.009881080035611,5.951598011001323,5.526925620884845,5.749994330628666,6.189384898174766,6.49155177684888,6.039452788605051,7.1584720805269395,8.050572284306027,7.353103349075828,7.082216718816931,7.0979689802022,6.98609206107467,6.862896459137439,7.060280649333871,6.931465798216572,6.775471026536962,6.208651465951186,6.2207541003877385,5.99182661190182
1070013900,37400589#2,13,6.09,1.2282832391776874,1.1346494504209836,1.149933951734103,1.0651131354777523,1.0931952143792374,1.0825935450118895,1.0053457894620281,1.0459219078114868,1.1258468945604638,1.1808109414877443,1.09857429756884,1.302123505687248,1.464396213005487,1.3375268636759796,1.2882526827238683,1.2911180134238769,1.2707676419338336,1.248358406097581,1.28426251954729,1.260831144299251,1.2324557512428345,1.1293514763334147,1.1315529411995617,1.0899111130968364
1070013900,37400589#3,14,34.45,6.948170375972306,6.418501406732822,6.504962994620665,6.025147375567911,6.184002485281566,6.124030808811099,5.687054588992919,5.916586161593715,6.3687069815448245,6.67962839642903,6.214430960795819,7.365871062549376,8.283817658134488,7.566141289595649,7.2874063907778766,7.303615034885478,7.188496759379404,7.061731870289272,7.264834778063079,7.132287835978523,6.971773502514886,6.388531750358972,6.400985028624779,6.165424933692286
1070013900,37400589#4,15,63.43,12.793104410679922,11.817867757011985,11.977062489079499,11.093616778875836,11.386103850258626,11.275682850591814,10.47111386298464,10.893731791869065,11.726185307384274,12.298659773163813,11.442129342330299,13.562182917199037,15.25232377519508,13.930924296053758,13.417712260291456,13.447555926350825,13.235597952030059,13.002196009650174,13.376152974529493,13.132105005402545,12.836562939463548,11.76268705153177,11.785616266057177,11.35189850635999
1070013900,37400589#5,16,9.24,1.8636021559937328,1.721537097190458,1.744727375044846,1.6160337227938313,1.6586410149202224,1.642555723466315,1.5253522322872155,1.5869159980588075,1.7081814951951866,1.7915752215676122,1.66680238251824,1.975635663801342,2.221842530077291,2.029351103508383,1.9545902772362143,1.9589376755396752,1.9280612498306438,1.8940610299411573,1.9485362365545091,1.9129851844540364,1.8699328639546458,1.7134987916782844,1.7168389452683008,1.6536582405607176
1070013900,37400589#6,17,71.94,14.509473928808347,13.40339597098285,13.583948848563443,12.581976841751972,12.913705044736018,12.788469561273454,11.875956665664749,12.355274556315,13.29941306973395,13.948692796490693,12.97724712103487,15.381734811024732,17.298631127030337,15.799947877315265,15.217881444196236,15.251729045273187,15.011334016538585,14.746618018827581,15.170746413174394,14.893956078963567,14.55876301221831,13.340812020923783,13.366817502446056,12.874910587222729
1070014000,1069458451#0,0,25.85,4.630349094187416,4.374510103886984,4.28113742290754,4.1426083634399635,4.3273201351287645,4.253897948318521,4.253897948318521,3.992792732512639,3.9199600312029634,5.482586467331706,8.451037426820992,9.744354085662424,9.446057532019697,8.53494843673269,7.891329374290554,5.936989292448493,6.6671896375585,5.550865911343678,5.700747179437752,5.25055728437744,5.00177776217502,4.4130096427550765,4.262939176689017,4.43578226899856
1070014000,1069458451#1,1,6.43,1.151765751474858,1.0881276583362982,1.064901881210657,1.030443782472687,1.0763894958946985,1.0581262594850323,1.0581262594850323,0.9931782309499525,0.9750616247827872,1.3637536164387956,2.102134261294351,2.4238373992576165,2.34963829519871,2.1230065163710328,1.9629109430053482,1.4767830232280001,1.6584150626499479,1.3807376328796845,1.4180195111715568,1.306038040175897,1.2441559385216776,1.0977041393777618,1.0603751994626838,1.1033686649772048
1070014000,1069452218#1,2,30.21,5.411328670615158,5.112338500519373,5.003217081084595,4.841322965552081,5.057189217881623,4.971383250239943,4.971383250239943,4.666238624727537,4.581121568380716,6.407308981744327,9.876434841944379,11.387889242857325,11.03928038848414,9.974498733992055,9.22232341962544,6.938353830749282,7.791713692481326,6.4871048039339465,6.662265852642727,6.136144509131237,5.845404494982875,5.157331578631755,4.981949420803682,5.183945158469884
1070014000,1069452218#2,3,54.92,9.83747668289257,9.293930170424495,9.095553859422905,8.801239896329701,9.193672024033724,9.03768183062488,9.03768183062488,8.482946880835364,8.328209087569313,11.648110204481908,17.954776614352376,20.702511658977965,20.068761302070474,18.133050992083536,16.765640589401826,12.613518450339312,14.164876398248076,11.793174307582005,12.111606773490186,11.155149170522593,10.626600955460427,9.37572493540073,9.056890506141617,9.424106855450713
1070014000,1069452218#3,4,25.06,4.488841326898903,4.240821013671483,4.150301888513074,4.016006405717813,4.19507321417125,4.123894877557529,4.123894877557529,3.8707692795654443,3.8001624132280942,5.315033534674373,8.192765876833038,9.446557577822064,9.157377243807103,8.274112488376062,7.650163022039507,5.7555493875728905,6.463434132194042,5.381226295484432,5.5265270528707955,5.0900953789748025,4.848918789946072,4.2781439708875135,4.132659797594845,4.300220644530132
1070014000,1539122287#0,5,75.81,13.579371947015396,12.829075859793898,12.555242863853795,12.148980272045788,12.690682376948226,12.475357967583252,12.475357967583252,11.709617680920045,11.496022048955382,16.078718765509347,24.784261018464193,28.57715602452876,27.702345125818695,25.03034587964044,23.14281160019214,17.411340745087823,19.55279096415125,16.278961111758772,16.718516196254388,15.398249428574614,14.668656562881555,12.941983018075913,12.501873074846976,13.008768039179143
1070014000,1539122287#1,6,46.94,8.408069109522527,7.943501132551451,7.773949347438295,7.522399867693302,7.857810721197066,7.7244862550898015,7.7244862550898015,7.250355546001674,7.118101503468745,9.955613492323028,15.345907033461405,17.694389972185462,17.152724973036925,15.498277741595068,14.329555157802652,10.780745740330065,12.10668787570584,10.079599453712659,10.351762963358146,9.534280809620002,9.082531843578158,8.013410933498,7.7409038666840395,8.054762851326592
1070014000,1069452218#7,7,70.26,12.585235100874579,11.88986769435588,11.636081831082544,11.259561455137014,11.761605906930251,11.56204525527502,11.56204525527502,10.852364308949248,10.654405872043334,14.901606390511633,22.969821648295664,26.485041317549015,25.674274746603636,23.197890799413496,21.44854165716264,16.136667995645304,18.121344059375637,15.087189126924828,15.494564674170077,14.270953764037099,13.594773909880729,11.994508994196197,11.586619209058812,12.056404728040187
1070014000,1069452218#8,8,14.68,2.6295367389814803,2.484247904257676,2.4312223353300846,2.3525528346343774,2.457449113488985,2.415753264267539,2.415753264267539,2.267473783879518,2.2261126985709665,3.1135152549489145,4.799273865598923,5.533737639362646,5.364337507545422,4.846926230221891,4.481420317778929,3.3715668399668806,3.7862415427218092,3.152290583308518,3.2374069088644566,2.9817478117857186,2.840467990279662,2.506111472171935,2.420887702661306,2.5190438572107876
1070014000,1069452218#9,9,80.5,14.419462362943404,13.622749066263143,13.331975340195626,12.900579236244372,13.475793844404855,13.247148349695973,13.247148349695973,12.434035395252126,12.207225629084661,17.073431745462372,26.31754401775976,30.345087191327856,29.416155950777004,26.578852965453834,24.57454602051797,18.48849663605817,20.76242807827695,17.286062122366193,17.75281036536708,16.3508650441928,15.57613577775973,13.742641247264359,13.275303819089588,13.81355793633981
1070014000,1069452218#10,10,22.37,4.006998423093713,3.7856012001528754,3.7047986131698902,3.5849187268917593,3.7447640782526292,3.6812261935738997,3.6812261935738997,3.4552716992768953,3.392243941895949,4.7445051943601655,7.313334902823427,8.432541620745393,8.174402591538902,7.38594957561742,6.828976328931516,5.137735027933183,5.769633740510005,4.803592666799152,4.933296495320019,4.543712435262025,4.328424314888014,3.8189178223764433,3.6890502662488704,3.8386247333654855
1070014000,1069452218#11,11,41.47,7.428262163866621,7.017831102831459,6.868037482706989,6.64580150219943,6.942126344440613,6.824338410706733,6.824338410706733,6.405458979392617,6.288616730908583,8.795468502910865,13.557621744304313,15.632431873594614,15.153888040729472,13.692236428290316,12.659707123861866,9.524446652140773,10.695874439827891,8.905006164155601,9.145453985736307,8.423234451958702,8.024128580170135,7.079594192845378,6.838842849411741,7.116127299627477
1070014000,1539122285#0,12,31.88,5.710465343237711,5.394947083633155,5.279793463918467,5.1089498888381435,5.336749164715861,5.246199868177734,5.246199868177734,4.924186936653885,4.834364634226323,6.761503155842738,10.42240128305815,12.017408442975555,11.649528592680383,10.525886118492773,9.732130771852335,7.321904009410365,8.222437355720114,6.845710067838935,7.030553968296926,6.475348790172255,6.168536752732672,5.442427365997363,5.2573501335723725,5.470512136776561
1070014000,1539122285#1,13,20.58,3.686366899743792,3.4826854134620553,3.4083484782760993,3.2980611264833435,3.445115991526111,3.3866622737483616,3.3866622737483616,3.1787881793079347,3.1208037695225133,4.364859941883424,6.728137340192495,7.757787508043818,7.520304216981252,6.794941540733414,6.282536113071551,4.726624357392262,5.307959873924716,4.419219359978834,4.538544562972105,4.180134193906682,3.982072972749009,3.5133361101701923,3.393860280706381,3.531466115899047
1070014000,1528761960,14,2.85,0.5105027047750149,0.4822960849546578,0.472001611423075,0.45672858165585667,0.4770933224416626,0.4689984198339568,0.4689984198339568,0.4402111910120318,0.4321812800359166,0.6044631114853137,0.9317391360324885,1.0743291738544647,1.0414415460834094,0.940990446603024,0.8700305112854189,0.6545616821461587,0.7350673294793704,0.6119910192390516,0.628515646475729,0.5788815574652111,0.5514532542436675,0.4865407149652599,0.46999522837770585,0.48905143004432866
1070014700,37402584#5,0,57.68,3.229693956110848,3.3145843587804285,3.176445051865375,3.205808999652436,2.908688517822624,3.276998710488092,3.0601225549296482,3.3385163758113343,3.2387428301415113,3.259289365953029,4.611547719912266,6.823185214705409,6.187125576046428,6.527781431292278,4.99335332667246,4.403662076665427,5.751051219525743,4.268164781998798,5.7798064756233725,4.0172416859241515,3.6341460679843056,3.6912015810261027,3.3361076338374445,3.170636695199107
1070014700,37402584#6,1,6.82,0.38187435472739223,0.3919116734896415,0.3755782810978131,0.37905023192839143,0.3439191347356154,0.38746760065063784,0.3618244768484778,0.394741360662852,0.3829442805403105,0.38537367329749755,0.5452627505166722,0.8067635777442941,0.7315568035477921,0.7718354604960704,0.5904068947279157,0.5206826519219524,0.6799960006443406,0.5046616472474307,0.6833959806475624,0.4749928623093396,0.42969618903697926,0.436442350599827,0.39445655448632755,0.3748915093838057
1070014700,976309330#1,2,4.14,0.2318122915793847,0.237905326722451,0.22799033485996273,0.23009794137588566,0.20877202607118,0.23520760508704402,0.21964125134203782,0.2396230547132268,0.23246177733678672,0.23393651135654542,0.33099527670660156,0.4897362480735158,0.44408286901581506,0.4685335493333917,0.35839949328058224,0.3160742197883992,0.41278349599231234,0.30634885917952537,0.41484741347227394,0.2883387756540566,0.2608419681250871,0.26493714537878055,0.23945016650636303,0.22757343824764742
1070014700,976309330#2,3,261.06,14.617612763215984,15.001827196657743,14.376607927184029,14.509509317775052,13.164740368633394,14.831714343967082,13.85013166071314,15.11014363851087,14.658568017280565,14.751561752352599,20.87189056449889,30.881774135766197,28.00296468243205,29.544774973182427,22.599944858895846,19.93099898984529,26.029289725544217,19.317737482465436,26.15943617417194,18.182058157547832,16.448165265394987,16.7063988339576,15.099241658973705,14.35031927268861
1070014700,976309330#3,4,2.18,0.12206540957561805,0.12527381938525198,0.12005288164123643,0.12116268410614271,0.10993309585390638,0.12385327997337105,0.11565650432986534,0.12617832349633684,0.12240740932226934,0.12318396008629688,0.1742921988455052,0.2578804398068272,0.23384073779093645,0.2467157337069551,0.1887224384907414,0.16643521718326337,0.2173594254259036,0.1613141335776245,0.21844622255303317,0.15183056302556605,0.1373515677566884,0.13950796544100044,0.1260872857448965,0.11983335637194963
1070014700,976309330#4,5,205.52,11.507744484394964,11.810218055072012,11.318012951792161,11.42263983371305,10.363967825639836,11.676296376205146,10.903543472419232,11.89549038759961,11.539986588950823,11.613196090337492,16.431437021434967,24.311737609678495,22.045389188437277,23.259182381400645,17.7918511736776,15.690718273167104,20.49160968510629,15.207926941685038,20.594067733531823,14.31386115275887,12.948850552914953,13.152145439190095,11.886907782702352,11.297317156680315
1070014800,1455063477,0,33.35,3.9262251420454546,5.457013295493107,4.432695198957602,4.825027957341189,3.6532980876461116,4.245464145147355,4.562217923920051,5.956228956228956,5.391155944290373,5.759963532169836,6.100841495378672,5.194385717641532,5.712901663168093,6.149834868764123,5.137961080453093,5.1445355668004416,5.880006647831145,5.466287621284223,4.84684092279029,5.076331496786042,5.042903161435618,5.884309616472076,5.182667799490229,4.365314381601026
1070014800,1455063478,1,0.2,0.023545578063241104,0.032725716914501386,0.02658287975386868,0.02893569989410008,0.02190883410882226,0.025460054843462403,0.027359627729655483,0.035719513980383547,0.03233077028060194,0.03454250993804999,0.0365867555944748,0.031150738936381,0.03426027983908901,0.03688056892812068,0.03081236030256727,0.030851787507049123,0.035262408682645546,0.03278133506017525,0.02906651228060144,0.030442767596917795,0.030242297819703848,0.03528821359203644,0.03108046656365954,0.026178796891160577
1070014800,37402584#0,2,7.0,0.8240952322134387,1.1454000920075487,0.9304007913854038,1.0127494962935029,0.766809193808779,0.891101919521184,0.9575869705379418,1.250182989313424,1.1315769598210679,1.2089878478317495,1.280536445806618,1.090275862773335,1.1991097943681155,1.2908199124842237,1.0784326105898545,1.0798125627467192,1.2341843038925941,1.1473467271061337,1.0173279298210502,1.0654968658921227,1.0584804236896346,1.2350874757212753,1.087816329728084,0.9162578911906201
1070014800,37402584#1,3,22.07,2.5982545392786562,3.611282861515228,2.9334207808394086,3.193054483313944,2.417639843908536,2.809517051976076,3.019134919967482,3.941648367735324,3.567700500464424,3.8117659716638164,4.037348479850293,3.4374840416296433,3.7806218802434723,4.069770781218117,3.4001439593882985,3.4044947514028707,3.8912067981299368,3.6174203238903386,3.207489630164369,3.359359404319879,3.33723756440432,3.8940543698812213,3.42972948529983,2.8888302369395698
1070014800,37402584#2,4,110.0,12.950067934782608,17.99914430297576,14.620583864627772,15.914634941755043,12.04985875985224,14.00303016390432,15.047795251310514,19.64573268921095,17.781923654331067,18.998380465927493,20.122715576961138,17.132906415009547,18.843153911498955,20.284312910466372,16.946798166412,16.96848312887702,19.39432477545505,18.029734283096385,15.986581754330789,16.743522178304787,16.63326380083712,19.40851747562004,17.09425661001275,14.398338290138318
1070014800,37402584#3,5,17.06,2.008437808794466,2.791503652806968,2.267519643004998,2.4682152009667364,1.8688235494825383,2.1717426781473423,2.333776245339612,3.046874542526716,2.757814704935345,2.9464760977156637,3.1208502522087,2.657158031273299,2.922401870274293,3.145912529568694,2.628294333808988,2.63165747435129,3.007883460629665,2.796247880632948,2.479373497535302,2.5967680760170877,2.5796680040207383,3.010084619400708,2.6511637978801583,2.233051374815997
1070014800,37402584#4,6,19.06,2.243893589426877,3.118760821951982,2.5333484405436852,2.7575721999077376,2.087911890570761,2.426343226581966,2.6073725226361675,3.4040696823305514,3.0811224077413644,3.2919011970961636,3.486717808153448,2.9686654206371093,3.2650046686651826,3.5147182188499,2.936417936834661,2.9401753494217813,3.3605075474561206,3.124061231234701,2.770038620341317,2.9011957519862657,2.8820909822177767,3.3629667553210725,2.961968463516754,2.4948393437276026
1070014800,37402584#5,7,57.68,6.7905447134387344,9.438096758142201,7.666502521015727,8.345055849458463,6.318507756984339,7.342679816854557,7.89051663723264,10.301507831942613,9.324194148925598,9.962059866133616,10.55162031344653,8.983873109252281,9.88066470559327,10.636356078870003,8.886284711260402,8.897655517032968,10.169678664074976,9.45413703135454,8.382782141725455,8.779694174951091,8.72187869120259,10.17712079994331,8.96360655695941,7.549965023410709
1070014800,37402584#6,8,6.82,0.8029042119565217,1.1159469467844974,0.9064761996069219,0.9867073663888127,0.747091243110839,0.8681878701620679,0.932963305581252,1.2180354267310787,1.1024792665685261,1.1778995888875046,1.2476083657715906,1.0622401977305922,1.1682755425129354,1.257627400448915,1.0507014863175441,1.0520459539903753,1.2024481360782133,1.1178435255519759,0.991168068768509,1.0380983750548969,1.0312623556519012,1.2033280834884426,1.0598439098207906,0.8926969739885756
1070014900,219054278#0,0,4.51,1.1823577173091506,1.0723165040150318,1.0728476166965646,1.2286326364778015,1.3207800842136366,1.1633079152042771,1.187543496771033,1.0906743897836677,1.115385858965172,1.0884820794524444,1.3885123962245922,1.140642094844847,1.1973904577724512,1.3111860400183803,1.2756650990049256,1.2300280170984463,1.28703466316718,1.3974705407163641,1.2148510028661605,0.9945267851746391,1.1626834879819452,1.1894999110984974,1.2370527345004934,1.2681963337882696
1070014900,-219054278#0,1,4.51,1.1823577173091506,1.0723165040150318,1.0728476166965646,1.2286326364778015,1.3207800842136366,1.1633079152042771,1.187543496771033,1.0906743897836677,1.115385858965172,1.0884820794524444,1.3885123962245922,1.140642094844847,1.1973904577724512,1.3111860400183803,1.2756650990049256,1.2300280170984463,1.28703466316718,1.3974705407163641,1.2148510028661605,0.9945267851746391,1.1626834879819452,1.1894999110984974,1.2370527345004934,1.2681963337882696
1070014900,219054274#0,2,21.21,5.560489397810884,5.042978503361159,5.045476263887835,5.7781149045885085,6.211473522432646,5.470900417180204,5.584877509204792,5.129313482774189,5.24552861832623,5.119003304919367,6.53001062614714,5.364305727640622,5.631186609612792,6.166353860042095,5.999303048757091,5.7846772156669735,6.052772772899311,6.572139726960994,5.713301501284094,4.677142597240376,5.46796380933416,5.594078295875639,5.817713636087687,5.964178323647273
1070014900,219054274#1,3,33.49,8.779858082634913,7.96272277593424,7.9666666703254885,9.123482704133387,9.807743906943392,8.638399574321785,8.818366232120155,8.099043306841471,8.282543773113883,8.08276382280762,10.31070513294049,8.470089524690449,8.891487013481019,9.736501215125402,9.472732630970059,9.133844410782034,9.557159838019704,10.377225811217524,9.021144143234528,7.385078056651589,8.633762752220699,8.83289401833452,9.186007999650005,9.417271667088505
1070014900,219054274#2,4,10.61,2.7815555167738553,2.522678072638467,2.5239275417185256,2.890419572733808,3.1072010406888433,2.7367399069439866,2.793755321671987,2.5658659147682292,2.6240008788515468,2.5607083953415595,3.266544683801092,2.6834174337702494,2.8169207886841923,3.084630573080935,3.0010657872377524,2.8937022752582076,3.02781325414718,3.2876191656320666,2.857997592108639,2.339673878204639,2.735270910751317,2.798357883981166,2.9102282734036,2.983495144455331
1070014900,219054274#3,5,78.81,20.661111241936624,18.738195938231634,18.747476867373894,21.469742368251787,23.079973045870666,20.328225453935495,20.751730150892488,19.058990833448085,19.49081142905659,19.020681304134623,24.263561407197372,19.93215155093623,20.923800881828576,22.912321909944247,22.291611186824436,21.49412594845423,22.490288648382588,24.420100513050254,21.22891519642619,17.37885941011382,20.317313899746587,20.78591751522674,21.61687938048423,22.161098240765753
1070014900,219054274#4,6,33.62,8.813939347213669,7.993632120839328,7.9975913244653,9.158897835561794,9.845815173228926,8.671931731522793,8.852596975929519,8.130481814750977,8.314694585013099,8.114139137736403,10.350728771856051,8.502968343388858,8.926001594303726,9.77429593468247,9.509503465309447,9.169299763824782,9.594258398155342,10.41750766715835,9.056162021365923,7.413745125847309,8.667276910410864,8.867181155461527,9.221665839003677,9.453827215512554
1070014900,219054274#5,7,0.2,0.05243271473654771,0.04755283831552248,0.047576390984326596,0.054484817582164155,0.058571178900826464,0.05158793415540032,0.05266268278363783,0.04836693524539547,0.049462787537258184,0.048269715275052964,0.061574829100868846,0.05058279799755419,0.05309935511186037,0.05814572239549359,0.0565705143682894,0.05454669698884463,0.057074707900983596,0.06197208606280994,0.05387365866368783,0.04410318337803278,0.05156024336948759,0.05274944173385798,0.054858214390265794,0.056239305267772495
1070014900,380294898#0,8,6.48,1.6988199574641458,1.5407119614229285,1.5414750678921816,1.7653080896621185,1.8977061963867774,1.6714490666349704,1.706270922189866,1.567088701950813,1.6025943162071654,1.5639387749117162,1.9950244628681506,1.6388826551207558,1.720419105624276,1.8839214056139924,1.8328846655325766,1.767312982438566,1.8492205359918688,2.007895588435042,1.7455065407034858,1.428943141448262,1.6705518851713983,1.7090819121769985,1.7774061462446116,1.8221534906758288
1070014900,-380294898#0,9,6.48,1.6988199574641458,1.5407119614229285,1.5414750678921816,1.7653080896621185,1.8977061963867774,1.6714490666349704,1.706270922189866,1.567088701950813,1.6025943162071654,1.5639387749117162,1.9950244628681506,1.6388826551207558,1.720419105624276,1.8839214056139924,1.8328846655325766,1.767312982438566,1.8492205359918688,2.007895588435042,1.7455065407034858,1.428943141448262,1.6705518851713983,1.7090819121769985,1.7774061462446116,1.8221534906758288
1070014900,219054274#6,10,69.04,18.09977312705627,16.41523978651836,16.423370167789543,18.808159029363065,20.218770956565294,17.80815487044419,18.17915809691178,16.696266046710516,17.074554257861525,16.662705712948284,21.255631005619925,17.461181868755705,18.3298973846142,20.07190337092439,19.5281415599335,18.829519800549168,19.702189167419537,21.39276410888199,18.59718697070504,15.224418902096916,17.798596011147122,18.209107286527775,18.937055607519753,19.41380817843507
1070014900,219054274#7,11,11.03,2.8916642177206056,2.6225390331010643,2.623837962785611,3.0048376896563527,3.230200516380579,2.845074568670327,2.9043469555176262,2.6674364787835594,2.7278727326797885,2.6620747974191707,3.3958518249129166,2.7896413095651136,2.928429434419099,3.206736590111471,3.11986386741116,3.0082503389347814,3.1476701407392453,3.4177605463639678,2.9711322753023834,2.4322905632985075,2.8435474218272407,2.9091317116222672,3.0254305236231582,3.101597685517653
1070014900,219054274#8,12,103.02,27.00809136079572,24.49446701632563,24.506598996026625,28.06512953657275,30.170014251815708,26.572944883446702,27.126547901851843,24.913808344903202,25.478281860441687,24.86373033817978,31.71719446985754,26.055199248540163,27.35147781811927,29.950861605918746,29.139471951105865,28.09700361895387,29.399182039796653,31.921821530953398,27.750321577665602,22.717549758024685,26.55868135962306,27.171237437110243,28.257466232425905,28.968866143429608
1070014900,219054274#9,13,24.49,6.420385919490266,5.822845051735727,5.8257290760307905,6.6716659129360005,7.172040856406199,6.316942537328767,6.448545506856451,5.922531220798674,6.056718333937264,5.910626635430235,7.539837823401389,6.19386361480051,6.502016033447301,7.119943707328188,6.927059484397036,6.679243046284025,6.9887979824754405,7.588481938391077,6.596829503368575,5.400434804640113,6.313551800593755,6.459169140310909,6.717388352088045,6.88650293003874
1070014900,-415336577#2,14,5.7,1.4943323699916096,1.3552558919923907,1.355927143053308,1.5528173010916786,1.6692785986735543,1.470256123428909,1.5008864593336781,1.3784576544937708,1.4096894448118582,1.3756868853390094,1.7548826293747621,1.4416097429302945,1.5133316206880205,1.6571530882715675,1.6122596594962477,1.5545808641820722,1.6266291751780326,1.766204452790083,1.535399271915103,1.2569407262739343,1.4694669360303967,1.5033590894149524,1.5634591101225748,1.602820200131516
1070014900,415336577#2,15,5.7,1.4943323699916096,1.3552558919923907,1.355927143053308,1.5528173010916786,1.6692785986735543,1.470256123428909,1.5008864593336781,1.3784576544937708,1.4096894448118582,1.3756868853390094,1.7548826293747621,1.4416097429302945,1.5133316206880205,1.6571530882715675,1.6122596594962477,1.5545808641820722,1.6266291751780326,1.766204452790083,1.535399271915103,1.2569407262739343,1.4694669360303967,1.5033590894149524,1.5634591101225748,1.602820200131516
1070014900,219054274#10,16,41.16,10.790652692781517,9.786374125334525,9.79122126457441,11.212975458409382,12.053948617790084,10.616796849181384,10.837980116872664,9.953915273502385,10.179441675167734,9.933907403605899,12.672099828958807,10.409939827896652,10.927847282020862,11.96638966899258,11.642211856993956,11.225710240304224,11.745974886022424,12.753855311726282,11.087198952986954,9.076435139199146,10.611098085440547,10.855835108827971,11.289820521516699,11.574049024107579
1070014900,219054274#11,17,12.99,3.4055048221387736,3.088556848593185,3.0900865944320124,3.5387889019615617,3.8041980696086783,3.3506363233932506,3.4204412467972767,3.1414324441884354,3.2126080505449193,3.13511800711469,3.9992851501014313,3.2853527299411445,3.4488031145153304,3.7765646695873083,3.674254908220396,3.5428079694254593,3.7070022781688845,4.025086989779505,3.4990941302065246,2.864501760403229,3.34883780684822,3.426076240614076,3.5630410246477626,3.652742877141823
1070014900,219054274#12,18,3.33,0.8730047003635194,0.7917547579534493,0.7921469098890378,0.9071722127430332,0.9752101286987607,0.8589391036874153,0.8768336683475699,0.8053094718358345,0.8235554124953488,0.8036907593296319,1.0252209045294662,0.8422035866592773,0.8841042626124751,0.9681262778849683,0.9418990642320184,0.9082025048642631,0.9502938865513769,1.0318352329457854,0.8969964167504024,0.7343180032442458,0.8584780521019686,0.8782782048687354,0.9133892695979253,0.936384432708412
1070014900,219054274#13,19,103.06,27.018577903743033,24.503977583988735,24.51611427422349,28.076026500089185,30.181728487595873,26.58326247027778,27.137080438408574,24.923481731952283,25.488174417949143,24.87338428123479,31.729509435677716,26.065315808139673,27.362097689141645,29.962490750397848,29.150786053979527,28.107912958351637,29.410596981376848,31.93421594816596,27.761096309398337,22.72637039470029,26.56899340829696,27.181787325457016,28.26843787530396,28.980114004483166
1070014900,219054274#15,20,15.06,3.9481834196620427,3.580728725158843,3.5825022411197924,4.102706763936961,4.410409771232233,3.8845714419016444,3.9655000136079286,3.6420302239782787,3.724547901555541,3.6347095602114883,4.636584631295424,3.80888468921583,3.9983814399230853,4.378372896380667,4.259759731932191,4.107366283260001,4.297725504944065,4.666498080529588,4.0566864973756935,3.3209697083658685,3.8824863257224163,3.9720329625595063,4.130823543587014,4.234819686663268
1070014900,219054274#16,21,15.8,4.1421844641872685,3.7566742269262763,3.758534887761801,4.3043005889909685,4.6271231331652904,4.075446798276626,4.160351939907389,3.820987884386242,3.9075602154433966,3.813307506729184,4.864411498968639,3.9960410418067815,4.194849053836969,4.593512069243993,4.469070635094862,4.309189062118726,4.508901924177704,4.895794798961985,4.256019034431338,3.4841514868645898,4.073259226189521,4.167205896974781,4.3337989368309975,4.442905116154027
1070014900,219054274#17,22,6.5,1.7040632289378004,1.5454672452544806,1.5462327069906143,1.770756571420335,1.90356331427686,1.6766078600505103,1.7115371904682293,1.5719253954753523,1.6075405949608907,1.5687657464392213,2.0011819457782374,1.6439409349205112,1.725729041135462,1.8897359778535414,1.8385417169694054,1.7727676521374505,1.854928006781967,2.014092797041323,1.7508939065698543,1.4333534597860653,1.6757079095083471,1.7143568563503844,1.7828919676836381,1.827777421202606
1070014900,-219054274#17,23,6.5,1.7040632289378004,1.5454672452544806,1.5462327069906143,1.770756571420335,1.90356331427686,1.6766078600505103,1.7115371904682293,1.5719253954753523,1.6075405949608907,1.5687657464392213,2.0011819457782374,1.6439409349205112,1.725729041135462,1.8897359778535414,1.8385417169694054,1.7727676521374505,1.854928006781967,2.014092797041323,1.7508939065698543,1.4333534597860653,1.6757079095083471,1.7143568563503844,1.7828919676836381,1.827777421202606
1070014900,219054274#17,24,6.5,1.7040632289378004,1.5454672452544806,1.5462327069906143,1.770756571420335,1.90356331427686,1.6766078600505103,1.7115371904682293,1.5719253954753523,1.6075405949608907,1.5687657464392213,2.0011819457782374,1.6439409349205112,1.725729041135462,1.8897359778535414,1.8385417169694054,1.7727676521374505,1.854928006781967,2.014092797041323,1.7508939065698543,1.4333534597860653,1.6757079095083471,1.7143568563503844,1.7828919676836381,1.827777421202606
1070014900,-219054274#17,25,6.5,1.7040632289378004,1.5454672452544806,1.5462327069906143,1.770756571420335,1.90356331427686,1.6766078600505103,1.7115371904682293,1.5719253954753523,1.6075405949608907,1.5687657464392213,2.0011819457782374,1.6439409349205112,1.725729041135462,1.8897359778535414,1.8385417169694054,1.7727676521374505,1.854928006781967,2.014092797041323,1.7508939065698543,1.4333534597860653,1.6757079095083471,1.7143568563503844,1.7828919676836381,1.827777421202606
1070014900,219054274#17,26,6.5,1.7040632289378004,1.5454672452544806,1.5462327069906143,1.770756571420335,1.90356331427686,1.6766078600505103,1.7115371904682293,1.5719253954753523,1.6075405949608907,1.5687657464392213,2.0011819457782374,1.6439409349205112,1.725729041135462,1.8897359778535414,1.8385417169694054,1.7727676521374505,1.854928006781967,2.014092797041323,1.7508939065698543,1.4333534597860653,1.6757079095083471,1.7143568563503844,1.7828919676836381,1.827777421202606
1070014900,219054274#18,27,2.82,0.7393012777853226,0.670495020248867,0.6708271128790049,0.7682359279085145,0.8258536225016531,0.7273898715911444,0.7425438272492934,0.681973786960076,0.6974253042753403,0.6806029853782468,0.8682050903222506,0.713217451765514,0.7487009070772311,0.8198546857764596,0.7976442525928805,0.7691084275427092,0.8047533814038687,0.87380641348562,0.7596185871579983,0.6218548856302621,0.7269994315097751,0.7437671284473975,0.7735008229027476,0.7929742042755921
1070014900,-219054274#18,28,2.82,0.7393012777853226,0.670495020248867,0.6708271128790049,0.7682359279085145,0.8258536225016531,0.7273898715911444,0.7425438272492934,0.681973786960076,0.6974253042753403,0.6806029853782468,0.8682050903222506,0.713217451765514,0.7487009070772311,0.8198546857764596,0.7976442525928805,0.7691084275427092,0.8047533814038687,0.87380641348562,0.7596185871579983,0.6218548856302621,0.7269994315097751,0.7437671284473975,0.7735008229027476,0.7929742042755921
1070014900,219054274#18,29,2.82,0.7393012777853226,0.670495020248867,0.6708271128790049,0.7682359279085145,0.8258536225016531,0.7273898715911444,0.7425438272492934,0.681973786960076,0.6974253042753403,0.6806029853782468,0.8682050903222506,0.713217451765514,0.7487009070772311,0.8198546857764596,0.7976442525928805,0.7691084275427092,0.8047533814038687,0.87380641348562,0.7596185871579983,0.6218548856302621,0.7269994315097751,0.7437671284473975,0.7735008229027476,0.7929742042755921
1070014900,219054274#19,30,0.2,0.05243271473654771,0.04755283831552248,0.047576390984326596,0.054484817582164155,0.058571178900826464,0.05158793415540032,0.05266268278363783,0.04836693524539547,0.049462787537258184,0.048269715275052964,0.061574829100868846,0.05058279799755419,0.05309935511186037,0.05814572239549359,0.0565705143682894,0.05454669698884463,0.057074707900983596,0.06197208606280994,0.05387365866368783,0.04410318337803278,0.05156024336948759,0.05274944173385798,0.054858214390265794,0.056239305267772495
1070014900,914622776,31,0.2,0.05243271473654771,0.04755283831552248,0.047576390984326596,0.054484817582164155,0.058571178900826464,0.05158793415540032,0.05266268278363783,0.04836693524539547,0.049462787537258184,0.048269715275052964,0.061574829100868846,0.05058279799755419,0.05309935511186037,0.05814572239549359,0.0565705143682894,0.05454669698884463,0.057074707900983596,0.06197208606280994,0.05387365866368783,0.04410318337803278,0.05156024336948759,0.05274944173385798,0.054858214390265794,0.056239305267772495
1070014900,914621831#1,32,0.97,0.25429866647225635,0.230631265830284,0.23074549627398397,0.26425136527349613,0.28407021766900836,0.2502014806536915,0.25541401150064347,0.234579635940168,0.23989451955570218,0.2341081190840069,0.2986379211392139,0.2453265702881378,0.2575318722925228,0.2820067536181439,0.27436699468620357,0.2645514803958965,0.2768123333197704,0.3005646174046282,0.26128724451888596,0.21390043938345898,0.2500671803420148,0.2558347924092112,0.26606233979278904,0.2727606305486966
1070014900,914621831#2,33,24.22,6.349601754595927,5.758648720009772,5.761500948201951,6.5981114092000785,7.092969764890084,6.2472988262189775,6.377450885098541,5.85723585821739,5.989943570761966,5.845462519808914,7.456711804115217,6.125576837503813,6.430331904046289,7.041446982094273,6.8506892899998455,6.6056050053490845,6.9117471268091135,7.504819622206283,6.524100064172596,5.340895507079769,6.243945472044947,6.3879573939702015,6.643329762661186,6.810579867927248
1070015000,914604025#0,0,26.23,6.181184403891776,5.978620288487132,5.74335050861611,6.812540965739043,6.508728803048687,6.444486804473141,6.996975238923179,7.233607637673934,7.020734068257382,8.118872446734814,7.379914990250326,7.802287483403016,7.942149230864787,7.916807337977533,8.003636837813417,8.166976365115731,9.477186477166384,7.6530765568234385,7.624853779109279,7.048657442392497,7.154346654331486,6.300475926160891,6.727568925493923,6.300475926160891
1070015000,914604025#1,1,0.2,0.047130647380036424,0.04558612495987138,0.04379222652395051,0.05194465090155579,0.04962812659587256,0.049138290541160055,0.053350935866741736,0.05515522407681231,0.05353209354370859,0.06190524168307141,0.05627079672322017,0.05949132659857427,0.06055775242748599,0.060364524117251496,0.0610265866398278,0.062272027183497766,0.07226219197229419,0.05835361461550469,0.05813841997033381,0.053745005279393805,0.05455087041045738,0.04804022818269837,0.05129675124280537,0.04804022818269837
1070015000,914622776,2,0.2,0.047130647380036424,0.04558612495987138,0.04379222652395051,0.05194465090155579,0.04962812659587256,0.049138290541160055,0.053350935866741736,0.05515522407681231,0.05353209354370859,0.06190524168307141,0.05627079672322017,0.05949132659857427,0.06055775242748599,0.060364524117251496,0.0610265866398278,0.062272027183497766,0.07226219197229419,0.05835361461550469,0.05813841997033381,0.053745005279393805,0.05455087041045738,0.04804022818269837,0.05129675124280537,0.04804022818269837
1070015000,914621831#1,3,0.97,0.2285836397931766,0.22109270605537618,0.21239229864115997,0.2519315568725456,0.24069641398998193,0.23832070912462625,0.2587520389536974,0.26750283677253966,0.2596306536869866,0.30024042216289626,0.27291336410761785,0.2885329340030852,0.293705099273307,0.29276794196866973,0.29597894520316487,0.30201933183996416,0.35047163106562684,0.2830150308851977,0.2819713368561189,0.26066327560506,0.2645717214907183,0.23299510668608708,0.24878924352760598,0.23299510668608708
1070015000,914622777,4,13.8,3.2520146692225134,3.1454426222311254,3.021663630152585,3.58418091220735,3.4243407351152073,3.390542047340044,3.68121457480518,3.805710461300049,3.693714454515893,4.271461676131927,3.8826849739021916,4.104901535301625,4.178484917496533,4.165152164090354,4.210834478148119,4.296769875661346,4.986091246088299,4.026399408469824,4.011550977953033,3.7084053642781725,3.76401005832156,3.3147757446061874,3.53947583575357,3.3147757446061874
1070015000,914604025#1,5,0.2,0.047130647380036424,0.04558612495987138,0.04379222652395051,0.05194465090155579,0.04962812659587256,0.049138290541160055,0.053350935866741736,0.05515522407681231,0.05353209354370859,0.06190524168307141,0.05627079672322017,0.05949132659857427,0.06055775242748599,0.060364524117251496,0.0610265866398278,0.062272027183497766,0.07226219197229419,0.05835361461550469,0.05813841997033381,0.053745005279393805,0.05455087041045738,0.04804022818269837,0.05129675124280537,0.04804022818269837
1070015000,-219054274#19,6,0.2,0.047130647380036424,0.04558612495987138,0.04379222652395051,0.05194465090155579,0.04962812659587256,0.049138290541160055,0.053350935866741736,0.05515522407681231,0.05353209354370859,0.06190524168307141,0.05627079672322017,0.05949132659857427,0.06055775242748599,0.060364524117251496,0.0610265866398278,0.062272027183497766,0.07226219197229419,0.05835361461550469,0.05813841997033381,0.053745005279393805,0.05455087041045738,0.04804022818269837,0.05129675124280537,0.04804022818269837
1070015000,-219054274#18,7,2.82,0.6645421280585134,0.6427643619341864,0.6174703939877022,0.7324195777119366,0.699756585001803,0.6928498966303568,0.7522481957210584,0.7776886594830534,0.754802518966291,0.8728639077313067,0.7934182337974043,0.8388277050398971,0.8538643092275523,0.851139790053246,0.860474871621572,0.8780355832873185,1.018896906809348,0.822785966078616,0.8197517215817065,0.7578045744394526,0.7691672727874491,0.6773672173760469,0.7232841925235555,0.6773672173760469
1070015000,219054274#18,8,2.82,0.6645421280585134,0.6427643619341864,0.6174703939877022,0.7324195777119366,0.699756585001803,0.6928498966303568,0.7522481957210584,0.7776886594830534,0.754802518966291,0.8728639077313067,0.7934182337974043,0.8388277050398971,0.8538643092275523,0.851139790053246,0.860474871621572,0.8780355832873185,1.018896906809348,0.822785966078616,0.8197517215817065,0.7578045744394526,0.7691672727874491,0.6773672173760469,0.7232841925235555,0.6773672173760469
1070015000,-219054274#18,9,2.82,0.6645421280585134,0.6427643619341864,0.6174703939877022,0.7324195777119366,0.699756585001803,0.6928498966303568,0.7522481957210584,0.7776886594830534,0.754802518966291,0.8728639077313067,0.7934182337974043,0.8388277050398971,0.8538643092275523,0.851139790053246,0.860474871621572,0.8780355832873185,1.018896906809348,0.822785966078616,0.8197517215817065,0.7578045744394526,0.7691672727874491,0.6773672173760469,0.7232841925235555,0.6773672173760469
1070015000,219054274#18,10,2.82,0.6645421280585134,0.6427643619341864,0.6174703939877022,0.7324195777119366,0.699756585001803,0.6928498966303568,0.7522481957210584,0.7776886594830534,0.754802518966291,0.8728639077313067,0.7934182337974043,0.8388277050398971,0.8538643092275523,0.851139790053246,0.860474871621572,0.8780355832873185,1.018896906809348,0.822785966078616,0.8197517215817065,0.7578045744394526,0.7691672727874491,0.6773672173760469,0.7232841925235555,0.6773672173760469
1070015000,-219054274#18,11,2.82,0.6645421280585134,0.6427643619341864,0.6174703939877022,0.7324195777119366,0.699756585001803,0.6928498966303568,0.7522481957210584,0.7776886594830534,0.754802518966291,0.8728639077313067,0.7934182337974043,0.8388277050398971,0.8538643092275523,0.851139790053246,0.860474871621572,0.8780355832873185,1.018896906809348,0.822785966078616,0.8197517215817065,0.7578045744394526,0.7691672727874491,0.6773672173760469,0.7232841925235555,0.6773672173760469
1070015000,-219054274#17,12,6.5,1.5317460398511835,1.48154906119582,1.4232473620283916,1.6882011543005633,1.6129141143658583,1.5969944425877018,1.7339054156691063,1.7925447824963998,1.7397930401705293,2.0119203546998206,1.8288008935046554,1.9334681144536638,1.9681269538932946,1.9618470338106735,1.9833640657944038,2.023840883463677,2.3485212390995613,1.896492475003902,1.8894986490358487,1.7467126715802985,1.7729032883398648,1.561307415937697,1.6671444153911743,1.561307415937697
1070015000,219054274#17,13,6.5,1.5317460398511835,1.48154906119582,1.4232473620283916,1.6882011543005633,1.6129141143658583,1.5969944425877018,1.7339054156691063,1.7925447824963998,1.7397930401705293,2.0119203546998206,1.8288008935046554,1.9334681144536638,1.9681269538932946,1.9618470338106735,1.9833640657944038,2.023840883463677,2.3485212390995613,1.896492475003902,1.8894986490358487,1.7467126715802985,1.7729032883398648,1.561307415937697,1.6671444153911743,1.561307415937697
1070015000,-219054274#17,14,6.5,1.5317460398511835,1.48154906119582,1.4232473620283916,1.6882011543005633,1.6129141143658583,1.5969944425877018,1.7339054156691063,1.7925447824963998,1.7397930401705293,2.0119203546998206,1.8288008935046554,1.9334681144536638,1.9681269538932946,1.9618470338106735,1.9833640657944038,2.023840883463677,2.3485212390995613,1.896492475003902,1.8894986490358487,1.7467126715802985,1.7729032883398648,1.561307415937697,1.6671444153911743,1.561307415937697
1070015000,-219054274#16,15,15.58,3.671477430904837,3.551159134373981,3.4114144462157445,4.046488305231197,3.8660310618184726,3.827872833156368,4.156037904019182,4.296591955583678,4.170150087054899,4.822418327111262,4.3834950647388515,4.634374342028936,4.7174489141011575,4.702396428733891,4.753971099242586,4.850990917594475,5.629224754641718,4.545746578547814,4.528982915689004,4.186735911264777,4.249512804974629,3.742333775432203,3.996016921814538,3.742333775432203
1070015000,-219054274#15,16,14.75,3.475885244277686,3.3619767157905143,3.2296767061413503,3.83091800398974,3.6600743364456014,3.623948927410554,3.934631520172203,4.067697775664908,3.9479918988485085,4.565511574126516,4.149971258337487,4.387485336644852,4.466134241527091,4.451883653647298,4.500710764687301,4.59256200478296,5.329336657956697,4.30357907789347,4.287708472812119,3.963694139355293,4.023126692771232,3.542966828474005,3.783135404156895,3.542966828474005
1070015000,-219054274#13,17,103.41,24.368901227847825,23.5703059105015,22.64277072420861,26.857981748649422,25.660222856395908,25.406953124306803,27.585101389898817,28.518008608915803,27.678768966774527,32.00810521223207,29.094815445740988,30.759990417792828,31.311385892631627,31.211477194824887,31.553796622122963,32.19775165522751,37.36316635927471,30.171736436946695,30.060470045661095,27.788854979710564,28.205527545726987,24.83919998186419,26.522985230092512,24.83919998186419
1070015000,-219054274#12,18,3.33,0.7847252788776065,0.7590089805818585,0.729140571623776,0.864878437510904,0.8263083078212781,0.8181525375103149,0.8882930821812499,0.918334480878925,0.891309357502748,1.030722274023139,0.9369087654416158,0.9905305878662617,1.0082865779176418,1.0050693265522375,1.016092667553133,1.0368292526052378,1.2031654963386984,0.9715876833481529,0.9680046925060579,0.8948543379019068,0.9082719923341154,0.7998697992419279,0.8540909081927093,0.7998697992419279
1070015000,-219054274#11,19,12.99,3.061135547333365,2.960818816143646,2.8443051127305856,3.373805076056049,3.223346822401923,3.1915319706483456,3.465143284544876,3.5823318037889598,3.476909475663873,4.0207454473154876,3.65478824717315,3.8639616625773994,3.9332260201652147,3.920675841415485,3.963676802256816,4.0445681655681796,4.693429368600508,3.790067269277029,3.7760903770731806,3.490738092896627,3.543079033159207,3.120212820466259,3.3317239932202085,3.120212820466259
1070015000,-219054274#10,20,41.16,9.699487230811494,9.38162451674153,9.012440218629013,10.690209155540181,10.213468453430572,10.112660193370738,10.979622601375448,11.350945115007972,11.016904851295227,12.740098738376094,11.58052996563871,12.243315013986585,12.462785449576614,12.423019063330356,12.559271530476563,12.815583194363839,14.871559107898145,12.009173887870862,11.964886829894697,11.060722086499243,11.226569130472129,9.886678959999323,10.556871405769343,9.886678959999323
1070015000,-219054274#9,21,24.49,5.77114777168546,5.58202100133625,5.362358137857739,6.360622502895507,6.076964101664594,6.016983676765048,6.5328220968825255,6.753757188205666,6.555004854427116,7.580296844092093,6.890359058758309,7.284712941995418,7.415296784745658,7.391635978157444,7.472705534046914,7.6252097286193,8.848505407007423,7.1454001096685476,7.119049525367375,6.581075896461771,6.679754081760506,5.882525940971415,6.281287189681516,5.882525940971415
1070015000,-219054274#8,22,102.95,24.26050073887375,23.465457823093793,22.542048603203526,26.738509051575843,25.546078165225403,25.29393505606214,27.46239423740531,28.391151593539135,27.555645151624,31.865723156361003,28.965392613277583,30.623160366616105,31.172103062048414,31.072638789355207,31.413435472851365,32.05452599270548,37.19696331773844,30.037523123331038,29.92675167972933,27.665241467567963,28.08006054378294,24.72870745704399,26.40500270223406,24.72870745704399
1070015000,-219054274#7,23,11.03,2.599255203009008,2.5140747915369066,2.415141292795871,2.864747497220802,2.736991181762372,2.709976723344977,2.942304113050807,3.0418106078361986,2.9522949589355285,3.4140740788213875,3.103334439285592,3.280946661911371,3.3397600463758517,3.3291035050664197,3.365616253186503,3.434302299169901,3.9852598872720244,3.2182018460450825,3.2063338613639094,2.964037041158568,3.0084805031367243,2.6494185842758147,2.8290158310407154,2.6494185842758147
1070015000,-219054274#6,24,69.02,16.264786410850565,15.731771723651612,15.112697373415319,17.926099026126902,17.12666648823562,16.957624065754334,18.411407967612572,19.034067828907926,18.473925481933833,21.363498904827942,19.41905194918328,20.53045680916798,20.89848036272541,20.83179727286349,21.060275049404574,21.490076581025075,24.937682449638725,20.137832403810666,20.063568731762196,18.5474013219188,18.82550537864884,16.578682745849207,17.702508853892127,16.578682745849207
1070015000,-219054274#5,25,0.2,0.047130647380036424,0.04558612495987138,0.04379222652395051,0.05194465090155579,0.04962812659587256,0.049138290541160055,0.053350935866741736,0.05515522407681231,0.05353209354370859,0.06190524168307141,0.05627079672322017,0.05949132659857427,0.06055775242748599,0.060364524117251496,0.0610265866398278,0.062272027183497766,0.07226219197229419,0.05835361461550469,0.05813841997033381,0.053745005279393805,0.05455087041045738,0.04804022818269837,0.05129675124280537,0.04804022818269837
1070015000,-219054274#4,26,33.62,7.922661824584122,7.663027605754378,7.361473278676081,8.731895816551528,8.342488080766177,8.260146639969005,8.968292319199286,9.27159316731215,8.998744924697414,10.406271126924302,9.45912092917331,10.000492001220335,10.179758183060393,10.147276504109975,10.258569214155052,10.467927769545973,12.147274470542653,9.809242616866335,9.773068397013112,9.034535387466097,9.170001315997885,8.075562357511595,8.62298388391558,8.075562357511595
1070015000,-219054274#3,27,78.79,18.567118535365346,17.95865392794133,17.251947639110305,20.46359522266791,19.551000472444,19.358029558690003,21.017601184702908,21.728400525060213,21.088968251544,24.387569961045983,22.167880369112588,23.43660811350834,23.856726568808106,23.780604275991227,24.041423806760168,24.532065108938944,28.4676905274853,22.98840647777807,22.903630547313004,21.172844829817187,21.490315398199687,18.925447892574024,20.208355152103174,18.925447892574024
1070015000,-219054274#2,28,10.61,2.500280843510932,2.4183439291211766,2.3231776170955745,2.7556637303275346,2.632772115911039,2.6067863132085405,2.830267147730649,2.9259846372748926,2.8398775624937405,3.2840730712869375,2.9851657661668294,3.156014876054365,3.212588766278131,3.2023380044201915,3.237460421242865,3.303531042084556,3.8335092841302068,3.095659255352523,3.0842431794262084,2.851172530071841,2.893923675274764,2.5485341050921484,2.721292653430824,2.5485341050921484
1070015000,-219054274#1,29,33.49,7.892026903787099,7.633396624530463,7.333008331435513,8.69813179346552,8.310229798478861,8.22820675111725,8.933614210885905,9.235742271662222,8.963949063894002,10.366032719830308,9.422544911303218,9.961822638931261,10.140395643982528,10.108039563433763,10.218901932839167,10.4274509518767,12.100304045760662,9.77131276736626,9.735278424032398,8.999601134034492,9.134543250231088,8.044336209192842,8.589640995607759,8.044336209192842
1070015000,-219054274#0,30,21.21,4.9982051546528625,4.83440855199436,4.644165622864952,5.508730228109992,5.263062825492286,5.211115711890024,5.657866748667961,5.849211513345946,5.677078520310296,6.565050880489721,5.967517992497498,6.309055185778802,6.42214964493489,6.401657782634522,6.471869513153738,6.603948482809938,7.663405458661799,6.188400829974271,6.165579437853901,5.699657809879713,5.785119807029005,5.094666198775162,5.440020469299509,5.094666198775162
1070015000,-218647394#2,31,50.53,11.907558060566203,11.517334471111504,11.064106031276097,13.123816050278073,12.538546184447204,12.414789105224086,13.479113946732301,13.934967363006631,13.524883433817974,15.64035931122799,14.216816792121577,15.03048366512979,15.299916150804334,15.251097018223591,15.418367114552494,15.73302766791071,18.25704280180013,14.743040732607257,14.688671805504836,13.578675583838844,13.78227740920206,12.137363650358742,12.960124201494775,12.137363650358742
1070015100,37402584#7,0,6.95,1.3676563725194526,1.0297647981322933,0.78052236291556,0.78052236291556,0.7271659801670005,0.9499380695949062,1.598096126470304,1.265929865472551,1.0933441379170494,1.2499185126248766,1.323347850731565,2.272663408340929,1.9675981210299118,1.9764840480281116,1.5061702430892692,1.1976349782813032,1.2338100178991436,1.3513675670240726,1.5279552490990387,1.3170895418931956,1.2215112737015843,1.3513675670240726,1.0618891765835607,1.2899159050288729
1070015100,37402584#8,1,47.42,9.33154894746366,7.026107442796166,5.32552092797926,5.32552092797926,4.961469176909232,6.4814479511065395,10.90384436219019,8.637466794346528,7.459910650363524,8.528220988298079,9.029230947005873,15.50643148539955,13.424964445933586,13.485593317624899,10.276632075869518,8.171489305050272,8.418312381119048,9.22041007601173,10.425271642054161,8.986530370730263,8.334397784018579,9.22041007601173,7.245292770301073,8.80112405992362
1070015100,37402584#9,2,111.42,21.925794680016892,16.508833641424477,12.513064989359957,12.513064989359957,11.657673886360747,15.22907909557762,25.62012523903903,20.294950447618938,17.528115661398225,20.03826196786529,21.21545575949798,36.434554957891564,31.543853618007592,31.686309731121177,24.146401220864224,19.200070400014788,19.780016143067993,21.66465817522621,24.49565091433308,21.11512471334386,19.58284692314108,21.66465817522621,17.023840583444652,20.67948635083698
1070015200,400120973#2,0,2512.27,29.384858044164037,28.291571753986332,26.680988184747584,24.305283757338554,23.55246523388116,23.064066852367688,24.480946123521683,37.35338345864662,32.64126149802891,30.01208215867902,29.350137849547064,33.98084815321477,38.731808731808734,37.78904665314402,28.2379689276241,27.548983364140483,29.52456418383519,30.74257425742575,38.51162790697674,39.7228144989339,28.313069908814587,31.73764906303237,30.882718607542476,30.717230008244027
1070015300,535711085#15,0,31.14,6.713513726833375,6.398971356030052,6.791759807565697,6.248030644987171,7.370147447164462,7.299369413225096,7.17356985829877,7.17356985829877,7.357739791529505,7.429659899988994,8.1959633120835,7.814926126363034,8.736626559057523,9.11945213598023,8.905751270847736,9.20589244058668,8.112292224906778,7.581088354151824,8.923935551135326,6.929048650287001,7.357739791529505,7.892546160123751,7.532093815025465,7.209067935948084
1070015300,535711085#17,1,5.87,1.2655210525533689,1.2062287045567248,1.2802707151705408,1.1777758473370163,1.3892988283511687,1.3759569189348526,1.3522432584525943,1.3522432584525943,1.3869599414347527,1.4005171359324147,1.5449680360285851,1.4731411805315031,1.6468849679405155,1.7190489414965946,1.6787655735348814,1.7353432442595957,1.5291957405331655,1.4290619344531537,1.682193374603865,1.3061501469873056,1.3869599414347527,1.4877728310830576,1.4198262907578507,1.358934771484112
1070015300,520307307#1,2,73.09,15.757569630515457,15.01929404021312,15.94122428821377,14.665014766927179,17.29878217447818,17.132656082614716,16.837386671260667,16.837386671260667,17.269659645564918,17.43846634843274,19.237089225439405,18.342740866277268,20.50610260762731,21.404648574784687,20.90306231169753,21.607536239000655,19.040701307592688,17.793890424051277,20.945743398602474,16.263460688807864,17.269659645564918,18.52492610287235,17.678893286455082,16.920705698087524
1070015300,520307307#2,3,11.24,2.4232464447529587,2.3097122042960114,2.4514894103095197,2.255230072243282,2.660258744577025,2.63471137458735,2.589303956559993,2.589303956559993,2.6557801945019794,2.6817397969131758,2.9583374318503064,2.820801851648057,3.1534901260053485,3.291671226988369,3.2145357830548664,3.322871902125699,2.9281363072560107,2.73639798011132,3.2210994089518645,2.501043893038725,2.6557801945019794,2.8488188452084446,2.7187133744664815,2.6021170070666817
1070015300,218799087#1,4,16.66,3.591751402987926,3.4234702245170414,3.6336133074516543,3.3427164593926224,3.9430525520154127,3.905186076568083,3.8378829107019112,3.8378829107019112,3.9364144164059587,3.974891905389102,4.384866691692714,4.181010573706105,4.67412326505775,4.878936178080624,4.764605528976341,4.925182018631153,4.3401023913598875,4.055906614648984,4.774334177325451,3.7070632791837332,3.9364144164059587,4.222537541029598,4.029694378880034,3.856874496239405
1070015300,218799087#2,5,24.09,5.193594915845086,4.950263968104173,5.254126325120669,4.833495768713582,5.701568786197557,5.646814680943884,5.549495757431515,5.549495757431515,5.691970185547391,5.747607803170676,6.340422485166716,6.04565094361225,6.758681239810395,7.05483628631226,6.8895166382376996,7.121706772438443,6.275694274181254,5.864753322142499,6.9035840535276165,5.360333397091004,5.691970185547391,6.105698041020589,5.826850995631452,5.576957179736332
1070015300,218799087#3,6,17.24,3.71679436899831,3.54265466210527,3.7601136506882664,3.4590895414122933,4.080325690080775,4.041140933975615,3.9714946807023375,3.9714946807023375,4.0734564549122885,4.1132734963330195,4.537521114332677,4.326567964627447,4.836847844513541,5.048791099046216,4.9304801512336205,5.096646938847602,4.491198392979859,4.19710864565117,4.9405474920222545,3.8361207042693604,4.0734564549122885,4.369540648700497,4.16998385905713,3.9911474378851945
1070015300,218799087#4,7,3.86,0.832182497931176,0.7931929811906231,0.8418815946436605,0.7744829251653974,0.9135764016074125,0.9048030165397838,0.8892093658649086,0.8892093658649086,0.9120383941972989,0.9209533466267666,1.0159415023969913,0.9687095326834074,1.0829601322402709,1.1304137843572155,1.1039242101949986,1.141128606957758,1.005569941815676,0.9397238614973037,1.1061782667752844,0.8588994152250425,0.9120383941972989,0.97833102691322,0.9336506784199837,0.8936095771599102
1070015300,-218799087#4,8,3.86,0.832182497931176,0.7931929811906231,0.8418815946436605,0.7744829251653974,0.9135764016074125,0.9048030165397838,0.8892093658649086,0.8892093658649086,0.9120383941972989,0.9209533466267666,1.0159415023969913,0.9687095326834074,1.0829601322402709,1.1304137843572155,1.1039242101949986,1.141128606957758,1.005569941815676,0.9397238614973037,1.1061782667752844,0.8588994152250425,0.9120383941972989,0.97833102691322,0.9336506784199837,0.8936095771599102
1070015300,218799087#4,9,3.86,0.832182497931176,0.7931929811906231,0.8418815946436605,0.7744829251653974,0.9135764016074125,0.9048030165397838,0.8892093658649086,0.8892093658649086,0.9120383941972989,0.9209533466267666,1.0159415023969913,0.9687095326834074,1.0829601322402709,1.1304137843572155,1.1039242101949986,1.141128606957758,1.005569941815676,0.9397238614973037,1.1061782667752844,0.8588994152250425,0.9120383941972989,0.97833102691322,0.9336506784199837,0.8936095771599102
1070015300,-218799087#4,10,3.86,0.832182497931176,0.7931929811906231,0.8418815946436605,0.7744829251653974,0.9135764016074125,0.9048030165397838,0.8892093658649086,0.8892093658649086,0.9120383941972989,0.9209533466267666,1.0159415023969913,0.9687095326834074,1.0829601322402709,1.1304137843572155,1.1039242101949986,1.141128606957758,1.005569941815676,0.9397238614973037,1.1061782667752844,0.8588994152250425,0.9120383941972989,0.97833102691322,0.9336506784199837,0.8936095771599102
1070015300,218799087#4,11,3.86,0.832182497931176,0.7931929811906231,0.8418815946436605,0.7744829251653974,0.9135764016074125,0.9048030165397838,0.8892093658649086,0.8892093658649086,0.9120383941972989,0.9209533466267666,1.0159415023969913,0.9687095326834074,1.0829601322402709,1.1304137843572155,1.1039242101949986,1.141128606957758,1.005569941815676,0.9397238614973037,1.1061782667752844,0.8588994152250425,0.9120383941972989,0.97833102691322,0.9336506784199837,0.8936095771599102
1070015300,218799087#5,12,33.69,7.263271594637648,6.922971900598987,7.347925109726665,6.759670919384,7.973675899003556,7.897101975965108,7.761000916059267,7.761000916059267,7.960252202203886,8.038061722242427,8.867116377138506,8.454876724379274,9.452053589423503,9.866228081604817,9.635027627323705,9.959746831193488,8.776593611339411,8.201890387006259,9.654700986440242,7.496456295060021,7.960252202203886,8.538852926607872,8.14888377097649,7.799405869045952
1070015300,218799087#7,13,2.18,0.46998907914247773,0.44796909300403065,0.47546680733761143,0.4374022737980743,0.5159576568663626,0.5110027399110697,0.5021959631050521,0.5021959631050521,0.5150890412824124,0.5201239107892103,0.5737700713019278,0.5470950210491783,0.6116199710579768,0.6384202201810182,0.6234597871049475,0.644471596675625,0.5679125578129985,0.5307248751461456,0.6247328035155753,0.48507790808046447,0.5150890412824124,0.5525289219354457,0.5272949427346023,0.5046810565307266
1070015300,-218799087#7,14,2.18,0.46998907914247773,0.44796909300403065,0.47546680733761143,0.4374022737980743,0.5159576568663626,0.5110027399110697,0.5021959631050521,0.5021959631050521,0.5150890412824124,0.5201239107892103,0.5737700713019278,0.5470950210491783,0.6116199710579768,0.6384202201810182,0.6234597871049475,0.644471596675625,0.5679125578129985,0.5307248751461456,0.6247328035155753,0.48507790808046447,0.5150890412824124,0.5525289219354457,0.5272949427346023,0.5046810565307266
1070015300,218799087#7,15,2.18,0.46998907914247773,0.44796909300403065,0.47546680733761143,0.4374022737980743,0.5159576568663626,0.5110027399110697,0.5021959631050521,0.5021959631050521,0.5150890412824124,0.5201239107892103,0.5737700713019278,0.5470950210491783,0.6116199710579768,0.6384202201810182,0.6234597871049475,0.644471596675625,0.5679125578129985,0.5307248751461456,0.6247328035155753,0.48507790808046447,0.5150890412824124,0.5525289219354457,0.5272949427346023,0.5046810565307266
1070015300,-218799087#7,16,2.18,0.46998907914247773,0.44796909300403065,0.47546680733761143,0.4374022737980743,0.5159576568663626,0.5110027399110697,0.5021959631050521,0.5021959631050521,0.5150890412824124,0.5201239107892103,0.5737700713019278,0.5470950210491783,0.6116199710579768,0.6384202201810182,0.6234597871049475,0.644471596675625,0.5679125578129985,0.5307248751461456,0.6247328035155753,0.48507790808046447,0.5150890412824124,0.5525289219354457,0.5272949427346023,0.5046810565307266
1070015300,218799087#7,17,2.18,0.46998907914247773,0.44796909300403065,0.47546680733761143,0.4374022737980743,0.5159576568663626,0.5110027399110697,0.5021959631050521,0.5021959631050521,0.5150890412824124,0.5201239107892103,0.5737700713019278,0.5470950210491783,0.6116199710579768,0.6384202201810182,0.6234597871049475,0.644471596675625,0.5679125578129985,0.5307248751461456,0.6247328035155753,0.48507790808046447,0.5150890412824124,0.5525289219354457,0.5272949427346023,0.5046810565307266
1070015300,218799087#8,18,8.39,1.8088111807364167,1.7240645368366134,1.8298928961296148,1.6833968243880013,1.985726945462744,1.966657333877924,1.9327633625923792,1.9327633625923792,1.9823839708070823,2.0017612896887496,2.208225182671181,2.105562947982847,2.353895209713957,2.457039287760891,2.3994622081699584,2.4803287596827954,2.185681816537182,2.042560413979891,2.4043615694934295,1.8668824077041728,1.9823839708070823,2.1264759885497195,2.0293598942859234,1.942327552427888
1070015300,218799087#9,19,50.78,10.947727265529824,10.434803001259027,11.075323154405464,10.188663974067069,12.01849991544674,11.903082170956017,11.697940828658048,11.697940828658048,11.998266750605916,12.115546876089951,13.365157899409123,12.743800536182237,14.246817490974342,14.871091183849588,14.522609169352858,15.012049394123046,13.228715452176175,12.362481266018934,14.552262276385738,11.299200079048616,11.998266750605916,12.870375530221066,12.282585867918852,11.755827546160685
1070015300,218799087#11,20,18.79,4.0509609160950255,3.8611647970393284,4.098174912786109,3.770086570947621,4.447176317669244,4.404468570150916,4.328560617772443,4.328560617772443,4.439689488851618,4.483086368683146,4.945476898973955,4.715557543813789,5.271715255128158,5.50271373266116,5.3737657796797995,5.554872156667428,4.894989431791854,4.574458900915631,5.384738246815439,4.181015547170609,4.439689488851618,4.762393781269276,4.544895400909714,4.349980299179977
1070015300,218799087#12,21,16.29,3.5119826143261292,3.3474387729521373,3.552914812628298,3.2684784587938664,3.8554817570426816,3.8184562537391393,3.7526478160464665,3.7526478160464665,3.848991047013989,3.886613993924878,4.287483697939634,4.088154996739044,4.570316205749744,4.770580452637057,4.658788959605317,4.815799224699968,4.24371356274025,3.9658294569406936,4.66830154553611,3.6247335424911764,3.848991047013989,4.1287596964809214,3.94019936566361,3.7712176196722638
1070015300,218799087#13,22,14.22,3.065708580461483,2.9220736250079433,3.1014394496976303,2.8531469419305573,3.3655586608438877,3.333238055750188,3.2757920162173577,3.2757920162173577,3.359892737172433,3.3927348676250317,3.742665327483217,3.568665687761154,3.989557792864418,4.1643740967771,4.066788152583648,4.203846837030912,3.704457143165522,3.4618842773294456,4.075091956876825,3.164132042616608,3.359892737172433,3.6041106742761637,3.4395110484798366,3.2920021210398764
1070015300,218799087#14,23,26.65,5.745508696856436,5.476319416769457,5.812472667682267,5.347142475559026,6.307464016279157,6.246891292949544,6.1392304663989155,6.1392304663989155,6.296845389989123,6.358395514923143,7.01420752302586,6.688111151816789,7.4769138663738905,7.804540765056941,7.621652901993968,7.878517454773122,6.942600764090096,6.487989872772836,7.63721523563765,5.929966169882742,6.296845389989123,6.754539343843864,6.446059735723463,6.16961016355223
1070015400,-37401320#0,0,23.53,6.881781301058042,5.6199923785918315,5.782607898805717,5.850319935091498,5.27857709938525,5.111174654289656,5.340644815144991,5.877850852433104,6.111526880205674,6.8253732576067465,8.696559137629485,7.283051347766966,8.511368355311992,9.059244287521556,8.66638894114161,8.969790349314433,7.930433689790697,7.587203074515017,8.577121415567621,8.994011205343185,7.698263828302217,7.061728939318924,6.6749141276795445,6.3122845540974595
1070015400,-218799087#14,1,26.65,7.794282689043638,6.3651847381841185,6.54936253732139,6.626052965158879,5.9784989247181,5.788899470328063,6.048796613838249,6.657234390877273,6.921895085315818,7.73039512601869,9.849694050906322,8.248759813769215,9.639947584745624,10.260470049402867,9.815523386375858,10.15915481552187,8.98198290832648,8.593241051246288,9.714419282825205,10.186587276769904,8.719028092828475,7.998090787626406,7.559985614222687,7.149272561270603
1070015400,-218799087#13,2,14.22,4.158900556780508,3.396357485064847,3.4946317178502886,3.535552463960948,3.190028319305493,3.088861180790434,3.2275380055827356,3.552190357908999,3.6934089348289283,4.124811207954439,5.25563412397328,4.401402046971792,5.1437168726109865,5.474817414728285,5.237401221548394,5.42075727867621,4.792637784480395,4.585211547794455,5.1834537411547625,5.435394787079477,4.652329436398535,4.267649193247561,4.033883505975483,3.8147338019237513
1070015400,-218799087#12,3,16.29,4.764310131501721,3.890763954409729,4.003343929942418,4.050221493524883,3.654399530343634,3.5385055298928387,3.6973694874080705,4.069281359376764,4.2310570709116195,4.725258409112363,6.020694787589643,5.042112471530976,5.892485784446762,6.271784506745693,5.999807728482653,6.209854857217683,5.490300246778174,5.252679051587319,5.938007133854505,6.2266231421606655,5.329567265747688,4.888889265682333,4.621094396085838,4.370043152836702
1070015400,-218799087#11,4,18.79,5.495481115464538,4.487873216903549,4.6177306595222865,4.671802447104516,4.215234326283419,4.081554260692845,4.264798813284078,4.693787399796771,4.880390568596031,5.4504361882886005,6.944681096305058,5.815917332109701,6.796796064441662,7.2343051492787955,6.920588533958813,7.1628712564223616,6.332887761630564,6.058799225250198,6.849303501849365,7.182212942983359,6.147487349502705,5.639179208236404,5.330286292354383,5.040706620122875
1070015400,-218799087#9,5,50.78,14.851545026252758,12.128483339774467,12.479423251226276,12.625552329109489,11.391676375128897,11.03040582000972,11.525624467193483,12.684966693011177,13.189262004965752,14.729811050627733,18.768009902627508,15.717524328075076,18.36835040725639,19.55071929113237,18.70289972083175,19.357669100645424,17.11463760168175,16.373912967440397,18.510251826711592,19.409940034310537,16.613592741231898,15.239889313158308,14.405105797006684,13.622516347516743
1070015400,-218799087#8,6,8.39,2.453809822179217,2.0038986849292595,2.0618818644700365,2.0860256802132455,1.8821615751739162,1.82247154056482,1.9042928176398841,2.095842271649543,2.1791632182288825,2.433696626915453,3.1008980520489327,2.5968891121022035,3.0348652996628815,3.230219276341091,3.090140383177991,3.1983230357309007,2.8277236998446216,2.7053393028126216,3.058310610990749,3.206959371560957,2.744939801081836,2.5179730472114654,2.3800480038772367,2.2507465962123963
1070015400,218799087#8,7,8.39,2.453809822179217,2.0038986849292595,2.0618818644700365,2.0860256802132455,1.8821615751739162,1.82247154056482,1.9042928176398841,2.095842271649543,2.1791632182288825,2.433696626915453,3.1008980520489327,2.5968891121022035,3.0348652996628815,3.230219276341091,3.090140383177991,3.1983230357309007,2.8277236998446216,2.7053393028126216,3.058310610990749,3.206959371560957,2.744939801081836,2.5179730472114654,2.3800480038772367,2.2507465962123963
1070015400,-218799087#8,8,8.39,2.453809822179217,2.0038986849292595,2.0618818644700365,2.0860256802132455,1.8821615751739162,1.82247154056482,1.9042928176398841,2.095842271649543,2.1791632182288825,2.433696626915453,3.1008980520489327,2.5968891121022035,3.0348652996628815,3.230219276341091,3.090140383177991,3.1983230357309007,2.8277236998446216,2.7053393028126216,3.058310610990749,3.206959371560957,2.744939801081836,2.5179730472114654,2.3800480038772367,2.2507465962123963
1070015400,-218799087#7,9,2.18,0.6375810980155772,0.5206792768946109,0.5357452281936448,0.5420185915214394,0.4890479420594919,0.4735384932576052,0.4947983721638793,0.544569267246246,0.5662188099808063,0.632355023441679,0.8057160611998418,0.6747578384246488,0.7885585641555521,0.839318000288865,0.802920862375211,0.8310303001064795,0.7347363129512843,0.7029367914340305,0.7946504328915177,0.8332743063173882,0.7132263130343746,0.6542528299071506,0.6184153335461712,0.5848185434735428
1070015400,218799087#7,10,2.18,0.6375810980155772,0.5206792768946109,0.5357452281936448,0.5420185915214394,0.4890479420594919,0.4735384932576052,0.4947983721638793,0.544569267246246,0.5662188099808063,0.632355023441679,0.8057160611998418,0.6747578384246488,0.7885585641555521,0.839318000288865,0.802920862375211,0.8310303001064795,0.7347363129512843,0.7029367914340305,0.7946504328915177,0.8332743063173882,0.7132263130343746,0.6542528299071506,0.6184153335461712,0.5848185434735428
1070015400,-218799087#7,11,2.18,0.6375810980155772,0.5206792768946109,0.5357452281936448,0.5420185915214394,0.4890479420594919,0.4735384932576052,0.4947983721638793,0.544569267246246,0.5662188099808063,0.632355023441679,0.8057160611998418,0.6747578384246488,0.7885585641555521,0.839318000288865,0.802920862375211,0.8310303001064795,0.7347363129512843,0.7029367914340305,0.7946504328915177,0.8332743063173882,0.7132263130343746,0.6542528299071506,0.6184153335461712,0.5848185434735428
1070015400,218799087#7,12,2.18,0.6375810980155772,0.5206792768946109,0.5357452281936448,0.5420185915214394,0.4890479420594919,0.4735384932576052,0.4947983721638793,0.544569267246246,0.5662188099808063,0.632355023441679,0.8057160611998418,0.6747578384246488,0.7885585641555521,0.839318000288865,0.802920862375211,0.8310303001064795,0.7347363129512843,0.7029367914340305,0.7946504328915177,0.8332743063173882,0.7132263130343746,0.6542528299071506,0.6184153335461712,0.5848185434735428
1070015400,-218799087#7,13,2.18,0.6375810980155772,0.5206792768946109,0.5357452281936448,0.5420185915214394,0.4890479420594919,0.4735384932576052,0.4947983721638793,0.544569267246246,0.5662188099808063,0.632355023441679,0.8057160611998418,0.6747578384246488,0.7885585641555521,0.839318000288865,0.802920862375211,0.8310303001064795,0.7347363129512843,0.7029367914340305,0.7946504328915177,0.8332743063173882,0.7132263130343746,0.6542528299071506,0.6184153335461712,0.5848185434735428
1070015400,-218799087#5,14,33.69,9.853260179882932,8.046644421366715,8.279475567818299,8.376424930439123,7.557809710084533,7.318124696260879,7.646677595505087,8.41584340070001,8.750418214795118,9.772495752178976,12.45163949624893,10.427794301158906,12.18648533321126,12.970928178776084,12.40844213459672,12.842848995682242,11.35470935015081,10.863275460280954,12.280629855098729,12.877528155886608,11.022291048682602,10.110907265858673,9.55706999411491,9.037860885148465
1070015400,-218799087#4,15,3.86,1.1289279992385908,0.9219367012904577,0.9486131104713159,0.959720992326952,0.8659289249310269,0.8384672403552091,0.8761108791525568,0.9642373264084905,1.0025709204247302,1.1196744910481105,1.4266348606566004,1.1947547047335523,1.3962550723121243,1.4861318720711096,1.42168556365519,1.4714573203720231,1.3009551229320904,1.244649548135485,1.4070415921840633,1.4754306524702376,1.2628686093177457,1.158447671303487,1.0949922878386331,1.035504393489851
1070015400,218799087#4,16,3.86,1.1289279992385908,0.9219367012904577,0.9486131104713159,0.959720992326952,0.8659289249310269,0.8384672403552091,0.8761108791525568,0.9642373264084905,1.0025709204247302,1.1196744910481105,1.4266348606566004,1.1947547047335523,1.3962550723121243,1.4861318720711096,1.42168556365519,1.4714573203720231,1.3009551229320904,1.244649548135485,1.4070415921840633,1.4754306524702376,1.2628686093177457,1.158447671303487,1.0949922878386331,1.035504393489851
1070015400,-218799087#4,17,3.86,1.1289279992385908,0.9219367012904577,0.9486131104713159,0.959720992326952,0.8659289249310269,0.8384672403552091,0.8761108791525568,0.9642373264084905,1.0025709204247302,1.1196744910481105,1.4266348606566004,1.1947547047335523,1.3962550723121243,1.4861318720711096,1.42168556365519,1.4714573203720231,1.3009551229320904,1.244649548135485,1.4070415921840633,1.4754306524702376,1.2628686093177457,1.158447671303487,1.0949922878386331,1.035504393489851
1070015400,218799087#4,18,3.86,1.1289279992385908,0.9219367012904577,0.9486131104713159,0.959720992326952,0.8659289249310269,0.8384672403552091,0.8761108791525568,0.9642373264084905,1.0025709204247302,1.1196744910481105,1.4266348606566004,1.1947547047335523,1.3962550723121243,1.4861318720711096,1.42168556365519,1.4714573203720231,1.3009551229320904,1.244649548135485,1.4070415921840633,1.4754306524702376,1.2628686093177457,1.158447671303487,1.0949922878386331,1.035504393489851
1070015400,-218799087#4,19,3.86,1.1289279992385908,0.9219367012904577,0.9486131104713159,0.959720992326952,0.8659289249310269,0.8384672403552091,0.8761108791525568,0.9642373264084905,1.0025709204247302,1.1196744910481105,1.4266348606566004,1.1947547047335523,1.3962550723121243,1.4861318720711096,1.42168556365519,1.4714573203720231,1.3009551229320904,1.244649548135485,1.4070415921840633,1.4754306524702376,1.2628686093177457,1.158447671303487,1.0949922878386331,1.035504393489851
1070015400,-218799087#3,20,17.24,5.042155105407591,4.117665474157381,4.236810887182767,4.286422255885143,3.867516752800752,3.744864047596841,3.9129926312409533,4.306593654736366,4.477803800031696,5.000825965199333,6.3718095849015,5.336158318550892,6.236123690844824,6.637542350908271,6.349704434563594,6.57200108891546,5.810483502422082,5.559004717579213,6.284299753692552,6.589747266473289,5.640376897574594,5.173999443852879,4.890587316667885,4.624895270405447
1070015400,-218799087#2,21,24.09,7.045563601465713,5.753744853390447,5.920230526231606,5.989554068693336,5.404204093675761,5.232817569988857,5.467748984141216,6.017740205487185,6.256977583686982,6.987813080142224,8.903532070781738,7.4563836365366,8.713933858030849,9.274848911448972,8.87264384156827,9.18326602273628,8.119173293117631,7.767773993415501,8.781251801998467,9.208063320727469,7.881477927063339,7.229793886451036,6.833773112443699,6.4625131707695616
1070015400,-218799087#1,22,16.66,4.872523437128218,3.979136125258815,4.09427316592024,4.142215474654669,3.7374030801427223,3.6188767420512398,3.7813490276377193,4.161708253358926,4.3271584285689135,4.832584720430447,6.157444761279526,5.156635590896628,6.026323705886008,6.414237561840593,6.1360832876931255,6.350901284299976,5.6150031989763285,5.371984837289426,6.072878996317746,6.368050432682425,5.4506194381434305,4.999932177180336,4.726054796733583,4.469301345995056
1070015400,-520307307#2,23,11.24,3.287344743896829,2.684603244172214,2.762282736191086,2.7946279672940264,2.52151324254527,2.4415470936768267,2.5511622491385335,2.8077791577283504,2.9194034055891107,3.260399295176364,4.154242443984505,3.4790266531619505,4.065779018857066,4.327492808828827,4.139830501420812,4.284761730824234,3.7882734667763462,3.624316300788304,4.09718847050489,4.296331744498827,3.6773686965625547,3.373303581723107,3.1885267656233776,3.0153029489186336
1070015400,-520307307#1,24,73.09,21.376514887136945,17.45708639826932,17.962210425997018,18.172540758854126,16.396566094095533,15.876572693668974,16.58936377131098,18.25805859771932,18.983914138301433,21.201297551996475,27.013663721603873,22.622958903879624,26.43841534593087,28.140253505097775,26.919947628900992,27.862387447147974,24.633888584224483,23.56772939720793,26.642660614697718,27.937623416852247,23.912711568661667,21.935476760510845,20.733934279307178,19.607517129578554
1070015400,219054275#1,25,118.52,34.663354007709266,28.307755916307006,29.126846075922373,29.4679098473032,26.588056005913295,25.74485422976668,26.900689481129803,29.606582364231684,30.783602458222543,34.37922815518706,43.80434292358039,36.68454083031622,42.87154175399818,45.6311786212093,43.65237642601375,45.180601453495385,39.94538890412212,38.21654519300976,43.202738213900304,45.30260127740222,38.77595533065782,35.56974559660343,33.62136941829917,31.794813657102882
1070015500,1127921502#1,0,15.28,1.6692336533300245,1.5673898490365648,1.6581215334959896,1.6414928075153707,1.8157876064116145,2.2979582423700937,1.9981897098809358,2.027897309107485,1.8988431880108199,2.1667208389669605,2.7137896249306697,2.3392445480721293,2.572433721701232,2.1085056673642413,2.149647241361593,2.268835603258869,2.450303634828334,2.163447846763083,2.2634570913586107,2.3711961499290743,2.0051837235662036,2.027897309107485,2.3989991198612413,2.00238025104112
1070015500,1127921499#4,1,16.62,1.81561932711682,1.7048441944363684,1.8035327150983866,1.7854457107922426,1.9750255247749369,2.4994807583894607,2.1734236242291334,2.2057364710318326,2.0653647764882086,2.3567343156826497,2.951779029211239,2.5443877217904967,2.7980267313268636,2.293413886884404,2.3381634261406856,2.467804170560367,2.6651862834323894,2.3531742940577516,2.46195398287828,2.5791413620301844,2.181030987282088,2.2057364710318326,2.6093825505297015,2.177981660491061
1070015500,1127921505,2,46.99,5.133330456150383,4.8201340972662425,5.0991577787288325,5.048020093268801,5.584022226785456,7.06682315503735,6.1449564441953655,6.236315088675439,5.8394398825018605,6.66323378423151,8.34561351279399,7.193789353004539,7.9109071062003204,6.484206891979431,6.6107280020668355,6.977263416042819,7.535325117839229,6.653168476400345,6.960723083962117,7.292048893008325,6.166464867171198,6.236315088675439,7.377550303814118,6.157843455263235
1070015500,-1127921498#1,3,40.13,4.3839232007941025,4.11644991111501,4.354739341570292,4.3110671705230255,4.768819152179195,6.035148184968055,5.247863419994893,5.325884752256765,4.9869487653713485,5.690478224328804,7.127249846103913,6.143578777103047,6.7560055793108935,5.537587201003077,5.645637682973869,5.958663138663509,6.435254245134884,5.681882335772417,5.94453750498829,6.227493553445927,5.266231860386895,5.325884752256765,6.300512740839766,5.258869075541894
1070015500,-1416455072#2,4,0.49,0.05352908966830576,0.05026315615365948,0.053172745511324275,0.052639494481841076,0.05822879104330439,0.073691069290664,0.0640780731571766,0.06503073831561959,0.06089222265217943,0.06948253999305043,0.08702597619214844,0.0750150411358209,0.08249296620638767,0.06761569221259674,0.06893502279235474,0.07275716266995064,0.07857649090745311,0.06937758147342347,0.07258468421241619,0.0760396671115999,0.06430235762745025,0.06503073831561959,0.07693125449816808,0.06421245569438146
1070015500,1416455072#2,5,0.49,0.05352908966830576,0.05026315615365948,0.053172745511324275,0.052639494481841076,0.05822879104330439,0.073691069290664,0.0640780731571766,0.06503073831561959,0.06089222265217943,0.06948253999305043,0.08702597619214844,0.0750150411358209,0.08249296620638767,0.06761569221259674,0.06893502279235474,0.07275716266995064,0.07857649090745311,0.06937758147342347,0.07258468421241619,0.0760396671115999,0.06430235762745025,0.06503073831561959,0.07693125449816808,0.06421245569438146
1070015500,-1127921498#0,6,106.15,11.596148710797259,10.888640868797864,11.518952930667494,11.40343334540292,12.614257488258696,15.963891847355072,13.881402991090402,14.0877813718429,13.19124374393642,15.052186980127152,18.852668107748077,16.250707380749773,17.870670128179697,14.64776679258601,14.933576876343787,15.76157717839849,17.02223369352275,15.029449537558985,15.724212712546898,16.472674824278226,13.929990330926215,14.0877813718429,16.66582176526641,13.91051463665019
1070015500,-801008456#3,7,110.88,12.112868290656618,11.37383419248523,12.03223269856252,11.911565608462324,13.176343573227737,16.67523625091597,14.499952554423961,14.715527070277348,13.779040097293173,15.722906192713126,19.692735184051877,16.974832165591472,18.666979781559725,15.300465209250463,15.599010871869986,16.463906524171687,17.78073737105796,15.699155579128966,16.424877113209607,17.206690386396318,14.550704925983027,14.715527070277348,17.408443875014033,14.53036140284289
1070015600,801008456#3,0,110.9,13.65326487729859,12.94207362265414,12.953509917460607,13.415853010914812,12.784059933075222,13.577389987582205,13.615221724389707,13.342586823355207,13.60258774196683,13.535600544714914,14.334148034478083,14.023331049036598,14.44716365630051,13.334495503268272,13.908022191580885,14.688432254435122,13.25811461253505,13.649027364922024,13.594178105032075,13.683001297379825,13.794594156141397,13.886064467880884,13.178653332268134,13.174705263564636
1070015600,1127921498#0,1,106.25,13.080788036185528,12.399416793570806,12.410373568351574,12.853330770150576,12.248028565277208,13.008094555280517,13.044340019985631,12.783136609391258,13.03223577623062,12.968057329810275,13.733121989750193,13.435337456809183,13.841398904255449,12.775384555656032,13.324863461275644,14.07255119056566,12.702206290187997,13.076728201289132,13.024178752566797,13.109277618093836,13.216191425518694,13.303826417604542,12.626076794891697,12.622294267391727
1070015600,1127921498#1,2,40.36,4.968852754263039,4.710027875656637,4.714189903234536,4.882451104783786,4.652521721360829,4.941239494128204,4.955007653709365,4.855787233459116,4.950409749916873,4.926031000763697,5.216647562412403,5.1035314800641745,5.257777503771764,4.852842547447317,5.061566958090212,5.345582739305694,4.825045137618707,4.967310590155571,4.947349218386786,4.979674773329574,5.02028692643703,5.05357585143077,4.796126677099566,4.79468985065346
1070015600,1127921504,3,44.0,5.416985163220359,5.134817307455204,5.139354701246769,5.322791095403533,5.072124770561855,5.38688150995146,5.401891396511696,5.293722454712616,5.396878815568445,5.370301388344961,5.687128165167138,5.563810335055096,5.731967546232845,5.29051219245991,5.518061103963561,5.827691787151897,5.260207781348442,5.415303913945618,5.393542259886486,5.428783201845918,5.4730580962148005,5.509349292937411,5.2286812138845615,5.227114802496339
1070015600,1127921499#6,4,17.14,2.1101619476726583,2.0002447420405045,2.0020122631674915,2.073469076709467,1.975823149259777,2.0984352063765463,2.1042822394593292,2.0621455198585052,2.1023296113373444,2.0919764953689235,2.21539492615829,2.167357025973735,2.232861903237067,2.0608949767900646,2.149535620953078,2.270150846176898,2.0490900311889155,2.1095070246597247,2.1010298712375994,2.1147578199917962,2.1320049038436744,2.1461419745669823,2.0368090001359405,2.0361988116997103
1070015700,415667973#1,0,28.01,5.198120944681659,5.140388717188398,4.556474815198046,4.655183747364812,5.001517035302594,5.275602800060517,4.893716952801155,5.649600932834759,6.3974747405305905,4.5965049606333235,6.718955883270822,7.964030434770377,6.050100546474629,6.976028977935095,6.760477520751707,6.947834865437668,6.7528900038934,7.0372222145836485,5.209372288717766,5.612709881967369,5.9868905407651924,6.508193611107648,5.83591172984386,5.746728742568309
1070015700,538081779,1,5.94,1.1023505323601948,1.0901074252088214,0.9662784863361796,0.9872114051891104,1.06065730773643,1.1187818861963397,1.0377964548246648,1.1980945926825588,1.3566940363709998,0.9747675639472311,1.4248696160881356,1.6889089890230646,1.283027391862167,1.479386366616725,1.4336749901201409,1.4734073224098445,1.4320659272804996,1.4923634400080998,1.1047365724735285,1.1902712138124303,1.269622628066592,1.3801738682606008,1.237604986621654,1.218692207456471
1070015700,-518709822#4,2,50.14,9.305026210865348,9.201681195281196,8.156431532810782,8.333127921916162,8.953090473047913,9.44372454105799,8.76012024325062,10.113209238569612,11.451959424855545,8.228088494328983,12.027434772838234,14.256211567275496,10.830133573732164,12.487614885885957,12.101761616940042,12.437145310712054,12.088179392903074,12.597155367341097,9.325166960239514,10.047171491675968,10.716982924454365,11.650154504139143,10.44671953353699,10.287075299977687
1070015700,-518709822#3,3,15.99,2.9674385542827464,2.9344810991732415,2.6011436021069887,2.65749332811008,2.855203762745037,3.01167043102348,2.793664194048213,3.2251738277767874,3.6521107140694085,2.6239955130498696,3.835633865530183,4.546406520956027,3.4538060599117935,3.9823885525591636,3.8593372208789645,3.966293448709329,3.855005753739931,4.017321785476349,2.9738615814565184,3.204113924050633,3.417721518987341,3.7153165241560613,3.331532615501725,3.2806209422944397
1070015700,-518709822#1,4,30.62,5.682487087688412,5.619375313113487,4.981051725860913,5.088958455705482,5.467563428095874,5.767188780358909,5.349718425375628,6.1760364356801265,6.993597877723908,5.0248119205495305,7.345034957006517,8.706126808735057,6.613855006535279,7.626062381448505,7.390425622471162,7.595241113163206,7.3821310931530135,7.692957665496299,5.694786843289468,6.1357078395516185,6.544755028855059,7.114633644131245,6.379707860329132,6.282214712511304
1070015700,-518709822#0,5,36.59,6.790405046979719,6.714988331378919,5.9522104065725285,6.081155777082417,6.533577590921882,6.891621080121897,6.392756276436781,7.3801820111540115,8.35714390417759,6.004502553001546,8.777100884287018,10.403565641137027,7.903362334719982,9.112920396381476,8.831341395369689,9.076089886696332,8.821429676631901,9.192858294595348,6.805102893401752,7.33199052414088,7.820789892416938,8.501778087484071,7.623563377186249,7.507061931116545
1070015700,-518709396#2,6,157.04,29.143624175394773,28.819944453668903,25.546190823945057,26.099609271194932,28.041350775577264,29.578031550214337,27.436962165936922,31.674877918328118,35.86788408614508,25.770622599709284,37.670290321629764,44.650886807438056,33.92030666970281,39.11158838610951,37.903084250583646,38.95351614667373,37.86054431315314,39.454672494759585,29.20670561300385,31.468045693115158,33.56591540598949,36.48863708276847,32.719442272569786,32.21943169342832
1070015700,-518709396#1,7,127.32,23.62815989563973,23.36573693225373,20.711544929347202,21.160228301124164,22.73449300016873,23.980355176854875,22.24448562765594,25.680370966387773,29.07984591090163,20.893502734303272,30.541144700394177,36.200655300070125,27.500849752843617,31.709675454148385,30.729882111464022,31.581518567208988,30.695392905951717,31.98783050199179,23.679303098877043,25.512681976868453,27.213527441993012,29.583120691403984,26.527250319304542,26.121867315380115
1070015700,-518709396#0,8,15.24,2.828252881004944,2.796841272757986,2.4791387427211076,2.5328454234144853,2.7212823855055883,2.8704100918572752,2.662629288136008,3.0738992579936353,3.4808109620023635,2.5009188004302696,3.655726085721075,4.333160436483419,3.291807651848388,3.7955973446530114,3.6783176514193507,3.7802571706272774,3.674189348780272,3.8288920582025994,2.834374640487639,3.0538271546298716,3.257415631605196,3.54105214685043,3.175269359615153,3.1267456635751882
1070015700,-617286516#8,9,138.04,25.61758711902378,25.333068851149108,22.455401052836063,22.941862352239866,24.648675885511246,25.999436291337155,24.11741121616106,27.84258881715495,31.528290367113268,22.652679213346087,33.11262656646569,39.248652667465294,29.81634699876322,34.37954445248698,33.317255157606766,34.24059710192844,33.27986205417511,34.68111940382459,25.67303644179223,27.660780867789203,29.50483292564181,32.07393952435914,28.760773123443283,28.321257965873947
1070015700,-617286516#7,10,63.83,11.8456287004295,11.714066826780988,10.383426899467736,10.608367675626418,11.397602012258641,12.022196598638443,11.151944059168072,12.874474385678067,14.578750899252679,10.474648755345413,15.31135144695382,18.14866342918219,13.787144515582847,15.89717706753292,15.405972158142859,15.832927506636427,15.388681504766716,16.036625989177946,11.871268589391468,12.790405989502933,13.64309972213646,14.831060271224604,13.29904483098656,13.095812054199754
1070015700,-617286516#6,11,28.36,5.263074258877967,5.204620636182184,4.613410416244791,4.7133527695560895,5.064013678014336,5.341524291671412,4.954866575560183,5.720195732066896,6.477414624828544,4.653940759855804,6.802912847181738,8.063545274190927,6.1256998035708845,7.063198208291299,6.84495331983286,7.0346517952092915,6.837270992874575,7.125156087311399,5.274466194503243,5.6828437076970575,6.06169995487686,6.589516987183608,5.908834582590926,5.8185372059706255
1070015700,-617286516#5,12,32.28,5.9905513778766135,5.924018128912585,5.25108914796833,5.364845818098398,5.763976076385852,6.079844997713442,5.639742350461308,6.510857483466834,7.372741328965635,5.297221711147579,7.743230842984009,9.178111475701098,6.9724114830489485,8.039493588280788,7.791082269541774,8.007001408651478,7.782338069463726,8.110015461862197,6.003517939300589,6.468342555869571,6.899565392927541,7.500338799234376,6.72557053335808,6.622791996076581
1070015700,-617286516#4,13,23.66,4.390844039670405,4.3420777239799175,3.848846630759934,3.9322259001303626,4.224773047313794,4.456292832896531,4.133714498510365,4.7722084280924815,5.403936178541726,3.882660027439644,5.675490760377994,6.727203144829243,5.110509779706881,5.8926399720794125,5.710564017885948,5.86882445256177,5.704154855127378,5.944329796395898,4.400348031098263,4.741046619326953,5.057116393948749,5.497460222734985,4.92958484570174,4.85425212599665
1070015700,-617286516#3,14,13.89,2.5777186691049,2.5490895852105266,2.2595299958265214,2.308479194962415,2.4802239064745812,2.616141481358107,2.426766457494039,2.8016050323839634,3.172471408281681,2.27938071771499,3.3318920820646807,3.9493174844327217,3.0002105173342595,3.4593731704219373,3.3524824263920463,3.445391870079586,3.3487198198528856,3.4897185491098495,2.583298146743655,2.783310969672501,2.9688650343173344,3.227376267700294,2.8939954990193226,2.849770161880536
1070015700,-617286516#2,15,0.11,0.02041389874741101,0.0201871745409041,0.017894046043262585,0.01828169268868723,0.019641801995119074,0.020718183077709992,0.01921845286712342,0.022186936901528866,0.025123963636499994,0.01805125118420798,0.026386474372002512,0.03127609238931601,0.023759766515966053,0.027396043826235644,0.026549536854076676,0.027285320785367488,0.026519739394083326,0.027636360000149993,0.02045808467543571,0.022042059515045006,0.023511530149381336,0.025558775338159274,0.022918610863363963,0.02256837421215687
1070015700,-617286516#1,16,10.16,1.8855019206699626,1.864560848505324,1.6527591618140716,1.688563615609657,1.8141882570037255,1.91360672790485,1.7750861920906722,2.049266171995757,2.3205406413349086,1.6672792002868462,2.43715072381405,2.8887736243222784,2.194538434565592,2.5303982297686742,2.4522117676129,2.520171447084852,2.4494595658535148,2.5525947054683993,1.8895830936584257,2.0358847697532476,2.1716104210701306,2.3607014312336205,2.116846239743435,2.0844971090501256
1070015700,-617286516#0,17,5.65,1.0485320720261113,1.036886692328256,0.9191032740403056,0.9390142153734805,1.0088743752038436,1.0641612217187406,0.987129624538612,1.1396017590330736,1.290458132238409,0.9271779017343191,1.3553052745619472,1.6064538363603225,1.2203880074109839,1.4071604328930127,1.3636807565957567,1.4014732948847848,1.3621502506960983,1.4195039454622498,1.0508016219655616,1.1321603296364027,1.207637684945496,1.31279164236909,1.1771831943455127,1.1591937663516938
1070015700,617286516#0,18,5.65,1.0485320720261113,1.036886692328256,0.9191032740403056,0.9390142153734805,1.0088743752038436,1.0641612217187406,0.987129624538612,1.1396017590330736,1.290458132238409,0.9271779017343191,1.3553052745619472,1.6064538363603225,1.2203880074109839,1.4071604328930127,1.3636807565957567,1.4014732948847848,1.3621502506960983,1.4195039454622498,1.0508016219655616,1.1321603296364027,1.207637684945496,1.31279164236909,1.1771831943455127,1.1591937663516938
1070015700,-617286516#0,19,5.65,1.0485320720261113,1.036886692328256,0.9191032740403056,0.9390142153734805,1.0088743752038436,1.0641612217187406,0.987129624538612,1.1396017590330736,1.290458132238409,0.9271779017343191,1.3553052745619472,1.6064538363603225,1.2203880074109839,1.4071604328930127,1.3636807565957567,1.4014732948847848,1.3621502506960983,1.4195039454622498,1.0508016219655616,1.1321603296364027,1.207637684945496,1.31279164236909,1.1771831943455127,1.1591937663516938
1070015700,617286516#0,20,5.65,1.0485320720261113,1.036886692328256,0.9191032740403056,0.9390142153734805,1.0088743752038436,1.0641612217187406,0.987129624538612,1.1396017590330736,1.290458132238409,0.9271779017343191,1.3553052745619472,1.6064538363603225,1.2203880074109839,1.4071604328930127,1.3636807565957567,1.4014732948847848,1.3621502506960983,1.4195039454622498,1.0508016219655616,1.1321603296364027,1.207637684945496,1.31279164236909,1.1771831943455127,1.1591937663516938
1070015700,-617286516#0,21,5.65,1.0485320720261113,1.036886692328256,0.9191032740403056,0.9390142153734805,1.0088743752038436,1.0641612217187406,0.987129624538612,1.1396017590330736,1.290458132238409,0.9271779017343191,1.3553052745619472,1.6064538363603225,1.2203880074109839,1.4071604328930127,1.3636807565957567,1.4014732948847848,1.3621502506960983,1.4195039454622498,1.0508016219655616,1.1321603296364027,1.207637684945496,1.31279164236909,1.1771831943455127,1.1591937663516938
1070015700,1455063479#0,22,36.67,6.805251518796017,6.729669912863212,5.9652242582403545,6.094451553583279,6.547862537827423,6.906688849632959,6.406733333067416,7.396317965264214,8.375415877731408,6.01763073568097,8.796291047466655,10.426311890147437,7.920642164913412,9.132844791891465,8.85065014944538,9.095933756358416,8.840716759827597,9.212957465504548,6.819981500438432,7.348021112879094,7.837889187071033,8.520366287730004,7.64023145781415,7.523475294179931
1070015800,-415691586#0,0,11.73,2.0842196788356437,2.0081644822986995,1.985477492884975,1.9076156304188978,1.822733436091125,1.9244614060319227,2.003733078512825,1.847456846550143,2.0193292218222285,2.5072021355160476,2.6772237053937946,2.46411137063608,2.569882188903949,2.2872167256407945,2.3958444329271646,2.4764319274892603,2.599308320837964,2.559018431412105,2.5506321350544816,2.5783957598089784,2.465226353156729,2.387445328867823,2.362597675835374,2.1766481184484108
1070015800,1389567236#5,1,0.2,0.03553656741407747,0.034239803619756176,0.03385298368090324,0.03252541569341684,0.031078148952960356,0.03281264119406518,0.03416424686296377,0.03149969047826331,0.034430165759969794,0.04274854451007754,0.045647463007566835,0.042013834111442105,0.04381725812282949,0.038997727632409114,0.0408498624540011,0.04222390328199932,0.044318982452480206,0.04363202781606318,0.043489038960860725,0.0439624170470414,0.04203284489610791,0.0407066552236628,0.040282995325411325,0.03711249988829345
1070015800,617286516#0,2,5.65,1.0039080294476885,0.967274452258112,0.9563467889855166,0.9188429933390259,0.8779577079211301,0.9269571137323412,0.9651399738787267,0.8898662560109385,0.9726521827191467,1.2076463824096906,1.289540829963763,1.1868908136482397,1.237837541969933,1.1016858056155574,1.154008614325531,1.1928252677164808,1.2520112542825659,1.2326047858037847,1.2285653506443155,1.2419382815789197,1.1874278683150488,1.149963010068474,1.1379946179428697,1.0484281218442901
1070015800,617286516#1,3,10.16,1.8052576246351353,1.7393820238836137,1.7197315709898848,1.6522911172255754,1.578769966810386,1.666882172658511,1.7355437406385597,1.600184276295776,1.7490524206064653,2.1716260611119393,2.318891120784395,2.1343027728612594,2.2259167126397377,1.981084563726383,2.075173012663256,2.1449742867255654,2.251404308585994,2.216507013056009,2.2092431792117244,2.2332907859897033,2.135268520722282,2.0678980853620703,2.046376162530895,1.8853149943253074
1070015800,617286516#2,4,0.11,0.019545112077742607,0.018831891990865896,0.018619141024496782,0.017888978631379265,0.017092981924128198,0.018046952656735844,0.018790335774630074,0.01732482976304482,0.018936591167983383,0.02351169948054265,0.025106104654161757,0.02310760876129316,0.024099491967556213,0.021448750197825012,0.0224674243497006,0.023223146805099626,0.024375440348864113,0.023997615298834745,0.023918971428473396,0.024179329375872773,0.023118064692859354,0.022388660373014537,0.022155647428976227,0.0204118749385614
1070015800,617286516#3,5,14.1,2.5053280026924614,2.4139061551928105,2.3866353495036785,2.2930418063858875,2.1910095011837054,2.3132912041815947,2.408579403838946,2.2207281787175632,2.4273266860778704,3.0137723879604668,3.2181461420334614,2.9619753048566686,3.0891166976594784,2.749339798084842,2.8799153030070777,2.9767851813809516,3.1244882628998543,3.0760579610324537,3.065977246740681,3.099350401816419,2.963315565175608,2.869819193268227,2.839951170441498,2.6164312421246883
1070015800,617286516#4,6,23.67,4.205752753456069,4.052280758398144,4.006500618634899,3.849382947315884,3.6780989285828585,3.883376085317614,4.043338616231763,3.7279883681024626,4.074810117692425,5.059290242767677,5.402377246945535,4.9723372670891735,5.18577249883687,4.615381065295619,4.83458122143103,4.997198953424619,5.245151573251031,5.163850492031076,5.146927761017867,5.202952057517351,4.974587193454372,4.817632645720492,4.76749249676243,4.39226436177953
1070015800,617286516#5,7,32.28,5.735601980632104,5.526304304228647,5.463871566097784,5.2496020929174785,5.016013241007802,5.295960288722119,5.514109443682353,5.084050043191698,5.557028753659125,6.899615083926515,7.367500529421287,6.781032825586757,7.0721054610246785,6.294233239870831,6.593167800075778,6.81493798971469,7.153083767830305,7.042209289512596,7.019130888282921,7.095534111392483,6.7841011662318165,6.570054153099176,6.501675445521387,5.9899574819705625
1070015800,617286516#6,8,27.98,4.971565781229438,4.790148526403889,4.736032416958364,4.550305655509017,4.347833038519154,4.590488503049718,4.779578136128632,4.406806697909037,4.816780189819774,5.980521376959849,6.386080074758599,5.8777353921907505,6.1300344113838445,5.455782095774035,5.714895757314753,5.907124069151704,6.20022564510198,6.104120691467238,6.084116550624415,6.150342144881092,5.880395000965497,5.694861065790425,5.635591046025044,5.192038734372254
1070015800,617286516#7,9,63.2,11.229555302848482,10.81977794384295,10.697542843165424,10.278031359119723,9.820695069135473,10.368794617324596,10.795902008696551,9.953902191131206,10.879932380150455,13.508540065184503,14.424598310391119,13.276371579215708,13.846253566814116,12.32328193184128,12.90855653546435,13.342753437111785,14.004798454983742,13.787720789875964,13.742536311631987,13.892123786865085,13.2823789871701,12.863303050677443,12.729426522829977,11.727549964700732
1070015800,617286516#8,10,137.94,24.50957054548923,23.615192556545836,23.348402844718965,22.432779203749593,21.43459933285676,22.630878631546754,23.563081061386114,21.725336522858203,23.74648532465116,29.483671148600482,31.48305523631884,28.976941386661625,30.220762927315494,26.896732748072566,28.17415013452456,29.12182609359493,30.566802197475592,30.09300958473877,29.99439017130564,30.320879037344458,28.990053124845627,28.07538010776023,27.783181875936183,25.596491172955993
1070015800,518709396#0,11,15.21,2.7025559518405915,2.6039370652824574,2.5745194089326917,2.4735578634843507,2.363493227872635,2.4954013628086567,2.598190973928395,2.395551460871925,2.618414106045703,3.2510268099913975,3.4714895617254578,3.1951520841751724,3.3323024802411823,2.965777186444713,3.106632039626784,3.2111278445960485,3.370458615511119,3.3182157154116045,3.3073414129734577,3.343341816427499,3.196597854349007,3.0957411297595554,3.063521794497531,2.822405616504717
1070015800,518709396#1,12,126.9,22.547952024232156,21.725155396735293,21.479718145533106,20.637376257472987,19.719085510653347,20.819620837634353,21.677214634550516,19.98655360845807,21.845940174700832,27.1239514916442,28.963315278301152,26.65777774371002,27.802050278935308,24.74405818276358,25.9192377270637,26.791066632428567,28.12039436609869,27.684521649292083,27.59379522066613,27.894153616347772,26.66984008658047,25.828372739414043,25.55956053397348,23.547881179122196
1070015800,518709396#2,13,157.59,28.001038293922342,26.979253262186877,26.67445849136771,25.628401295627803,24.488027467485114,25.854720628863653,26.919718315672306,24.820181112347573,27.1292491105682,33.6837156467156,35.96791847681228,33.10480058811081,34.52580853788349,30.72825948795676,32.18764912063017,33.27032459105136,34.92114222343177,34.37985631766698,34.26718824921021,34.640186512216275,33.11978013588823,32.0748089834851,31.74098616665785,29.242794286980825
1070015800,518709822#0,14,36.6,6.5031918367761765,6.26588406241538,6.195096013605292,5.952151071895282,5.687301258391745,6.004713338513927,6.252057175922371,5.764443357522186,6.300720334074472,7.82298364534419,8.35348573038473,7.688531642393906,8.018558236477794,7.136584156730868,7.475524829082202,7.726974300605876,8.110373788803876,7.984661090339561,7.958494129837513,8.045122319608577,7.692010615987749,7.449317905930292,7.371788144550272,6.791587479557702
1070015800,518709822#1,15,30.62,5.440648471095261,5.24211393418467,5.182891801546286,4.9796411426621185,4.758064604698231,5.023615366811378,5.230546194719754,4.822602612222113,5.271258377851375,6.5448021644928716,6.988626586458482,6.432318002461788,6.708422218605194,5.970552100521835,6.254113941707569,6.464479592474096,6.785236213474719,6.680063458639272,6.658171864907777,6.73064604990204,6.435228553594121,6.232188914742774,6.167326584320473,5.681923732897728
1070015800,518709822#3,16,16.98,3.0170545734551775,2.9069593273172996,2.874118314508685,2.76140779237109,2.6385348461063343,2.7857932373761334,2.9005445586656244,2.6743237216045546,2.923121073021435,3.6293514289055833,3.875469609342424,3.566974516061435,3.720085214628223,3.3109070759915333,3.468153322344693,3.5848093886417423,3.7626816102155693,3.704359161583764,3.692219407777075,3.732409207293815,3.568588531679562,3.4559950284889713,3.4200263031274214,3.1508512405161144
1070015800,518709822#4,17,50.6,8.9907515557616,8.662670315798312,8.564804871268521,8.228930170434461,7.862771685098971,8.30159822209849,8.643554456329834,7.969421691000617,8.710831937272356,10.815381761049618,11.548808140914407,10.629500030194855,11.085766305075861,9.866425090999506,10.335015200862278,10.682647530345827,11.212702560477492,11.038903037463983,11.002726857097763,11.122491512901474,10.634309758715304,10.298783771586686,10.191597817329065,9.389462471738243
1070015800,183521120#0,18,24.42,4.339014881258859,4.180680021972229,4.133449307438286,3.971353256166197,3.79464198715646,4.006423489795358,4.171454541967877,3.84611220739595,4.203923239292312,5.219597284680468,5.57355523322391,5.129889145007082,5.350087216797481,4.761622543917153,4.987768205633534,5.155538590732117,5.4113477574478335,5.327470596341314,5.310011657121095,5.367811121443756,5.132210361814777,4.9702826028092275,4.918553729232722,4.531436236360631
1070015900,518807040#15,0,6.75,1.5685061851217075,1.2766213887310804,1.1264053183780303,1.081553309909109,1.1488714492122551,1.2237795510290248,1.3681073604869933,0.9175825801453552,1.1328986688061164,1.1685617958409367,1.2635847860473666,1.2122344609249776,1.262629695506137,1.2741869467235842,1.2909266515878044,1.1406344057047586,1.2839808510027815,1.353694560092884,1.149662138440894,1.2396727919514796,1.1544292240183958,1.0011741607159839,1.2526877293997891,1.5381759550226692
1070015900,518807040#16,1,18.15,4.217538853327258,3.432693067476905,3.0287787449720365,2.908176677755604,3.0891876745485076,3.2906072372113773,3.6786886804205823,2.4672776043908438,3.0462386427897803,3.1421328288167407,3.397639091371808,3.259563772709383,3.3950709590276125,3.4261471234123033,3.471158329824985,3.0670391797839063,3.452481843807479,3.6399342615830874,3.0913137500299595,3.3333423961362003,3.1041319134716856,2.692046076591867,3.3683381168305435,4.13598423461651
1070015900,518807040#18,2,56.06,13.026734331544139,10.602577044779908,9.355004762707019,8.982500526445133,9.541590139679855,10.163715797138835,11.362384982059385,7.620693250807202,9.408933240484577,9.705122114791543,10.494305645305984,10.067831685845073,10.48637344149245,10.582358553085056,10.72138490192775,9.473179967971669,10.663698741809768,11.242684005749199,9.548156960147633,10.295712106192585,9.58774848866241,8.3149368073686,10.403803571874397,12.774836153862347
1070015900,518807040#20,3,43.25,10.050058149113164,8.179833342610257,7.21733778071849,6.929952689417624,7.361287433841486,7.841254160297085,8.766021235712959,5.879325420931349,7.258943322350303,7.48745150668452,8.096302518007201,7.767280064445226,8.09018286379858,8.16423488085852,8.27149298980334,7.308509340256416,8.226988415684488,8.673672551706256,7.366353701862025,7.943088629911333,7.396898361303054,6.4149307334764885,8.026480636524575,9.855720008108214
1070015900,518807040#21,4,43.3,10.061676713447397,8.189289797341598,7.225681523817586,6.937964195416951,7.36979759272454,7.85031919400841,8.776155364309156,5.886122328932426,7.267335164341458,7.496107519987046,8.105662405311255,7.7762595789705955,8.099535676357885,8.173673302686103,8.28105540944473,7.3169584840023765,8.236499384951175,8.683699918818055,7.374869717702327,7.952271391333195,7.405449688888375,6.4223468383706805,8.035759804890498,9.867113904071344
1070015900,232490706#0,5,1.31,0.30440638555695365,0.24775911396114303,0.21860606919632883,0.2099014571823604,0.22296616273600803,0.2375038832367441,0.26551416922043874,0.17807898962820967,0.2198662601682982,0.22678754852616698,0.2452290473662297,0.23526328056469936,0.24504368905378363,0.24728665188265114,0.25053539460444796,0.22136756614418276,0.24918739478720647,0.2627170183291375,0.2231196150159365,0.24058834925280567,0.224044782735422,0.1943019482278428,0.24311421118721832,0.29852007423402915
1070015900,232490706#1,6,9.92,2.3051231639121985,1.8761606186981212,1.6553986308607498,1.589482790266424,1.6884155223978623,1.7985026883271003,2.0106111134860702,1.3485065474136182,1.6649414510454335,1.7173530392210505,1.8570016411244261,1.7815356818334482,1.855598011766056,1.8725828905922897,1.8971840568520029,1.6763101191986969,1.8869763025107544,1.9894296349809495,1.689577542716099,1.821859866097582,1.6965833929277756,1.4713552110077865,1.8409870037993936,2.2605489590851673
1070015900,-232490706#1,7,8.97,2.0843704415617363,1.696487978802636,1.496867511977916,1.437264176279216,1.5267225036198413,1.6262670478119041,1.8180626701582714,1.219365295393161,1.5054964532134616,1.5528887864730672,1.6791637823473897,1.6109249058514146,1.6778945731392665,1.69325287586823,1.7154980836655713,1.515776388025435,1.7062678864436966,1.798909659856766,1.5277732417503438,1.6473873990821886,1.534108168806668,1.3304492180181295,1.664682804846831,2.0440649357856806
1070015900,-232490706#0,8,1.31,0.30440638555695365,0.24775911396114303,0.21860606919632883,0.2099014571823604,0.22296616273600803,0.2375038832367441,0.26551416922043874,0.17807898962820967,0.2198662601682982,0.22678754852616698,0.2452290473662297,0.23526328056469936,0.24504368905378363,0.24728665188265114,0.25053539460444796,0.22136756614418276,0.24918739478720647,0.2627170183291375,0.2231196150159365,0.24058834925280567,0.224044782735422,0.1943019482278428,0.24311421118721832,0.29852007423402915
1070015900,518807040#22,9,3.86,0.896953166602932,0.7300383052595513,0.6441369672502514,0.6184882631480237,0.6569842657717488,0.6998206025143756,0.7823547276266363,0.5247212976831216,0.6478502017172756,0.6682442269549653,0.7225832998730127,0.6932185213585796,0.7220371295783242,0.7286461650893384,0.7382187963153963,0.6522738971882026,0.7342468273882573,0.7741127410308936,0.6574364228713854,0.7089091817678091,0.6601624895868159,0.5725232978316588,0.7163517978493608,0.8796087683537042
1070015900,518807040#23,10,92.22,21.429280058062798,17.441485106485963,15.38919977197362,14.776421665158226,15.696137043904322,16.719548177169877,18.691386782831188,12.536217117185874,15.4779133684889,15.965150935177952,17.263376143598247,16.5618165905928,17.25032748438162,17.408225218792435,17.636926786581824,15.583600725050792,17.542031715478,18.494475901002335,15.706939615854704,16.93668516648377,15.772068598366882,13.678263866848596,17.114498134110896,21.0149017143986
1070015900,518807040#24,11,13.54,3.1463072217108032,2.560807941247234,2.2594856312353375,2.169515824617679,2.3045510255309534,2.45481112902711,2.7443220238509465,1.8406026866915717,2.272510811205158,2.3440484023238937,2.534657481937977,2.431652533470251,2.5327416410597174,2.555924630909234,2.5895032388887214,2.288028126406286,2.5755704774189128,2.7154110138752072,2.30613708955403,2.4866917930404493,2.3156995101050484,2.0082812053473216,2.5127987934923173,3.085467026815843
1070015900,518807040#25,12,60.79,14.125850517562757,11.497157662364797,10.14432285988155,9.740388993981442,10.346651170016738,11.021267986230283,12.3210735472599,8.263680747709058,10.202801492847975,10.52398097321045,11.379750984269544,10.917293759945094,11.371149509602674,11.475233257974322,11.625989800003353,10.272468966339595,11.563436434438383,12.191272934525395,10.35377205864029,11.164401336700806,10.39670407823382,9.016500330359207,11.28161289929084,13.852698711974528
1070015900,518807040#26,13,15.88,3.690056032552995,3.003370022674009,2.6499728082730547,2.5444543053861706,2.7028264612578683,2.8790547067171723,3.2185992421531044,2.1586979811419615,2.6652490163912788,2.7491498248820854,2.972700207767731,2.8518938132575764,2.970453268835178,2.9976427724400767,3.0370244781058275,2.683448053717269,3.020683839099877,3.184691794707407,2.7046866308802073,2.916445027583629,2.7159016410980925,2.3553549143955297,2.9470638730175778,3.6187013578903686
1070016000,-518807040#26,0,15.92,2.94578354704453,2.9654293802593505,3.3265560670490393,3.1010049970244045,2.7608464633735728,2.9753508911970217,1.814485127481294,2.6319282792897027,2.6831022116392855,3.3699763778189427,4.058668304929,4.847785522301627,4.613080056092211,4.429271664261199,4.3286608422498585,4.4121796567364875,4.23924464900423,4.164252808178974,3.277515928468463,3.3813662430587184,3.244302349947299,3.2668138356408116,3.417461100478219,2.8687074900788487
1070016000,-518807040#25,1,61.43,11.366801714506625,11.44260846917914,12.83607658284061,11.965749809498064,10.6531908445376,11.480892289336245,7.001496317913058,10.155738328942617,10.353201561620685,13.00362116139558,15.661054897725409,18.705996522298303,17.800345970210085,17.091090347711397,16.702866553982968,17.025137959379546,16.35783911986997,16.068470477791106,12.646846952626738,13.04757087381263,12.518686768672271,12.605551125842652,13.186848957435739,11.069390773589427
1070016000,-518807040#24,2,13.58,2.5127977744261756,2.5295559663267575,2.8376024742792687,2.6452040112808675,2.355043654058613,2.5380191647271073,1.5477831677886917,2.2450744995448595,2.2887266353053706,2.874640653943545,3.4621052500587832,4.135234132717092,3.9350268317671,3.778235502554465,3.6924129546327316,3.7636557624674305,3.6161395938113974,3.5521704230571904,2.7957704967714654,2.884356380699585,2.7674388135856987,2.7866414502513956,2.915145838221998,2.4470507358838423
1070016000,-518807040#23,3,93.92,17.378642634323004,17.49454317801245,19.625009159374734,18.294371188475633,16.287606773872234,17.55307510686082,10.704550450568036,15.527054270784479,15.828954756103123,19.881167173665517,23.944103467269585,28.599498508452818,27.214854200262597,26.130477054485667,25.536923762820773,26.02964279903837,25.009413155431993,24.566998978905104,19.335696985035053,19.948361655029828,19.13975356200065,19.272560015288004,20.16130317568557,16.923932629912404
1070016000,-518807040#22,4,3.86,0.7142414881653194,0.7190048622990637,0.8065644735432972,0.7518768397307916,0.6694012153657029,0.7214104547751572,0.43994425829634387,0.6381434144508953,0.6505511643798769,0.8170922624611254,0.9840740990594185,1.1754052836736357,1.1184980538012521,1.0739314462341851,1.0495371137615865,1.0697872785805804,1.0278570568565533,1.009674361782088,0.7946740881839364,0.8198538755154933,0.7866210471605889,0.7920792340184379,0.8286055180807741,0.6955534492276605
1070016000,-518807040#21,5,43.33,8.017638259638158,8.07110898534156,9.053999647313749,8.4401097060972,7.514288772485987,8.09811269570144,4.938545262171135,7.163407810403444,7.302689625020744,9.172178169026052,11.046614174156632,13.194381072947834,12.55557530342183,12.055297814851617,11.781461953183818,12.008777922512058,11.538094889532243,11.33398707150722,8.920525451038852,9.203178348727027,8.830126936131688,8.891397204668113,9.301418937419674,7.80785776037164
1070016000,379747354#0,6,1.15,0.21279215320987493,0.21421129317200083,0.24029770584839164,0.22400475795088345,0.19943300457786484,0.2149279852309406,0.1310714759173045,0.19012044731049987,0.19381705674530014,0.24343422327209696,0.2931826979063034,0.350185511975306,0.3332312854589223,0.3199536692148479,0.312685927675084,0.3187190078672713,0.306226843363999,0.30080971918378263,0.2367552335263023,0.24425698363803555,0.2343560114597609,0.23598215521274704,0.2468643382883135,0.20722447321549467
1070016000,379747354#1,7,6.75,1.2489974210144834,1.2573271555747874,1.4104430560666465,1.314810535798664,1.1705850268700764,1.2615338263555211,0.7693325760363526,1.1159243646485864,1.1376218548093704,1.4288530496405691,1.7208549659717811,2.055436700724622,1.9559227624762832,1.8779889280001942,1.8353304450494061,1.8707420026992014,1.7974184284408639,1.7656222647743767,1.3896502837413396,1.4336822952667305,1.3755678933507707,1.385112650161776,1.4489863334314055,1.2163175601779037
1070016000,-379747354#1,8,6.22,1.1509279938829757,1.1586036900259522,1.2996971568495617,1.2115735603952131,1.0786724247602777,1.1624800592490874,0.7089257219179428,1.0283036367576601,1.0482974721354494,1.3166616250021244,1.5857359834584412,1.8940468560751333,1.8023466048299972,1.7305320195794383,1.6912230175121938,1.7238541121168935,1.6562877962818034,1.626988220280981,1.2805370022031306,1.3211116854161575,1.2675603402432287,1.2763556568898144,1.3352140731767914,1.1208141073046756
1070016000,-379747354#0,9,1.15,0.21279215320987493,0.21421129317200083,0.24029770584839164,0.22400475795088345,0.19943300457786484,0.2149279852309406,0.1310714759173045,0.19012044731049987,0.19381705674530014,0.24343422327209696,0.2931826979063034,0.350185511975306,0.3332312854589223,0.3199536692148479,0.312685927675084,0.3187190078672713,0.306226843363999,0.30080971918378263,0.2367552335263023,0.24425698363803555,0.2343560114597609,0.23598215521274704,0.2468643382883135,0.20722447321549467
1070016000,-518807040#20,10,43.13,7.9806309286451365,8.033854847398604,9.012208741948811,8.401152356888351,7.479604771689836,8.060733915661277,4.915750222881169,7.130343384784227,7.26898231080417,9.129841782370038,10.99562587886858,13.133479244778217,12.497622036385497,11.999653698466428,11.727081791849022,11.953348529839491,11.484838047208068,11.281672337736127,8.879350627816887,9.160698873311716,8.789369368921294,8.850356829848504,9.258486009021707,7.771818721551554
1070016000,-518807040#18,11,56.06,10.373154877343993,10.442334865410754,11.713990773792032,10.91974498324046,9.721925423160961,10.477272045257854,6.389449512977471,9.26795850106663,9.448160174905675,11.866889179681529,14.292019169241192,17.070782435944047,16.24430075028451,15.59704582276902,15.242759222143661,15.536858766121071,14.927892903465901,14.663819876037268,11.541302949116963,11.906996958911543,11.424346089073214,11.503617061936174,12.034099829950312,10.101742581270116
1070016000,-518807040#16,12,18.39,3.402824084808348,3.4255179838548653,3.8426737483060203,3.582128259753693,3.1891938732060305,3.4369788246930417,2.096003862712374,3.0402739356870376,3.0993875422139734,3.8928307530207507,4.688373751736452,5.599923100196416,5.32880290399094,5.116476501618307,5.000255834734605,5.096732656242714,4.896966651707777,4.810339770251968,3.7860249952597385,3.905987764437804,3.7476583049956553,3.773662464662973,3.947682766193118,3.313789619506911
1070016000,-518807040#15,13,6.75,1.2489974210144834,1.2573271555747874,1.4104430560666465,1.314810535798664,1.1705850268700764,1.2615338263555211,0.7693325760363526,1.1159243646485864,1.1376218548093704,1.4288530496405691,1.7208549659717811,2.055436700724622,1.9559227624762832,1.8779889280001942,1.8353304450494061,1.8707420026992014,1.7974184284408639,1.7656222647743767,1.3896502837413396,1.4336822952667305,1.3755678933507707,1.385112650161776,1.4489863334314055,1.2163175601779037
1070016100,629055193#0,0,7.12,0.7524846729515231,0.769853174095788,0.7756660189621108,0.6774545472918884,0.6857757513440718,0.622752228124042,0.8197351384562875,0.6980783334557078,0.7659499519187439,0.9746604132005877,1.044845479570199,0.8000717099014172,0.87503583944925,1.0103187210006093,0.8711771332372961,0.8855966168219133,0.8210454567722343,0.7980827187021593,1.0151107465547624,0.7963504461344337,0.76640709901031,0.7796691526361714,0.8515352084826089,0.7030468625194495
1070016100,629055193#1,1,13.27,1.4024538778183584,1.434824665765605,1.4456584370262935,1.2626154273263144,1.2781241882494145,1.160663211686241,1.5277928774318728,1.301053298449051,1.427549980612603,1.8165370341533424,1.9473454373450196,1.4911448862909837,1.6308603356027451,1.8829957061345626,1.6236686177049042,1.6505431327565716,1.5302350015965658,1.4874378760080977,1.891926911064845,1.4842093286803277,1.4284019949251143,1.4531193336351118,1.5870607045736265,1.3103134642743108
1070016100,629055193#2,2,165.88,17.531201902977337,17.93584894929906,18.071275172111648,15.783168582131802,15.97703393721273,14.508727472080908,19.097986624596768,16.26365645416191,17.84491264385973,22.70739737945414,24.342551706615815,18.639872926748183,20.386368686494603,23.53815582016588,20.296469503005994,20.632411067193676,19.128514096822784,18.593533901448623,23.64979924698089,18.55317584336796,17.85556314379638,18.164539190911253,19.838856795378533,16.37941201611324
1070016100,629055193#3,3,118.41,12.514285129801944,12.803134037174473,12.899805239508924,11.266487773150631,11.404874538855553,10.356754400585364,13.632701930422613,11.609474082091344,12.738221040266641,16.20920498975865,17.376426016279108,13.305686961998145,14.552386762526078,16.80222468450592,14.48821409362756,14.728019016556567,13.654493333764082,13.272608809202625,16.88191903083559,13.243800045895828,12.745823678906012,12.966379826355205,14.161556746689007,11.692103790860676
1070016100,538108338#0,4,92.95,9.82351830770282,10.050260187107233,10.126145570579803,8.844016877918683,8.952648326886443,8.12989039383844,10.701458022403362,9.113255771728657,9.999304498714503,12.723972669521716,13.640222939051965,10.444756381367519,11.423396246742666,13.189483864748121,11.3730217042706,11.561264822134389,10.718563933564491,10.418790548225523,13.252042681497915,10.396176119128599,10.005272451265213,10.178405581114065,11.116600790513836,9.178118802132419
1070016100,1530928434,5,3.39,0.3582757080485482,0.3665452612618991,0.36931289385976906,0.3225520948482446,0.3265140164405061,0.29650702996355366,0.3902952414841032,0.33237156606950136,0.3646868450849077,0.46405882033005513,0.49747558648075485,0.3809330191805905,0.41662521007485354,0.4810365820494474,0.4147879889992182,0.42165344536886046,0.3909191149519486,0.3799860135393709,0.4833181784860456,0.3791612376960295,0.36490450360181903,0.37121888025795247,0.4054360051623658,0.33473719999170415
1070016100,629055193#5,6,7.24,0.7651669989001443,0.7828282275917845,0.7887390417536071,0.6888723205608528,0.6973337696251517,0.6332480521935483,0.8335508992167868,0.7098436986263097,0.7788592207713072,0.9910872740972269,1.062455234843854,0.813556064562677,0.8897836344961474,1.0273465646129791,0.8858598939098349,0.9005224024986872,0.8348833015492945,0.8115335510398363,1.0322193546427638,0.8097720828670366,0.7793240725891355,0.7928096439727361,0.865886925479507,0.7148959669439346
1070016100,629055193#6,7,0.19,0.020080349418650195,0.020543834701994345,0.020698952753202396,0.01807814100919365,0.01830019561170978,0.01661838811005168,0.021874954537457112,0.018628494853452877,0.02043967568322491,0.026009196419678606,0.027882112516620476,0.021350228213661414,0.023350675490920996,0.026960752386252212,0.023247704398186273,0.023632493988225218,0.02190992089701187,0.021297151201321668,0.02708862947266922,0.021250924826621123,0.020451874833140298,0.020805777949560757,0.022723551911755013,0.018761082005434748
1070016100,629055193#7,8,146.95,15.530564984582348,15.889034260305625,16.009005826753114,13.982014848952668,14.15375655337238,12.853011225116285,16.91855036462801,14.407670098499475,15.808475482367896,20.11606007300932,21.56461281219673,16.512715978934445,18.059904017846527,20.85201349031454,17.980264006913014,18.277868376682605,16.94559408324155,16.4716651001801,20.95091632109864,16.435912648799864,15.817910561736666,16.091626682568172,17.57487343911789,14.510215793150715
1070016100,538108333#0,9,1.3,0.13739186444339607,0.1405630795399613,0.14162441357454272,0.12369254374711446,0.12521186471169848,0.11370476075298519,0.149670741572075,0.12745812268151968,0.1398504125694336,0.17795765971359048,0.19077234879792956,0.14608050883031493,0.1597677796747226,0.18446830580067303,0.15906324061916924,0.16169601149838306,0.14990998508481806,0.1457173503248325,0.18534325428668416,0.14540106460319718,0.13993388043727573,0.14235532281278412,0.15547693413306063,0.12836529793192195
1070016100,628900161#1,10,0.2,0.02113720991436863,0.021625089159994046,0.021788371319160418,0.019029622114940685,0.019263363801799768,0.017493040115843874,0.02302626793416538,0.01960894195100303,0.02151544808760517,0.027378101494398534,0.029349592122758398,0.022473924435433064,0.024579658411495786,0.028379739353949697,0.024471267787564498,0.0248763094612897,0.023063074628433548,0.022418053896128075,0.02851434681333602,0.022369394554338028,0.02152828929804242,0.021900818894274483,0.023919528328163173,0.01974850737414184
1070016100,37402584#11,11,166.68,17.615750742634813,18.022349305939038,18.158428657388292,15.859287070591567,16.054087392419927,14.578699632544284,19.19009169633343,16.342092221965924,17.93097443621015,22.816909785431733,24.459950075106846,18.729768624489918,20.48468732014059,23.651674777581682,20.394354574156253,20.731916305038837,19.22076639533652,18.683206117033137,23.763856634234237,18.64265342158531,17.94167630098855,18.252142466488355,19.93453490869119,16.45840604560981
1070016200,37402584#11,0,166.68,24.531100280832618,20.88202627825033,20.10596469558237,21.312322577317307,20.516529902318297,19.6729131482929,20.03722635474277,20.02011514521694,20.838715408932483,21.957747269793042,27.798681622587797,26.36081878004015,27.820674250453767,26.301669598035573,23.995450189405368,24.011834928353405,23.632615761138144,22.782852123468455,22.462684287814476,21.84182127489041,21.455358299312724,22.14441577617982,21.357626633813275,23.24980644798252
1070016200,37402584#12,1,17.61,2.5917487157755126,2.206218399088003,2.1242262916319024,2.2516798691298163,2.167603141227653,2.0784737253505994,2.116963979523759,2.1151561537513213,2.2016425387047094,2.3198699869273787,2.936973742343239,2.7850613073944506,2.9392972975191434,2.778812104760058,2.5351564544962115,2.5368875275276186,2.496822435527014,2.4070435918783266,2.3732173644613206,2.30762222612683,2.2667918145602175,2.3395918035668744,2.256466312823685,2.4563780390507093
1070016200,37402584#13,2,7.71,1.1347179215575922,0.9659252616109314,0.9300275246156711,0.9858291760926112,0.9490187517811018,0.9099961625470258,0.9268479433349338,0.9260564421023674,0.963921861068331,1.0156841339699085,1.285864142729493,1.2193539284503814,1.2868814403107662,1.2166179061726317,1.1099407305034519,1.1106986278953968,1.0931573525220488,1.053850431197155,1.0390406519021456,1.0103218264303158,0.9924454792878635,1.024318728307814,0.9879247740982744,1.0754500102828488
1070016200,37402584#13-AddedOffRampEdge,3,92.77,13.653408765615803,11.62242367310585,11.190486829908664,11.861916039703184,11.418997354440055,10.949460959726014,11.152228755276498,11.142705075724594,11.598317905487558,12.221143593824696,15.472064399612849,14.671785206529425,15.484304956891023,14.638864222520757,13.355279062101845,13.364398405947595,13.153334318219255,12.680376718827503,12.502179153950976,12.156622028267236,11.941526214466291,12.325038706240711,11.887131166419833,12.940272043312566
1070016200,37402584#14,4,28.27,4.160632379044505,3.5417259592400816,3.4101009235907944,3.6147069790062414,3.4797354231973734,3.336652596005761,3.398442458894757,3.3955402877086804,3.5343801572505473,3.7241751578896642,4.7148351900081416,4.470964404318065,4.718565281139477,4.460932322632983,4.069782678512657,4.072561635616455,4.0082436259141785,3.8641182477229012,3.8098157236412002,3.7045133635778247,3.638966757388833,3.7558353371286506,3.6223908383603387,3.943316704370446
1070016200,1455063474#0,5,5.37,0.7903288247424475,0.6727650654799873,0.6477623615027437,0.6866281031929082,0.6609897142755535,0.6338105567934538,0.6455477893266659,0.6449965102580691,0.6713697008997326,0.7074220232708702,0.8956018737298804,0.8492776388817831,0.896310419516059,0.8473720046883312,0.7730715593778907,0.7735994334368718,0.7613819692663296,0.7340047750361507,0.7236897925699768,0.7036871865020488,0.6912363454962163,0.7134360014283995,0.6880876831268137,0.7490488398468091
1070016200,1455063474#1,6,96.21,14.159690172899605,12.053394217845357,11.605440744912285,12.30176718960702,11.842424657439665,11.355477405791095,11.565764024416856,11.55588719775211,12.028394585393531,12.674315243741232,16.045783290791764,15.215828982647364,16.05847773959777,15.181687257181439,13.85050553589327,13.859963033698588,13.641072488475526,13.15057717061975,12.965771870234166,12.607401157050672,12.384329385510421,12.782062885926688,12.327917317249671,13.420109661389478
1070016200,37402584#17,7,165.19,24.311809787561437,20.695355896953277,19.926231749839523,21.12180565482989,20.333126797239977,19.49705137368913,19.8581078806093,19.841149633059672,20.652432195833672,21.761460712125704,27.550181288908554,26.125171911896043,27.57197731840927,26.066551481278474,23.780948024885245,23.797186295984513,23.421357076928302,22.579189718477046,22.261883954308093,21.64657101271386,21.263562739761632,21.94646053556002,21.166704725459656,23.041969805268977
1070016200,1471626821#0,8,34.59,5.090777290100794,4.333509053063829,4.172458116271863,4.422805603248174,4.257660003126889,4.082589787613699,4.158193302199139,4.154642325852255,4.3245210342871045,4.556746328666555,5.768876873801967,5.47048669067428,5.773440858670481,5.458211851428189,4.979617362920156,4.9830175796240965,4.9043207294082585,4.727974891713306,4.661532574487058,4.5326889722729735,4.452488862330377,4.595484411435446,4.432207255001208,4.8248788399071
1070016200,1471626821#1,9,2.45,0.36057832786201055,0.3069412309918005,0.2955340383019967,0.31326608060011646,0.3015688640549546,0.2891686897847229,0.294523665521477,0.29427215086262,0.30630461214233606,0.32275306462078807,0.40860793121754324,0.38747303822353235,0.4089311969859115,0.3866036148019388,0.35270490139214755,0.35294573778777205,0.34737166195577424,0.33488113572412836,0.33017504502727063,0.3210490888137839,0.3153685375168957,0.32549687216007056,0.3139319969572986,0.34174481520012706
1070016301,-518807041#3,0,51.73,5.839087253500576,6.214599253193331,6.047193968710295,6.039685035802128,5.500142874669408,6.336030849543179,5.8980917730387805,5.941318830007305,6.138779573621346,6.564048154070149,6.617632220633987,7.131905692325484,6.623640057420762,6.1621110838251445,6.815450278607166,6.965097396896391,6.693522498393551,6.459441808985366,6.8764745742214615,6.825013585826914,6.672098329445789,6.669048924359205,6.578845377140642,6.087559051521877
1070016301,-518807041#1,1,8.77,0.9899245160100533,1.0535866122270543,1.0252057047281902,1.0239326843994716,0.9324618791968048,1.0741734109896321,0.999927795274504,1.0072562563147895,1.0407325896125887,1.1128301239357279,1.1219144514780603,1.209101351666238,1.1229329847976046,1.0446880766508122,1.1554513617511084,1.1808216541809657,1.134780442894093,1.0950957793311746,1.1657970619741391,1.1570726686197959,1.1311483152762338,1.1306313370699832,1.1153387581195326,1.0320489634998427
1070016301,-414896138,2,0.2,0.022575245519043406,0.02402706071213351,0.023379833631201608,0.023350802380831738,0.021264809103689965,0.024496543010025823,0.022803370473762928,0.022970496153130893,0.023733924506558465,0.025378110009936786,0.025585278254915862,0.027573577004931318,0.02560850592468882,0.023824129456118864,0.026350088067300083,0.02692865802009044,0.025878687409215357,0.024973677977905923,0.0265860219378367,0.026387061998170945,0.02579585667676702,0.025784066979931203,0.025435319455405538,0.023535894264534615
1070016301,414896138,3,0.2,0.022575245519043406,0.02402706071213351,0.023379833631201608,0.023350802380831738,0.021264809103689965,0.024496543010025823,0.022803370473762928,0.022970496153130893,0.023733924506558465,0.025378110009936786,0.025585278254915862,0.027573577004931318,0.02560850592468882,0.023824129456118864,0.026350088067300083,0.02692865802009044,0.025878687409215357,0.024973677977905923,0.0265860219378367,0.026387061998170945,0.02579585667676702,0.025784066979931203,0.025435319455405538,0.023535894264534615
1070016301,-518807041#0,4,0.2,0.022575245519043406,0.02402706071213351,0.023379833631201608,0.023350802380831738,0.021264809103689965,0.024496543010025823,0.022803370473762928,0.022970496153130893,0.023733924506558465,0.025378110009936786,0.025585278254915862,0.027573577004931318,0.02560850592468882,0.023824129456118864,0.026350088067300083,0.02692865802009044,0.025878687409215357,0.024973677977905923,0.0265860219378367,0.026387061998170945,0.02579585667676702,0.025784066979931203,0.025435319455405538,0.023535894264534615
1070016301,-183272432#1,5,73.23,8.265926146797744,8.797508279747685,8.560526084064469,8.54989629174154,7.78610985331608,8.969409223120955,8.349454098968296,8.410647166468877,8.690176458076383,9.292194980138353,9.368049633037442,10.096065220355602,9.37655444432481,8.723205000357924,9.648084745841926,9.859928134056116,9.475481394884202,9.144112191610255,9.734471932538908,9.661622750630292,9.445152922198243,9.44083612470181,9.313142218596738,8.617667684959349
1070016301,542790323#0,6,137.51,15.521610056618293,16.519805592627392,16.074804613132663,16.054844176940858,14.620619499242032,16.842598146543253,15.678457369235696,15.793364630085144,16.31825979448427,17.448719537332035,17.5911580641674,18.958212869740525,17.607128248519793,16.380280207554524,18.11700305067217,18.514798821713182,17.792891528206013,17.170652293709217,18.27921938335962,18.142424476842432,17.735941258111165,17.727835252051698,17.488053891564075,16.182104101580773
1070016302,-218647396#0,0,60.35,7.684310325347429,8.07725801243906,7.935064977441206,7.6177932120612395,7.233176646755604,7.935064977441206,7.646159012188898,7.837475119788198,7.6556612810524305,7.8977633899404145,8.392718588765018,8.59170912713183,8.643950576454897,7.8977633899404145,8.302231056810676,8.65204416313697,8.79199159489085,8.551951102480595,8.272500596446092,8.010735297988976,8.758657029602164,7.761766624300953,7.774828074236672,7.807674834161625
1070016302,-518807041#13,1,91.99,11.713002598653025,12.311962958811419,12.095221661554541,11.611612221665506,11.025350782685138,12.095221661554541,11.654849503417674,11.94646787521651,11.669333574880083,12.038363781948943,12.792811648392608,13.096127963626461,13.175758302039537,12.038363781948943,12.654883760000233,13.18809515438227,13.401413534614901,13.035525798130738,12.609566360680628,12.210564044109459,13.350602488038161,11.831067303553349,11.850976545965723,11.901044042991348
1070016302,-518807041#12,2,18.78,2.391240230489225,2.513519560457424,2.4692712556146783,2.3705411188485512,2.2508543069771374,2.4692712556146783,2.379368123428459,2.4389027796126324,2.3823250846423307,2.4576635702250376,2.611686082800448,2.67360890484732,2.68986564748671,2.4576635702250376,2.583527742285079,2.6923842482802374,2.7359337556263497,2.66123681366339,2.5742760762428762,2.4928187058199334,2.7255605470742115,2.4153434499481676,2.419407974054096,2.429629385013344
1070016302,-518807041#11,3,88.3,11.243158272215046,11.818092502044225,11.61004536053121,11.145834973073859,10.583090271889308,11.61004536053121,11.187337875331892,11.467258543120098,11.201240946427996,11.555468224221022,12.279652881324788,12.570802252290648,12.647238374498217,11.555468224221022,12.147257702011313,12.659080357994938,12.863841886145186,12.51263102483905,12.103758122057824,11.720761007662412,12.815069025913356,11.356487041023598,11.375597662884806,11.42365679961013
1070016302,-518807041#10,4,31.77,4.045245054453817,4.2521041765565695,4.177249616127707,4.010228506167118,3.8077551295348058,4.177249616127707,4.025161090592233,4.125875469025204,4.030163362038703,4.15761297263309,4.418171823779033,4.522926246379093,4.550427668831351,4.15761297263309,4.370536548050955,4.554688368895801,4.628360778288025,4.501996462730879,4.3548855666792425,4.217084679653849,4.610812490976979,4.086020309097618,4.092896237257648,4.110187729599251
1070016302,-518807041#9,5,67.88,8.643098341086718,9.08507496080138,8.925140193350606,8.568281743740132,8.135675737891804,8.925140193350606,8.600186806087528,8.815373838131281,8.610874693584739,8.883184406116907,9.439896235383086,9.663715253516298,9.722474981437587,8.883184406116907,9.338118378397825,9.731578422431442,9.888987397865632,9.61899653415713,9.304678384204815,9.010252063421568,9.851493606783675,8.730219029951096,8.744910185239192,8.781855306427358
1070016302,-518807041#8,6,22.69,2.889096955793425,3.036834868305589,2.9833740569700247,2.8640882847004066,2.7194826531049654,2.9833740569700247,2.874753073513937,2.9466828577960933,2.878325674682347,2.9693496490099096,3.1554396815091676,3.2302548482952984,3.249896248214774,2.9693496490099096,3.121418768500982,3.2529392222299567,3.3055557462812497,3.2153068850917106,3.1102409036182572,3.0118240913234446,3.2930228334991405,2.9182184706775245,2.9231292295680213,2.935478740466069
1070016302,-518807041#7,7,24.82,3.160307908452746,3.3219145628622617,3.2634351738208904,3.132951574537862,2.9747712406375157,3.2634351738208904,3.144617509238251,3.2232996267297946,3.1485254846018447,3.2480942392431005,3.451653278759697,3.533491641017598,3.554976856795535,3.2480942392431005,3.414438688153123,3.5583054868112614,3.6158613319832793,3.517140453414555,3.40221151290459,3.294555925370114,3.6021519051321573,3.192163175064617,3.197534926305786,3.2110437346129497
1070016302,-518807041#6,8,50.92,6.483597046672595,6.815144622922899,6.695169985937136,6.4274735767714715,6.1029553413884905,6.695169985937136,6.451407073747451,6.612829048875145,6.459424563897096,6.663696964635725,7.081312850702811,7.249210087051413,7.293288539404861,6.663696964635725,7.004964464172322,7.300117461258236,7.418197382134914,7.215664459624059,6.97987954218782,6.759016427068744,7.390071515283217,6.548950397836032,6.55997092858544,6.587685212187406
1070016302,-518807041#5,9,60.75,7.735241959649649,8.130794105313552,7.987658614408504,7.6682839707161605,7.281118165541059,7.987658614408504,7.696837779461069,7.889421930855559,7.706403029394119,7.950109791862141,8.448345555384835,8.648655003699398,8.701242709521706,7.950109791862141,8.357258271768826,8.709389940523131,8.850264944318461,8.608633462729017,8.327330757814416,8.063830478091637,8.81670943742057,7.813211639209327,7.826359660478505,7.859424128837095
1070016302,-518807041#4,10,30.81,3.9230091321284886,4.123617553657787,4.051024887406189,3.8890506853953073,3.692695484449713,4.051024887406189,3.903532049139021,4.001203122463536,3.9083831660186474,4.031981608020947,4.284667103891469,4.386256142616928,4.412926549471009,4.031981608020947,4.238471232151399,4.417058503169015,4.488504739661758,4.365958798134668,4.223293179395262,4.089656247407462,4.471486712212803,3.9625522733175202,3.9692204302772462,3.985989422378122
1070016302,-518796239#1,11,233.89,29.780999867365537,31.30389190603764,30.75281437570379,29.52320885449881,28.032604571825487,30.75281437570379,29.633142193220564,30.374599101363074,29.669968799094494,30.60824986368125,32.52647805677299,33.29767767597122,33.50014250749024,30.60824986368125,32.175788266403465,33.53150968212272,34.07388424406,33.14359309625827,32.06056610609405,31.04607918552844,33.94469416161806,30.081186342299084,30.131806765256258,30.259106329114537
1070016401,518807043#1,0,29.0,6.051386794253937,5.865026444232917,5.967414998988998,4.970620845541172,5.756133466209595,7.5874815638824264,6.183304780956133,6.946954198927265,7.4476006188499575,7.182761372705508,7.7597235784292335,7.385709200964775,7.012732828901327,8.06485487461671,7.644039625998521,6.705837579346792,6.889511683587298,8.16362835746566,6.689014103232023,6.406153343460559,7.796026378796153,7.023817232740475,6.954201934137413,6.54131752097224
1070016401,183272432#1,1,73.23,15.280794998041927,14.810202983144018,15.06875173710222,12.551674638585517,14.535229438983746,19.159699135279656,15.613910658945438,17.5422571030153,18.80647563166836,18.137710873214637,19.594639918909404,18.650189130574155,17.7083594848429,20.365149050626957,19.30251799351282,16.93339606674364,17.397204847899925,20.61456912473139,16.89091388895452,16.17664170143506,19.68631074893939,17.736349515640864,17.56055888403044,16.51795455382059
1070016401,518807041#0,2,0.2,0.0417337020293375,0.04044845823608909,0.041154586199924126,0.03428014376235291,0.03969747218075583,0.05232745906125811,0.04264348124797333,0.04791002895811907,0.0513627628886204,0.04953628532900351,0.053515335023649885,0.050935925523895004,0.04836367468207812,0.05561968879046007,0.05271751466205877,0.046247155719633046,0.0475138736799124,0.056300885223901115,0.046131131746427745,0.04418036788593489,0.053765699164111405,0.04844011884648604,0.047960013338878706,0.04511253462739476
1070016401,518807041#1,3,8.77,1.830022833986449,1.7736648936525063,1.8046286048666726,1.5031843039791748,1.740734155126143,2.294559079836168,1.8699166527236306,2.100854769813521,2.2522571526660045,2.172166111676804,2.3466474407870477,2.2335403342227957,2.120747134809125,2.438923353461674,2.3116630179312767,2.027937778305909,2.0834833608641583,2.4687938170680637,2.0228501270808565,1.937309131798245,2.357625908346285,2.1240992114184127,2.103046584909831,1.97818464341126
1070016401,518807041#3,4,51.69,10.786075289482275,10.453904031117224,10.63640280337039,8.859703155380108,10.259811685116343,13.524031794382157,11.021207728538709,12.382346984225874,13.274706068563942,12.802652943280956,13.831038336862312,13.164389951650664,12.499591721583087,14.374908567894405,13.624841664409088,11.95257739573916,12.27996065257336,14.55096378611724,11.922590999864251,11.418416080119872,13.895744948964593,12.519348715874315,12.395265447433202,11.659334574450174
1070016402,-260067415#0,0,142.74,28.32886626831804,26.264359122316094,24.41442445107176,21.14209483350387,22.050142666709466,32.239189633553885,26.36615896387546,27.346609096200474,32.547698625262534,27.209876050719476,32.16297405522396,31.584301858060904,30.049559415482584,32.25830000085297,32.16297405522396,30.049559415482584,33.468482227207225,36.183345812126966,29.737569454338228,29.416082216994035,33.991100625508395,25.963622185801025,28.68727048046334,29.737569454338228
1070016402,518807041#4,1,30.81,6.114700642615095,5.669082979953473,5.26978014107833,4.563457627996736,4.759457023688654,6.958732188663269,5.691056169798254,5.902683384152561,7.025322927310765,5.8731699672317985,6.94228128514397,6.817376630565059,6.486107086948426,6.962857104009245,6.94228128514397,6.486107086948426,7.2240713004081165,7.810066445786968,6.418764991510164,6.349372937547892,7.336876910970392,5.604169816060877,6.192061114635529,6.418764991510164
1070016402,518807041#5,2,60.8,12.06666014511515,11.187284816006855,10.399306477687844,9.005460038370709,9.392242357684848,13.732259560880454,11.230646385061144,11.648268411440304,13.863668743281226,11.590027069383103,13.699795590287353,13.453310585470806,12.799588149511987,13.740399608041615,13.699795590287353,12.799588149511987,14.255875854099754,15.412270039073276,12.666696250691917,12.529758993927679,14.478484783739036,11.05918613490754,12.219322160656935,12.666696250691917
1070016402,518807041#6,3,50.49,10.020488005376052,9.290230433555694,8.635871448329922,7.478382850943045,7.799577576307698,11.403647783369314,9.326239078646994,9.673043948908239,11.51277359947811,9.624678729163698,11.376688805158036,11.172000846388505,10.629131672185203,11.410407503454296,11.376688805158036,10.629131672185203,11.838473221603564,12.798774905802793,10.518774567392022,10.405058085582379,12.02333382781224,9.183853749202003,10.147262761374485,10.518774567392022
1070016402,518807041#7,4,24.82,4.925896460555231,4.5669146239027985,4.245243203556123,3.6762420748743585,3.8341357782522687,5.605833590477844,4.58461584337529,4.755099045591256,5.659477931056579,4.7313235503632995,5.592581028798226,5.491960012029367,5.225095030771176,5.609156550519621,5.592581028798226,5.225095030771176,5.819586162808486,6.2916536573980055,5.170845410233115,5.114944378771136,5.910460400203996,4.514621708361927,4.988216710978703,5.170845410233115
1070016402,518807041#8,5,22.49,4.463473464862496,4.1381913735525355,3.8467171493947303,3.3311315174828495,3.4742028063212542,5.07958088033226,4.1542308750004135,4.30870981206073,5.128189309809124,4.287166263000427,5.067572414894121,4.976397287290106,4.734584498067838,5.082591894487761,5.067572414894121,4.734584498067838,5.273267236162886,5.701018966755887,4.685427609836533,4.634774338378841,5.355610572142943,4.090807502863003,4.519943345282474,4.685427609836533
1070016402,518807041#9,6,67.88,13.471790964645008,12.490014692607652,11.6102783504186,10.05412216125993,10.485944263809992,15.331345049219822,12.538425602268923,13.004678614614601,15.478056485097524,12.939655221541528,15.295100734682658,15.019913199699971,14.290066506395949,15.340432983451725,15.295100734682658,14.290066506395949,15.915935081846897,17.206988326517994,14.141699695673802,13.988816455720574,16.1644662355297,12.346999257196115,13.642230070154488,14.141699695673802
1070016402,518807041#10,7,31.8,6.311180799583253,5.851244361003586,5.439110953790682,4.710092585858364,4.912389917341747,7.182333125592081,5.873923602712902,6.092350912562527,7.2510635861240615,6.061889157999715,7.165353614656873,7.036435470690323,6.694521433461862,7.186590584469134,7.165353614656873,6.694521433461862,7.456198226321913,8.061022816488983,6.6250154732237325,6.553393684324018,7.572628554652984,5.78424537977072,6.391027051133069,6.6250154732237325
1070016402,518807041#11,8,88.8,17.623674685628707,16.33932387601001,15.188460776623035,13.152711371830906,13.717617127671291,20.056326463917507,16.402654588707726,17.01260254828781,20.24825303295021,16.927539535546373,20.008911980551265,19.648914144569204,18.69413532362935,20.06821521700815,20.008911980551265,18.69413532362935,20.821081839540433,22.51002597812018,18.500043208247405,18.300042741131218,21.146208039408332,16.152232381246538,17.846641576748944,18.500043208247405
1070016402,518807041#12,9,18.78,3.72716903824445,3.455546198102118,3.212154204785818,2.7816207157993738,2.9010906492980504,4.241642015679852,3.4689397880172423,3.5979355389284358,4.282231891427984,3.5799458612337944,4.2316144931841535,4.155479815709568,3.953556997497288,4.244156326299697,4.2316144931841535,3.953556997497288,4.403377443091997,4.760566304832174,3.912509137960431,3.8702117418743724,4.472137240766762,3.415978875223086,3.774323522650284,3.912509137960431
1070016402,518807041#13,10,92.3,18.318301503192902,16.983328758510407,15.787105063989934,13.671117788513428,14.258288973919598,20.84683482679714,17.04915561416355,17.68314431539375,21.046326069158834,17.594728593816782,20.797551529334257,20.423364589456504,19.43095372039402,20.859192168128967,20.797551529334257,19.43095372039402,21.64173258772052,23.397245470501044,19.22921157794184,19.021328209531656,21.979673446366995,16.78886316203891,18.550056503760445,19.22921157794184
1070016500,219054273#0,0,36.9,7.82561293231666,7.087502876638825,7.564954417729765,7.570621050252409,6.94862777730283,7.868259324318386,8.173699233390186,9.175468998717172,9.55723792159524,8.76183710627392,12.198888475663205,18.820817694761576,17.71565136211563,13.220116549492435,11.511137929484015,15.006353529453548,16.622991944221983,21.012014765253568,11.786331314387132,10.188285385168312,9.86027229471899,11.336824567680278,9.962325384018696,7.970645979563853
1070016500,219054273#1,1,9.63,2.042294106726543,1.849665384878913,1.9742685919441096,1.9757474448219705,1.813422371149763,2.053423774883091,2.1331361413969514,2.394573616738384,2.4942059941724164,2.2866257813934374,3.183612358282837,4.911774373998753,4.623352916454567,3.450127977550465,3.0041262401336337,3.9162922625647076,4.33819545861403,5.483623365566175,3.0759450015595684,2.658893990763438,2.573290574475444,2.958634704248268,2.599923941682928,2.0801441946666643
1070016500,219054273#2,2,6.55,1.3890993145440143,1.258079778915564,1.3428306622257444,1.3438365278903328,1.2334285078952176,1.3966693380565154,1.4508869912928382,1.6287079116964087,1.6964744820175832,1.555285448403636,2.1653853527261244,3.340822653135185,3.1446481415137497,2.346660254720202,2.0433049712227724,2.6637294205398576,2.950693691996043,3.7297749786561214,2.0921536614969027,1.8084896821911232,1.7502651363254575,2.0123631685177727,1.7683802510927493,1.4148436630391121
1070016500,219054273#3,3,0.24,0.05089829549474251,0.046097579685455775,0.04920295556247002,0.04923981170895876,0.04519432700684767,0.05117567040207079,0.053162271436684144,0.05967784714612795,0.06216089705102595,0.05698755841478972,0.07934236406935419,0.12241182240495334,0.11522374869668701,0.08598449788287763,0.07486918978526189,0.09760229937855967,0.10811702077542752,0.1366635106683159,0.07665906545942851,0.06626527079784268,0.06413185232337555,0.07373544434263594,0.06479561225378012,0.05184159986708197
1070016500,219054273#4,4,40.34,8.555155167741304,7.748234852130359,8.270196780791837,8.276391684747486,7.596413131067647,8.601777266748067,8.935691790649326,10.030851474478341,10.448210779326613,9.578658776885906,13.336129027323949,20.575387149232576,19.36719176010148,14.452561019147016,12.584262983072772,16.40531982054624,18.172669242003114,22.970858418166095,12.885111252638941,11.138087599937391,10.77949551135404,12.393699269924726,10.891062492989544,8.713708910992029
1070016500,1528761966#0,5,96.66,20.499288510507544,18.565800218317314,19.8164903527848,19.83133416578314,18.2020152020079,20.611001254434015,21.41110482112454,24.035252938103035,25.0353012873007,22.95173915155656,31.955137128932396,49.30136147359496,46.4063647875907,34.63025652232896,30.153566186014224,39.30932607471491,43.54413011730343,55.04122892166422,30.87443861378483,26.68833781383114,25.829103523239503,29.69695020899663,26.096432835209946,20.87920434646726
1070016500,1528761966#1,6,2.21,0.4686884710140873,0.4244818796035719,0.4530772158044114,0.4534165994866619,0.4161644278547223,0.4712426316190686,0.4895359161461331,0.5495335091372615,0.572398260344864,0.5247604337361886,0.7306109358053031,1.127208864645612,1.0610186859153263,0.7917739180048315,0.6894204559392866,0.8987545067775703,0.9955775663070617,1.258443160737409,0.7059022277722375,0.6101927019301348,0.5905474734777498,0.6789805499884394,0.5966595961702253,0.4773747321093798
1070016500,1528761962#0,7,2.61,0.5535189635053247,0.5013111790793315,0.5350821417418614,0.5354829523349265,0.4914883061994684,0.55653541562252,0.57813970187394,0.6489965877141416,0.6759997554299073,0.6197396977608381,0.8628482092542267,1.3312285686538674,1.2530582670764714,0.9350814144762942,0.814202438914723,1.0614250057418364,1.1757726009327742,1.4862156785179352,0.8336673368712849,0.7206348199265391,0.6974338940167091,0.8018729572261659,0.704652283259859,0.5637773985545165
1070016500,1528761962#1,8,17.13,3.6328658409372467,3.2902147500494054,3.5118609532712974,3.514491560726931,3.2257450901137523,3.652663474947803,3.7944571237933307,4.259506340054883,4.4367340270169775,4.067486981855616,5.663061235450155,8.737143824153543,8.224095063226036,6.137143536390391,5.343788420923067,6.966364118144696,7.71685235784614,9.754358073951046,5.471540797166709,4.729683703196021,4.57741095958093,5.2628673399556405,4.624786824613556,3.700194190512976
1070016600,617286974,0,1.15,0.16949279722155622,0.1847624185928676,0.16616526645653343,0.15715424110197934,0.15940936922541576,0.1620250197687681,0.16642457554900617,0.2527129573739411,0.26985037452379346,0.22517919766005737,0.22954125702066974,0.18112239811787223,0.18057038268168502,0.2157929340586871,0.2111779564590162,0.23153466785020227,0.19208369598667718,0.18136882314932512,0.17184155335450071,0.18093801834374482,0.18069276179566784,0.16762789690632374,0.18057038268168502,0.176857160881929
1070016600,1528761960,1,2.85,0.42004736702733503,0.4578894721649328,0.4118008777401046,0.3894692062092532,0.3950580019934217,0.4015402663834688,0.4124435133171023,0.6262886334919412,0.668759623819836,0.5580527942010118,0.5688631152251381,0.4488685518573356,0.44750051360243676,0.5347911844063115,0.5233540660071272,0.5738033072809361,0.47603350744524353,0.44947925737006666,0.4258681974437627,0.4484116106779763,0.44780380097187256,0.4154256575504545,0.44750051360243676,0.43829818131608494
1070016600,617286974,2,1.15,0.16949279722155622,0.1847624185928676,0.16616526645653343,0.15715424110197934,0.15940936922541576,0.1620250197687681,0.16642457554900617,0.2527129573739411,0.26985037452379346,0.22517919766005737,0.22954125702066974,0.18112239811787223,0.18057038268168502,0.2157929340586871,0.2111779564590162,0.23153466785020227,0.19208369598667718,0.18136882314932512,0.17184155335450071,0.18093801834374482,0.18069276179566784,0.16762789690632374,0.18057038268168502,0.176857160881929
1070016600,1528761960,3,2.85,0.42004736702733503,0.4578894721649328,0.4118008777401046,0.3894692062092532,0.3950580019934217,0.4015402663834688,0.4124435133171023,0.6262886334919412,0.668759623819836,0.5580527942010118,0.5688631152251381,0.4488685518573356,0.44750051360243676,0.5347911844063115,0.5233540660071272,0.5738033072809361,0.47603350744524353,0.44947925737006666,0.4258681974437627,0.4484116106779763,0.44780380097187256,0.4154256575504545,0.44750051360243676,0.43829818131608494
1070016600,1528761965#0,4,6.23,0.9182088058176482,1.0009303198552741,0.9001822695862638,0.8513660191872446,0.8635829306733395,0.8777529331821091,0.901587048408964,1.3690449777736118,1.4618850724202028,1.2198838273236154,1.243514809772846,0.9812109045863863,0.9782204209625197,1.1690347645092356,1.1440336249910183,1.254313896266748,1.0405925443452164,0.9825458854089528,0.9309329368682954,0.9802120472013307,0.9788833965104442,0.9081059110664322,0.9782204209625197,0.9581044454734067
1070016600,1528761965#1,5,114.83,16.924224265175045,18.448929153929555,16.591963084524984,15.692192613687206,15.917372059264778,16.17855045221534,16.61785566112381,25.233938169782316,26.94514652744974,22.484632406351643,22.920193516246528,18.08546519641328,18.030345255076426,21.547393580833948,21.08657803494681,23.119239921077156,19.17997461752186,18.11007127151044,17.158752671041146,18.06705447514106,18.042565075649165,16.738009914567964,18.030345255076426,17.659571986149484
1070016600,-219054273#4,6,40.34,5.945512556450069,6.481144318292418,5.828788564223095,5.512697466133781,5.591803438741977,5.6835559108453095,5.8378846762147045,8.864731043882422,9.465881833295503,7.898894637918883,8.051908094098973,6.3534587304999715,6.334094989025369,7.569640834719512,7.4077554465710564,8.121833479197532,6.73796199661092,6.362102892038067,6.027902836800488,6.346991008684058,6.338387835510645,5.88009509669661,6.334094989025369,6.20384162606697
1070016600,-219054273#3,7,0.18,0.026529307391200106,0.02891933508410102,0.02600847648884871,0.024598055129005463,0.024951031704847686,0.02536043787685066,0.02604906399897488,0.0395550715889647,0.04223744992546332,0.03524543963374811,0.035928196751061355,0.02834959274888435,0.028263190332785477,0.033776285330924936,0.033053941010976445,0.03624020888090123,0.03006527415443643,0.02838816362337263,0.026896938785921858,0.02832073330597745,0.028282345324539316,0.026237409950555023,0.028263190332785477,0.027681990398910623
1070016600,219054273#3,8,0.24,0.03537240985493347,0.03855911344546802,0.03467796865179828,0.03279740683867395,0.033268042273130245,0.03381391716913421,0.034732085331966506,0.052740095451952934,0.05631659990061776,0.04699391951166415,0.04790426233474847,0.03779945699851247,0.03768425377704731,0.04503504710789991,0.0440719213479686,0.0483202785078683,0.04008703220591524,0.03785088483116351,0.03586258504789581,0.03776097774130327,0.03770979376605242,0.03498321326740669,0.03768425377704731,0.03690932053188083
1070016600,-219054273#3,9,0.18,0.026529307391200106,0.02891933508410102,0.02600847648884871,0.024598055129005463,0.024951031704847686,0.02536043787685066,0.02604906399897488,0.0395550715889647,0.04223744992546332,0.03524543963374811,0.035928196751061355,0.02834959274888435,0.028263190332785477,0.033776285330924936,0.033053941010976445,0.03624020888090123,0.03006527415443643,0.02838816362337263,0.026896938785921858,0.02832073330597745,0.028282345324539316,0.026237409950555023,0.028263190332785477,0.027681990398910623
1070016600,219054273#3,10,0.24,0.03537240985493347,0.03855911344546802,0.03467796865179828,0.03279740683867395,0.033268042273130245,0.03381391716913421,0.034732085331966506,0.052740095451952934,0.05631659990061776,0.04699391951166415,0.04790426233474847,0.03779945699851247,0.03768425377704731,0.04503504710789991,0.0440719213479686,0.0483202785078683,0.04008703220591524,0.03785088483116351,0.03586258504789581,0.03776097774130327,0.03770979376605242,0.03498321326740669,0.03768425377704731,0.03690932053188083
1070016600,-219054273#3,11,0.18,0.026529307391200106,0.02891933508410102,0.02600847648884871,0.024598055129005463,0.024951031704847686,0.02536043787685066,0.02604906399897488,0.0395550715889647,0.04223744992546332,0.03524543963374811,0.035928196751061355,0.02834959274888435,0.028263190332785477,0.033776285330924936,0.033053941010976445,0.03624020888090123,0.03006527415443643,0.02838816362337263,0.026896938785921858,0.02832073330597745,0.028282345324539316,0.026237409950555023,0.028263190332785477,0.027681990398910623
1070016600,-219054273#2,12,6.55,0.9653720189575594,1.0523424711158982,0.9464195611219948,0.8950958949721433,0.9079403203708464,0.9228381560742879,0.9478964955182526,1.4393651050428822,1.536973872287693,1.2825423866725008,1.3073871595525104,1.031610180584403,1.0284660926652494,1.2290814939864352,1.2027961867883097,1.3187409342772392,1.09404192061977,1.0330137318505042,0.9787497169321564,1.0305600175230685,1.0291631215318473,0.9547501954229745,1.0284660926652494,1.0073168728492479
1070016600,219054273#2,13,6.55,0.9653720189575594,1.0523424711158982,0.9464195611219948,0.8950958949721433,0.9079403203708464,0.9228381560742879,0.9478964955182526,1.4393651050428822,1.536973872287693,1.2825423866725008,1.3073871595525104,1.031610180584403,1.0284660926652494,1.2290814939864352,1.2027961867883097,1.3187409342772392,1.09404192061977,1.0330137318505042,0.9787497169321564,1.0305600175230685,1.0291631215318473,0.9547501954229745,1.0284660926652494,1.0073168728492479
1070016600,-219054273#2,14,6.55,0.9653720189575594,1.0523424711158982,0.9464195611219948,0.8950958949721433,0.9079403203708464,0.9228381560742879,0.9478964955182526,1.4393651050428822,1.536973872287693,1.2825423866725008,1.3073871595525104,1.031610180584403,1.0284660926652494,1.2290814939864352,1.2027961867883097,1.3187409342772392,1.09404192061977,1.0330137318505042,0.9787497169321564,1.0305600175230685,1.0291631215318473,0.9547501954229745,1.0284660926652494,1.0073168728492479
1070016600,219054273#2,15,6.55,0.9653720189575594,1.0523424711158982,0.9464195611219948,0.8950958949721433,0.9079403203708464,0.9228381560742879,0.9478964955182526,1.4393651050428822,1.536973872287693,1.2825423866725008,1.3073871595525104,1.031610180584403,1.0284660926652494,1.2290814939864352,1.2027961867883097,1.3187409342772392,1.09404192061977,1.0330137318505042,0.9787497169321564,1.0305600175230685,1.0291631215318473,0.9547501954229745,1.0284660926652494,1.0073168728492479
1070016600,-219054273#2,16,6.55,0.9653720189575594,1.0523424711158982,0.9464195611219948,0.8950958949721433,0.9079403203708464,0.9228381560742879,0.9478964955182526,1.4393651050428822,1.536973872287693,1.2825423866725008,1.3073871595525104,1.031610180584403,1.0284660926652494,1.2290814939864352,1.2027961867883097,1.3187409342772392,1.09404192061977,1.0330137318505042,0.9787497169321564,1.0305600175230685,1.0291631215318473,0.9547501954229745,1.0284660926652494,1.0073168728492479
1070016600,-219054273#1,17,9.63,1.4193179454292058,1.5471844269994046,1.3914534921534063,1.3159959494017923,1.3348801962093515,1.3567834264115106,1.3936249239451564,2.116196330009612,2.259703571012288,1.8856310204055242,1.9221585261817826,1.516703212065313,1.5120806828040234,1.8070312652044842,1.7683858440872404,1.9388511751282158,1.6084921672623491,1.5187667538504357,1.4389862250468193,1.5151592318697937,1.5131054748628536,1.403701432354694,1.5120806828040234,1.4809864863417186
1070016600,-219054273#0,18,37.98,5.5976838595432215,6.101979702745314,5.487788539147077,5.190189632220153,5.264667689722862,5.3510523920154895,5.496352503783699,8.346120105271552,8.91210193427276,7.436787762720852,7.580849514473946,5.981764070014598,5.963533160217736,7.126796204825161,6.9743815533160305,7.6466840738701585,6.343772846586086,5.989902524531624,5.675254083829511,5.975674727561242,5.967574863477796,5.53609349956711,5.963533160217736,5.840899974170142
1070016900,-183521076,0,14.12,2.594142777044388,2.1961679242373795,2.150562879736668,1.9494219986318857,2.160376400048374,2.3663101732768337,2.49643495116701,2.4110712242082255,2.62496427538551,2.5423992310504078,2.8556806528860026,2.85322203846251,2.41546457556429,2.3859016541930926,2.717521441307262,2.544351169039697,2.7130719588000045,2.5961750079703925,2.7231038600445405,2.5992293315091812,2.8434297706342395,3.012743088794733,2.3046018064493783,2.48148064221206
1070016900,-538081779,1,5.94,1.0913036894931776,0.923883673510626,0.9046985485577769,0.8200826254867849,0.9088268991704918,0.9954590955569683,1.0501999723747903,1.0142891693907126,1.1042696739227995,1.069536220427721,1.201327413466208,1.20029312382913,1.0161373639413516,1.0037008375288223,1.143206611994698,1.070357361479873,1.141334804197736,1.092158608168848,1.1455550232765277,1.0934435006490464,1.1961737137087383,1.2674004212068495,0.9694996267924441,1.0439089953781613
1070016900,-415667973#1,2,28.01,5.14602968732389,4.356562574921318,4.26609534429349,3.8670899562095697,4.28556253295715,4.694075634099441,4.952205593639373,4.782868625359235,5.207170634103975,5.043385443464725,5.664845261142843,5.6599680805478,4.791583764982703,4.7329394712428146,5.390777306729207,5.0472575244194005,5.3819508191209735,5.150061046264214,5.401851212453795,5.15611994161276,5.640543050670329,5.976411750505699,4.571664065059992,4.922540565747862
1070016900,-415667973#0,3,45.34,8.329917387478227,7.052000969187168,6.905560975018452,6.259687919119669,6.937072661345135,7.598335924672213,8.016172853109932,7.742065814844261,8.428886702973017,8.16376636939274,9.169728102114119,9.161833372796758,7.756173077626411,7.661245113393402,8.726092220175019,8.170034136279028,8.711804717563188,8.336442978851105,8.744017635582116,8.346250558826224,9.130389929217877,9.674063147730397,7.400187386998216,7.968153846876403
1070016900,-415667974,4,44.42,8.160893920418678,6.9089078749734005,6.765439314299066,6.1326717549028595,6.796311592786741,7.444157074855309,7.853515618331344,7.584970522615396,8.257855036304841,7.99811429484838,8.983663923597467,8.975929387287872,7.598791533042902,7.505789764819915,8.549029916633753,8.00425488163905,8.535032323647041,8.167287100144819,8.56659160504097,8.176895673203811,8.945123966825278,9.477765439395329,7.250029195643158,7.806470972171367
1070016900,-393793274#1,5,1.0,0.18372115984733628,0.15553597197148583,0.1523061529558547,0.1380610480617483,0.15300116147651374,0.16758570632272193,0.1768013421506381,0.17075575242267887,0.18590398550888879,0.1800566027656096,0.2022436723007084,0.20206954946618347,0.1710668962864228,0.1689732049711822,0.192459025588333,0.18019484199997857,0.19214390643059526,0.18386508555031109,0.19285438102298447,0.18408139741566437,0.20137604607891216,0.21336707427724735,0.1632154253859333,0.17574225511416855
1070016900,-393793274#0,6,20.28,3.72586512170398,3.1542695115817327,3.0887687819447334,2.7998780546922553,3.102863554743699,3.398638124224801,3.5855312188149413,3.4629266591319277,3.770132826120265,3.6515479040865633,4.101501674258367,4.097970463174201,3.469236656688655,3.4267765968155754,3.903069038931393,3.6543513957595657,3.8966784224124718,3.728783934960309,3.9110868471461253,3.7331707395896743,4.083906214480338,4.3270842663425775,3.310008826826728,3.5640529337153386
1070016900,518709394#0,7,93.36,17.152207483347315,14.520838343257918,14.219302439958595,12.88937944704482,14.284188435447325,15.645801542289322,16.506173303183573,15.9417570461813,17.355996087109858,16.81008443419731,18.881469245994136,18.86521313816289,15.970805437300431,15.775338416109571,17.96797462892677,16.822990449118,17.938555104360372,17.165644386977043,18.00488501230583,17.18583926272643,18.800467661927236,19.919950054523813,15.237792114030734,16.407296937458778
1070016900,380861432#0,8,0.2,0.03674423196946726,0.03110719439429717,0.030461230591170937,0.02761220961234966,0.030600232295302753,0.033517141264544394,0.03536026843012762,0.03415115048453578,0.03718079710177776,0.03601132055312192,0.04044873446014168,0.0404139098932367,0.034213379257284564,0.033794640994236444,0.038491805117666596,0.03603896839999572,0.03842878128611905,0.03677301711006222,0.03857087620459689,0.03681627948313288,0.04027520921578243,0.042673414855449475,0.03264308507718666,0.03514845102283371
1070016900,-380861432#0,9,0.2,0.03674423196946726,0.03110719439429717,0.030461230591170937,0.02761220961234966,0.030600232295302753,0.033517141264544394,0.03536026843012762,0.03415115048453578,0.03718079710177776,0.03601132055312192,0.04044873446014168,0.0404139098932367,0.034213379257284564,0.033794640994236444,0.038491805117666596,0.03603896839999572,0.03842878128611905,0.03677301711006222,0.03857087620459689,0.03681627948313288,0.04027520921578243,0.042673414855449475,0.03264308507718666,0.03514845102283371
1070016900,518709394#1,10,64.0,11.758154230229522,9.954302206175093,9.7475937891747,8.83590707595189,9.79207433449688,10.725485204654204,11.31528589764084,10.928368155051448,11.897855072568882,11.523622576999015,12.943595027245337,12.932451165835742,10.948281362331059,10.814285118155661,12.317377637653312,11.532469887998628,12.297210011558096,11.76736547521991,12.342680385471006,11.78120943460252,12.888066949050378,13.65549275374383,10.445787224699732,11.247504327306787
1070016900,518709394#2,11,18.39,3.3786321295925146,2.8603065245556243,2.800910152858168,2.538942673855551,2.813691359553088,3.0819011392748563,3.251376682150235,3.1401982870530647,3.418774293508465,3.3112409248595607,3.7192611336100274,3.7160590146831143,3.1459202227073155,3.107417239420041,3.539321480569444,3.313783144379606,3.533526439258647,3.381278923270221,3.5465920670126843,3.385256898474068,3.7033054873911944,3.923820495958579,3.0015316728473134,3.2319000715495596
1070016900,518709394#3,12,25.33,4.653656978933028,3.9397261700377357,3.857914854371799,3.4970863474040836,3.8755194202000935,4.244945941154547,4.478377996675663,4.325243208866455,4.708947952940154,4.560833748052891,5.122832219376944,5.118421687978428,4.33312448293509,4.280091281920045,4.874987118152474,4.564335347859457,4.867005149886977,4.657302616989379,4.885001471312196,4.662781796538778,5.100855247178844,5.404587991442676,4.13424672502569,4.451551322041889
1070016900,518709394#4,13,53.39,9.808872724249284,8.304065543557629,8.131625506313082,7.371079356016741,8.16873201123107,8.947400860570124,9.439423657422568,9.116649621846825,9.925413786319572,9.613222021655897,10.797789664134822,10.788493245999534,9.133261592732113,9.021479413411418,10.275387376161099,9.620602614378855,10.25856316432948,9.81655691753111,10.29649540281714,9.828105808022322,10.75146710015312,11.391668095662236,8.71407156135498,9.38287900054546
1070016900,518709394#5,14,48.71,8.94905769616375,7.576157194731074,7.418832710479682,6.724953651087759,7.4526865755209855,8.163099754979786,8.611993376157582,8.317512700508688,9.055383134137973,8.770557120712844,9.851289277767506,9.842807754497796,8.332668518111655,8.230684814146285,9.374679136407702,8.777290753818956,9.359329682234295,8.956068317155653,9.393936899629573,8.966604868117013,9.809027204503812,10.39311018804472,7.9502233705488115,8.560405246611152
1070016900,518709394#6,15,5.61,1.0306757067435566,0.8725568027600356,0.8544375180823449,0.774522479626408,0.8583365158832422,0.9401558124704702,0.9918555294650799,0.9579397710912285,1.0429213587048662,1.0101175415150698,1.1345870016069741,1.1336101725052894,0.959685288166832,0.9479396798883323,1.0796951335505482,1.0108930636198799,1.0779273150756394,1.0314831299372453,1.081913077538943,1.0326966395018773,1.1297196185026972,1.1969892866953578,0.9156385364150859,0.9859140511904857
1070016900,-518709394#6,16,5.61,1.0306757067435566,0.8725568027600356,0.8544375180823449,0.774522479626408,0.8583365158832422,0.9401558124704702,0.9918555294650799,0.9579397710912285,1.0429213587048662,1.0101175415150698,1.1345870016069741,1.1336101725052894,0.959685288166832,0.9479396798883323,1.0796951335505482,1.0108930636198799,1.0779273150756394,1.0314831299372453,1.081913077538943,1.0326966395018773,1.1297196185026972,1.1969892866953578,0.9156385364150859,0.9859140511904857
1070016900,518709394#6,17,5.61,1.0306757067435566,0.8725568027600356,0.8544375180823449,0.774522479626408,0.8583365158832422,0.9401558124704702,0.9918555294650799,0.9579397710912285,1.0429213587048662,1.0101175415150698,1.1345870016069741,1.1336101725052894,0.959685288166832,0.9479396798883323,1.0796951335505482,1.0108930636198799,1.0779273150756394,1.0314831299372453,1.081913077538943,1.0326966395018773,1.1297196185026972,1.1969892866953578,0.9156385364150859,0.9859140511904857
1070016900,-518709394#6,18,5.61,1.0306757067435566,0.8725568027600356,0.8544375180823449,0.774522479626408,0.8583365158832422,0.9401558124704702,0.9918555294650799,0.9579397710912285,1.0429213587048662,1.0101175415150698,1.1345870016069741,1.1336101725052894,0.959685288166832,0.9479396798883323,1.0796951335505482,1.0108930636198799,1.0779273150756394,1.0314831299372453,1.081913077538943,1.0326966395018773,1.1297196185026972,1.1969892866953578,0.9156385364150859,0.9859140511904857
1070016900,518709394#6,19,5.61,1.0306757067435566,0.8725568027600356,0.8544375180823449,0.774522479626408,0.8583365158832422,0.9401558124704702,0.9918555294650799,0.9579397710912285,1.0429213587048662,1.0101175415150698,1.1345870016069741,1.1336101725052894,0.959685288166832,0.9479396798883323,1.0796951335505482,1.0108930636198799,1.0779273150756394,1.0314831299372453,1.081913077538943,1.0326966395018773,1.1297196185026972,1.1969892866953578,0.9156385364150859,0.9859140511904857
1070016900,518709394#7,20,19.6,3.6009347330077914,3.0485050506411224,2.9852005979347527,2.7059965420102667,2.99882276493967,3.2846798439253506,3.4653063061525073,3.346812747484506,3.6437181159742207,3.5291094142059483,3.963975977093885,3.960563169537197,3.352911167213887,3.311874817435172,3.772196901531327,3.5318189031995804,3.7660205660396673,3.6037556767860974,3.779945868050496,3.607995389347022,3.946970503146678,4.181994655834049,3.199022337564293,3.4445482002377044
1070016900,518709394#8,21,29.05,5.337099693565119,4.518319985771663,4.424493743367579,4.010673446193787,4.444683740892724,4.868364768675073,5.1360789894760375,4.960454607878821,5.40051077903322,5.230644310340959,5.875178680335579,5.87012041199263,4.969493337120583,4.908671604412843,5.590934693341074,5.234660160099378,5.581780481808792,5.341280735236538,5.602419768717699,5.347564594925051,5.8499741385923985,6.198313507754037,4.741408107461363,5.105312511066597
1070016900,518709394#9,22,6.66,1.2235829245832597,1.0358695733300955,1.0143589786859921,0.9194865800912436,1.0189877354335817,1.1161208041093282,1.17749693872325,1.1372333111350414,1.2381205434891993,1.19917697441896,1.346942857522718,1.345783199444782,1.1393055292675758,1.1253615451080736,1.2817771104182978,1.2000976477198573,1.2796784168277644,1.2245414697650718,1.2844101776130765,1.2259821067883248,1.341164466885555,1.4210247146864674,1.087014733070316,1.1704434190603628
1070017000,-518709394#9,0,6.66,1.4048345444341754,1.3146158122228062,1.321781433002218,1.2711486764960847,1.2716614432070552,1.7311634913290992,2.005374502360235,1.7911640441535734,1.991439493184011,2.2517490840787784,2.1666314211067284,2.264690170768886,2.221598814454045,2.3213908083286374,2.4380887221270613,1.7321146800605989,1.5468345032925859,1.6957766098495373,1.9568272611485351,1.771038605455219,1.863149360348871,1.9059544847099699,1.8798143814611152,1.860949656263453
1070017000,-518709394#8,1,29.03,6.1234754992378555,5.730224779103314,5.761458708716875,5.540757669471672,5.542992747192315,7.545897320312875,8.741144414942585,7.807431261528265,8.680403676746524,9.815056443064105,9.44404056377302,9.871464813426542,9.683635673213352,10.11861488975681,10.627284625127416,7.550043417741619,6.742433277865431,7.391650898488298,8.52953384251381,7.719707314769521,8.121205094733893,8.307786590259823,8.193845569642068,8.1116168950943
1070017000,-518709394#7,2,19.6,4.1343479085450205,3.8688393272623136,3.889927340366888,3.740918026925414,3.742427070098841,5.094715379887439,5.90170273967877,5.271293583394901,5.860692802763756,6.626769076267878,6.376272650704486,6.664853956016542,6.538038553047941,6.831720697183378,7.175155999052613,5.097514674052213,4.552245685365569,4.990573806764404,5.758830978755449,5.212065565603948,5.483142261687369,5.609115300347659,5.532186467963642,5.476668658072625
1070017000,-518709394#6,3,5.61,1.1833516207621209,1.1073565625480397,1.113392468339706,1.0707423536250802,1.0711742787374745,1.4582323102637007,1.6892118555917295,1.5087733164717039,1.677473807321667,1.8967435978501423,1.8250453862475593,1.9076444231251428,1.8713467491121913,1.9554057709795283,2.053705365034957,1.4590335368078018,1.3029641987194307,1.4284244416300156,1.6483184587152078,1.4918208072978647,1.5694095963299048,1.605466165048488,1.5834472492487772,1.567556692438134
1070017000,518709394#6,4,5.61,1.1833516207621209,1.1073565625480397,1.113392468339706,1.0707423536250802,1.0711742787374745,1.4582323102637007,1.6892118555917295,1.5087733164717039,1.677473807321667,1.8967435978501423,1.8250453862475593,1.9076444231251428,1.8713467491121913,1.9554057709795283,2.053705365034957,1.4590335368078018,1.3029641987194307,1.4284244416300156,1.6483184587152078,1.4918208072978647,1.5694095963299048,1.605466165048488,1.5834472492487772,1.567556692438134
1070017000,-518709394#6,5,5.61,1.1833516207621209,1.1073565625480397,1.113392468339706,1.0707423536250802,1.0711742787374745,1.4582323102637007,1.6892118555917295,1.5087733164717039,1.677473807321667,1.8967435978501423,1.8250453862475593,1.9076444231251428,1.8713467491121913,1.9554057709795283,2.053705365034957,1.4590335368078018,1.3029641987194307,1.4284244416300156,1.6483184587152078,1.4918208072978647,1.5694095963299048,1.605466165048488,1.5834472492487772,1.567556692438134
1070017000,518709394#6,6,5.61,1.1833516207621209,1.1073565625480397,1.113392468339706,1.0707423536250802,1.0711742787374745,1.4582323102637007,1.6892118555917295,1.5087733164717039,1.677473807321667,1.8967435978501423,1.8250453862475593,1.9076444231251428,1.8713467491121913,1.9554057709795283,2.053705365034957,1.4590335368078018,1.3029641987194307,1.4284244416300156,1.6483184587152078,1.4918208072978647,1.5694095963299048,1.605466165048488,1.5834472492487772,1.567556692438134
1070017000,-518709394#6,7,5.61,1.1833516207621209,1.1073565625480397,1.113392468339706,1.0707423536250802,1.0711742787374745,1.4582323102637007,1.6892118555917295,1.5087733164717039,1.677473807321667,1.8967435978501423,1.8250453862475593,1.9076444231251428,1.8713467491121913,1.9554057709795283,2.053705365034957,1.4590335368078018,1.3029641987194307,1.4284244416300156,1.6483184587152078,1.4918208072978647,1.5694095963299048,1.605466165048488,1.5834472492487772,1.567556692438134
1070017000,-518709394#5,8,49.73,10.489853137344076,9.816192844120144,9.869698297777822,9.491625177500042,9.49545398959262,12.926540604173587,14.974065165521694,13.374562750113695,14.870012912318447,16.813736028714363,16.17816525099663,16.910366695546053,16.58860496138133,17.33374848321068,18.205127950657467,12.933643099011046,11.550162139450494,12.662307929101724,14.611564519056554,13.224286764157362,13.912074728250653,14.231699177871889,14.036511890399586,13.895649610507734
1070017000,-518709394#4,9,53.93,11.375784832032293,10.645229842819212,10.70325415642787,10.29325046898406,10.297402647470944,14.018265328435183,16.238715752595716,14.504125660841174,16.125875655767825,18.233757973628908,17.54450939043331,18.338549686121024,17.989613222748748,18.79768863260712,19.742661379025886,14.025967672022235,12.525643357743117,13.731716601979812,15.845599728789866,14.34115795678678,15.087033784326518,15.433652456517818,15.22198041924894,15.069221465809013
1070017000,-518709394#3,10,25.33,5.343011863441091,4.999882661201754,5.027135690382309,4.83456396030718,4.8365141676328385,6.584139825130041,7.627047469186898,6.812340125887389,7.574048402755405,8.564084729687005,8.24035644093595,8.613303607443827,8.449414109627773,8.828953329574233,9.272790890612379,6.5877574843746185,5.883080776036216,6.449552781905222,7.442407586320178,6.735796978405509,7.086122116762296,7.248922987643173,7.149504246608115,7.077755974947937
1070017000,-518709394#2,11,18.39,3.8791152060277008,3.629997715732344,3.6497838668034217,3.5099735977121616,3.511389480567229,4.780194685516837,5.537362927688396,4.945871887685318,5.49888472667477,6.217667515947258,5.982635410533442,6.253401237303276,6.1344147444159,6.409966511285833,6.732199939927425,4.7828211661132745,4.271214191524122,4.682482260530479,5.403311311189424,4.890300293441663,5.144642152675035,5.262838284356808,5.190658629890376,5.138568194997733
1070017000,-518709394#1,12,63.99,13.497802176928362,12.630970844465073,12.699818903575366,12.21333390525292,12.218260623246165,16.63320597749986,19.267855015920638,17.20969777558366,19.133965941268,21.63504863216232,20.817228924417346,21.759387992117272,21.345361582119274,22.304173847590015,23.425420019355954,16.64234510166332,14.862153132986872,16.29320499463542,18.801407874008223,17.016330384846764,17.901340475784423,18.312616738226872,18.061459800254767,17.88020548112588
1070017000,380861432#0,13,0.2,0.04218722355658185,0.039477952319003196,0.039693136126192734,0.03817263292781035,0.038188031327539194,0.051986891631504474,0.06022145652733438,0.05378871003464185,0.05980298778330364,0.06762009261497834,0.06506400663984169,0.06800871383690349,0.06671467911273408,0.06971143568554468,0.0732158775413532,0.05201545585767564,0.046451486585362946,0.05092422251800413,0.05876358141587193,0.05318434250616273,0.055950431241707836,0.057235870411710806,0.056450882326159614,0.05588437406196556
1070017000,-380861432#0,14,0.2,0.04218722355658185,0.039477952319003196,0.039693136126192734,0.03817263292781035,0.038188031327539194,0.051986891631504474,0.06022145652733438,0.05378871003464185,0.05980298778330364,0.06762009261497834,0.06506400663984169,0.06800871383690349,0.06671467911273408,0.06971143568554468,0.0732158775413532,0.05201545585767564,0.046451486585362946,0.05092422251800413,0.05876358141587193,0.05318434250616273,0.055950431241707836,0.057235870411710806,0.056450882326159614,0.05588437406196556
1070017000,-518709394#0,15,93.48,19.718308290346357,18.45199491390209,18.552571825382486,17.84188863045856,17.84908584249182,24.298673148565193,28.14750878087609,25.1408430701916,27.951916489916123,31.605631288240872,30.410916703462004,31.787272847368694,31.18244101729191,32.583125039423585,34.22110116282848,24.312024067877594,21.711424829998638,23.801981604915127,27.46609795377854,24.858361687380462,26.151231562374242,26.75204583043363,26.385142399247002,26.1203564365627
1070017000,393793274#0,16,18.82,3.9698177366743517,3.7148753132182004,3.735124109474736,3.5920447585069537,3.593493747921438,4.89196650252457,5.666839059222165,5.061517614259797,5.627461150408872,6.363050715069461,6.1225230248091025,6.399619972052618,6.277851304508277,6.5598460980097535,6.889614076641335,4.894654396207277,4.3710848876826525,4.791969338944188,5.529653011233548,5.004646629829913,5.264935579844707,5.385895405741986,5.312028026891619,5.258719599230959
1070017000,393793274#1,17,1.0,0.21093611778290922,0.19738976159501598,0.19846568063096365,0.19086316463905173,0.19094015663769598,0.25993445815752236,0.3011072826366719,0.26894355017320926,0.2990149389165182,0.33810046307489167,0.32532003319920844,0.34004356918451745,0.33357339556367044,0.3485571784277233,0.36607938770676596,0.2600772792883782,0.2322574329268147,0.2546211125900206,0.2938179070793596,0.26592171253081365,0.27975215620853916,0.286179352058554,0.28225441163079806,0.2794218703098278
1070017000,415667974,18,44.16,9.31493896129327,8.716731872035906,8.764244456663354,8.428517350460524,8.431917317120654,11.478705672236186,13.29689760123543,11.87654717564892,13.204499702553443,14.930516449387214,14.366132666077043,15.016324015188289,14.730601148091685,15.392284999368261,16.16606576113078,11.48501265337478,10.256488238048137,11.244068331975308,12.97499877662452,11.743102825360731,12.35385521816909,12.637680186905744,12.46435481761604,12.339269792881995
1070017000,415667973#0,19,45.25,9.544859329676642,8.931886712174473,8.980572048551107,8.636558199917092,8.640042087855743,11.762034231627888,13.625104539309405,12.169695645337718,13.530425985972448,15.29904595413885,14.720731502264181,15.386971505599416,15.094196149256087,15.772212323854482,16.56509229373116,11.768496887799111,10.509648839938365,11.521605344698433,13.295260295341023,12.032957492019317,12.658785068436398,12.94961568064957,12.772012126293612,12.643839631519707
1070017000,415667973#1,20,28.01,5.908320659099288,5.528887222276397,5.559023714473293,5.346077241539839,5.348233787421864,7.280764172992202,8.43401498665318,7.533108840351591,8.375408439051673,9.470193970727717,9.112214129909827,9.524620372858335,9.343390809738409,9.763086567760531,10.253883649666514,7.284764592867473,6.50553069628008,7.131937363646478,8.229839577292864,7.448467167988091,7.835857895401182,8.015883651160097,7.905946069778653,7.826606587378277
1070017000,538081779,21,5.94,1.2529605396304808,1.172495183874395,1.1788861429479243,1.1337271979559673,1.1341845304279143,1.5440106814556829,1.7885772588618312,1.597524688028863,1.776148737164118,2.0083167506648563,1.9324009972032983,2.0198588009560337,1.9814259696482026,2.0704296398606767,2.1745115629781897,1.5448590389729664,1.3796091515852793,1.5124494087847224,1.7452783680513964,1.5795749724330332,1.6617278078787228,1.6999053512278108,1.6765912050869405,1.6597659096403772
1070017000,-538081779,22,5.94,1.2529605396304808,1.172495183874395,1.1788861429479243,1.1337271979559673,1.1341845304279143,1.5440106814556829,1.7885772588618312,1.597524688028863,1.776148737164118,2.0083167506648563,1.9324009972032983,2.0198588009560337,1.9814259696482026,2.0704296398606767,2.1745115629781897,1.5448590389729664,1.3796091515852793,1.5124494087847224,1.7452783680513964,1.5795749724330332,1.6617278078787228,1.6999053512278108,1.6765912050869405,1.6597659096403772
1070017400,37400589#6,0,71.94,17.174725765167207,16.982311825059522,17.017618086650085,15.520429085473436,15.5440074053906,15.585442307080523,16.67782049649285,17.298128274891567,17.261649725176483,18.410873368598043,18.24671043174028,19.58247440114519,21.194910149349276,19.563753106306617,19.16972903906016,19.9548373956087,19.974315030938726,19.877305244484436,19.507803383409655,19.96457146263095,18.965417747170275,18.477368622299533,18.956633394346202,17.32008950418682
1070017400,37401109#0,1,70.22,16.764098460245222,16.576284909030857,16.61074703981886,15.149354050346739,15.172368640624521,15.212812883002423,16.279073606668444,16.884550562453235,16.848944171558145,17.970691241909297,17.81045324599392,19.11428068457625,20.68816500816384,19.09600699367321,18.711403574128507,19.47774092187438,19.496752870065574,19.402062472445053,19.041394962232776,19.487242258909443,18.511977122689697,18.035596673031318,18.503402793313736,16.905986724826224
1070017400,37401109#1,2,62.47,14.913888220044416,14.746803165297031,14.777461799736317,13.4773589792817,13.497833508684334,13.533814024510985,14.482394306587548,15.021046334896806,14.98936972938247,15.987312473398939,15.84475953114839,17.004686903524327,18.404865680148035,16.988430032679656,16.646274299000396,17.328032973362184,17.344946621945265,17.260706958895504,16.939845390069518,17.336485672373584,16.46885802982662,16.04505445975885,16.46123002703374,15.04011664340493
1070017400,37401109#2,3,66.9,15.971492267023718,15.792558536231335,15.825391298260922,14.433092936032427,14.455019397006275,14.493551436526092,15.5093993774725,16.086249396583902,16.052326475039017,17.12103736946357,16.968375422343968,18.210557929338524,19.71002903796868,18.193148218125003,17.82672883949298,18.556833774898834,18.574946838612746,18.484733400834152,18.141118242286712,18.565885888935373,17.636731266134163,17.18287407328105,17.628562330855726,16.10667205768833
1070017400,37401109#3,4,41.51,9.909964783320694,9.798940281598842,9.819312298816303,8.955421341923858,8.969026235720932,8.992934531094141,9.62324616082038,9.981169094950639,9.960120657382205,10.623232603982553,10.52850917461133,11.29925649696326,12.229645820120776,11.288454148495797,11.061098865879725,11.514113153902102,11.525351917351495,11.469376434508604,11.256170676193143,11.51972979446498,10.943209489644678,10.661600938443891,10.93814084235906,9.993840913522309
1070017400,37401109#4,5,74.66,17.824089875276393,17.624400901569977,17.661042067685504,16.10724542009239,16.131715219439286,16.174716745157518,17.308396973424465,17.952158145724276,17.914300368107817,19.106975336384902,18.93660551617639,20.32287376688212,21.996274558665792,20.303444633261776,19.89452279755674,20.709315540118787,20.72952961092418,20.628851953756016,20.245379491317273,20.71941764526031,19.682486641697704,19.17598472811903,19.673370158769632,17.974949713408225
1070017400,37401109#5,6,110.06,26.275372778903296,25.98100138262512,26.035015938514153,23.744487422118517,23.780559564043504,23.84395024071841,25.515164357019778,26.464164552885265,26.408356529787657,28.166537711258005,27.915387129793377,29.95895374742897,32.425796650505724,29.93031230025169,29.327500389754817,30.528626685580953,30.55842524749953,30.410011331775884,29.84471560158558,30.543518698598316,29.01492740135614,28.26826787003456,29.001488342809886,26.497762730480975
1070017400,37401109#6,7,130.97,31.26735937536766,30.917061158299216,30.981337792723956,28.255637994501747,28.298563384542774,28.373997483435307,30.362721023431586,31.49201918491171,31.42560834732227,33.51782158861949,33.21895559139595,35.650773871531634,38.58628554712643,35.61669091371946,34.89935240819724,36.32867742150225,36.364137331137684,36.18752665930118,35.514831931125414,36.34639872756152,34.527394528035735,33.63887918352196,34.511402219315016,31.53200058887056
1070017400,37401109#7,8,146.37,34.94390617525055,34.55241842971869,34.62425297946862,31.57805400668261,31.626026743494894,31.710330699018293,33.932896664882655,35.19498242418514,35.12076272274231,37.458987141530386,37.12497923121803,39.84274086871868,43.123422276344925,39.80465029427439,39.00296412909697,40.600355151449065,40.639984585467076,40.44260729267705,39.69081430677886,40.62016020274246,38.587269886757205,37.59427919441177,38.56939713553592,35.23966500872706
1070017400,380561603#0,9,6.27,1.4968797685237474,1.480109746220784,1.4831868974603284,1.3526979478164918,1.3547529390019333,1.3583642377730731,1.4535715111622207,1.507635033132751,1.5044557099924458,1.6046174036851506,1.5903096247847033,1.7067294202832965,1.847262811181818,1.7050977477973657,1.6707562006520325,1.739183075764061,1.740880667834109,1.7324256864458911,1.7002213958017587,1.7400314577522389,1.6529492531937395,1.6104128615765645,1.6521836444613662,1.5095490852272915
1070017400,-380561603#0,10,5.88,1.4037724145007393,1.3880455036328885,1.3909312531206908,1.2685588410145092,1.2704860097817174,1.273872682313504,1.363157972190408,1.4138586913589437,1.41087712516038,1.5048086656568878,1.4913908442957027,1.6005692171077806,1.7323612966107,1.5990390362118836,1.5668335661617148,1.631004224161512,1.632596224380313,1.6246671509253334,1.5944659979767688,1.6317998359781762,1.5501342278754688,1.5102436405215631,1.549416240738889,1.4156536875815748
1070017400,37401109#8,11,317.6,75.8228093274549,74.97334216901453,75.12921190325365,68.51943671874288,68.62353005215535,68.80645644604914,73.62907686525061,76.36760550605453,76.20656036580556,81.28014153275979,80.55539662386313,86.4525141757536,93.5710795584283,86.36986358858748,84.6303300362178,88.09641863838371,88.1824083100659,87.75413046494658,86.122857305684,88.13939250113415,83.72833856687906,81.5737041206885,83.68955749297129,76.46455972379393
1070017700,-518807040#5,0,6.01,1.6763520217590908,1.2133389848213354,1.116463698286193,1.2921560643476984,0.8950105059138367,1.6783441216066954,1.3632495929845891,0.9443842048358638,1.1643252912877446,1.0048570461273814,1.3193148793386589,1.673372723142221,1.8743551139111272,1.7922926120964904,1.7088040875160726,1.4066997792151736,1.5666406858924393,1.475785348309336,1.2974980048985159,1.2816030656370547,1.6365313769780234,1.50648168355417,1.4992851150021593,1.5452150747615252
1070017700,518807040#5,1,6.01,1.6763520217590908,1.2133389848213354,1.116463698286193,1.2921560643476984,0.8950105059138367,1.6783441216066954,1.3632495929845891,0.9443842048358638,1.1643252912877446,1.0048570461273814,1.3193148793386589,1.673372723142221,1.8743551139111272,1.7922926120964904,1.7088040875160726,1.4066997792151736,1.5666406858924393,1.475785348309336,1.2974980048985159,1.2816030656370547,1.6365313769780234,1.50648168355417,1.4992851150021593,1.5452150747615252
1070017700,518807040#7,2,0.42,0.11714939253557706,0.08479240825706502,0.07802242151084876,0.09030042379800887,0.06254649126186547,0.11728860749996875,0.09526869035832403,0.06599689950600046,0.0813671584593765,0.0702229549706323,0.09219837759105436,0.11694118863889066,0.1309865470620089,0.12525172996348186,0.119417257363852,0.09830514264066105,0.10948237738349825,0.10313308590514493,0.09067373744715085,0.08956294302288902,0.11436658541277367,0.10527825409197193,0.10477533249599118,0.10798508009980709
1070017700,518807040#8,3,33.72,9.40542265785633,6.807619062924363,6.264085841299573,7.249834024925855,5.021589727024056,9.416599630711776,7.648714854482585,5.2986082174817515,6.5326204363099425,5.637900099070765,7.402212600881794,9.388706859293793,10.516348492692714,10.055924605639543,9.587499805497833,7.8924985948645014,8.789870869932288,8.280113468384494,7.279805777899825,7.190624854123375,9.182003000282688,8.45233982852689,8.411962408963863,8.669659288013083
1070017700,518807040#9,4,19.57,5.458603837907723,3.950922451406578,3.6354733070650247,4.207569746969128,2.9143686523683505,5.465090592319973,4.439067310267622,3.0751412460295935,3.791322121547615,3.272055306607796,4.296005355849843,5.4489025277692615,6.1033493476274145,5.836134179488905,5.564275539549008,4.580551527327946,5.101357441416813,4.805510693246872,4.224964385335101,4.173206654661757,5.328938277447573,4.905465315666407,4.882031564158446,5.031590517983868
1070017700,518807040#10,5,4.56,1.2719076903862652,0.9206032896481345,0.8471005764035009,0.9804046012355248,0.6790761908431107,1.2734191671425177,1.0343457810332322,0.7165377660651479,0.8834148632732306,0.762420653966865,1.0010109567028758,1.269647190936527,1.4221396538160964,1.359875925317803,1.2965302228075362,1.067312977241463,1.1886658115922668,1.119730646970145,0.9844577208547804,0.9723976671056521,1.2416943559101141,1.1430210444271238,1.1375607528136185,1.1724094410836197
1070017700,-518807040#10,6,4.56,1.2719076903862652,0.9206032896481345,0.8471005764035009,0.9804046012355248,0.6790761908431107,1.2734191671425177,1.0343457810332322,0.7165377660651479,0.8834148632732306,0.762420653966865,1.0010109567028758,1.269647190936527,1.4221396538160964,1.359875925317803,1.2965302228075362,1.067312977241463,1.1886658115922668,1.119730646970145,0.9844577208547804,0.9723976671056521,1.2416943559101141,1.1430210444271238,1.1375607528136185,1.1724094410836197
1070017700,518807040#10,7,4.56,1.2719076903862652,0.9206032896481345,0.8471005764035009,0.9804046012355248,0.6790761908431107,1.2734191671425177,1.0343457810332322,0.7165377660651479,0.8834148632732306,0.762420653966865,1.0010109567028758,1.269647190936527,1.4221396538160964,1.359875925317803,1.2965302228075362,1.067312977241463,1.1886658115922668,1.119730646970145,0.9844577208547804,0.9723976671056521,1.2416943559101141,1.1430210444271238,1.1375607528136185,1.1724094410836197
1070017700,-518807040#10,8,4.56,1.2719076903862652,0.9206032896481345,0.8471005764035009,0.9804046012355248,0.6790761908431107,1.2734191671425177,1.0343457810332322,0.7165377660651479,0.8834148632732306,0.762420653966865,1.0010109567028758,1.269647190936527,1.4221396538160964,1.359875925317803,1.2965302228075362,1.067312977241463,1.1886658115922668,1.119730646970145,0.9844577208547804,0.9723976671056521,1.2416943559101141,1.1430210444271238,1.1375607528136185,1.1724094410836197
1070017700,518807040#10,9,4.56,1.2719076903862652,0.9206032896481345,0.8471005764035009,0.9804046012355248,0.6790761908431107,1.2734191671425177,1.0343457810332322,0.7165377660651479,0.8834148632732306,0.762420653966865,1.0010109567028758,1.269647190936527,1.4221396538160964,1.359875925317803,1.2965302228075362,1.067312977241463,1.1886658115922668,1.119730646970145,0.9844577208547804,0.9723976671056521,1.2416943559101141,1.1430210444271238,1.1375607528136185,1.1724094410836197
1070017700,518807040#11,10,63.01,17.575198151587408,12.720880105423019,11.705220903329954,13.547213579791759,9.383462891452721,17.596083710888166,14.292571855899991,9.901106280650213,12.207011082203127,10.535115220713195,13.831951838124608,17.543962609848812,19.651100786612332,18.790741678569027,17.915431872610274,14.74811199473346,16.424963330795773,15.472418435436149,13.603219515583273,13.436573904457708,17.15771082585445,15.79424473889322,15.71879452517239,16.200333088306774
1070017700,518807040#12,11,18.04,5.03184533652812,3.642035821327269,3.351248771561219,3.8786182031335237,2.686520719914412,5.037824950712944,4.092017081105155,2.8347239692577344,3.494913187159886,3.0162431135004923,3.96013983748243,5.022902483441874,5.626184069044382,5.379860020336221,5.129255530580691,4.222439936279822,4.702528780948354,4.429811594592416,3.8946529132061936,3.8469416479355187,4.9123171448724685,4.521951675759937,4.5003499957801925,4.638216297620285
1070017700,518807040#13,12,5.19,1.447631779189631,1.0477919020337323,0.9641342086697742,1.1158552369325383,0.772895927735909,1.449352078392471,1.1772488165707184,0.8155331153241486,1.0054656009622955,0.8677550864228135,1.1393085230894577,1.4450589738948632,1.6186194744091102,1.547753520263026,1.4756561088533142,1.2147706912024545,1.3528893776675144,1.2744302758278625,1.120468327025507,1.1067420816399858,1.4132442340292748,1.300938425565082,1.2947237515576053,1.3343870612333306
1070017700,518807040#14,13,1.95,0.5439078939151792,0.3936790383363734,0.362246957014655,0.4192519676336126,0.29039442371580393,0.5445542491069977,0.4423189195207901,0.30641417627785933,0.37777609284710517,0.32603514807793565,0.4280638959584667,0.542941232966278,0.6081518256450413,0.5815258891161658,0.55443726633217,0.4564167336887835,0.5083110378519562,0.47883218455960147,0.4209852095760575,0.4158279497491276,0.5309877179878778,0.4887918939984412,0.48645690087424476,0.5013593004633901
1070017700,-518807040#14,14,1.95,0.5439078939151792,0.3936790383363734,0.362246957014655,0.4192519676336126,0.29039442371580393,0.5445542491069977,0.4423189195207901,0.30641417627785933,0.37777609284710517,0.32603514807793565,0.4280638959584667,0.542941232966278,0.6081518256450413,0.5815258891161658,0.55443726633217,0.4564167336887835,0.5083110378519562,0.47883218455960147,0.4209852095760575,0.4158279497491276,0.5309877179878778,0.4887918939984412,0.48645690087424476,0.5013593004633901
1070017700,-518807040#13,15,5.19,1.447631779189631,1.0477919020337323,0.9641342086697742,1.1158552369325383,0.772895927735909,1.449352078392471,1.1772488165707184,0.8155331153241486,1.0054656009622955,0.8677550864228135,1.1393085230894577,1.4450589738948632,1.6186194744091102,1.547753520263026,1.4756561088533142,1.2147706912024545,1.3528893776675144,1.2744302758278625,1.120468327025507,1.1067420816399858,1.4132442340292748,1.300938425565082,1.2947237515576053,1.3343870612333306
1070017700,518807040#13,16,5.19,1.447631779189631,1.0477919020337323,0.9641342086697742,1.1158552369325383,0.772895927735909,1.449352078392471,1.1772488165707184,0.8155331153241486,1.0054656009622955,0.8677550864228135,1.1393085230894577,1.4450589738948632,1.6186194744091102,1.547753520263026,1.4756561088533142,1.2147706912024545,1.3528893776675144,1.2744302758278625,1.120468327025507,1.1067420816399858,1.4132442340292748,1.300938425565082,1.2947237515576053,1.3343870612333306
1070017700,518807040#14,17,1.95,0.5439078939151792,0.3936790383363734,0.362246957014655,0.4192519676336126,0.29039442371580393,0.5445542491069977,0.4423189195207901,0.30641417627785933,0.37777609284710517,0.32603514807793565,0.4280638959584667,0.542941232966278,0.6081518256450413,0.5815258891161658,0.55443726633217,0.4564167336887835,0.5083110378519562,0.47883218455960147,0.4209852095760575,0.4158279497491276,0.5309877179878778,0.4887918939984412,0.48645690087424476,0.5013593004633901
1070017700,-518807040#14,18,1.95,0.5439078939151792,0.3936790383363734,0.362246957014655,0.4192519676336126,0.29039442371580393,0.5445542491069977,0.4423189195207901,0.30641417627785933,0.37777609284710517,0.32603514807793565,0.4280638959584667,0.542941232966278,0.6081518256450413,0.5815258891161658,0.55443726633217,0.4564167336887835,0.5083110378519562,0.47883218455960147,0.4209852095760575,0.4158279497491276,0.5309877179878778,0.4887918939984412,0.48645690087424476,0.5013593004633901
1070017700,-518807040#13,19,5.19,1.447631779189631,1.0477919020337323,0.9641342086697742,1.1158552369325383,0.772895927735909,1.449352078392471,1.1772488165707184,0.8155331153241486,1.0054656009622955,0.8677550864228135,1.1393085230894577,1.4450589738948632,1.6186194744091102,1.547753520263026,1.4756561088533142,1.2147706912024545,1.3528893776675144,1.2744302758278625,1.120468327025507,1.1067420816399858,1.4132442340292748,1.300938425565082,1.2947237515576053,1.3343870612333306
1070017700,518807040#13,20,5.19,1.447631779189631,1.0477919020337323,0.9641342086697742,1.1158552369325383,0.772895927735909,1.449352078392471,1.1772488165707184,0.8155331153241486,1.0054656009622955,0.8677550864228135,1.1393085230894577,1.4450589738948632,1.6186194744091102,1.547753520263026,1.4756561088533142,1.2147706912024545,1.3528893776675144,1.2744302758278625,1.120468327025507,1.1067420816399858,1.4132442340292748,1.300938425565082,1.2947237515576053,1.3343870612333306
1070017700,518807040#14,21,1.95,0.5439078939151792,0.3936790383363734,0.362246957014655,0.4192519676336126,0.29039442371580393,0.5445542491069977,0.4423189195207901,0.30641417627785933,0.37777609284710517,0.32603514807793565,0.4280638959584667,0.542941232966278,0.6081518256450413,0.5815258891161658,0.55443726633217,0.4564167336887835,0.5083110378519562,0.47883218455960147,0.4209852095760575,0.4158279497491276,0.5309877179878778,0.4887918939984412,0.48645690087424476,0.5013593004633901
1070017800,-183272335#14,0,3.25,0.8364921431469721,0.8144564513595264,0.9892018129435652,0.8186851972128986,0.6933982804890249,0.7740734854354653,0.822958084463488,0.7138015798243743,1.0511917932213617,1.108852102554179,1.6373703944257971,1.384361448491697,1.5596317406845133,1.2129136075631097,1.3118034025224985,1.3771071526917404,1.1517806353776794,1.1417724039334125,1.0278928877653473,0.9504446593321535,0.9424911475385791,0.9119651184685038,0.9072426293625102,0.8432019731722156
1070017800,183272335#14,1,3.25,0.8364921431469721,0.8144564513595264,0.9892018129435652,0.8186851972128986,0.6933982804890249,0.7740734854354653,0.822958084463488,0.7138015798243743,1.0511917932213617,1.108852102554179,1.6373703944257971,1.384361448491697,1.5596317406845133,1.2129136075631097,1.3118034025224985,1.3771071526917404,1.1517806353776794,1.1417724039334125,1.0278928877653473,0.9504446593321535,0.9424911475385791,0.9119651184685038,0.9072426293625102,0.8432019731722156
1070017800,-518807040#14,2,1.95,0.5018952858881833,0.4886738708157158,0.5935210877661391,0.49121111832773917,0.4160389682934149,0.46444409126127917,0.49377485067809274,0.4282809478946246,0.630715075932817,0.6653112615325074,0.9824222366554783,0.8306168690950181,0.9357790444107079,0.7277481645378657,0.787082041513499,0.8262642916150442,0.6910683812266075,0.6850634423600475,0.6167357326592083,0.5702667955992922,0.5654946885231474,0.5471790710811023,0.5443455776175061,0.5059211839033293
1070017800,-518807040#13,3,5.19,1.3358136070562416,1.3006243023249051,1.5796792028237243,1.307377284164598,1.1073037156117045,1.2361358121261738,1.3142007564201545,1.1398862151656932,1.6786724328673437,1.770751511463443,2.614754568329196,2.210718743899048,2.4906119182008073,1.9369297302315507,2.0948491258743895,2.199134191529272,1.8393050761877403,1.8233227004352035,1.6414658730775855,1.5177870098258084,1.5050858633000694,1.4563381430312416,1.4487966911973624,1.3465286894657842
1070017800,518807040#13,4,5.19,1.3358136070562416,1.3006243023249051,1.5796792028237243,1.307377284164598,1.1073037156117045,1.2361358121261738,1.3142007564201545,1.1398862151656932,1.6786724328673437,1.770751511463443,2.614754568329196,2.210718743899048,2.4906119182008073,1.9369297302315507,2.0948491258743895,2.199134191529272,1.8393050761877403,1.8233227004352035,1.6414658730775855,1.5177870098258084,1.5050858633000694,1.4563381430312416,1.4487966911973624,1.3465286894657842
1070017800,518807040#14,5,1.95,0.5018952858881833,0.4886738708157158,0.5935210877661391,0.49121111832773917,0.4160389682934149,0.46444409126127917,0.49377485067809274,0.4282809478946246,0.630715075932817,0.6653112615325074,0.9824222366554783,0.8306168690950181,0.9357790444107079,0.7277481645378657,0.787082041513499,0.8262642916150442,0.6910683812266075,0.6850634423600475,0.6167357326592083,0.5702667955992922,0.5654946885231474,0.5471790710811023,0.5443455776175061,0.5059211839033293
1070017800,-518807040#14,6,1.95,0.5018952858881833,0.4886738708157158,0.5935210877661391,0.49121111832773917,0.4160389682934149,0.46444409126127917,0.49377485067809274,0.4282809478946246,0.630715075932817,0.6653112615325074,0.9824222366554783,0.8306168690950181,0.9357790444107079,0.7277481645378657,0.787082041513499,0.8262642916150442,0.6910683812266075,0.6850634423600475,0.6167357326592083,0.5702667955992922,0.5654946885231474,0.5471790710811023,0.5443455776175061,0.5059211839033293
1070017800,-518807040#13,7,5.19,1.3358136070562416,1.3006243023249051,1.5796792028237243,1.307377284164598,1.1073037156117045,1.2361358121261738,1.3142007564201545,1.1398862151656932,1.6786724328673437,1.770751511463443,2.614754568329196,2.210718743899048,2.4906119182008073,1.9369297302315507,2.0948491258743895,2.199134191529272,1.8393050761877403,1.8233227004352035,1.6414658730775855,1.5177870098258084,1.5050858633000694,1.4563381430312416,1.4487966911973624,1.3465286894657842
1070017800,-518807040#12,8,18.04,4.643174849960424,4.520859810007956,5.490830986308281,4.544332602375596,3.8488938400067725,4.2967032853094755,4.568050413452714,3.9621478461636035,5.834923061450266,6.154982132331504,9.088665204751193,7.684270932550834,8.657155877522651,6.7326035324426154,7.281517963540267,7.644004010633537,6.393268511450257,6.337715128295003,5.70559621393442,5.275698970569862,5.231550862029528,5.0621079191297875,5.035894471907595,4.680419568008236
1070017800,-518807040#11,9,63.01,16.217652289135604,15.790431076973462,19.178340379561245,15.872416700426072,13.443392508804141,15.007498559165743,15.95525812370596,13.838965398379637,20.380183043347078,21.498083379058098,31.744833400852144,26.839573805988252,30.2376603017019,23.515595819246627,25.432840736290036,26.698929751109713,22.33036856466079,22.136332052875176,19.928471033259854,18.42692861062123,18.272728371201804,17.680899112215513,17.589340946502084,16.347740409101938
1070017800,-518807040#10,10,4.56,1.1736628223846746,1.1427450517536737,1.3879262360069713,1.1486783074740976,0.9728911258553703,1.086084644180222,1.1546734969703092,1.0015185243074298,1.4749029467967412,1.5558047961990942,2.297356614948195,1.942365601576042,2.188283303852732,1.7018110924577783,1.8405610816931053,1.9321872665459496,1.6160368299452974,1.6019945113650342,1.4422127902184565,1.3335469681706524,1.3223875793156676,1.2795572123742698,1.272931196890168,1.1830772300508623
1070017800,518807040#10,11,4.56,1.1736628223846746,1.1427450517536737,1.3879262360069713,1.1486783074740976,0.9728911258553703,1.086084644180222,1.1546734969703092,1.0015185243074298,1.4749029467967412,1.5558047961990942,2.297356614948195,1.942365601576042,2.188283303852732,1.7018110924577783,1.8405610816931053,1.9321872665459496,1.6160368299452974,1.6019945113650342,1.4422127902184565,1.3335469681706524,1.3223875793156676,1.2795572123742698,1.272931196890168,1.1830772300508623
1070017800,-518807040#10,12,4.56,1.1736628223846746,1.1427450517536737,1.3879262360069713,1.1486783074740976,0.9728911258553703,1.086084644180222,1.1546734969703092,1.0015185243074298,1.4749029467967412,1.5558047961990942,2.297356614948195,1.942365601576042,2.188283303852732,1.7018110924577783,1.8405610816931053,1.9321872665459496,1.6160368299452974,1.6019945113650342,1.4422127902184565,1.3335469681706524,1.3223875793156676,1.2795572123742698,1.272931196890168,1.1830772300508623
1070017800,518807040#10,13,4.56,1.1736628223846746,1.1427450517536737,1.3879262360069713,1.1486783074740976,0.9728911258553703,1.086084644180222,1.1546734969703092,1.0015185243074298,1.4749029467967412,1.5558047961990942,2.297356614948195,1.942365601576042,2.188283303852732,1.7018110924577783,1.8405610816931053,1.9321872665459496,1.6160368299452974,1.6019945113650342,1.4422127902184565,1.3335469681706524,1.3223875793156676,1.2795572123742698,1.272931196890168,1.1830772300508623
1070017800,-518807040#10,14,4.56,1.1736628223846746,1.1427450517536737,1.3879262360069713,1.1486783074740976,0.9728911258553703,1.086084644180222,1.1546734969703092,1.0015185243074298,1.4749029467967412,1.5558047961990942,2.297356614948195,1.942365601576042,2.188283303852732,1.7018110924577783,1.8405610816931053,1.9321872665459496,1.6160368299452974,1.6019945113650342,1.4422127902184565,1.3335469681706524,1.3223875793156676,1.2795572123742698,1.272931196890168,1.1830772300508623
1070017800,-518807040#9,15,19.57,5.03696961273423,4.904280847109517,5.956516762863253,4.929744402909669,4.175324415129298,4.6611132646067865,4.9554737578309105,4.298183666819386,6.329791813336015,6.676995583687781,9.859488805819337,8.335985706763848,9.391382512367977,7.303605938464633,7.899074642266244,8.292303685593035,6.935491395181903,6.8752264446082725,6.189496558020875,5.7231390717323825,5.675246694563075,5.491433036439576,5.462996386653638,5.0773731123016175
1070017800,-518807040#8,16,33.72,8.678927712897199,8.450298935336377,10.263349271525236,8.494173800005827,7.194273851719975,8.031310131964274,8.538506648648866,7.405965929747047,10.906519159207482,11.504767045577513,16.988347600011654,14.363282474812312,16.181779167963626,12.584445183700941,13.61046484094112,14.288016365773995,11.950167084595492,11.846327834041437,10.66478405398385,9.861228896209298,9.778708152307965,9.46198885992552,9.412991219108875,8.748544780112956
1070017800,-518807040#7,17,0.42,0.10810052311437793,0.10525283371415417,0.12783531121116842,0.10579931779366689,0.08960839317088938,0.10003411196396782,0.1063515062998969,0.09224512723884222,0.13584632404706828,0.14329781017623236,0.21159863558733377,0.17890209488200387,0.20155240956538323,0.15674575851584802,0.16952536278752287,0.17796461665554797,0.14884549749496162,0.14755212604677945,0.13283538857275257,0.1228266944367706,0.12179885598960098,0.11785395377131434,0.11724366287146284,0.10896763960994785
1070017800,518807022#0,18,13.38,3.4437738077866116,3.3530545597509116,4.072467771441509,3.3704639811411026,2.8546673824440476,3.1868009954235466,3.3880551292681442,2.938666196323117,4.327675751785176,4.565058809899974,6.740927962282205,5.699309594098125,6.42088390472578,4.993472021290588,5.400593700231086,5.669444216312458,4.741792277339492,4.7005891583474035,4.231755950246261,3.912907551342836,3.880163555097289,3.7544902415718715,3.7350481171908885,3.4713976618597675
1070017900,-37402533#1,0,67.43,11.804241898118423,11.426150306468845,10.5652077964431,13.306482227445615,11.679209003675185,13.597375056408833,16.280347047404938,17.240737100663367,14.992408591244349,17.59080282859562,18.1162935777695,17.889171903121944,16.524330450022724,14.551719916396737,13.49150005596961,15.700787767400234,15.218141217461332,16.83394663472128,15.690632018520931,16.524330450022724,15.813374902629306,15.23725948532246,12.875646019444456,15.142145506013332
1070017900,-37400153#4,1,238.92,41.825144213235255,40.48547873678684,37.43496139294357,47.14792723982361,41.38212390861745,48.178627442936346,57.68501433436137,61.087897198435286,53.12155213732907,62.32826059332738,64.19019518909518,63.38545085412864,58.54950364999895,51.56009079675972,47.803487963402915,55.63150249721583,53.9213747542023,59.64654500915923,55.595518342948544,58.54950364999895,56.0304246142102,53.98911517474776,45.62137545551934,53.65210446828866
1070017900,-37400153#3,2,130.33,22.815465617407295,22.084682922172394,20.420636691538324,25.719024598887543,22.573799635903708,26.28126784964798,31.466967680383885,33.323228033953086,28.977615478227438,33.99984180113995,35.01552042103958,34.57653528301769,31.9385434903079,28.1258439374757,26.076630613888764,30.34678436490097,29.413915836745296,32.53697560289521,30.327155138274254,31.9385434903079,30.564394943788784,29.45086799231909,24.886296095420377,29.26702986502621
1070017900,-37400153#2,3,39.14,6.851817112447798,6.632352409835245,6.13261505491299,7.723798226045103,6.779241293249988,7.8926480751570764,9.449989373208204,10.00745143289284,8.702400597082956,10.210648416301833,10.51567152059763,10.383837880590136,9.591610467357103,8.446601179412253,7.83119252840947,9.113581984517946,8.833427958645062,9.771328359528264,9.107687041449047,9.591610467357103,9.178933615436913,8.844525229949888,7.473717710233665,8.789315958851576
1070017900,-37400153#1,4,15.44,2.7029140576442003,2.6163393256989314,2.419202259781721,3.0468943436417066,2.6742842505820086,3.113502459898448,3.7278445560126383,3.947752941335346,3.432934727106818,4.027910361463983,4.148236287123848,4.09623037496964,3.783711436279858,3.332026627749749,3.0892593929136996,3.5951381155073348,3.484622577452216,3.854606792823617,3.592812670413216,3.783711436279858,3.6209181150318326,3.489000244006803,2.9482422444049,3.467221216266436
1070017900,183272409#0,5,6.09,1.0661105318039623,1.0319628557970526,0.9542060726729715,1.2017866938327715,1.0548180755210124,1.228058936579116,1.4703739213806326,1.5571123971976848,1.354052622285008,1.5887288925722576,1.6361890536647816,1.6156763590391907,1.4924094978590892,1.3142514354272004,1.218496742412204,1.4180305131761441,1.37443986377487,1.5203727570139784,1.4171132877471817,1.4924094978590892,1.4281989197243434,1.3761665470208182,1.16287534121929,1.3675762439807382
1070018000,518807039#6,0,105.7,15.161632051236221,13.716001621129884,13.528752452240736,15.443861565609883,15.219846508770829,12.011892328807686,15.265434410166378,14.669128378519256,26.985870057911363,18.806178290226054,19.08791878895603,18.806178290226054,18.99644313980768,20.838387976961933,20.24706028181545,24.31855502151249,21.29869863675154,20.4795179199534,19.863764040400238,18.285658747595498,19.077711345753386,17.530869885286894,19.057329175512198,18.946001177142236
1070018000,37400153#1,1,15.48,2.220454722357017,2.0087389318362403,1.9813158747463258,2.261787862210416,2.2289803590896167,1.7591683372747682,2.235656808603364,2.1483264645172953,3.9521406669486083,2.7542066218798427,2.7954681443050085,2.7542066218798427,2.7820713321118538,3.0518282486600827,2.965226993022736,3.561506449697383,3.119241768182723,2.9992709309449253,2.909092406295134,2.6779753776043362,2.7939732415540437,2.567434870617229,2.7909882274070843,2.7746839945332247
1070018000,37400153#2,2,39.14,5.614250506011218,5.078943268221605,5.009606158757829,5.718758199413157,5.635806928602557,4.447923043988012,5.652687822269745,5.431879704212333,9.992686415010887,6.963801497440377,7.068128111634239,6.963801497440377,7.0342552932078775,7.716315093834343,7.4973504203430155,9.00499757371806,7.886765039190682,7.583427922298733,7.35541839679532,6.7710566071985605,7.064348363980961,6.491563361496017,7.056800983250212,7.015576973257778
1070018000,37400153#3,3,130.38,18.701736866983715,16.918564724341667,16.687594557456457,19.049864436369123,18.77354387713851,14.816561228287096,18.829776143779494,18.094238013163107,33.28682817550126,23.19725189668565,23.5447762696697,23.19725189668565,23.431941878601,25.70396428038124,24.974566883094592,29.996719051133383,26.271753342097117,25.261301290477995,24.501774414260954,22.555195719124896,23.532185480220683,21.624170441283873,23.507044256417032,23.36972217101045
1070018000,37400153#4,4,239.41,34.34102487593626,31.06667879011074,30.642560308334485,34.98027339094287,34.47288034687629,27.206879304066682,34.57613672788961,33.22550638695643,61.122868028046916,42.59590486719981,43.23404576408669,42.59590486719981,43.02685385147925,47.19885019455493,45.859495762246326,55.08141208798775,48.241451661539124,46.386011213018385,44.991331588573516,41.41693056539109,43.210925953517666,39.707337362691916,43.164760434336564,42.912603044651114
1070018200,1127921499#6,0,17.14,3.4389957750958873,3.128000598018181,4.5523251946480805,4.302086330533611,3.672065157009968,2.935982372599861,3.905270907908787,4.194941787380094,4.004164073018622,4.979471389004521,5.514631659281875,4.903833848918375,3.6444296713504394,3.9111849981277307,4.19040426246135,5.448704276575973,4.944516580275069,4.851632737189125,3.6930683895572134,4.116927460834768,4.458030771743978,4.690107434195541,4.598253698095569,3.9171170279529997
1070018200,1127921499#0,1,2.87,0.5758411828777827,0.5237667279061948,0.7622621533628934,0.7203610133390586,0.61486738626713,0.49161431793241545,0.6539164239030466,0.7024202409440414,0.6704755478158368,0.8337854659534991,0.923395149483021,0.8211203702681293,0.6102399741409429,0.6549067062209212,0.7016604570165736,0.9123559669645882,0.8279324728932,0.812379577347304,0.6183842635956361,0.6893571652622978,0.7464730638801177,0.7853330417818672,0.76995263206151,0.6558999924285361
1070018200,1127921501,2,12.91,2.5902821153143467,2.35603778998919,3.42885170728744,3.240369575681967,2.765832040665034,2.211407959758705,2.941484680344366,3.1596673556054267,3.0159718893039913,3.7505820088709667,4.153669470322579,3.693611142913432,2.7450167477907916,2.9459392255442824,3.1562496515972005,4.1040123810149245,3.7242537369516415,3.654292802631949,2.781651861679325,3.1009062730091514,3.357828311739484,3.5326305119874237,3.4634454633847014,2.9504072830147736
1070018200,801008455#0,3,5.73,1.1496759504842144,1.0457084846350162,1.521868341034627,1.4382120579905247,1.2275923774601587,0.9815156939905019,1.3055543933674068,1.4023930246025635,1.338614943897124,1.6646657560674392,1.8435728942640106,1.6393796939499587,1.2183536765949834,1.3075315075421177,1.400876104078386,1.821532993277732,1.6529801636508836,1.6219285638327707,1.2346138781891969,1.3763123891822182,1.4903451763181443,1.5679297315017768,1.5372225023388335,1.3095146190297953
1070018200,801008455#1,4,232.17,46.58294335495986,42.370355825080566,61.663555451659555,58.27394301983596,49.73998643541448,39.769371496295776,52.89887670298617,56.82261579790177,54.23843482104629,67.44946746704665,74.69848496706376,66.42491859412947,49.3656497548093,52.97898605690287,56.76115271969961,73.80546510458831,66.97598684028371,65.7178280392765,50.02448588118426,55.7658721459748,60.38628963102679,63.52988582247251,62.28568034345671,53.0593384118931
1070018200,801008455#2,5,15.86,3.1821746203629386,2.8944042873143725,4.212361586179612,3.9808103385217657,3.397838587524976,2.716725812685752,3.6136287397569054,3.8816672548336224,3.7051366509962276,4.60760888154094,5.102803857421851,4.537619885871962,3.3722668954269523,3.619101170962999,3.8774685882518667,5.041799873191069,4.575264466928973,4.489317106873951,3.417273317291564,3.809478969010468,4.12510898715633,4.339854370264953,4.254860189719703,3.624590202061527
1070018200,801008455#3,6,20.96,4.20544640875203,3.825139587774858,5.566904088671166,5.260894369193961,4.49046007531674,3.5903261685935286,4.775640503487058,5.12987047044847,4.896574035616705,6.089248559716147,6.743680255457882,5.996753644885015,4.456665455747094,4.782872669822475,5.124321665180273,6.6630596054277955,6.046503356042326,5.932918446410972,4.516144308350012,5.034469053622914,5.451594222622741,5.735393921863393,5.62306869965479,4.790126773972863
1070018200,-1417439450#0,7,2.08,0.4173343764410411,0.3795940048936882,0.5524408637612607,0.5220734870192479,0.44561817541311166,0.3562919098604265,0.4739185232468073,0.5090711153880161,0.48591956078639054,0.60427657462832,0.669220178022538,0.5950976899504212,0.44226451087566593,0.47463621914268844,0.5085204705904088,0.6612196555004681,0.6000346841874062,0.5887628992621575,0.4481669924316805,0.49960379921448766,0.5409978999549285,0.5691612288872069,0.5580144511107807,0.4753560920736429
1070018200,1417439450#0,8,2.09,0.4193407917123923,0.3814189760710617,0.5550968294524206,0.5245834557068405,0.4477605704872131,0.3580048517347555,0.4761969776854938,0.5115185726735353,0.4882557125209404,0.6071817504678791,0.6724375827245693,0.5979587365367213,0.4443907825625681,0.47691812404241285,0.5109652805451703,0.6643985961519127,0.6029194663229227,0.5915934901239949,0.45032164143375586,0.502005740556865,0.5435988513970195,0.5718975809491645,0.5606972128949672,0.47764145790092
1070018200,-1417439452#0,9,4.2,0.8426944139674869,0.7664878944968704,1.115505590287161,1.0541868487888661,0.8998059311226293,0.7194355872181689,0.9569508642483608,1.0279320599181094,0.9811837285109809,1.2201738526148767,1.3513099748532014,1.201639566246043,0.8930341084989407,0.9584000578842747,1.0268201809998638,1.3351550736067146,1.211608496916878,1.1888481619716644,0.9049525808716626,1.0088153637984847,1.092399605678221,1.1492678660222446,1.1267599493583074,0.9598536474563943
1070018200,1417439452#0,10,4.2,0.8426944139674869,0.7664878944968704,1.115505590287161,1.0541868487888661,0.8998059311226293,0.7194355872181689,0.9569508642483608,1.0279320599181094,0.9811837285109809,1.2201738526148767,1.3513099748532014,1.201639566246043,0.8930341084989407,0.9584000578842747,1.0268201809998638,1.3351550736067146,1.211608496916878,1.1888481619716644,0.9049525808716626,1.0088153637984847,1.092399605678221,1.1492678660222446,1.1267599493583074,0.9598536474563943
1070018200,-1417439452#0,11,4.2,0.8426944139674869,0.7664878944968704,1.115505590287161,1.0541868487888661,0.8998059311226293,0.7194355872181689,0.9569508642483608,1.0279320599181094,0.9811837285109809,1.2201738526148767,1.3513099748532014,1.201639566246043,0.8930341084989407,0.9584000578842747,1.0268201809998638,1.3351550736067146,1.211608496916878,1.1888481619716644,0.9049525808716626,1.0088153637984847,1.092399605678221,1.1492678660222446,1.1267599493583074,0.9598536474563943
1070018200,1417439452#0,12,4.2,0.8426944139674869,0.7664878944968704,1.115505590287161,1.0541868487888661,0.8998059311226293,0.7194355872181689,0.9569508642483608,1.0279320599181094,0.9811837285109809,1.2201738526148767,1.3513099748532014,1.201639566246043,0.8930341084989407,0.9584000578842747,1.0268201809998638,1.3351550736067146,1.211608496916878,1.1888481619716644,0.9049525808716626,1.0088153637984847,1.092399605678221,1.1492678660222446,1.1267599493583074,0.9598536474563943
1070018200,-1417439448#0,13,2.84,0.5698219370637292,0.5182918143740742,0.7542942562894136,0.7128311072762809,0.6084402010448254,0.4864754923094285,0.6470810605869869,0.6950778690874834,0.663467092612187,0.8250699384348213,0.9137429353769267,0.812537230509229,0.6038611590802361,0.6480609915217477,0.6943260271522889,0.9028191450102546,0.8192781264866509,0.803887804761792,0.6119203165894099,0.6821513412351657,0.7386702095538447,0.7771239855959939,0.7619043467089506,0.6490438949467048
1070018200,1417439448#0,14,2.84,0.5698219370637292,0.5182918143740742,0.7542942562894136,0.7128311072762809,0.6084402010448254,0.4864754923094285,0.6470810605869869,0.6950778690874834,0.663467092612187,0.8250699384348213,0.9137429353769267,0.812537230509229,0.6038611590802361,0.6480609915217477,0.6943260271522889,0.9028191450102546,0.8192781264866509,0.803887804761792,0.6119203165894099,0.6821513412351657,0.7386702095538447,0.7771239855959939,0.7619043467089506,0.6490438949467048
1070018200,801008455#7,15,35.49,7.120767798025264,6.476822708498556,9.42602223792651,8.90787887226592,7.603360117986218,6.079230711993528,8.08623480289865,8.686025906308025,8.291002505917788,10.310469054595709,11.418569287509554,10.153854334779062,7.54613821681605,8.098480489122121,8.676630529448849,11.282060371976739,10.23809179894762,10.045766968660564,7.646849308365549,8.524489824097195,9.230776667980969,9.711313467887967,9.521121572077698,8.110763321006532
1070018200,801008455#8,16,18.71,3.7540029726980193,3.41452107286582,4.969311808160186,4.696151414485639,4.008421183643903,3.2049142468695098,4.262988254782579,4.579192581206625,4.370939895342965,5.43558399581532,6.01976419750081,5.3530181629674916,3.978254326194091,4.269444067384471,4.574239425358917,5.947797958852769,5.397427375551141,5.296035502497582,4.03134828288305,4.494032251588012,4.866380148152265,5.1197147079229035,5.019447298212841,4.275919462835509
1070018200,519943894#1,17,3.15,0.6320208104756151,0.5748659208726529,0.8366291927153706,0.7906401365916496,0.674854448341972,0.5395766904136267,0.7177131481862706,0.770949044938582,0.7358877963832355,0.9151303894611575,1.0134824811399012,0.9012296746845321,0.6697755813742055,0.718800043413206,0.7701151357498979,1.001366305205036,0.9087063726876585,0.8916361214787483,0.6787144356537469,0.7566115228488635,0.8192997042586657,0.8619508995166835,0.8450699620187304,0.7198902355922957
1070018200,519943894#2,18,43.98,8.824214363402398,8.026223238088656,11.68093710972127,11.038842288031983,9.42225353589839,7.533518363298826,10.02064262134355,10.763917141713915,10.274395328550698,12.776963342381494,14.150145879534238,12.582882886547848,9.35134287899605,10.03581774898819,10.75227418104143,13.980980985053167,12.687271832001022,12.448938610360427,9.47614631112755,10.563738023775558,11.438984442316228,12.034476368490076,11.798786326851987,10.051038908364813
1070018400,1528761962#1,0,17.13,1.0224606980218867,0.9805631753291065,0.9942746060668287,0.9437502233542936,0.9394750241545007,0.8837604186737472,0.8981123561837864,0.9069494675602303,0.9234394578795073,1.0174445376064072,1.1120059602257697,1.12456816040907,1.1959006914873966,1.2703774063222422,1.1542993223493843,1.1542993223493843,1.1442157880392057,1.138979102510422,1.0120656116247546,1.019528610809206,0.9895305522804262,0.9911068653864086,1.0443429874046464,1.0309317891405434
1070018400,617286974,1,1.15,0.06864155299037766,0.06582881795846307,0.0667493168112582,0.06335742888835012,0.06307041901796123,0.059330092321938664,0.06029359075372763,0.06088685859277669,0.061993892385372645,0.06830479966417795,0.07465305629069673,0.07549640306307243,0.0802852186345888,0.08528511484358309,0.07749236548171581,0.07749236548171581,0.07681542067980657,0.0764638626904253,0.06794369254923922,0.06844471117516562,0.06643083100539932,0.0665366547107046,0.07011059168215665,0.06921024854125073
1070018400,1539122285#2,2,16.14,0.9633692741432137,0.9238931494344296,0.936812150724963,0.8892077410938879,0.8851796199564297,0.8326849478922523,0.8462074389262296,0.854533824076014,0.8700708026955778,0.9586430144172454,1.0477394161146483,1.0595756047286862,1.1267855902280552,1.1969580465873315,1.0875885033694725,1.0875885033694725,1.0780877302365897,1.0731536902812733,0.9535749545606271,0.9606066420584116,0.9323422716757782,0.9338274843745847,0.9839869128260943,0.9713507925702496
1070018400,614672264#0,3,25.87,1.5441365007487569,1.480862191813426,1.5015694138323912,1.4252666829057545,1.418810208691006,1.3346691203204812,1.3563436459121165,1.3696895928653334,1.3945930400083395,1.5365610150541598,1.679369188035065,1.6983408236884208,1.8060683531102717,1.9185442791334737,1.7432413000104245,1.7432413000104245,1.7280129852057355,1.7201044589576544,1.528437674998973,1.539708415740465,1.4944048679214612,1.496785441187764,1.577183484189037,1.5569296780540494
1070018400,877560588#0,4,0.2,0.011937661389630901,0.011448490079732709,0.011608576836740558,0.011018683284930457,0.010968768524862822,0.010318276925554551,0.010485841870213501,0.010589018885700296,0.01078154650180394,0.01187909559377008,0.012983140224468998,0.013129809228360424,0.013962646719058922,0.014832193885840539,0.013476933127254925,0.013476933127254925,0.0133592035964881,0.013298063076595704,0.01181629435638943,0.011903428030463587,0.011553188000939012,0.011571592123600804,0.012193146379505507,0.012036564963695782
1070018400,877560588#1,5,3.86,0.23039686481987637,0.22095585853884128,0.22404553294909277,0.21266058739915777,0.21169723252985245,0.1991427446632028,0.20237674809512057,0.2043680644940157,0.208083847484816,0.22926654495976254,0.25057460633225165,0.2534053181073561,0.2694790816778372,0.2862613419967224,0.26010480935602004,0.26010480935602004,0.2578326294122203,0.25665261737829703,0.228054481078316,0.22973616098794725,0.22297652841812293,0.22333172798549547,0.23532772512445624,0.23230570379932858
1070018400,-380561601,6,32.09,1.915397769966278,1.8369102332931133,1.8625961534550226,1.7679477330670919,1.75993890981424,1.655567532705228,1.6824533280757565,1.6990080802106127,1.729899136214442,1.9060008880204093,2.0831448490160507,2.10667789069043,2.240306666073004,2.3798255089831146,2.162373920268053,2.162373920268053,2.143484217056516,2.1336742206397807,1.8959244294826845,1.9099050274878828,1.8537090147506647,1.856661956231749,1.9563903365916584,1.931266848424988
1070018400,380561662#1,7,7.38,0.4404997052773802,0.422449283942137,0.42835648527572656,0.4065894132139338,0.4047475585674381,0.3807444185529629,0.3869275650108782,0.3907347968823409,0.3978390659165653,0.4383386274101159,0.47907787428290605,0.4844899605264996,0.5152216639332742,0.5473079543875158,0.4972988323957067,0.4972988323957067,0.4929546127104108,0.4906985275263815,0.43602126175077,0.4392364943241064,0.4263126372346495,0.4269917493608696,0.4499271014037532,0.4441492471603743
1070018400,380561662#2,8,0.2,0.011937661389630901,0.011448490079732709,0.011608576836740558,0.011018683284930457,0.010968768524862822,0.010318276925554551,0.010485841870213501,0.010589018885700296,0.01078154650180394,0.01187909559377008,0.012983140224468998,0.013129809228360424,0.013962646719058922,0.014832193885840539,0.013476933127254925,0.013476933127254925,0.0133592035964881,0.013298063076595704,0.01181629435638943,0.011903428030463587,0.011553188000939012,0.011571592123600804,0.012193146379505507,0.012036564963695782
1070018400,-380561662#2,9,0.2,0.011937661389630901,0.011448490079732709,0.011608576836740558,0.011018683284930457,0.010968768524862822,0.010318276925554551,0.010485841870213501,0.010589018885700296,0.01078154650180394,0.01187909559377008,0.012983140224468998,0.013129809228360424,0.013962646719058922,0.014832193885840539,0.013476933127254925,0.013476933127254925,0.0133592035964881,0.013298063076595704,0.01181629435638943,0.011903428030463587,0.011553188000939012,0.011571592123600804,0.012193146379505507,0.012036564963695782
1070018400,-380561662#1,10,7.38,0.4404997052773802,0.422449283942137,0.42835648527572656,0.4065894132139338,0.4047475585674381,0.3807444185529629,0.3869275650108782,0.3907347968823409,0.3978390659165653,0.4383386274101159,0.47907787428290605,0.4844899605264996,0.5152216639332742,0.5473079543875158,0.4972988323957067,0.4972988323957067,0.4929546127104108,0.4906985275263815,0.43602126175077,0.4392364943241064,0.4263126372346495,0.4269917493608696,0.4499271014037532,0.4441492471603743
1070018400,380561662#1,11,7.38,0.4404997052773802,0.422449283942137,0.42835648527572656,0.4065894132139338,0.4047475585674381,0.3807444185529629,0.3869275650108782,0.3907347968823409,0.3978390659165653,0.4383386274101159,0.47907787428290605,0.4844899605264996,0.5152216639332742,0.5473079543875158,0.4972988323957067,0.4972988323957067,0.4929546127104108,0.4906985275263815,0.43602126175077,0.4392364943241064,0.4263126372346495,0.4269917493608696,0.4499271014037532,0.4441492471603743
1070018400,380561662#2,12,0.2,0.011937661389630901,0.011448490079732709,0.011608576836740558,0.011018683284930457,0.010968768524862822,0.010318276925554551,0.010485841870213501,0.010589018885700296,0.01078154650180394,0.01187909559377008,0.012983140224468998,0.013129809228360424,0.013962646719058922,0.014832193885840539,0.013476933127254925,0.013476933127254925,0.0133592035964881,0.013298063076595704,0.01181629435638943,0.011903428030463587,0.011553188000939012,0.011571592123600804,0.012193146379505507,0.012036564963695782
1070018400,-380561662#2,13,0.2,0.011937661389630901,0.011448490079732709,0.011608576836740558,0.011018683284930457,0.010968768524862822,0.010318276925554551,0.010485841870213501,0.010589018885700296,0.01078154650180394,0.01187909559377008,0.012983140224468998,0.013129809228360424,0.013962646719058922,0.014832193885840539,0.013476933127254925,0.013476933127254925,0.0133592035964881,0.013298063076595704,0.01181629435638943,0.011903428030463587,0.011553188000939012,0.011571592123600804,0.012193146379505507,0.012036564963695782
1070018400,-380561662#1,14,7.38,0.4404997052773802,0.422449283942137,0.42835648527572656,0.4065894132139338,0.4047475585674381,0.3807444185529629,0.3869275650108782,0.3907347968823409,0.3978390659165653,0.4383386274101159,0.47907787428290605,0.4844899605264996,0.5152216639332742,0.5473079543875158,0.4972988323957067,0.4972988323957067,0.4929546127104108,0.4906985275263815,0.43602126175077,0.4392364943241064,0.4263126372346495,0.4269917493608696,0.4499271014037532,0.4441492471603743
1070018400,380561662#1,15,7.38,0.4404997052773802,0.422449283942137,0.42835648527572656,0.4065894132139338,0.4047475585674381,0.3807444185529629,0.3869275650108782,0.3907347968823409,0.3978390659165653,0.4383386274101159,0.47907787428290605,0.4844899605264996,0.5152216639332742,0.5473079543875158,0.4972988323957067,0.4972988323957067,0.4929546127104108,0.4906985275263815,0.43602126175077,0.4392364943241064,0.4263126372346495,0.4269917493608696,0.4499271014037532,0.4441492471603743
1070018400,380561662#2,16,0.2,0.011937661389630901,0.011448490079732709,0.011608576836740558,0.011018683284930457,0.010968768524862822,0.010318276925554551,0.010485841870213501,0.010589018885700296,0.01078154650180394,0.01187909559377008,0.012983140224468998,0.013129809228360424,0.013962646719058922,0.014832193885840539,0.013476933127254925,0.013476933127254925,0.0133592035964881,0.013298063076595704,0.01181629435638943,0.011903428030463587,0.011553188000939012,0.011571592123600804,0.012193146379505507,0.012036564963695782
1070018400,-380561662#2,17,0.2,0.011937661389630901,0.011448490079732709,0.011608576836740558,0.011018683284930457,0.010968768524862822,0.010318276925554551,0.010485841870213501,0.010589018885700296,0.01078154650180394,0.01187909559377008,0.012983140224468998,0.013129809228360424,0.013962646719058922,0.014832193885840539,0.013476933127254925,0.013476933127254925,0.0133592035964881,0.013298063076595704,0.01181629435638943,0.011903428030463587,0.011553188000939012,0.011571592123600804,0.012193146379505507,0.012036564963695782
1070018400,-380561662#1,18,7.38,0.4404997052773802,0.422449283942137,0.42835648527572656,0.4065894132139338,0.4047475585674381,0.3807444185529629,0.3869275650108782,0.3907347968823409,0.3978390659165653,0.4383386274101159,0.47907787428290605,0.4844899605264996,0.5152216639332742,0.5473079543875158,0.4972988323957067,0.4972988323957067,0.4929546127104108,0.4906985275263815,0.43602126175077,0.4392364943241064,0.4263126372346495,0.4269917493608696,0.4499271014037532,0.4441492471603743
1070018400,-380561662#0,19,16.37,0.9770975847412892,0.9370589130261223,0.9501620140872148,0.9018792268715579,0.8977937037600221,0.8445509663566401,0.8582661570769751,0.8667111957945693,0.8824695811726525,0.9723039743500811,1.0626700273727876,1.0746748853413006,1.1428426339549729,1.214015069556048,1.1030869764658155,1.1030869764658155,1.093450814372551,1.0884464628193584,0.967163693070475,0.9742955842934448,0.9456284378768581,0.9471348153167258,0.9980090311625258,0.9851928422784997
1070018400,-380561596#0,20,27.65,1.6503816871164718,1.582753753523047,1.604885747679382,1.5233329641416355,1.5164322485622852,1.4265017849579167,1.4496676385570166,1.4639318609480658,1.4905488038743944,1.6422849658387133,1.794919136032839,1.8151961258208282,1.9303359089098957,2.0505508047174543,1.8631860048429931,1.8631860048429931,1.8469098972144795,1.8384572203393559,1.6336026947708389,1.645648925211591,1.5972282411298184,1.599772611087811,1.685702486966636,1.6640551062309417
1070018400,415376024#3,21,40.28,2.4042450038716634,2.305725902058168,2.3379673749195486,2.219162813584994,2.2091099809073724,2.078100972806687,2.1118485526609994,2.1326284035800396,2.1714034654633134,2.392449852585294,2.614804441208056,2.6443435785917893,2.812077049218467,2.987203848608284,2.714254331829142,2.714254331829142,2.6905436043327033,2.6782299036263746,2.3798016833768316,2.3973504053353665,2.3268120633891174,2.3305186536932014,2.455699680832409,2.42416418368833
1070018400,1069110524#20,22,26.06,1.5554772790689062,1.491738257389172,1.5125975618272944,1.4357344320264382,1.4292305387896258,1.344471483399758,1.3663051956888193,1.3797491608067485,1.404835509185053,1.5478461558682413,1.6917031712483104,1.710814142455363,1.8193328674933775,1.9326348633250219,1.7560443864813164,1.7560443864813164,1.7407042286223993,1.73273761888042,1.5396631546375428,1.5510166723694052,1.5053803965223531,1.5077784537051846,1.5887669732495673,1.5683644147695601
1070018400,1069110524#19,23,111.1,6.631370901939964,6.359636239291519,6.44856443280938,6.120878564778868,6.0931509155612975,5.7318028321455525,5.8248851589036,5.882199991006514,5.989149081752087,6.5988376023392785,7.212134394692528,7.293609026354214,7.756250252437231,8.23928370358442,7.48643635219011,7.48643635219011,7.421037597849139,7.387074039048914,6.563951514974328,6.6123542709225225,6.417795934521621,6.428019424660246,6.773292813815308,6.6863118373330055
1070018400,1069110524#18,24,78.83,4.705229236723019,4.512422364926647,4.575520560201291,4.343014016755339,4.323340114074681,4.066948850207326,4.132994573144652,4.173661793798772,4.249546553686022,4.682145528284476,5.117304719474456,5.17511430735826,5.503377204317074,5.846109220104048,5.311933192107528,5.311933192107528,5.265530097555784,5.241431561640197,4.657392420570893,4.691736158207223,4.553689050570112,4.560943035517257,4.805928645482095,4.7442120804406915
1070018400,-415376023,25,54.95,3.27987246680109,3.1454726494065617,3.1894564858944685,3.027383232534643,3.0136691522060604,2.8349465852961133,2.88098505384116,2.9093329388461564,2.962229901370632,3.2637815143883295,3.5671177766728577,3.6074150854920264,3.8362371860614393,4.075145270134688,3.7027873767132906,3.7027873767132906,3.6704411881351056,3.6536428302946695,3.246526874417996,3.270466851369871,3.1742384032579936,3.179294935959321,3.350066967769138,3.307046223775416
1070018400,380561577#2,26,48.78,2.9115956129309764,2.7922867304468078,2.831331890481022,2.687456853194538,2.675282643214042,2.516627742142755,2.5574968321450733,2.5826617062223023,2.6296191917899807,2.8973114153205226,3.166587900747989,3.202360470797107,3.4054895347784715,3.6175720887565075,3.287023989737476,3.287023989737476,3.2583097571834476,3.2433975843816922,2.8819941935233824,2.903246096630069,2.817822553429025,2.8223113189462357,2.973908401961393,2.935718194645401
1070018400,380561577#3,27,19.78,1.1806347114344962,1.132255668885565,1.1480882491536413,1.0897477768796222,1.084811207108933,1.020477587937345,1.0370497609641154,1.0472539677957593,1.0662949490284097,1.174842554223861,1.284032568199984,1.298538132684846,1.3809057605149275,1.4669039753096293,1.3328686862855121,1.3328686862855121,1.3212252356926732,1.3151784382753153,1.1686315118469148,1.1772490322128488,1.1426102932928683,1.1444304610241194,1.2059021769330946,1.1904162749095129
1070018400,380561603#11,28,14.21,0.8481708417332755,0.813415220165009,0.8247893842504166,0.782877447394309,0.7793310036915035,0.7331135755606509,0.7450190648786693,0.7523497918290061,0.7660288789531698,0.8440097419373642,0.9224521129485224,0.9328729456750081,0.9920460493891364,1.0538273755889702,0.9575360986914623,0.9575360986914623,0.9491714155304795,0.9448273815921249,0.8395477140214691,0.8457385615644379,0.8208540074667169,0.822161620381837,0.8663230502638662,0.8551979406705853
1070018400,1069110524#18,29,78.83,4.705229236723019,4.512422364926647,4.575520560201291,4.343014016755339,4.323340114074681,4.066948850207326,4.132994573144652,4.173661793798772,4.249546553686022,4.682145528284476,5.117304719474456,5.17511430735826,5.503377204317074,5.846109220104048,5.311933192107528,5.311933192107528,5.265530097555784,5.241431561640197,4.657392420570893,4.691736158207223,4.553689050570112,4.560943035517257,4.805928645482095,4.7442120804406915
1070018400,1069110524#17,30,86.6,5.16900738171018,4.957196204524262,5.026513770308661,4.771089862374887,4.749476771265601,4.4678139087651205,4.5403695298024465,4.585045177508228,4.668409635281105,5.143648392102444,5.621699717195075,5.685207395880063,6.045826029352513,6.422339952568953,5.835512044101382,5.835512044101382,5.784535157279347,5.758061312165939,5.116455456316624,5.154184337190733,5.002530404406591,5.010499389519147,5.279632382325883,5.211832629280273
1070018400,-380561603#11,31,13.56,0.809373442216975,0.7762076274058777,0.7870615095310098,0.747066726718285,0.7436825059856994,0.6995791755525986,0.7109400788004754,0.7179354804504802,0.7309888528223071,0.8054026812576114,0.8802569072189981,0.8902010656828366,0.9466674475521949,1.0056227454599886,0.9137360660278839,0.9137360660278839,0.9057540038418932,0.9016086765931887,0.8011447573632035,0.8070524204654312,0.783306146463665,0.7845539459801344,0.8266953245304733,0.8160791045385739
1070018400,-37401477#1,32,275.08,16.41905947529834,15.746253255664367,15.966436581252962,15.155096990093348,15.086444229096324,14.191758083407729,14.422226908291648,14.564136575392187,14.828939058581135,16.338508079671364,17.857011064734657,18.058739612686924,19.20422429739364,20.400199470585076,18.536173823226424,18.536173823226424,18.37424862660973,18.29015595554973,16.25213125777802,16.371974913099617,15.890254776491517,15.915567806800542,16.77045353037187,16.555091451067174
1070018400,1069110524#16,33,36.1,2.1547478808283778,2.066452459391754,2.0953481190316707,1.9888723329299474,1.9798627187377396,1.8624489850625965,1.8926944575735372,1.9113179088689034,1.9460691435756108,2.1441767546754993,2.3434568105166544,2.3699305657190566,2.5202577327901357,2.6772109963942174,2.432586429469514,2.432586429469514,2.411336249166102,2.4003003853255245,2.1328411313282922,2.1485687594986778,2.085350434169492,2.088672378309945,2.2008629215007436,2.1725999759470884
1070018400,1069110524#17,34,86.6,5.16900738171018,4.957196204524262,5.026513770308661,4.771089862374887,4.749476771265601,4.4678139087651205,4.5403695298024465,4.585045177508228,4.668409635281105,5.143648392102444,5.621699717195075,5.685207395880063,6.045826029352513,6.422339952568953,5.835512044101382,5.835512044101382,5.784535157279347,5.758061312165939,5.116455456316624,5.154184337190733,5.002530404406591,5.010499389519147,5.279632382325883,5.211832629280273
1070018400,1069110524#15,35,344.97,20.59067524790486,19.746928114026964,20.02305375685195,19.0055758640123,18.91948039010964,17.79747995504277,18.08650434983776,18.26446922500016,18.596550483636523,20.489658034914324,22.393969416175352,22.646951447537475,24.083471193368787,25.583309623992054,23.24568810454566,23.24568810454566,23.0426223234025,22.937164097666102,20.381335320618312,20.53162783834512,19.927516323419656,19.959260674392848,21.03134853269007,20.76126907763067
1070018400,1069110524#16,36,36.1,2.1547478808283778,2.066452459391754,2.0953481190316707,1.9888723329299474,1.9798627187377396,1.8624489850625965,1.8926944575735372,1.9113179088689034,1.9460691435756108,2.1441767546754993,2.3434568105166544,2.3699305657190566,2.5202577327901357,2.6772109963942174,2.432586429469514,2.432586429469514,2.411336249166102,2.4003003853255245,2.1328411313282922,2.1485687594986778,2.085350434169492,2.088672378309945,2.2008629215007436,2.1725999759470884
1070018400,1069110524#14,37,54.94,3.279275583731608,3.144900224902575,3.188876057052631,3.026832298370396,3.013120713779817,2.834430671449835,2.8804607617476488,2.908803487901871,2.9616908240455415,3.2631875596086406,3.5664686196616335,3.6067585950306076,3.835539053725486,4.074403660440396,3.7021135300569274,3.7021135300569274,3.6697732279552806,3.6529779271408396,3.2459360597001763,3.269871679968347,3.1736607438579463,3.1787163563531404,3.349457310450162,3.3064443955272305
1070018400,1069110524#15,38,344.97,20.59067524790486,19.746928114026964,20.02305375685195,19.0055758640123,18.91948039010964,17.79747995504277,18.08650434983776,18.26446922500016,18.596550483636523,20.489658034914324,22.393969416175352,22.646951447537475,24.083471193368787,25.583309623992054,23.24568810454566,23.24568810454566,23.0426223234025,22.937164097666102,20.381335320618312,20.53162783834512,19.927516323419656,19.959260674392848,21.03134853269007,20.76126907763067
1070018400,1069110524#13,39,220.19,13.142768306914139,12.604215153281725,12.780462668409518,12.131019362544185,12.076065707447723,11.359906981189283,11.544387607011554,11.65798034221174,11.869943621161045,13.07829029396117,14.293788230129143,14.455263469963407,15.37217590534792,16.329503858616143,14.837429526451308,14.837429526451308,14.707815199553572,14.640502544178041,13.009149271666944,13.105079090138886,12.719482329633806,12.739744348478302,13.424044506516587,13.25165619678087
1070018400,1069110524#14,40,54.94,3.279275583731608,3.144900224902575,3.188876057052631,3.026832298370396,3.013120713779817,2.834430671449835,2.8804607617476488,2.908803487901871,2.9616908240455415,3.2631875596086406,3.5664686196616335,3.6067585950306076,3.835539053725486,4.074403660440396,3.7021135300569274,3.7021135300569274,3.6697732279552806,3.6529779271408396,3.2459360597001763,3.269871679968347,3.1736607438579463,3.1787163563531404,3.349457310450162,3.3064443955272305
1070018500,-37400153#5,0,20.53,3.792873797835172,4.387596409335727,5.2701750592597625,4.264771004408756,4.562808245981413,5.1903743012646615,4.157020347399944,3.983895044796363,5.263431393157063,6.565637084999592,4.249350861314302,4.302689993464691,4.451700902329268,3.88971312884373,4.905631048005062,4.46862752172976,4.802535474316691,3.955165032454081,3.9137693946263035,4.273632866236097,4.590816555527058,4.119550960192533,4.5326409187352565,4.522673594010164
1070018500,37402533#1,1,66.34,12.2561737821912,14.17794183123878,17.0298788812125,13.78104765866911,14.74411588107194,16.7720132073014,13.432865555115065,12.873433866136907,17.00808760945151,21.21599436039323,13.731219490481774,13.903577894127988,14.385087085266617,12.569097368119486,15.851902763012946,14.4397832338798,15.518762950130014,12.780596602679188,12.646832033098342,13.809683601855955,14.8346210566812,13.311788149009871,14.646634123180561,14.6144260217552
1070018500,380270721#0,2,6.72,1.2415056951511132,1.4361737881508079,1.7250646078044616,1.3959698562896654,1.4935251540669796,1.698943755698905,1.3607002793242875,1.3040318899674406,1.7228572314669,2.149102835421201,1.3909224446191968,1.4083817221667179,1.4571568467439202,1.2732037128996525,1.6057399241399908,1.4626973670737449,1.571994076347207,1.2946278138378675,1.2810779508957018,1.3988705728741633,1.5026929982046677,1.348435579761024,1.48365060759381,1.4803880444105357
1070018500,-380270721#0,3,5.87,1.0844700045442015,1.2545149012567325,1.5068644714006234,1.2193962881577882,1.3046120021388647,1.484047596123895,1.1885878928026143,1.1390873800757257,1.5049363018914739,1.8772669112979838,1.2149873139753997,1.2302382007617014,1.2728438527361328,1.1121586004049049,1.40263293968776,1.27768356320281,1.3731555399044797,1.1308728076232564,1.1190368410353824,1.2219300986266874,1.3126202231341368,1.1778745317257755,1.2959864682404263,1.2931365804597985
1070018500,37402533#2,4,124.68,23.0343645939644,26.646152962298025,32.00610941980064,25.900226440802903,27.710225626349857,31.521474324485048,25.245849825320263,24.19444881564591,31.965154705251948,39.87353296433265,25.806578927845457,26.130510880914642,27.035463638695237,23.62247603040605,29.792210378240192,27.138260078386093,29.166104380799073,24.01996961745615,23.768571267511327,25.95404509314743,27.880321877404466,25.018295845923284,27.527017523035155,27.46648532397405
1070018500,37402533#3,5,58.85,10.872412226137351,12.577206463195692,15.107150620430442,12.22512292301292,13.079457636434785,14.878398812928658,11.916251702118203,11.41998165544403,15.087819653545694,18.820640158413347,12.180920515749959,12.333819099629665,12.760964349833289,11.150005729783416,14.062171805898581,12.809485126828855,13.76664455253469,11.337626018505732,11.218963900329175,12.250525775839957,13.15974448576558,11.808844325734562,12.992981883466625,12.964410180589292
1070018500,37402533#4,6,21.59,3.988706541415555,4.614135727109516,5.54228346465749,4.484968630549684,4.798394058974121,5.458362453205263,4.371654617650501,4.18959055124956,5.535191611215829,6.904632472729722,4.468752318352449,4.524845443687417,4.681550047797803,4.090545857366592,5.158917405086667,4.699350618321749,5.050498825645267,4.159377157851125,4.115844190452114,4.494288045885892,4.827848486791485,4.332250620095313,4.766669139575947,4.756187184348731
1070018500,37402533#5,7,43.56,8.047617273925965,9.30948366247756,11.182115225589637,9.048876032734796,9.681243409398459,11.012796130691118,8.82025359633422,8.452921001038947,11.167806696830084,13.930791593891001,9.01615798922801,9.129331520473547,9.44549884585791,8.253088353260248,10.408635579693156,9.48141329013874,10.189890173464931,8.391962436127606,8.304130288841781,9.067678892023595,9.740670684790972,8.740752061665209,9.617235188509877,9.59608678787544
1070018500,37402533#6,8,13.91,2.569842889814283,2.9727942549371633,3.5707810557381046,2.8895745090757807,3.0915081686118584,3.516712446692228,2.8165685841370296,2.699268391286771,3.5662119181108007,4.448514946534064,2.8791266673590816,2.9152663326397388,3.0162279372333227,2.635455899766989,3.3237860632123915,3.0276964845231835,3.2539341669627446,2.679802513464991,2.6517551037141684,2.89557881974399,3.1104850602718646,2.7911813860827146,3.0710684451830206,3.0643151335938326
1070018600,518807041#13,0,92.3,15.681789549583682,15.843457483084542,12.842468321943182,13.092544784196031,13.25929453288546,12.369920618261103,14.105385879826578,15.689413171144002,17.49220753010472,17.830454637040447,17.577953645448375,17.37917226335122,20.794537946548463,16.8352232097252,15.165941209136848,14.906754223114648,18.698217203385404,17.039663618291033,18.182041066503217,18.807181173102105,18.928517825831793,19.995739091104838,18.462884950253553,17.212332209623046
1070018600,-37402533#6,1,13.91,2.363311946204865,2.3876759868873885,1.9354142400674934,1.973101819590106,1.998231711294006,1.864199304442166,2.125741252311893,2.3644608581864905,2.6361495855228245,2.6871248537511665,2.6490718874126427,2.619114693209268,3.133824732789698,2.5371392724515447,2.2855714216586516,2.2465108477088274,2.817900339101744,2.5679493058551275,2.740110414247668,2.834321669749191,2.8526076160056366,3.0134423700679123,2.782434774193141,2.5939711921544593
1070018600,-37402533#5,2,44.36,7.536773395661236,7.614472090461866,6.172176541293602,6.292364968872545,6.372506018188505,5.945066940694067,6.779143202915569,7.540437359392719,8.406872438087166,8.569436269762885,8.448082597097399,8.352546929601951,9.9939946187312,8.091121360600324,7.288853218172378,7.164286211672436,8.986488788105921,8.18937679422958,8.73841106944835,9.038857603887426,9.097172814235085,9.610086523092207,8.873386526470723,8.272362479077772
1070018600,-37402533#4,3,21.89,3.719115636407224,3.7574570347206997,3.045738153492267,3.105046644919297,3.1445932537904957,2.9336680642874917,3.3452534876425117,3.7209236653991575,4.148476953781065,4.2286961213956165,4.16881262512313,4.121669348263902,4.93166235807092,3.9926656127939832,3.596776306262249,3.5353071499889457,4.434495932633873,4.041150992463605,4.312078861817502,4.460337983523349,4.489114357610596,4.742218079136348,4.378684198927956,4.082101322520568
1070018600,-37402533#3,4,59.75,10.151537655337217,10.256192682711823,8.313515517184237,8.475401417721699,8.583346135860307,8.007613834681482,9.131059656767476,10.15647277330286,11.32350379115663,11.542466571648612,11.379011162681913,11.250330907207317,13.46125289605927,10.898207874117885,9.817605495622173,9.649821937498377,12.104208861346457,11.030551475545927,11.770064504047316,12.174746209023303,12.253292958758935,12.944153962009905,11.951867559887864,11.142327730498126
1070018600,-37402533#2,5,124.55,21.161071380288707,21.379226755343225,17.329679626197432,17.667133833928663,17.89214663132052,16.692021809365333,19.03386577824919,21.171358726608727,23.604056856712276,24.060488895377983,23.719763017774593,23.4515266023878,28.060235116387986,22.717519509981297,20.4649835059371,20.115235519923395,25.231451274990814,22.993392238983187,24.534921070779802,25.378487704332258,25.54221988306988,26.982332652189683,24.913892963749515,23.226391947004878
1070018600,-37402533#1,6,67.43,11.456371281998136,11.5744782024311,9.38209793010432,9.564791926309193,9.686611379766703,9.03687700205142,10.304725567461606,11.461940738139115,12.778976747074339,13.02608403223876,12.841618789952157,12.696398545154635,15.191502640690823,12.299015179109105,11.079516963511352,10.890167250970972,13.660030184445048,12.448369640101456,13.282936393437835,13.739634089948812,13.828276890529123,14.607938103068248,13.488107607752948,12.57451311912115
1070018700,-218647397#0,0,26.04,5.852094327300663,5.241820058531878,5.54542429360051,5.069988060935913,5.5541779231089565,5.83753084079556,5.598363904995264,5.50637200984276,7.232418734408065,7.086750683362586,7.45460108959645,7.361028690982267,7.076061768304723,8.005851454583674,7.46646517621119,6.855473383905549,7.292376609926474,7.258528549333725,6.283163775517007,8.93038506164854,6.953699040097874,6.750257485447527,6.521912352714596,6.244137913557274
1070018700,218647396#0,1,61.14,13.740285989675982,12.307407003787981,13.02024736216341,11.903958143073034,13.040800238820337,13.706091997167455,13.144545666336807,12.928555479331274,16.981185922492667,16.639168079139342,17.50285371036586,17.283152617767122,16.614071294706253,18.797148922167658,17.530709710965905,16.09614603271833,17.121962593352713,17.042489842790477,14.752405270165509,20.967885663179405,16.32677263101321,15.849106860993157,15.312969325843717,14.660775423766964
1070018700,218647396#1,2,33.85,7.6072731558804705,6.813963478544704,7.208625665836301,6.590595079212007,7.220004711875506,7.5883417419711865,7.277443094627102,7.157860696358581,9.401588869420623,9.212231591083853,9.690408866468502,9.568771935090236,9.19833682246985,10.406992002214183,9.705831267847497,8.911588865023152,9.47952950253499,9.435529623461852,8.167630330309168,11.608814682672929,9.039274673859948,8.774816278125915,8.47798514360173,8.116899707139543
1070018700,218647396#2,3,39.7,8.921971766276357,7.991561302754055,8.454429510596785,7.729590092901527,8.467775097827403,8.899768601366503,8.535140054850691,8.394891274606668,11.026383400768056,10.804301157046647,11.36511763659674,11.222459256221047,10.788005076870105,12.205541580144848,11.383205356973283,10.451700973158616,11.11779383310603,11.066189839037978,9.579170579417251,13.615064782928073,10.60145360567917,10.291291174050187,9.94316130578992,9.519672625507825
1070018700,218647396#3,4,22.32,5.016080851971997,4.492988621598753,4.753220823086152,4.345704052230783,4.760723934093392,5.003597863539051,4.798597632853084,4.71974743700808,6.199216058064056,6.074357728596502,6.389658076796956,6.309453163699087,6.065195801404049,6.862158389643148,6.3998272938953065,5.876120043347615,6.250608522794121,6.221595899428908,5.385568950443149,7.6546157671273205,5.960313462941034,5.785934987526453,5.590210588041082,5.35211821162052
1070018700,218647396#4,5,36.29,8.155626080558413,7.3051324855653545,7.728242995958621,7.065663084921824,7.740442274563135,8.13533003888137,7.8020209720536915,7.67381874950821,10.079280947452714,9.876274281844402,10.388919874863868,10.258515022878129,9.861377940544486,11.157156270616033,10.405453964850388,9.553960410980508,10.162839753234705,10.115668243291893,8.756375323099547,12.445609596283623,9.690850159952067,9.407328884289202,9.089101354839196,8.701987898732467
1070018700,218647396#5,6,11.59,2.604676392220226,2.333052783348098,2.468182318081026,2.2565730271216298,2.472078422766237,2.5981944103233694,2.4917449177763102,2.450800752460737,3.219037370652438,3.15420278111261,3.3179272898779897,3.276279666992491,3.1494453108545213,3.5632802749087853,3.3232078107637366,3.051264843297439,3.2457236908236493,3.230658444192699,2.7965387157543056,3.97477583965079,3.094983558937571,3.004434879275608,2.9028020033779636,2.77916891006639
1070018700,218647396#7,7,40.0,8.98939220783512,8.05195093476479,8.518316887251169,7.788000093603553,8.531763322748013,8.967021260822673,8.599637334862157,8.458328740157851,11.109706197247412,10.885945750172944,11.451000137628952,11.307263734227753,10.869526525813708,12.2977748918336,11.469224541031014,10.530681081268126,11.201807388519928,11.149813439836752,9.651557258858691,13.717949403453977,10.681565345772464,10.369059117430918,10.01829854487649,9.59160969824466
1070018700,218647396#9,8,29.95,6.730807415616545,6.028898262405136,6.3780897693293115,5.831265070085661,6.388157787907574,6.714057169040977,6.43897845447804,6.33317364419319,8.318392515188998,8.15085188044199,8.57393635304968,8.466313721003031,8.138557986203013,9.207958950260407,8.587581875096971,7.884847459599508,8.387353282154296,8.348422813077768,7.226603497570445,10.271314615836165,7.997822052647131,7.7638330141764,7.501201035476273,7.181717761560689
1070018700,218647396#10,9,11.07,2.4878142935183694,2.228377421196156,2.357444198546761,2.1553290259047837,2.3611654995705127,2.481623133932675,2.379949632423102,2.340842478838685,3.0746111900882216,3.012685486360362,3.1690642880888134,3.1292852384475314,3.0081414660189436,3.403409201314948,3.1741078917303334,2.9143659892409537,3.1001001947728906,3.0857108694748216,2.671068471389143,3.7964424974058883,2.9561232094425294,2.869637110749007,2.7725641222945687,2.6544779839892096
1070018700,218647396#11,10,49.67,11.162577774079262,9.998510073244178,10.577619994744138,9.670749116232214,10.594317106022345,11.134798650626555,10.678599660565084,10.503129713091012,13.795477670431975,13.517623135277253,14.219279420900753,14.040794741977315,13.497234563429172,15.270761971934373,14.241909573825263,13.076473232664696,13.909844324694621,13.845280838917288,11.98482122618778,17.034263671738977,13.263833768112958,12.875779159069843,12.440222218100383,11.910381342795306
1070018700,218647396#13,11,41.01,9.216374361082957,8.2552626958676,8.733404388654261,7.984647095967043,8.7471903466474,9.193438547658445,8.816778177567427,8.671901540846836,11.390226278727908,11.16081588036481,11.740137891104085,11.592772143517005,11.143982070590502,12.608293707852397,11.758822460692047,10.796580778570146,11.484653025080055,11.43134622919263,9.895259079644873,14.06432762589119,10.951274870753217,10.630877860146049,10.271260583134623,9.833797843125337
1070018700,218647396#14,12,11.16,2.5080404259859983,2.2464943107993767,2.376610411543076,2.1728520261153914,2.380361967046696,2.5017989317695255,2.399298816426542,2.35987371850404,3.099608029032028,3.037178864298251,3.194829038398478,3.1547265818495434,3.0325979007020245,3.431079194821574,3.1999136469476532,2.9380600216738073,3.1253042613970603,3.110797949714454,2.6927844752215746,3.8273078835636603,2.980156731470517,2.8929674937632264,2.795105294020541,2.67605910581026
1070018700,218647396#15,13,17.06,3.8339757766416787,3.434157073677183,3.633062152412623,3.321582039921916,3.6387970571520274,3.8244345677408695,3.66774532331871,3.6074772076773227,4.7382896931260206,4.6428558624487595,4.8838515586987485,4.822547982648136,4.635853063259545,5.2450009913670295,4.891624266749727,4.4913354811608555,4.777570851203749,4.755395432090375,4.116389170903232,5.850705420573121,4.555687619971955,4.422403713584286,4.272804329389824,4.0908215363013465
1070018700,218647396#17,14,6.51,1.4630235818251658,1.3104550146329694,1.3863560734001275,1.2674970152339782,1.3885444807772391,1.45938271019889,1.399590976248816,1.37659300246069,1.8081046836020163,1.7716876708406466,1.8636502723991124,1.8402571727455668,1.7690154420761808,2.0014628636459184,1.8666162940527975,1.7138683459763873,1.8230941524816184,1.8146321373334313,1.5707909438792518,2.232596265412135,1.7384247600244684,1.6875643713618818,1.630478088178649,1.5610344783893184
1070018700,-218647396#17,15,6.51,1.4630235818251658,1.3104550146329694,1.3863560734001275,1.2674970152339782,1.3885444807772391,1.45938271019889,1.399590976248816,1.37659300246069,1.8081046836020163,1.7716876708406466,1.8636502723991124,1.8402571727455668,1.7690154420761808,2.0014628636459184,1.8666162940527975,1.7138683459763873,1.8230941524816184,1.8146321373334313,1.5707909438792518,2.232596265412135,1.7384247600244684,1.6875643713618818,1.630478088178649,1.5610344783893184
1070018700,218647396#17,16,6.51,1.4630235818251658,1.3104550146329694,1.3863560734001275,1.2674970152339782,1.3885444807772391,1.45938271019889,1.399590976248816,1.37659300246069,1.8081046836020163,1.7716876708406466,1.8636502723991124,1.8402571727455668,1.7690154420761808,2.0014628636459184,1.8666162940527975,1.7138683459763873,1.8230941524816184,1.8146321373334313,1.5707909438792518,2.232596265412135,1.7384247600244684,1.6875643713618818,1.630478088178649,1.5610344783893184
1070018700,-218647396#17,17,6.51,1.4630235818251658,1.3104550146329694,1.3863560734001275,1.2674970152339782,1.3885444807772391,1.45938271019889,1.399590976248816,1.37659300246069,1.8081046836020163,1.7716876708406466,1.8636502723991124,1.8402571727455668,1.7690154420761808,2.0014628636459184,1.8666162940527975,1.7138683459763873,1.8230941524816184,1.8146321373334313,1.5707909438792518,2.232596265412135,1.7384247600244684,1.6875643713618818,1.630478088178649,1.5610344783893184
1070018700,218647396#17,18,6.51,1.4630235818251658,1.3104550146329694,1.3863560734001275,1.2674970152339782,1.3885444807772391,1.45938271019889,1.399590976248816,1.37659300246069,1.8081046836020163,1.7716876708406466,1.8636502723991124,1.8402571727455668,1.7690154420761808,2.0014628636459184,1.8666162940527975,1.7138683459763873,1.8230941524816184,1.8146321373334313,1.5707909438792518,2.232596265412135,1.7384247600244684,1.6875643713618818,1.630478088178649,1.5610344783893184
1070018700,518958915#0,19,19.05,4.2811980389814766,3.8347416326817316,4.056848417553369,3.709035044578693,4.063252282458741,4.270543875466798,4.095577280728103,4.028279062500176,5.29099757643908,5.184431663519864,5.45353881554579,5.385084353425968,5.176612007918778,5.856815292235752,5.462218187666021,5.015236864953946,5.334860768782616,5.310098650722254,4.596554144531452,6.533173403394957,5.087095495924136,4.938264404676475,4.771214681997429,4.56800411878902
1070018700,518958915#1,20,16.51,3.7103716337839465,3.3234427483241675,3.5159352952129197,3.214497038634867,3.5214853114642426,3.7011380254045583,3.5495003099643556,3.4911751875001533,4.58553123291387,4.493174108383883,4.726400306806352,4.667073106302506,4.486397073529608,5.075906586604319,4.733922429310551,4.34653861629342,4.623545999611601,4.60208549729262,3.9836802585939255,5.66208361627563,4.408816096467585,4.279829150719612,4.135052724397772,3.9589369029504837
1070018700,518958915#2,21,11.55,2.5956870000123913,2.325000832413333,2.459664001193775,2.2487850270280263,2.463546659443489,2.589227389062547,2.483145280441448,2.4423424237205795,3.2079276644551906,3.1433168353624374,3.3064762897403606,3.264972403258264,3.138575784328708,3.5509825000169517,3.3117385862227056,3.0407341622161717,3.2345218834351295,3.2195086307528626,2.7868871584954475,3.961057890247336,3.084301993591799,2.994065820158178,2.892783704833087,2.769577300368146
1070018700,518958915#3,22,41.04,9.223116405238834,8.261301659068675,8.739793126319698,7.990488096037247,8.753589169139461,9.200163813604062,8.823227905568572,8.678245287401955,11.398558558375845,11.16898033967744,11.748726141207305,11.601252591317676,11.152134215484864,12.617517039021271,11.767424379097822,10.804478789381097,11.493054380621448,11.43970858927251,9.902497747589017,14.074616087943781,10.959286044762546,10.638654654484123,10.27877430704328,9.840991550399021
1070018700,518958915#4,23,13.47,3.0271778259884767,2.7114944772820433,2.8685432117818315,2.622609031520997,2.8730712989353937,3.019644409582035,2.8959278725148314,2.8483422032481562,3.7411935619230663,3.665842231370739,3.8561242963465507,3.807721062501196,3.660313057567766,4.141275694824965,3.8622613641921943,3.5462068541170417,3.772208638084086,3.7546996758650266,3.2501619069206646,4.619519461613127,3.597017130188877,3.4917806577948616,3.3736620349871584,3.2299745658838894
1070018700,518958915#6,24,0.89,0.20001397662433143,0.17915590829851658,0.18953255074133848,0.17328300208267908,0.18983173393114328,0.1995162230533045,0.191341930700683,0.18819781446851216,0.24719096288875492,0.242212292941348,0.25478475306224424,0.2515866180865675,0.24184696519935497,0.27362549134329756,0.2551902460379401,0.23430765405821583,0.24924021439456842,0.24808334903636775,0.21474714900960587,0.305224374226851,0.23766482894343732,0.23071156536283793,0.22290714262350192,0.2134133157859437
1070018700,518958915#7,25,17.62,3.959827267551371,3.54688438676389,3.75231858883414,3.430614041232366,3.7582417436705002,3.949972865392388,3.7881402460067806,3.7258938100395333,4.893825579887485,4.7952591029511815,5.044165560625554,4.980849674927326,4.788026434620939,5.417169839852701,5.052193410324162,4.63876501629861,4.934396154643029,4.91149282024809,4.251510972527254,6.042756712221477,4.70522953481277,4.56757054122832,4.413060509018095,4.225104072076773
1070018700,518958915#8,26,14.27,3.206965670145179,2.8725334959773385,3.038909549526854,2.7783690333930675,3.0437065653903534,3.1989848347984884,3.067920619212074,3.017508778051313,3.963387685868014,3.883561146374197,4.085144299099129,4.033866337185751,3.8777035880840396,4.387231192661636,4.091645855012814,3.756820475742404,3.996244785854484,3.9776959446617615,3.443193052097838,4.893878449682206,3.810648437104326,3.69916184014348,3.574028005884688,3.4218067598487822
1070018700,518958915#9,27,51.32,11.53339020265246,10.330653049303224,10.929000566343248,9.992004120093359,10.946252343085701,11.50468827763549,11.033334700628147,10.852035773622523,14.253753051068431,13.966668397471885,14.691633176577948,14.507219371014209,13.945602532618986,15.778045186222506,14.715015086142792,13.510863827267006,14.37191887947107,14.305210643310554,12.3829479631157,17.60012908463145,13.70444833862607,13.303502847663868,12.853477033076539,12.306035242847898
1070018700,518958915#11,28,9.68,2.175432914296099,1.9485721262130793,2.0614326867147823,1.88469602265206,2.064686724105019,2.170019145119087,2.0811122350366418,2.0469155551181997,2.6885488997338736,2.634398871541852,2.771142033306207,2.7363578236831163,2.630425419246917,2.976061523823731,2.7755523389295056,2.5484248216668863,2.7108373880218224,2.698254852440494,2.3356768566438033,3.3197437556358627,2.5849388136769362,2.5093123064182823,2.424428247860111,2.3211695469752076
1070018700,518958915#12,29,29.88,6.715075979252834,6.014807348269298,6.363182714776623,5.817636069921854,6.373227202092765,6.698364881834536,6.423929089142032,6.318371568897914,8.298950529343816,8.131801475379188,8.553897102808829,8.446526009468132,8.119536314782838,9.186437844199698,8.567510732150167,7.866418767707289,8.367750119224386,8.328910639558053,7.209713272367443,10.247308204380122,7.97912931329203,7.745687160720896,7.483669013022739,7.164932444588761
1070018700,518958915#13,30,13.65,3.0676300909237346,2.7477282564884846,2.906875637774461,2.657655031942213,2.91146423388776,3.059996005255737,2.9346262405217107,2.8864046825788665,3.7911872398106796,3.714828987246517,3.9076537969658807,3.8586037493052214,3.709225926933928,4.196615681838216,3.913872874626834,3.5935949189827485,3.8226167713324255,3.804873836344292,3.293593914585528,4.68125023392867,3.645084174244853,3.5384414238233006,3.4187443784391025,3.2731368095259903
1070018700,-519292263#2,31,47.66,10.710860815635545,9.593899538772247,10.149574571159766,9.279402111528633,10.165595999054258,10.684205832270214,10.24646788448826,10.078098693898077,13.23721493402029,12.97060436133106,13.643866663984896,13.472604739332366,12.951040855507031,14.652798783619732,13.665581040638454,12.547306508330973,13.346953503421494,13.28500271356549,11.49983047393013,16.344936714215414,12.727085109487888,12.354733938418937,11.936802716220338,11.428402955458512
1070018800,-518958915#13,0,13.65,3.7159155666047314,3.333760370373642,3.219360034692673,2.9146033647418688,3.3033781300471214,3.3547979831441954,3.257497878240912,4.064401022392331,4.2170041279395845,4.060262121147531,4.500200229082254,4.609453645048412,4.633558864575103,4.383922378193377,3.908997453889095,3.750872439291511,4.257530595800188,4.464924303434352,4.144675055059123,3.817307231179393,3.9243872076445627,3.9032573695221506,3.7829007618281563,4.001181538351106
1070018800,-518958915#12,1,29.88,8.134180009534752,7.297638085477247,7.047214493525061,6.3800987940283544,7.231131027531721,7.343689651014546,7.130698652149336,8.897018501764311,9.231068376764451,8.887958401457013,9.850987754210824,10.090144682347734,10.14291127278418,9.59645426083649,8.556838382579205,8.210700987987572,9.319781260257116,9.77376836532003,9.072739241404147,8.356127477482802,8.590526722668097,8.544273274822114,8.280811337979875,8.758630356478465
1070018800,-518958915#11,2,9.9,2.6950596417133212,2.4178921367545096,2.334920464722159,2.113888154647949,2.395856665748462,2.4331501855771087,2.362580878724178,2.9478073349219103,3.0584865103737644,2.9448054944586493,3.2638814848288877,3.3431202260790687,3.360603132548976,3.179548098469922,2.835097054469014,2.720412977947689,3.0878793332177192,3.2382967475457938,3.006028061911012,2.768596453382856,2.8462588538960567,2.8309339163567246,2.743642310776465,2.901955841001901
1070018800,-518958915#9,3,51.32,13.970753617447238,12.533962066489034,12.103850328236483,10.958054555205326,12.419733746081924,12.613057325638103,12.247237444053011,15.280956810928528,15.854699768927434,15.265395755112918,16.919434121355405,17.33019494973513,17.420823511354893,16.482263476108724,14.696684932863615,14.102181214977314,16.007067412195287,16.78680697818688,15.582763650229612,14.351956564404867,14.754545897166224,14.675103897719909,14.222598322126077,15.043270076789652
1070018800,-518958915#8,4,14.27,3.8846970795201106,3.4851839183320052,3.3655873769277984,3.0469882794773966,3.453421678811167,3.507177085675287,3.405457488827679,4.249011178720773,4.408545707377133,4.24468428342676,4.704604928132143,4.818820770318011,4.844020878936756,4.583045592440987,4.086548986593215,3.9212417369003556,4.4509129378804895,4.667726726007927,4.332931357926277,3.990694079775087,4.102637762130983,4.080548180445501,3.9547248257353687,4.182920186979508
1070018800,-518958915#7,5,17.67,4.810273118088323,4.315571116813352,4.167479253701066,3.7729700699625512,4.276241139775286,4.342804422136112,4.216848901722851,5.2613894553606215,5.458935013970144,5.2560316249580135,5.8255339229218635,5.966963070183549,5.998167409307112,5.675011606056922,5.060218682067422,4.855524981852088,5.511396749288596,5.779869043346887,5.365304631713898,4.941525184977281,5.080140802862962,5.052788111315488,4.896985821355569,5.179551485909454
1070018800,-518958915#6,6,0.89,0.2422831395075612,0.21736606077894077,0.20990699127300214,0.19003640986229034,0.2153850941935486,0.21873774395592188,0.21239363455197152,0.26500490182631314,0.2749548479022879,0.26473503940082804,0.2934196486361323,0.300543131435391,0.3021148270675342,0.2858381623877,0.2548723614623659,0.24456237882560034,0.2775972329862394,0.29111960659755115,0.2702388863738183,0.24889402459704468,0.25587579595631216,0.2544980995512611,0.24665067238293473,0.2608828988375446
1070018800,-518958915#4,7,13.47,3.6669144822099438,3.289798695159924,3.176906935334089,2.8761690346573605,3.2598170997607863,3.3105588888609754,3.214541862264109,4.01080452539375,4.161395282296425,4.0067202030664655,4.440856929358093,4.5486696409378835,4.572456989437849,4.326112412766651,3.8574502347169313,3.7014103851470073,4.20138733519623,4.4060461807517015,4.090019999388014,3.7669691138451595,3.872637046664635,3.85178584377021,3.733016356177675,3.948418704878344
1070018800,-518958915#3,8,41.26,11.232137456271882,10.076992885100108,9.731193775195582,8.81000255159337,9.985156164523387,10.140583500698131,9.84647344001612,12.285508145341211,12.746783173537528,12.272997444582208,13.602803036771707,13.933044497780037,14.005907600906134,13.251328741703933,11.815768128019345,11.337801966678954,12.869282958440715,13.49617412158984,12.528153316610945,11.538615117836025,11.862286900176898,11.798417514028126,11.434614317438074,12.094413939367518
1070018800,-518958915#2,9,11.69,3.1823482031948207,2.8550665736020417,2.7570929527880845,2.4960962149327797,2.8290469113736885,2.8730834009491315,2.7897545931601653,3.4807947217411237,3.611485586491849,3.477250124264809,3.8540176320858275,3.9475833780671015,3.9682273353027804,3.754436087991251,3.347705511792199,3.2122856274958065,3.646192869223751,3.8238069675565987,3.549542226640377,3.2691810646510695,3.3608854547520104,3.342789644667688,3.239715011411805,3.4266529072032545
1070018800,-518958915#1,10,16.51,4.49448835198858,4.032262543213834,3.893892613390186,3.5252821649734987,3.9955145001522334,4.05770803675536,3.940021243205675,4.915989808036438,5.100566897603116,4.9109837084355865,5.443099324699489,5.5752439325823655,5.604399769533697,5.302458495529132,4.72802549184681,4.536769521809733,5.149584625396419,5.400432252725359,5.013083161833416,4.617123984378885,4.746639765436758,4.721082723136316,4.575508540496913,4.839524336862767
1070018800,-518958915#0,11,19.05,5.185948098448361,4.652610626785193,4.492953015450214,4.067633267277114,4.610209038637192,4.6819708116408,4.546178357545009,5.672295932349736,5.885269497234365,5.666519663579522,6.280499220807101,6.432973768364269,6.466615118692727,6.118221340995153,5.455414029054012,5.234734063626614,5.941828413918945,6.231267983913876,5.784326725192402,5.327450751206405,5.476892037042412,5.447403142080364,5.279432931342591,5.584066542533962
1070018800,-218647396#17,12,6.51,1.7722058856114868,1.5899472535628139,1.5353870934688134,1.390041604723045,1.5754572620224734,1.5999805765764623,1.5535759111610503,1.9384066414486498,2.011186584094263,1.9364327039318998,2.1462493400238443,2.1983548153307813,2.209851150797357,2.0907937495999183,1.8642910933932606,1.7888776248928742,2.0305145918431666,2.129425437022537,1.97669118010512,1.8205619102547874,1.8716308221074067,1.8615535146951794,1.804152671025736,1.9082558105982197
1070018800,218647396#17,13,6.51,1.7722058856114868,1.5899472535628139,1.5353870934688134,1.390041604723045,1.5754572620224734,1.5999805765764623,1.5535759111610503,1.9384066414486498,2.011186584094263,1.9364327039318998,2.1462493400238443,2.1983548153307813,2.209851150797357,2.0907937495999183,1.8642910933932606,1.7888776248928742,2.0305145918431666,2.129425437022537,1.97669118010512,1.8205619102547874,1.8716308221074067,1.8615535146951794,1.804152671025736,1.9082558105982197
1070018800,-218647396#17,14,6.51,1.7722058856114868,1.5899472535628139,1.5353870934688134,1.390041604723045,1.5754572620224734,1.5999805765764623,1.5535759111610503,1.9384066414486498,2.011186584094263,1.9364327039318998,2.1462493400238443,2.1983548153307813,2.209851150797357,2.0907937495999183,1.8642910933932606,1.7888776248928742,2.0305145918431666,2.129425437022537,1.97669118010512,1.8205619102547874,1.8716308221074067,1.8615535146951794,1.804152671025736,1.9082558105982197
1070018800,218647396#17,15,6.51,1.7722058856114868,1.5899472535628139,1.5353870934688134,1.390041604723045,1.5754572620224734,1.5999805765764623,1.5535759111610503,1.9384066414486498,2.011186584094263,1.9364327039318998,2.1462493400238443,2.1983548153307813,2.209851150797357,2.0907937495999183,1.8642910933932606,1.7888776248928742,2.0305145918431666,2.129425437022537,1.97669118010512,1.8205619102547874,1.8716308221074067,1.8615535146951794,1.804152671025736,1.9082558105982197
1070018800,-218647396#17,16,6.51,1.7722058856114868,1.5899472535628139,1.5353870934688134,1.390041604723045,1.5754572620224734,1.5999805765764623,1.5535759111610503,1.9384066414486498,2.011186584094263,1.9364327039318998,2.1462493400238443,2.1983548153307813,2.209851150797357,2.0907937495999183,1.8642910933932606,1.7888776248928742,2.0305145918431666,2.129425437022537,1.97669118010512,1.8205619102547874,1.8716308221074067,1.8615535146951794,1.804152671025736,1.9082558105982197
1070018800,218647396#17,17,6.51,1.7722058856114868,1.5899472535628139,1.5353870934688134,1.390041604723045,1.5754572620224734,1.5999805765764623,1.5535759111610503,1.9384066414486498,2.011186584094263,1.9364327039318998,2.1462493400238443,2.1983548153307813,2.209851150797357,2.0907937495999183,1.8642910933932606,1.7888776248928742,2.0305145918431666,2.129425437022537,1.97669118010512,1.8205619102547874,1.8716308221074067,1.8615535146951794,1.804152671025736,1.9082558105982197
1070018800,-218647396#17,18,6.51,1.7722058856114868,1.5899472535628139,1.5353870934688134,1.390041604723045,1.5754572620224734,1.5999805765764623,1.5535759111610503,1.9384066414486498,2.011186584094263,1.9364327039318998,2.1462493400238443,2.1983548153307813,2.209851150797357,2.0907937495999183,1.8642910933932606,1.7888776248928742,2.0305145918431666,2.129425437022537,1.97669118010512,1.8205619102547874,1.8716308221074067,1.8615535146951794,1.804152671025736,1.9082558105982197
1070018800,-218647396#15,19,17.06,4.644213887639319,4.166589884144639,4.023610416985861,3.642720395787273,4.128617648249369,4.192883047065199,4.071275736468128,5.079756882198766,5.270482814846103,5.074584013683288,5.624426073856648,5.760972834031202,5.791099943564194,5.479100056555238,4.885530883761755,4.687903576140159,5.3211334772418475,5.580337627589014,5.1800847208284715,4.77093489845571,4.9047652573198715,4.878356829600578,4.727933113317826,5.000744105807316
1070018800,-218647396#14,20,11.16,3.038067232476835,2.7256238632505383,2.6320921602322516,2.382928465239506,2.7007838777528117,2.74282384555965,2.6632729905618007,3.322982813911971,3.4477484298758796,3.3195989210261136,3.6792845828980187,3.768608254852768,3.788316258509755,3.5842178564570024,3.195927588674161,3.0666473569592134,3.480882157445429,3.650443606324349,3.388613451608778,3.120963274722493,3.208509980755555,3.1912345966203075,3.092833150329833,3.271295675311234
1070018800,-218647396#13,21,41.01,11.164080394612455,10.015935002858832,9.672231137197548,8.756621537587108,9.924654733570144,10.079140314193658,9.786812306715003,12.211068566176516,12.669548665699805,12.198633669469617,13.520381787154816,13.848622269848747,13.921043885437728,13.171037123055704,11.744174768058006,11.269104669256032,12.791306207601885,13.41439895119727,12.452243517067739,11.468701065982923,11.790411676593665,11.726929283817096,11.365330420701294,12.021132226210904
1070018800,-218647396#11,22,49.62,13.507965598163132,12.11876846724836,11.702904389849849,10.595063659962749,12.008324015599866,12.19524365740769,11.841541737605425,14.774767672608602,15.329505115630926,14.75972208434729,16.358969623960547,16.75612379980236,16.843750246169712,15.936280469300756,14.209850085126511,13.635039592501448,15.476825506491233,16.2307358195174,15.066577013335802,13.87654101180377,14.265794376800233,14.188983932284915,13.751467824315977,14.544954427324678
1070018800,-218647396#10,23,11.07,3.013566690279441,2.703643025643679,2.6108656105529593,2.363711300197252,2.679003362609644,2.7207042984180396,2.641794982573399,3.2961845654126813,3.4199440070543004,3.2928279619855805,3.649612933035938,3.738216252797504,3.7577653209411275,3.5553128737436395,3.1701539790880795,3.041916329886962,3.4528105271434497,3.6210045449830237,3.361285923773223,3.0957942160553755,3.1826349002655907,3.165498833744337,3.0678909475045923,3.244914258574853
1070018800,-218647396#9,24,29.95,8.153235986799391,7.314734292504804,7.063724032164511,6.395045477950108,7.248071428198629,7.360893743235798,7.14740376947365,8.917861583930424,9.252694038959014,8.90878025848854,9.874065704103554,10.113782906168495,10.166673113115335,9.618935914057994,8.57688452336838,8.229936231265988,9.341614750491988,9.79666541302995,9.093993985276244,8.375703412001672,8.610651785271402,8.5642899792812,8.300210829066174,8.779149236162317
1070018800,-218647396#7,25,40.0,10.88912986550837,9.76926115860408,9.43402207968549,8.540962241001814,9.680228952519037,9.83090984071559,9.545781328178496,11.910332666351152,12.357521254035412,11.898204018014743,13.187399938702578,13.507556469006337,13.578194474945356,12.846658983716853,11.454937593814197,10.991567587667431,12.476280134213006,13.084027262811288,12.145567926913182,11.18624829649639,11.5000357733174,11.438116833764543,11.085423477884707,11.725074105058185
1070018800,-218647396#5,26,11.43,3.111568859069016,2.7915663760711156,2.695771809270129,2.440579960366268,2.766125423182315,2.8091824869844797,2.727707014527005,3.4033775594098414,3.531161698340619,3.3999117981477127,3.768299532484261,3.8597842610185604,3.8799690712156356,3.670932804597091,3.2732484174324066,3.1408404381759683,3.5650970483513666,3.7387607903483255,3.4705960351154412,3.196470450723843,3.286135222225447,3.268441885248218,3.167659758805555,3.3504399255203765
1070018800,-218647396#4,27,36.29,9.879163070482468,8.863162186143551,8.559016531794661,7.748787993148895,8.782387717172897,8.91909295298922,8.66041010998994,10.80564931154708,11.211361157723628,10.794645595343876,11.96426859438791,12.254730606506,12.318816937394173,11.655131362977116,10.39249213198793,9.972099693911277,11.31910515176475,11.87048373418554,11.019066501691984,10.14872376699635,10.433407455342211,10.377231497432883,10.0572504503109,10.637573481814039
1070018800,-218647396#3,28,22.32,6.07613446495367,5.451247726501077,5.264184320464503,4.765856930479012,5.401567755505623,5.4856476911193,5.326545981123601,6.645965627823942,6.895496859751759,6.639197842052227,7.3585691657960375,7.537216509705536,7.57663251701951,7.168435712914005,6.391855177348322,6.133294713918427,6.961764314890858,7.300887212648698,6.777226903217556,6.241926549444986,6.41701996151111,6.382469193240615,6.185666300659666,6.542591350622468
1070018800,-218647396#2,29,39.7,10.807461391517057,9.695991699914549,9.36326691408785,8.4769050241943,9.607627235375146,9.757178016910224,9.474187968217159,11.821005171353518,12.264839844630147,11.808967487879634,13.088494439162307,13.40624979548879,13.476358016383267,12.750309041338978,11.369025561860592,10.909130830759926,12.382708033206411,12.985897058340203,12.054476167461333,11.102351434272668,11.41378550501752,11.35233095751131,11.002282801800572,11.63713604927025
1070018800,-218647396#1,30,33.85,9.214926148686457,8.267237255468702,7.983541184933846,7.227789296447785,8.191893751069236,8.319407452705569,8.078117448971053,10.07911901889966,10.457552361227467,10.068855150244978,11.159837198127056,11.430769661896614,11.490547074422508,10.87148516497039,9.693740938765265,9.301614071063563,10.558052063577756,11.072358071154053,10.27818685815028,9.46636262091007,9.73190527316985,9.679506370573245,9.381039618159933,9.92234396140549
1070018800,-218647396#0,31,60.35,16.428974684585754,14.739372773043904,14.233580812725483,12.886176781111487,14.6050454321131,14.832385222179646,14.402197578889307,17.969714410357298,18.644410192025926,17.951415312179748,19.896489657517513,20.37952582261331,20.48610091407381,19.382396741682804,17.28263709466717,16.583527597893237,18.823587652493874,19.74052613276653,18.324625609730262,16.877252117338926,17.35067897299263,17.257258772942254,16.72513267225855,17.69020555600654
1070018900,183521095#0,0,1528.13,31.113956466069144,29.963008631319358,33.9030345308685,39.02047370533922,31.104,33.39058742700104,32.551908908238445,36.93009118541033,42.57555847568989,50.67778936392075,39.40008107012566,39.75460122699387,52.34248788368336,38.78691141260974,49.390243902439025,53.46534653465347,60.26038437693739,64.6276595744681,49.415353329944075,47.71723122238586,42.989827509951354,49.948612538540594,45.61238854997654,38.84892086330936
1070019000,183521097#1,0,1445.99,17.922804400522097,17.300215982721383,17.669117647058822,18.3015993907083,17.56257993787685,18.9922940130409,25.887422569350928,31.076624636275465,29.06561838524342,44.93688639551193,89.66417910447761,79.11111111111111,71.83856502242152,36.08108108108108,35.131578947368425,33.97667020148463,32.29838709677419,25.05082095387021,22.696576151121604,23.622511673629884,23.022754491017967,23.75679683638161,21.790977102697802,18.70766835344492
1070019100,665756924#1,0,72.26,12.01096763818732,11.643707215141974,11.098804660738775,13.45108863361177,12.97968706363882,13.424373462542036,12.973458806890433,13.3448608852713,13.936437192556529,15.423096493759074,17.590558330227495,16.617509621118415,14.481354126170142,14.088946406232235,12.917672314170884,15.556207222991754,15.223360446824133,17.443024615199782,14.528043070155649,15.206236306838955,15.292244430746416,14.155334111811339,12.789351066016868,12.628065461728006
1070019100,-736707764,1,0.2,0.03324375211233689,0.03222725495472453,0.030719082924823626,0.03722969452978624,0.03592495727550186,0.037155752733302065,0.035907718812317836,0.036935679173183786,0.03857303402312906,0.04268778437243032,0.04868684840915443,0.045993660728254684,0.040081245851564196,0.03899514643297048,0.03575331390581479,0.04305620598669181,0.042134958336075654,0.048278507099916365,0.040210470717286596,0.04208756243243552,0.042325614256148406,0.039178893196267196,0.035398148535889476,0.03495174498125659
1070019100,-168369487,2,23.56,3.9161139988332856,3.79637063366655,3.6187079685442227,4.385658015608819,4.231959967054118,4.3769476719829825,4.22992927609104,4.35102300660105,4.543903407924602,5.028620999072292,5.735310742598392,5.4180532337884015,4.721570761314261,4.593628249803922,4.211740378104983,5.072021065232295,4.963498091989711,5.687208136370147,4.736793450496361,4.957914854540904,4.985957359374281,4.615273618520275,4.1699018975277795,4.117315558792026
1070019100,1479671378,3,25.82,4.291768397702693,4.1605386146549375,3.96583360559473,4.806353563795404,4.63791198426729,4.796807677869297,4.635686498670231,4.7683961812580264,4.979778692385961,5.5109929624807545,6.285472129621836,5.93778160001768,5.174488839436937,5.0342734044964885,4.61575282524069,5.5585561928819125,5.439623121187367,6.232755266599202,5.1911717696016995,5.433504310027426,5.4642368004687585,5.057995111638095,4.569900975983331,4.512270277080225
1070019100,1479671380,4,15.53,2.58137735152296,2.50244634723436,2.3853367891125545,2.8908857802379018,2.7895729324427188,2.885144199740905,2.7882343657764794,2.8680554877977205,2.995196091895971,3.3147064565192146,3.7805337789708413,3.5714077555489756,3.112308740373959,3.0279731205201577,2.7762448247865184,3.343314394866619,3.271779514796274,3.748826076308506,3.1223430511973036,3.2680992228786176,3.286583946989923,3.042241056690148,2.7486662338118175,2.714002997794574
1070019100,-518958916,5,198.06,32.921287716847225,31.914650581663707,30.421107820452836,36.868566492847314,35.576485189929485,36.79534193178903,35.55941393983834,36.577403085203905,38.1988755931047,42.273712864017746,48.21458597958563,45.54752221919061,39.69245776680402,38.61689351257067,35.40650676092839,42.6385607886209,41.726249240215715,47.81020558104718,39.820429151328916,41.6793130768409,41.91505579786376,38.79885793226341,35.05478649509135,34.6127130549384
1070019100,518807040#0,6,60.2,10.006369385813406,9.700403741372085,9.246443960371911,11.20613805346566,10.813412139926058,11.183881572723921,10.808223362507668,11.11763943112832,11.610483240961846,12.849023096101526,14.654741371155485,13.844091879204658,12.064455001320821,11.737539076324115,10.761747485650252,12.959918001994236,12.682622459158772,14.531830637074826,12.103351685903267,12.668356292163093,12.74000989110067,11.792846852076426,10.654842709302732,10.520475239358234
1070019100,518807040#1,7,134.96,22.432883925404937,21.746951643448117,20.729237157670983,25.122597868699756,24.242161169508652,25.072701944432232,24.230528654552074,24.92419630606442,26.029083358807487,28.805716894515978,32.85388530649741,31.03652225942626,27.046824700635515,26.31392481296848,24.126336223643822,29.054327799819635,28.43266988518385,32.578336591023564,27.134025640024998,28.40068712940749,28.561324500048944,26.437917128841107,23.886670632018216,23.58543751335195
1070019100,518807040#2,8,46.14,7.669333612316121,7.434827718054949,7.086892430756811,8.588890528021686,8.287887643458278,8.571832155572785,8.283910730001724,8.5210611852535,8.898798949135873,9.848071854719675,11.232055927991926,10.610737530008356,9.246743417955859,8.996180282086291,8.248289518071472,9.933066721129801,9.720534888132653,11.137851587950706,9.276555594478017,9.709600653162875,9.764519208893436,9.038570660378841,8.166352867229701,8.063367567175895
1070019100,518807040#3,9,7.17,1.1917885132272776,1.1553470901268745,1.1012791228549268,1.3346845488928367,1.2879097183267414,1.332033735488879,1.287291719421594,1.3241440983586386,1.3828432697291766,1.5303570697516269,1.745423515468186,1.6488727371079304,1.436912663778576,1.3979759996219918,1.2817563035234603,1.5435649846229014,1.510538256348312,1.7307844795320018,1.4415453752147243,1.5088391132028136,1.5173732710829202,1.404563321086179,1.2690236250116376,1.2530200575780488
1070019100,-518807040#3,10,7.17,1.1917885132272776,1.1553470901268745,1.1012791228549268,1.3346845488928367,1.2879097183267414,1.332033735488879,1.287291719421594,1.3241440983586386,1.3828432697291766,1.5303570697516269,1.745423515468186,1.6488727371079304,1.436912663778576,1.3979759996219918,1.2817563035234603,1.5435649846229014,1.510538256348312,1.7307844795320018,1.4415453752147243,1.5088391132028136,1.5173732710829202,1.404563321086179,1.2690236250116376,1.2530200575780488
1070019100,518807040#3,11,7.17,1.1917885132272776,1.1553470901268745,1.1012791228549268,1.3346845488928367,1.2879097183267414,1.332033735488879,1.287291719421594,1.3241440983586386,1.3828432697291766,1.5303570697516269,1.745423515468186,1.6488727371079304,1.436912663778576,1.3979759996219918,1.2817563035234603,1.5435649846229014,1.510538256348312,1.7307844795320018,1.4415453752147243,1.5088391132028136,1.5173732710829202,1.404563321086179,1.2690236250116376,1.2530200575780488
1070019100,518807040#5,12,6.01,0.9989747509757237,0.9684290113894721,0.92310844189095,1.1187523206200765,1.0795449661288308,1.116530369635727,1.0790269503101508,1.1099171591541728,1.1591196723950281,1.2827679203915312,1.4630397946950904,1.382109504884053,1.2044414378395036,1.1718041503107628,1.0743870828697344,1.2938389899000888,1.2661554979990732,1.4507691383524866,1.208324645054462,1.2647312510946873,1.2718847083972593,1.1773257405478292,1.0637143635034787,1.0502999366867605
1070019100,-518807040#5,13,6.01,0.9989747509757237,0.9684290113894721,0.92310844189095,1.1187523206200765,1.0795449661288308,1.116530369635727,1.0790269503101508,1.1099171591541728,1.1591196723950281,1.2827679203915312,1.4630397946950904,1.382109504884053,1.2044414378395036,1.1718041503107628,1.0743870828697344,1.2938389899000888,1.2661554979990732,1.4507691383524866,1.208324645054462,1.2647312510946873,1.2718847083972593,1.1773257405478292,1.0637143635034787,1.0502999366867605
1070019100,518807040#5,14,6.01,0.9989747509757237,0.9684290113894721,0.92310844189095,1.1187523206200765,1.0795449661288308,1.116530369635727,1.0790269503101508,1.1099171591541728,1.1591196723950281,1.2827679203915312,1.4630397946950904,1.382109504884053,1.2044414378395036,1.1718041503107628,1.0743870828697344,1.2938389899000888,1.2661554979990732,1.4507691383524866,1.208324645054462,1.2647312510946873,1.2718847083972593,1.1773257405478292,1.0637143635034787,1.0502999366867605
1070019100,-518807040#5,15,6.01,0.9989747509757237,0.9684290113894721,0.92310844189095,1.1187523206200765,1.0795449661288308,1.116530369635727,1.0790269503101508,1.1099171591541728,1.1591196723950281,1.2827679203915312,1.4630397946950904,1.382109504884053,1.2044414378395036,1.1718041503107628,1.0743870828697344,1.2938389899000888,1.2661554979990732,1.4507691383524866,1.208324645054462,1.2647312510946873,1.2718847083972593,1.1773257405478292,1.0637143635034787,1.0502999366867605
1070019100,518807040#5,16,6.01,0.9989747509757237,0.9684290113894721,0.92310844189095,1.1187523206200765,1.0795449661288308,1.116530369635727,1.0790269503101508,1.1099171591541728,1.1591196723950281,1.2827679203915312,1.4630397946950904,1.382109504884053,1.2044414378395036,1.1718041503107628,1.0743870828697344,1.2938389899000888,1.2661554979990732,1.4507691383524866,1.208324645054462,1.2647312510946873,1.2718847083972593,1.1773257405478292,1.0637143635034787,1.0502999366867605
1070019200,183521249#3,0,14.48,2.5625421506850294,2.255728503638424,2.1522880171481664,2.0706609948259835,2.0539685261536818,2.1232492105675957,2.161853741668825,2.1865909320107653,2.1785781802240805,2.432085459377428,2.2331335603632474,2.232201923500351,2.5625421506850294,2.4080054053241864,2.4851778962519,2.661984084890717,2.73128535509461,2.4840241460679393,2.6215521855121713,2.7896704956362575,2.5785966316290803,2.4805693141540757,2.492122967224193,2.492122967224193
1070019200,-518807040#5,1,6.01,1.0635965694486897,0.9362519548941247,0.8933184380566631,0.8594387140127182,0.8525104172778747,0.8812657289717712,0.8972887422258035,0.9075560429133078,0.9042303082283648,1.009449835004029,0.9268738050955192,0.9264871243257671,1.0635965694486897,0.9994552821822071,1.03148612959074,1.104870466173564,1.1336343221076384,1.0310072595212925,1.0880889941248721,1.1578673811307947,1.0702600660283683,1.0295733134023477,1.0343687177498202,1.0343687177498202
1070019200,518807040#5,2,6.01,1.0635965694486897,0.9362519548941247,0.8933184380566631,0.8594387140127182,0.8525104172778747,0.8812657289717712,0.8972887422258035,0.9075560429133078,0.9042303082283648,1.009449835004029,0.9268738050955192,0.9264871243257671,1.0635965694486897,0.9994552821822071,1.03148612959074,1.104870466173564,1.1336343221076384,1.0310072595212925,1.0880889941248721,1.1578673811307947,1.0702600660283683,1.0295733134023477,1.0343687177498202,1.0343687177498202
1070019200,-518807040#5,3,6.01,1.0635965694486897,0.9362519548941247,0.8933184380566631,0.8594387140127182,0.8525104172778747,0.8812657289717712,0.8972887422258035,0.9075560429133078,0.9042303082283648,1.009449835004029,0.9268738050955192,0.9264871243257671,1.0635965694486897,0.9994552821822071,1.03148612959074,1.104870466173564,1.1336343221076384,1.0310072595212925,1.0880889941248721,1.1578673811307947,1.0702600660283683,1.0295733134023477,1.0343687177498202,1.0343687177498202
1070019200,518807040#5,4,6.01,1.0635965694486897,0.9362519548941247,0.8933184380566631,0.8594387140127182,0.8525104172778747,0.8812657289717712,0.8972887422258035,0.9075560429133078,0.9042303082283648,1.009449835004029,0.9268738050955192,0.9264871243257671,1.0635965694486897,0.9994552821822071,1.03148612959074,1.104870466173564,1.1336343221076384,1.0310072595212925,1.0880889941248721,1.1578673811307947,1.0702600660283683,1.0295733134023477,1.0343687177498202,1.0343687177498202
1070019200,-518807040#5,5,6.01,1.0635965694486897,0.9362519548941247,0.8933184380566631,0.8594387140127182,0.8525104172778747,0.8812657289717712,0.8972887422258035,0.9075560429133078,0.9042303082283648,1.009449835004029,0.9268738050955192,0.9264871243257671,1.0635965694486897,0.9994552821822071,1.03148612959074,1.104870466173564,1.1336343221076384,1.0310072595212925,1.0880889941248721,1.1578673811307947,1.0702600660283683,1.0295733134023477,1.0343687177498202,1.0343687177498202
1070019200,-518807040#3,6,7.17,1.268883095332297,1.1169594869535566,1.0657393013088643,1.0253203959186672,1.017054857218363,1.0513602789896175,1.0704759204257923,1.0827249297318498,1.078757289517034,1.2042854104790164,1.1057712450141217,1.1053099303520384,1.268883095332297,1.1923617925534817,1.2305749665832957,1.3181233348526546,1.3524389500019582,1.2300036690129228,1.2981028432404882,1.3813492716651907,1.2768327243632946,1.2282929545914865,1.2340139278313162,1.2340139278313162
1070019200,518807040#3,7,7.17,1.268883095332297,1.1169594869535566,1.0657393013088643,1.0253203959186672,1.017054857218363,1.0513602789896175,1.0704759204257923,1.0827249297318498,1.078757289517034,1.2042854104790164,1.1057712450141217,1.1053099303520384,1.268883095332297,1.1923617925534817,1.2305749665832957,1.3181233348526546,1.3524389500019582,1.2300036690129228,1.2981028432404882,1.3813492716651907,1.2768327243632946,1.2282929545914865,1.2340139278313162,1.2340139278313162
1070019200,-518807040#3,8,7.17,1.268883095332297,1.1169594869535566,1.0657393013088643,1.0253203959186672,1.017054857218363,1.0513602789896175,1.0704759204257923,1.0827249297318498,1.078757289517034,1.2042854104790164,1.1057712450141217,1.1053099303520384,1.268883095332297,1.1923617925534817,1.2305749665832957,1.3181233348526546,1.3524389500019582,1.2300036690129228,1.2981028432404882,1.3813492716651907,1.2768327243632946,1.2282929545914865,1.2340139278313162,1.2340139278313162
1070019200,-518807040#2,9,46.13,8.163678826733454,7.186240046466884,6.856702087779345,6.59665688475985,6.543478460736834,6.764191027864862,6.887176319280586,6.965983404258052,6.940456592108897,7.748073359190659,7.114257675383744,7.11128969137232,8.163678826733454,7.671359761574912,7.917213836609127,8.480478303591767,8.70125645238359,7.913538249869754,8.351671430778762,8.88725828478595,8.21482476637082,7.90253193797842,7.939339259533978,7.939339259533978
1070019200,-518807040#1,10,134.85,23.864558633969352,21.00725060190894,20.04392535306839,19.283745521566566,19.128291143081768,19.773491439574602,20.133009465748685,20.3633830926555,20.28876157480782,22.649635648967273,20.796827390537562,20.78815120055403,23.864558633969352,22.42538183066067,23.144077300384577,24.79064598394428,25.43603799271465,23.133332603402042,24.41410995969035,25.97976977462357,24.014071531435185,23.10115828823737,23.20875567197392,23.20875567197392
1070019200,-518807040#0,11,60.14,10.643044540207022,9.368750843150194,8.939129927575326,8.60010719812394,8.530778118983593,8.818522619028673,8.978859393920105,9.081600735575098,9.048321254052224,10.101216818160118,9.274906928193763,9.27103754691375,10.643044540207022,10.001204770455564,10.32172642821749,11.056058208931471,11.343888208245156,10.316934540367809,10.888131798114777,11.586380083395339,10.709723855398682,10.302585535443793,10.35057149508722,10.35057149508722
1070019200,518958916,12,197.91,35.02435891174545,30.830885922312188,29.417080212278567,28.301416953453753,28.073267335019,29.020183098303374,29.5478227909998,29.885926198497963,29.776409367966004,33.24130063987477,30.52206235714712,30.509328914361493,35.02435891174545,32.91217885136116,33.9669583872385,36.38351313817139,37.33071026427999,33.95118914007637,35.8308973090272,38.128707720398594,35.243788630228686,33.903969127364164,34.06188235105939,34.06188235105939
1070019200,-1479671380,13,15.53,2.7483618508382945,2.4192999766232544,2.308358626126452,2.220812517240851,2.202909614030848,2.2772141049803007,2.3186179977981243,2.345148976113755,2.336555189149169,2.6084452475228903,2.3950665878757755,2.394067394472407,2.7483618508382945,2.5826190569533574,2.665387619391713,2.855014698781273,2.929341268274813,2.664150206383639,2.8116509282461335,2.9919601379303224,2.7655805033977634,2.6604448514373478,2.6728363039358913,2.6728363039358913
1070019200,803506245,14,64.59,11.43056612657086,10.061982323895428,9.600572032292824,9.23646365026314,9.162004634272535,9.471040504872997,9.643241241325235,9.753584827249675,9.71784286330617,10.848646396490889,9.961194520984956,9.957038828652463,11.43056612657086,10.741234055931574,11.085472397714794,11.874140334467638,12.18326803077078,11.080325938848631,11.693788374463477,12.44370285311781,11.502179311942148,11.064915193453851,11.116451826865372,11.116451826865372
1070019200,-1479671379#0,15,0.2,0.035394228600621955,0.031156471044729614,0.029727735043482962,0.028600289983784305,0.028369731024222123,0.029326646554801043,0.02985985831034288,0.03020153221009344,0.03009085884287404,0.033592340599135746,0.030844386192862536,0.03083151828039159,0.035394228600621955,0.033259743167461144,0.03432566155044061,0.036767735979153546,0.03772493584384821,0.034309725774419056,0.03620928433027861,0.03853136043696488,0.0356159755749873,0.034262007101575634,0.034421587945085534,0.034421587945085534
1070019200,1479671379#0,16,0.2,0.035394228600621955,0.031156471044729614,0.029727735043482962,0.028600289983784305,0.028369731024222123,0.029326646554801043,0.02985985831034288,0.03020153221009344,0.03009085884287404,0.033592340599135746,0.030844386192862536,0.03083151828039159,0.035394228600621955,0.033259743167461144,0.03432566155044061,0.036767735979153546,0.03772493584384821,0.034309725774419056,0.03620928433027861,0.03853136043696488,0.0356159755749873,0.034262007101575634,0.034421587945085534,0.034421587945085534
1070019200,1479671379#1,17,42.8,7.574364920533097,6.667484803572137,6.361735299305353,6.12046205652984,6.071122439183534,6.2759023627274235,6.390009678413376,6.463127892959995,6.439443792375044,7.188760888215048,6.6006986452725815,6.597944912003799,7.574364920533097,7.117585037836682,7.345691571794289,7.868295499538858,8.073136270583515,7.3422813157256765,7.7487868466796215,8.245711133510484,7.6218187730472815,7.3320695197371855,7.366219820248302,7.366219820248302
1070019301,380291625#8,0,20.4,5.270325376569408,5.853960454070174,5.144315080233646,5.896176515037026,5.519373155390195,5.592360762096221,7.96366698134871,9.573807299982054,9.544005565196121,8.342889218555793,9.390541463458662,10.305921975863036,10.482091582288046,9.050957307215509,9.521775738569108,10.72970004486178,8.528544611458283,7.2525411894009535,7.575075448596054,7.167765722546473,7.51013297689958,7.473520506567344,7.419266274214768,4.490680026099237
1070019301,-218647397#8,1,40.54,10.473479939515874,11.633311608235532,10.2230653604251,11.717205682333384,10.968401358799929,11.113446338008863,15.825836246268466,19.02559548731728,18.966371843776997,16.579447496090776,18.661399555324223,20.48049396575919,20.830587879703796,17.9865592762018,18.92219551184273,21.32264901072042,16.948392085711706,14.412648030309544,15.053605817945297,14.244177568236962,14.92454857272103,14.8517902615804,14.743973272385624,8.92412589500309
1070019301,-218647397#7,2,11.25,2.9064294356081297,3.2282870151122283,2.8369384633641435,3.2515679310865955,3.043771960693123,3.0840224790971806,4.391728114714362,5.279673143372457,5.263238363159625,4.600858024938856,5.178607424701468,5.683412854336233,5.780565210820614,4.99133675030267,5.250979267593259,5.917113995328187,4.703241513671848,3.999563155919644,4.177431313564001,3.9528119793454812,4.141617450496093,4.121426749945227,4.091507136515498,2.4764779555694316
1070019301,-218647397#6,3,13.73,3.5471356578577447,3.939944952665858,3.462325786843528,3.968358017228352,3.7147545795836954,3.763878101155937,5.359860179113618,6.443547756311451,6.423490020105036,5.615091616214267,6.320202661435658,6.9362896435587995,7.054858697294848,6.091649207258282,6.4085284750271505,7.221508902742758,5.740044976241286,4.881244633846819,5.098322838687443,4.824187420125641,5.05461400847212,5.029972380155375,4.993457154165136,3.022403762663849
1070019301,-218647397#5,4,16.05,4.146505994800933,4.605689474893446,4.047365541066179,4.638903581683542,4.342447997255522,4.3998720701786445,6.265532110325824,7.532333684544705,7.508886731441066,6.563890782246102,7.3881465925740955,8.10833567218636,8.246939700770744,7.120973763765143,7.491397088433049,8.441749300001549,6.709957892838503,5.706043435778692,5.959802007351308,5.6393450905328875,5.908707562707759,5.879902163255191,5.837216848095443,3.533108549945723
1070019301,-218647397#4,5,9.63,2.4879035968805594,2.7634136849360678,2.428419324639707,2.7833421490101258,2.6054687983533134,2.639923242107187,3.7593192661954946,4.519400210726824,4.50533203886464,3.938334469347661,4.432887955544457,4.865001403311816,4.948163820462446,4.272584258259086,4.4948382530598305,5.065049580000929,4.025974735703103,3.4236260614672154,3.5758812044107846,3.3836070543197323,3.5452245376246556,3.5279412979531144,3.5023301088572665,2.119865129967434
1070019301,-218647397#2,6,16.67,4.306682550363337,4.783603959281854,4.2037123719360245,4.818101103218982,4.510193651978166,4.569835975693334,6.507565126425638,7.823302337779454,7.7989496456774186,6.817449180064954,7.673545401757642,8.421554869492002,8.565513072389301,7.396051878004046,7.780784390291522,8.76784802685519,6.969158758480864,5.926463805260487,6.190024888632168,5.857188950727927,6.136956702201766,6.1070385708077275,6.062704352507854,3.6695900017193273
1070019301,-218647397#1,7,18.75,4.844049059346883,5.380478358520381,4.728230772273573,5.419279885144325,5.072953267821871,5.140037465161968,7.3195468578572696,8.799455238954094,8.772063938599377,7.6680967082314275,8.631012374502447,9.472354757227055,9.634275351367691,8.318894583837784,8.75163211265543,9.861856658880312,7.838735856119747,6.665938593199406,6.962385522606667,6.588019965575802,6.902695750826821,6.869044583242045,6.819178560859162,4.127463259282386
1070019301,-218647397#0,8,26.04,6.727415333620951,7.472408344313105,6.566566896533536,7.526295904488439,7.045317498351014,7.138484031616941,10.165386676192178,12.220683435859447,12.182642397926813,10.649452708391806,11.986749985708997,13.155206286836934,13.380081607979449,11.553280798033914,12.154266678055864,13.696146527852978,10.886436356979104,9.257655518235335,9.66936101379614,9.149442128191675,9.586463858748289,9.539729117206551,9.470475185321204,5.732220974491378
1070019302,-218779908#0,0,15.04,3.204816005741704,3.4119008189469393,3.0515366431713558,3.6251446201311226,3.2916188468258514,3.637199732882152,4.053099755276299,5.331689023479758,4.131843193587119,4.241720464109102,4.234682211126621,5.600808659631991,4.827430919115342,5.023822465693524,5.339125130904415,6.482900455306461,5.247639093705915,3.998070724656361,4.631763725176606,4.617795800794289,3.971112778898822,3.651075554466825,3.5577627498684623,2.694933276211521
1070019302,-218647397#11,1,24.38,5.195040839094598,5.530727524330211,4.946573361736546,5.876397994600849,5.335749167926481,5.895939460616148,6.570117821385384,8.642724627156682,6.697761772583374,6.875873997006644,6.8644649140470095,9.078970420334304,7.825316875534044,8.143669661809051,8.654778636399577,10.508850605077894,8.506478796845094,6.480915177335245,7.508138272593461,7.485496118574785,6.437216060475619,5.918432315020026,5.767171266076669,4.368515510241814
1070019302,-218647397#10,2,9.49,2.022187758942073,2.1528549715296847,1.9254709271074577,2.2874084072502896,2.07695896651445,2.2950149910273687,2.557441268455591,3.364210693671735,2.6071271214854894,2.676457925824161,2.6720169005047634,3.5340208896215155,3.0460318764896672,3.169951808472842,3.3689027587954055,4.090606736759197,3.311176529206725,2.5227188282572386,2.9225689994631647,2.9137554620703328,2.5057087946642174,2.3037704130246124,2.2448915223571615,1.7004598930350623
1070019302,-218647397#9,3,28.88,6.153928606769975,6.55157550872258,5.859599618004571,6.9610489780177405,6.32060853034113,6.9841973594173234,7.782813891780554,10.237977327001023,7.934018047260372,8.145005784805244,8.131490841578247,10.754744287910365,9.26969447766297,9.646808032528522,10.25225623540688,12.448548214710812,10.076583578871466,7.677146444685885,8.89397183398274,8.867150447269886,7.62538145309827,7.010841889162361,6.831661450545292,5.174845280384889
1070019401,218647397#0,0,25.54,9.484830262036596,8.699218058514372,8.480773882746654,7.155983280373269,7.348315595502754,12.535991088688833,7.197848623426015,9.35095100752359,12.83491188961137,10.240458832258296,9.201096023428663,10.853466764876153,10.943107849973607,11.521372411945453,11.18470893237562,11.630284777757229,10.799029314017842,12.517770171408761,8.814970192353355,11.228456164184129,10.02004174279142,10.964004936892715,9.070274752953374,10.191983287490212
1070019401,218647397#1,1,18.75,6.963217204901572,6.38646588085922,6.226096722846507,5.253511609514439,5.394710940316235,9.203204107788396,5.284246738028105,6.8649307514121904,9.422654578316882,7.517956268787904,6.754915835524176,7.967991458160841,8.033800790407406,8.458329394047663,8.211170418247569,8.538286592911042,7.9280266107217905,9.189827357631726,6.471444444268811,8.243287121317637,7.356138710937321,8.049142230490933,6.658874378147055,7.482368310119087
1070019401,218647397#2,2,16.67,6.190764309637825,5.677993932475904,5.535415059725402,4.670722054965638,4.796257673337155,8.182261998764405,4.6980476332228545,6.103381100055532,8.377368097095596,6.683964320037033,6.005570505503361,7.084075605735532,7.1425844893915444,7.520018719934642,7.300277913183305,7.591106000204112,7.048544192039055,8.17036917609178,5.753545540584591,7.328831803326135,6.540097723270674,7.156224052388472,5.920183247131275,6.652324252249877
1070019401,218647397#4,3,9.63,3.5763083564374476,3.2800888764092955,3.197723276853966,2.6982035626466163,2.770723538946419,4.726765629760121,2.713989124651235,3.525828433925301,4.839475391423551,3.861222339649468,3.469324773125217,4.092360412911409,4.126160085953244,4.34419797678288,4.217257126811951,4.385263994119112,4.071834467266712,4.7198953308796545,3.3237338665764615,4.2337522655087385,3.778112841937408,4.134039449580143,3.4199978806163274,3.8429443640771637
1070019401,218647397#5,4,14.79,5.4925857312263595,5.037644286821752,4.9111450949813245,4.143969957584989,4.255347989721447,7.259487400223487,4.168213826956569,5.415057376713936,7.432589931376356,5.930163904819898,5.32827761106147,6.285151662197272,6.337062063473361,6.671930226024795,6.476971225913681,6.73500046448823,6.253627390537348,7.248935819699905,5.104675377639238,6.502304881295352,5.802522215187358,6.349163391411247,5.252520109482397,5.902092123021936
1070019401,218647397#6,5,13.8,5.124927862807557,4.700438888312386,4.582407188015029,3.8665845446026275,3.97050725207275,6.773558223332261,3.8892055991886854,5.052589033039372,6.9350737696412255,5.533215813827898,4.971618054945793,5.8644417132063795,5.912877381739851,6.22533043401908,6.043421427830211,6.2841789323825274,5.835027585491238,6.763712935216951,4.762983110981845,6.067059321289781,5.414118091249868,5.924168681641326,4.900931542316233,5.507023076247648
1070019401,218647397#7,6,10.76,3.9959582466528487,3.664979886829077,3.5729493726841817,3.0148151956466864,3.0958447849494766,5.281412063989501,3.032453061396395,3.9395549272104087,5.407347374010115,4.314304504115085,3.8764210341461403,4.572564698123235,4.61033048025513,4.853953294930818,4.7121169973516706,4.8998380661185506,4.549630204339545,5.27373559296626,3.7137462517510613,4.730547702686814,4.22144280158323,4.61913442133773,3.821306043139323,4.29388176090034
1070019401,218647397#8,7,38.99,14.479778070352658,13.280442917050719,12.946960598601883,10.924502274931628,11.218121576689601,19.13775616867571,10.98841495017151,14.275394666536602,19.594096107124013,15.633339462402155,14.04662231611134,16.569172637530198,16.70602095029252,17.588814030608976,17.07485517906521,17.755082360405417,16.48606706944227,19.109939662616586,13.457153007042184,17.14164079254265,15.296845244770461,16.73792296356488,13.84690730687753,15.559335488615638
1070019402,380270711#6,0,18.12,5.515362059699308,5.142264038013766,5.426349388344756,4.758763671542407,5.20348146703774,6.683370691608106,4.435235344811467,6.357708265180656,6.20429301960497,5.061869637882689,4.853886099180124,5.219014247536361,7.847261099302875,7.568700315691258,7.159581379707947,6.01227569781527,6.834909198298204,8.19292302214002,5.724851908725215,7.159581379707947,5.406214511208041,6.0040170773512385,5.209683471170084,5.206580622169984
1070019402,218647397#9,1,28.6,8.705262412108178,8.116377013642037,8.564767798380796,7.511072903207111,8.213000549518728,10.548808045253413,7.00042664799161,10.0347933986847,9.792647922776055,7.98948519003559,7.6612109512445645,8.237516969069532,12.385853611482462,11.946182617481787,11.300443016536827,9.489574225028516,10.787991339477298,12.93143479211946,9.035914160570703,11.300443016536827,8.53298758391556,9.476539095598532,8.222789584738655,8.21789215199015
1070019402,218647397#10,2,9.49,2.8885643458358956,2.6931614636175847,2.841945678553628,2.4923105542459956,2.7252229096130325,3.500286305924996,2.3228688422881247,3.329726900472651,3.2493786289211455,2.6510564494209006,2.5421290883675147,2.7333579033730717,4.109851425628272,3.9639605958007746,3.7496924554872195,3.148813265577644,3.5796516717356486,4.290885181021457,2.9982806078257336,3.7496924554872195,2.8314004255719816,3.1444879726304222,2.728471089481462,2.7268460322512773
1070019402,218647397#11,3,24.38,7.4207796366152925,6.918785720020729,7.301015347011322,6.402795712594033,7.001152216687642,8.992305599415321,5.96749656216907,8.554135072025629,8.347718753751058,6.810617095561806,6.530780524172814,7.022051178528502,10.558290596081902,10.183494133363844,9.633034991019853,8.089364321894937,9.196196813162814,11.023369938177357,7.702642910304675,9.633034991019853,7.273924380974172,8.07825255771651,7.009496855801692,7.0053220512419525
1070019500,-37400153#18,0,7.65,1.7993644649362375,1.6551971084991632,1.4654333295723037,1.442752028510596,2.178933935874896,1.5650491906325013,1.7309103820310543,1.8061673551628394,1.920527700263602,2.4405173202583446,2.264129220097493,2.6212963810182224,2.162903295712828,2.0146811404979275,1.9619353816861231,2.053654015864894,2.1952039767516185,1.916675087023354,1.9439725958924554,2.3106711750450835,1.8044618146952633,1.731694664034693,1.9360942874997813,1.9559110151098098
1070019500,37400153#18,1,7.65,1.7993644649362375,1.6551971084991632,1.4654333295723037,1.442752028510596,2.178933935874896,1.5650491906325013,1.7309103820310543,1.8061673551628394,1.920527700263602,2.4405173202583446,2.264129220097493,2.6212963810182224,2.162903295712828,2.0146811404979275,1.9619353816861231,2.053654015864894,2.1952039767516185,1.916675087023354,1.9439725958924554,2.3106711750450835,1.8044618146952633,1.731694664034693,1.9360942874997813,1.9559110151098098
1070019500,1517880569#0,2,0.2,0.04704220823362713,0.043273127019585966,0.03831198247247853,0.03771900728132276,0.05696559309476853,0.040916318709346436,0.04525255900734783,0.04722006157288469,0.05020987451669548,0.06380437438583908,0.059192920786862564,0.06853062434034568,0.05654649139118504,0.05267140236595889,0.05129242827937577,0.05369030106836325,0.05739095364056518,0.05010915260191775,0.05082281296450864,0.06040970392274729,0.04717547227961473,0.045273063112018126,0.05061684411764134,0.051134928499602876
1070019500,-37400153#19,3,0.2,0.04704220823362713,0.043273127019585966,0.03831198247247853,0.03771900728132276,0.05696559309476853,0.040916318709346436,0.04525255900734783,0.04722006157288469,0.05020987451669548,0.06380437438583908,0.059192920786862564,0.06853062434034568,0.05654649139118504,0.05267140236595889,0.05129242827937577,0.05369030106836325,0.05739095364056518,0.05010915260191775,0.05082281296450864,0.06040970392274729,0.04717547227961473,0.045273063112018126,0.05061684411764134,0.051134928499602876
1070019500,-37400153#18,4,7.65,1.7993644649362375,1.6551971084991632,1.4654333295723037,1.442752028510596,2.178933935874896,1.5650491906325013,1.7309103820310543,1.8061673551628394,1.920527700263602,2.4405173202583446,2.264129220097493,2.6212963810182224,2.162903295712828,2.0146811404979275,1.9619353816861231,2.053654015864894,2.1952039767516185,1.916675087023354,1.9439725958924554,2.3106711750450835,1.8044618146952633,1.731694664034693,1.9360942874997813,1.9559110151098098
1070019500,37400153#18,5,7.65,1.7993644649362375,1.6551971084991632,1.4654333295723037,1.442752028510596,2.178933935874896,1.5650491906325013,1.7309103820310543,1.8061673551628394,1.920527700263602,2.4405173202583446,2.264129220097493,2.6212963810182224,2.162903295712828,2.0146811404979275,1.9619353816861231,2.053654015864894,2.1952039767516185,1.916675087023354,1.9439725958924554,2.3106711750450835,1.8044618146952633,1.731694664034693,1.9360942874997813,1.9559110151098098
1070019500,1517880569#0,6,0.2,0.04704220823362713,0.043273127019585966,0.03831198247247853,0.03771900728132276,0.05696559309476853,0.040916318709346436,0.04525255900734783,0.04722006157288469,0.05020987451669548,0.06380437438583908,0.059192920786862564,0.06853062434034568,0.05654649139118504,0.05267140236595889,0.05129242827937577,0.05369030106836325,0.05739095364056518,0.05010915260191775,0.05082281296450864,0.06040970392274729,0.04717547227961473,0.045273063112018126,0.05061684411764134,0.051134928499602876
1070019500,-1517880569#0,7,0.2,0.04704220823362713,0.043273127019585966,0.03831198247247853,0.03771900728132276,0.05696559309476853,0.040916318709346436,0.04525255900734783,0.04722006157288469,0.05020987451669548,0.06380437438583908,0.059192920786862564,0.06853062434034568,0.05654649139118504,0.05267140236595889,0.05129242827937577,0.05369030106836325,0.05739095364056518,0.05010915260191775,0.05082281296450864,0.06040970392274729,0.04717547227961473,0.045273063112018126,0.05061684411764134,0.051134928499602876
1070019500,-37400153#18,8,7.65,1.7993644649362375,1.6551971084991632,1.4654333295723037,1.442752028510596,2.178933935874896,1.5650491906325013,1.7309103820310543,1.8061673551628394,1.920527700263602,2.4405173202583446,2.264129220097493,2.6212963810182224,2.162903295712828,2.0146811404979275,1.9619353816861231,2.053654015864894,2.1952039767516185,1.916675087023354,1.9439725958924554,2.3106711750450835,1.8044618146952633,1.731694664034693,1.9360942874997813,1.9559110151098098
1070019500,-37400153#17,9,7.86,1.848758783581546,1.7006338918697284,1.505660911168406,1.4823569861559847,2.238747808624403,1.6080113252773152,1.7784255689887696,1.8557484198143683,1.9732480685061322,2.5075119133634756,2.326281786923699,2.693253536575585,2.2222771116735722,2.069986112982184,2.0157924313794675,2.1100288319866753,2.2554644780742117,1.9692896972553675,1.9973365495051896,2.3741013641639683,1.853996060588859,1.7792313803023123,1.989241973823305,2.009602690034393
1070019500,37400153#17,10,8.07,1.8981531022268543,1.7460706752402937,1.5458884927645085,1.5219619438013736,2.29856168137391,1.6509734599221286,1.8259407559464849,1.9053294844658972,2.0259684367486623,2.5745065064686066,2.388434353749904,2.765210692132948,2.2816509276343164,2.1252910854664413,2.0696494810728123,2.166403648108457,2.3157249793968053,2.021904307487381,2.0507005031179237,2.4375315532828528,1.9035303064824545,1.8267680965699313,2.0423896601468283,2.063294364958976
1070019500,-37400153#17,11,7.86,1.848758783581546,1.7006338918697284,1.505660911168406,1.4823569861559847,2.238747808624403,1.6080113252773152,1.7784255689887696,1.8557484198143683,1.9732480685061322,2.5075119133634756,2.326281786923699,2.693253536575585,2.2222771116735722,2.069986112982184,2.0157924313794675,2.1100288319866753,2.2554644780742117,1.9692896972553675,1.9973365495051896,2.3741013641639683,1.853996060588859,1.7792313803023123,1.989241973823305,2.009602690034393
1070019500,37400153#17,12,8.07,1.8981531022268543,1.7460706752402937,1.5458884927645085,1.5219619438013736,2.29856168137391,1.6509734599221286,1.8259407559464849,1.9053294844658972,2.0259684367486623,2.5745065064686066,2.388434353749904,2.765210692132948,2.2816509276343164,2.1252910854664413,2.0696494810728123,2.166403648108457,2.3157249793968053,2.021904307487381,2.0507005031179237,2.4375315532828528,1.9035303064824545,1.8267680965699313,2.0423896601468283,2.063294364958976
1070019500,-37400153#17,13,7.86,1.848758783581546,1.7006338918697284,1.505660911168406,1.4823569861559847,2.238747808624403,1.6080113252773152,1.7784255689887696,1.8557484198143683,1.9732480685061322,2.5075119133634756,2.326281786923699,2.693253536575585,2.2222771116735722,2.069986112982184,2.0157924313794675,2.1100288319866753,2.2554644780742117,1.9692896972553675,1.9973365495051896,2.3741013641639683,1.853996060588859,1.7792313803023123,1.989241973823305,2.009602690034393
1070019500,-37400153#16,14,12.65,2.975419670776916,2.7370252839888125,2.423232891384267,2.385727210543665,3.603073763244109,2.5879571583661622,2.86222435721475,2.986668894484956,3.1757745631809886,4.035626679904322,3.743952239769057,4.334561989526864,3.5765655804924537,3.3314661996468997,3.2442460886705176,3.3959115425739754,3.629977817765748,3.169403902071298,3.2145429200051714,3.8209137731137655,2.9838486216856315,2.863521241835146,3.201515390440815,3.2342842275998813
1070019500,-37400153#15,15,33.51,7.881921989544224,7.250412432131628,6.419172663263777,6.319819669985629,9.544585123028465,6.855529199750995,7.582066261681128,7.911721316536829,8.412664475272326,10.690422928347337,9.91777387783882,11.482306108224916,9.474364632593053,8.82509346641641,8.59404635820941,8.995809944004261,9.615854282476695,8.395788518451319,8.515362312203422,10.121645892256307,7.904250380449447,7.585501724418636,8.480852231910806,8.56765727010846
1070019500,-37400153#14,16,0.54,0.12701396223079325,0.11683744295288212,0.10344235267569202,0.10184131965957148,0.15380710135587503,0.11047406051523538,0.12218190931983913,0.12749416624678866,0.1355666611950778,0.17227181084176552,0.15982088612452894,0.18503268571893333,0.15267552675619964,0.14221278638808899,0.13848955635431456,0.14496381288458077,0.154955574829526,0.13529471202517793,0.13722159500417333,0.16310620059141767,0.1273737751549598,0.12223727040244893,0.13666547911763163,0.13806430694892777
1070019500,-37400153#13,17,0.16,0.0376337665869017,0.034618501615668776,0.030649585977982823,0.03017520582505821,0.04557247447581482,0.03273305496747715,0.03620204720587826,0.03777604925830775,0.04016789961335638,0.05104349950867126,0.047354336629490054,0.05482449947227654,0.04523719311294803,0.0421371218927671,0.041033942623500616,0.0429522408546906,0.045912762912452144,0.040087322081534205,0.04065825037160691,0.04832776313819783,0.03774037782369179,0.0362184504896145,0.040493475294113075,0.040907942799682295
1070019500,-37400153#12,18,51.54,12.12277706180571,11.151484832947304,9.872997883157716,9.720188176396876,14.680033340521849,10.544135331398577,11.661584456193534,12.168609867332384,12.939084662952425,16.44238727923073,15.254015686774482,17.66034189250708,14.572030831508386,13.573420389707604,13.218058767595135,13.835990585317207,14.789648753173648,12.913128625514203,13.097038900953875,15.567580700891973,12.157119206456715,11.666868363967069,13.043960729116174,13.17747107434766
1070019500,-37400153#11,19,23.57,5.543924240332957,5.099738019258206,4.515067134381595,4.445185008103888,6.713395146218471,4.8219881598964776,5.333014079015942,5.5648842563644605,5.917233711792562,7.519345521371135,6.975885714731753,8.076334078509738,6.6640040104511575,6.207324768828254,6.044812672724434,6.327401980906608,6.763523886540606,5.905363634136007,5.989468507867342,7.119283607295767,5.559629408152595,5.335430487751336,5.965195079264032,6.026251323678198
1070019500,-37400153#10,20,38.97,9.166174274322245,8.431768799766326,7.46508978476244,7.349548568765741,11.099745814515646,7.972544700516153,8.817461122581722,9.200828997476581,9.783394049578112,12.432282349080744,11.53374061532017,13.353192152716355,11.018083847572406,10.263022751007089,9.994329650236367,10.461555163170578,11.182627316864124,9.763768384483674,9.902825106134507,11.770830809347308,9.19214077368293,8.821456347376731,9.862692076322414,9.963640818147619
1070019500,-37400153#9,21,31.01,7.293894386623885,6.7094983443868035,5.940272882357795,5.848332078969095,8.83251520934386,6.344075215884165,7.0164092740892805,7.321470546875771,7.785041043813633,9.89286824852435,9.17786236800304,10.625673303970597,8.76753349020324,8.166700936841925,7.952891004717213,8.324681180649723,8.898467361969633,7.769424110927347,7.880077150147065,9.366524593221968,7.314556976954264,7.01958843551841,7.848141680440291,7.928470663863425
1070019500,-37400153#8,22,0.2,0.04704220823362713,0.043273127019585966,0.03831198247247853,0.03771900728132276,0.05696559309476853,0.040916318709346436,0.04525255900734783,0.04722006157288469,0.05020987451669548,0.06380437438583908,0.059192920786862564,0.06853062434034568,0.05654649139118504,0.05267140236595889,0.05129242827937577,0.05369030106836325,0.05739095364056518,0.05010915260191775,0.05082281296450864,0.06040970392274729,0.04717547227961473,0.045273063112018126,0.05061684411764134,0.051134928499602876
1070019500,-37400153#6,23,7.1,1.6699983922937627,1.5361960091953017,1.3600753777729877,1.3390247584869581,2.0222785548642825,1.4525293141817983,1.6064658447608477,1.6763121858374064,1.782450545342689,2.265055290697287,2.101348687933621,2.432837164082271,2.0074004443870685,1.8698347839915404,1.8208812039178395,1.9060056879268952,2.037378854240064,1.7788749173680802,1.8042098602400565,2.144544489257528,1.6747292659263229,1.6071937404766432,1.7968979661762676,1.815289961735902
1070019500,37400153#6,24,7.56,1.7781954712311052,1.6357242013403495,1.4481929374596882,1.4257784752340004,2.1532994189822503,1.5466368472132952,1.7105467304777477,1.784918327455041,1.897933256731089,2.4118053517847167,2.237492405743405,2.5904576000650663,2.1374573745867944,1.9909790094332458,1.9388537889604038,2.0294933803841304,2.169378047613364,1.8941259683524907,1.9211023300584262,2.283486808279847,1.7832328521694367,1.7113217856342848,1.9133167076468427,1.9329002972849882
1070019500,-37400153#6,25,7.1,1.6699983922937627,1.5361960091953017,1.3600753777729877,1.3390247584869581,2.0222785548642825,1.4525293141817983,1.6064658447608477,1.6763121858374064,1.782450545342689,2.265055290697287,2.101348687933621,2.432837164082271,2.0074004443870685,1.8698347839915404,1.8208812039178395,1.9060056879268952,2.037378854240064,1.7788749173680802,1.8042098602400565,2.144544489257528,1.6747292659263229,1.6071937404766432,1.7968979661762676,1.815289961735902
1070019500,37400153#6,26,7.56,1.7781954712311052,1.6357242013403495,1.4481929374596882,1.4257784752340004,2.1532994189822503,1.5466368472132952,1.7105467304777477,1.784918327455041,1.897933256731089,2.4118053517847167,2.237492405743405,2.5904576000650663,2.1374573745867944,1.9909790094332458,1.9388537889604038,2.0294933803841304,2.169378047613364,1.8941259683524907,1.9211023300584262,2.283486808279847,1.7832328521694367,1.7113217856342848,1.9133167076468427,1.9329002972849882
1070019500,-37400153#6,27,7.1,1.6699983922937627,1.5361960091953017,1.3600753777729877,1.3390247584869581,2.0222785548642825,1.4525293141817983,1.6064658447608477,1.6763121858374064,1.782450545342689,2.265055290697287,2.101348687933621,2.432837164082271,2.0074004443870685,1.8698347839915404,1.8208812039178395,1.9060056879268952,2.037378854240064,1.7788749173680802,1.8042098602400565,2.144544489257528,1.6747292659263229,1.6071937404766432,1.7968979661762676,1.815289961735902
1070019500,-37400153#5,28,20.53,4.828882675181824,4.4419864885605,3.9327250007999206,3.8718560974277816,5.847518131177989,4.200060115514412,4.645175182104254,4.8471393204566136,5.154043619138791,6.5495190307063815,6.076153318771442,7.0346685885364835,5.804497341305145,5.40671945286568,5.2651677628779225,5.511309404667487,5.891181391204016,5.143704514586857,5.216961750806812,6.201056107670008,4.842562229502452,4.64727992844866,5.195819048675884,5.249000410484235
1070019600,37402533#0,0,76.07,11.546150991112116,15.440031503931051,10.332011521920403,10.716169174116452,15.811108541120618,17.432293633470543,17.853959733159208,19.189893308627052,15.835929747621593,20.16153347615247,21.103529810114964,18.866871413781084,21.97709640356199,20.29675502864176,17.26324115670557,16.56401847165017,17.078138683806355,19.349400094440448,14.922318416028034,17.666352450499044,21.162560662730673,13.510027565939671,15.90250223210975,12.428115707476328
1070019600,37400153#5,1,20.43,3.1009315728726246,4.146704924744464,2.774852049333954,2.8780246644827017,4.246364499738323,4.6817636247114915,4.795009824483274,5.153799399175111,4.253030692045605,5.414751267487776,5.667741738144456,5.067045918016927,5.902354141248475,5.451067506706337,4.636361467483828,4.448572333059195,4.586648788092071,5.196637885229636,4.00766353673528,4.744624432282049,5.683595561188216,3.628366809151407,4.270909959274382,3.33779944661156
1070019600,37400153#6,2,7.56,1.1474812868779756,1.5344634963812114,1.0268174984319476,1.0649959110861098,1.5713419294185864,1.7324587862368517,1.7743648689717844,1.9071328173159,1.57380871423714,2.003696504268604,2.0973141233662305,1.8750302075481138,2.1841310478628717,2.017135112613799,1.7156579879675837,1.6461677355813762,1.6972621066067575,1.92298494431405,1.4830120576465355,1.7557200542365292,2.103180736298723,1.34265555933356,1.5804248307447053,1.2351328348694761
1070019600,-37400153#6,3,7.1,1.077660996935665,1.4410966698818253,0.9643391850352947,1.0001945725808703,1.475731177099466,1.627044627285932,1.6664008690078926,1.7910903443046151,1.478047866545462,1.8817784630035832,1.9696997719444758,1.7609410679353978,2.0512341851622207,1.8943993782484092,1.6112660998108261,1.5460040902946786,1.5939895445645476,1.805977923892825,1.392775874244762,1.6488905271268992,1.9752094216562084,1.2609595861465976,1.484261415117382,1.1599792496790053
1070019600,37400153#6,4,7.56,1.1474812868779756,1.5344634963812114,1.0268174984319476,1.0649959110861098,1.5713419294185864,1.7324587862368517,1.7743648689717844,1.9071328173159,1.57380871423714,2.003696504268604,2.0973141233662305,1.8750302075481138,2.1841310478628717,2.017135112613799,1.7156579879675837,1.6461677355813762,1.6972621066067575,1.92298494431405,1.4830120576465355,1.7557200542365292,2.103180736298723,1.34265555933356,1.5804248307447053,1.2351328348694761
1070019600,-37400153#6,5,7.1,1.077660996935665,1.4410966698818253,0.9643391850352947,1.0001945725808703,1.475731177099466,1.627044627285932,1.6664008690078926,1.7910903443046151,1.478047866545462,1.8817784630035832,1.9696997719444758,1.7609410679353978,2.0512341851622207,1.8943993782484092,1.6112660998108261,1.5460040902946786,1.5939895445645476,1.805977923892825,1.392775874244762,1.6488905271268992,1.9752094216562084,1.2609595861465976,1.484261415117382,1.1599792496790053
1070019600,37400153#6,6,7.56,1.1474812868779756,1.5344634963812114,1.0268174984319476,1.0649959110861098,1.5713419294185864,1.7324587862368517,1.7743648689717844,1.9071328173159,1.57380871423714,2.003696504268604,2.0973141233662305,1.8750302075481138,2.1841310478628717,2.017135112613799,1.7156579879675837,1.6461677355813762,1.6972621066067575,1.92298494431405,1.4830120576465355,1.7557200542365292,2.103180736298723,1.34265555933356,1.5804248307447053,1.2351328348694761
1070019600,37400153#8,7,0.2,0.030356647801004645,0.04059427239103734,0.02716448408550126,0.02817449500227804,0.04156989231266102,0.04583224302213893,0.04694086954951811,0.05045324913534128,0.04163515117029471,0.05300784402826995,0.05548450061815425,0.0496039737446591,0.057781244652456924,0.053363362767560825,0.04538777745945989,0.043549410994216296,0.0449011139313957,0.05087261757444578,0.039233123218162316,0.04644762048244786,0.05563970201848475,0.03551998834215768,0.04181018070753189,0.032675471821943816
1070019600,37400153#9,8,31.13,4.7250122302263735,6.318498497664962,4.228151947908271,4.385360147104577,6.470353738465688,7.1337886263959245,7.306346345382493,7.853048227915869,6.480511279656372,8.250670923000216,8.636162521215708,7.7208585133561884,8.99365073015492,8.306007414770843,7.064607561564932,6.778465821249767,6.988858383421741,7.918322925462484,6.106635628906964,7.229572128093009,8.66031961917715,5.528686185456842,6.507754627127339,5.085937189085555
1070019600,37400153#10,9,38.84,5.8952610029551025,7.883407698339452,5.2753428094043455,5.471486929442396,8.07287308711877,8.900621594899382,9.115916866516416,9.798020982083276,8.085546357271234,10.294123310290024,10.775090020045555,9.633091701212798,11.221117711507135,10.363165049460312,8.814306382627112,8.457295615076806,8.719796325477047,9.87946233295737,7.619072528967122,9.020127897691376,10.805230131989738,6.897981736047021,8.119537093402693,6.3455766278214885
1070019600,37400153#11,10,23.9,3.627619412220055,4.851015550728961,3.2461558482174,3.3668521527722253,4.967602131362992,5.476953041145602,5.609433911167413,6.029163271673282,4.975400564850217,6.334437361378258,6.630397823869432,5.927674862486763,6.9048587359686024,6.376921850723519,5.423839406405456,5.204154613808847,5.365683114801786,6.07927780014627,4.688358224570396,5.550490647652519,6.648944391208927,4.244638606887842,4.996316594550061,3.9047188827222854
1070019600,37400153#12,11,51.71,7.848711288949751,10.495649126702705,7.02337736030635,7.284515682838987,10.747895657438507,11.849926433374021,12.136561822027906,13.044687563942487,10.764768335079697,13.705178073509197,14.34551763482378,12.82510741168161,14.939340804892739,13.797097443552852,11.735009862143354,11.259700212554623,11.60918300696236,13.153115273872954,10.143724008055868,12.009032275736896,14.385644956879231,9.183692985864868,10.81002222193237,8.448243239563572
1070019600,37400153#13,12,0.16,0.024285318240803717,0.032475417912829874,0.02173158726840101,0.022539596001822433,0.03325591385012882,0.036665794417711145,0.03755269563961448,0.04036259930827302,0.033308120936235766,0.04240627522261596,0.044387600494523394,0.03968317899572728,0.04622499572196554,0.04269069021404866,0.03631022196756791,0.03483952879537304,0.03592089114511656,0.04069809405955662,0.03138649857452985,0.03715809638595829,0.044511761614787794,0.028415990673726143,0.03344814456602551,0.026140377457555052
1070019600,-380269158#2,13,11.08,1.6817582881756574,2.2489226904634685,1.50491241833677,1.5608670231262034,2.3029720341214204,2.539106263426497,2.600524173043303,2.795110002097907,2.306587374834327,2.936634559166155,3.0738413342457456,2.748060145454114,3.201080953746114,2.95633029732287,2.514482871254078,2.412637369079583,2.487521711799322,2.8183430136242964,2.173515026286192,2.573198174727612,3.082439491824055,1.9678073541555354,2.3162840111972667,1.8102211389356875
1070019600,380269158#2,14,11.08,1.6817582881756574,2.2489226904634685,1.50491241833677,1.5608670231262034,2.3029720341214204,2.539106263426497,2.600524173043303,2.795110002097907,2.306587374834327,2.936634559166155,3.0738413342457456,2.748060145454114,3.201080953746114,2.95633029732287,2.514482871254078,2.412637369079583,2.487521711799322,2.8183430136242964,2.173515026286192,2.573198174727612,3.082439491824055,1.9678073541555354,2.3162840111972667,1.8102211389356875
1070019600,37400153#14,15,0.65,0.09865910535326511,0.13193138527087134,0.0882845732778791,0.09156710875740363,0.13510215001614834,0.14895478982195154,0.15255782603593385,0.16397305968985915,0.13531424130345782,0.17227549309187734,0.18032462700900131,0.1612129146701421,0.187789045120485,0.1734309289945727,0.14751027674324466,0.14153558573120298,0.14592862027703604,0.16533600711694876,0.1275076504590275,0.15095476656795556,0.1808290315600754,0.11543996211201246,0.13588308729947865,0.1061952834213174
1070019600,37400153#15,16,33.51,5.086256339058329,6.801570339118306,4.551409308525736,4.720636637631685,6.965035456986353,7.6791923183593775,7.864942693021758,8.45344189262643,6.975969578582878,8.881464266936629,9.296428078571743,8.31114580091763,9.681247541519157,8.941031431704815,7.604722113332504,7.29670381208094,7.52318163920535,8.52370707459839,6.573509795203095,7.782298811834139,9.322432073197119,5.951374046728518,7.0052957775469675,5.474775303766686
1070019600,37400153#16,17,12.65,1.920057973413544,2.5675877287331113,1.7181536184079547,1.782036808894086,2.6292956887758097,2.898889371150288,2.9690099990070205,3.1911680078103357,2.6334233115211405,3.3527461347880743,3.509394664098256,3.1374513393496883,3.6546637242679005,3.375232695048222,2.870776924310838,2.754500245384181,2.839995456160778,3.217693061583695,2.4814950435487666,2.937811995514828,3.5192111526691603,2.246639262641473,2.644493929751392,2.0667235927379464
1070019600,37400153#17,18,8.07,1.2248907387705377,1.6379788909783566,1.0960869328499758,1.1368408733419189,1.6773451548158722,1.849331005943306,1.8940640863230556,2.0357886026110203,1.6799783497213916,2.138866506540692,2.238799599942524,2.001520340596995,2.331473221726637,2.1532116876710794,1.8313968204892066,1.7572187336166278,1.8117599471318167,2.052710119128887,1.5830565218528494,1.8741614864667713,2.2450619764458595,1.4332315296060623,1.6870407915489116,1.3184552880154328
1070019600,-37400153#17,19,7.86,1.1930162585794826,1.5953549049677676,1.0675642245601995,1.107257653589527,1.6336967678875782,1.8012071507700602,1.8447761732960615,1.982812691018912,1.6362614409925822,2.083208270311009,2.180540874293462,1.9494361681651025,2.270802914841557,2.0971801567651407,1.7837396541567736,1.7114918520727005,1.7646137775038513,1.999293870675719,1.541861742473779,1.825391484960201,2.1866402893264505,1.395935541846797,1.6431401018060032,1.284146042602392
1070019600,37400153#17,20,8.07,1.2248907387705377,1.6379788909783566,1.0960869328499758,1.1368408733419189,1.6773451548158722,1.849331005943306,1.8940640863230556,2.0357886026110203,1.6799783497213916,2.138866506540692,2.238799599942524,2.001520340596995,2.331473221726637,2.1532116876710794,1.8313968204892066,1.7572187336166278,1.8117599471318167,2.052710119128887,1.5830565218528494,1.8741614864667713,2.2450619764458595,1.4332315296060623,1.6870407915489116,1.3184552880154328
1070019600,37400153#18,21,7.65,1.161141778388428,1.552730918957178,1.0390415162704232,1.0776744338371351,1.590048380959284,1.7530832955968143,1.7954882602690676,1.9298367794268039,1.5925445322637728,2.0275500340813255,2.1222821486443997,1.8973519957332106,2.210132607956478,2.0411486258592015,1.7360824878243408,1.6657649705287736,1.717467607875886,1.945877622222551,1.5006669630947087,1.776621483453631,2.1282186022070415,1.3586395540875311,1.5992394120630948,1.249836797189351
1070019600,1517880569#0,22,0.2,0.030356647801004645,0.04059427239103734,0.02716448408550126,0.02817449500227804,0.04156989231266102,0.04583224302213893,0.04694086954951811,0.05045324913534128,0.04163515117029471,0.05300784402826995,0.05548450061815425,0.0496039737446591,0.057781244652456924,0.053363362767560825,0.04538777745945989,0.043549410994216296,0.0449011139313957,0.05087261757444578,0.039233123218162316,0.04644762048244786,0.05563970201848475,0.03551998834215768,0.04181018070753189,0.032675471821943816
1070019600,-1517880569#0,23,0.2,0.030356647801004645,0.04059427239103734,0.02716448408550126,0.02817449500227804,0.04156989231266102,0.04583224302213893,0.04694086954951811,0.05045324913534128,0.04163515117029471,0.05300784402826995,0.05548450061815425,0.0496039737446591,0.057781244652456924,0.053363362767560825,0.04538777745945989,0.043549410994216296,0.0449011139313957,0.05087261757444578,0.039233123218162316,0.04644762048244786,0.05563970201848475,0.03551998834215768,0.04181018070753189,0.032675471821943816
1070019600,-37400153#18,24,7.65,1.161141778388428,1.552730918957178,1.0390415162704232,1.0776744338371351,1.590048380959284,1.7530832955968143,1.7954882602690676,1.9298367794268039,1.5925445322637728,2.0275500340813255,2.1222821486443997,1.8973519957332106,2.210132607956478,2.0411486258592015,1.7360824878243408,1.6657649705287736,1.717467607875886,1.945877622222551,1.5006669630947087,1.776621483453631,2.1282186022070415,1.3586395540875311,1.5992394120630948,1.249836797189351
1070019600,37400153#18,25,7.65,1.161141778388428,1.552730918957178,1.0390415162704232,1.0776744338371351,1.590048380959284,1.7530832955968143,1.7954882602690676,1.9298367794268039,1.5925445322637728,2.0275500340813255,2.1222821486443997,1.8973519957332106,2.210132607956478,2.0411486258592015,1.7360824878243408,1.6657649705287736,1.717467607875886,1.945877622222551,1.5006669630947087,1.776621483453631,2.1282186022070415,1.3586395540875311,1.5992394120630948,1.249836797189351
1070019600,1517880569#0,26,0.2,0.030356647801004645,0.04059427239103734,0.02716448408550126,0.02817449500227804,0.04156989231266102,0.04583224302213893,0.04694086954951811,0.05045324913534128,0.04163515117029471,0.05300784402826995,0.05548450061815425,0.0496039737446591,0.057781244652456924,0.053363362767560825,0.04538777745945989,0.043549410994216296,0.0449011139313957,0.05087261757444578,0.039233123218162316,0.04644762048244786,0.05563970201848475,0.03551998834215768,0.04181018070753189,0.032675471821943816
1070019600,-1517880569#0,27,0.2,0.030356647801004645,0.04059427239103734,0.02716448408550126,0.02817449500227804,0.04156989231266102,0.04583224302213893,0.04694086954951811,0.05045324913534128,0.04163515117029471,0.05300784402826995,0.05548450061815425,0.0496039737446591,0.057781244652456924,0.053363362767560825,0.04538777745945989,0.043549410994216296,0.0449011139313957,0.05087261757444578,0.039233123218162316,0.04644762048244786,0.05563970201848475,0.03551998834215768,0.04181018070753189,0.032675471821943816
1070019600,-37400153#18,28,7.65,1.161141778388428,1.552730918957178,1.0390415162704232,1.0776744338371351,1.590048380959284,1.7530832955968143,1.7954882602690676,1.9298367794268039,1.5925445322637728,2.0275500340813255,2.1222821486443997,1.8973519957332106,2.210132607956478,2.0411486258592015,1.7360824878243408,1.6657649705287736,1.717467607875886,1.945877622222551,1.5006669630947087,1.776621483453631,2.1282186022070415,1.3586395540875311,1.5992394120630948,1.249836797189351
1070019600,37400153#18,29,7.65,1.161141778388428,1.552730918957178,1.0390415162704232,1.0776744338371351,1.590048380959284,1.7530832955968143,1.7954882602690676,1.9298367794268039,1.5925445322637728,2.0275500340813255,2.1222821486443997,1.8973519957332106,2.210132607956478,2.0411486258592015,1.7360824878243408,1.6657649705287736,1.717467607875886,1.945877622222551,1.5006669630947087,1.776621483453631,2.1282186022070415,1.3586395540875311,1.5992394120630948,1.249836797189351
1070019600,1517880569#0,30,0.2,0.030356647801004645,0.04059427239103734,0.02716448408550126,0.02817449500227804,0.04156989231266102,0.04583224302213893,0.04694086954951811,0.05045324913534128,0.04163515117029471,0.05300784402826995,0.05548450061815425,0.0496039737446591,0.057781244652456924,0.053363362767560825,0.04538777745945989,0.043549410994216296,0.0449011139313957,0.05087261757444578,0.039233123218162316,0.04644762048244786,0.05563970201848475,0.03551998834215768,0.04181018070753189,0.032675471821943816
1070019600,-1517880569#0,31,0.2,0.030356647801004645,0.04059427239103734,0.02716448408550126,0.02817449500227804,0.04156989231266102,0.04583224302213893,0.04694086954951811,0.05045324913534128,0.04163515117029471,0.05300784402826995,0.05548450061815425,0.0496039737446591,0.057781244652456924,0.053363362767560825,0.04538777745945989,0.043549410994216296,0.0449011139313957,0.05087261757444578,0.039233123218162316,0.04644762048244786,0.05563970201848475,0.03551998834215768,0.04181018070753189,0.032675471821943816
1070019700,-1479671378,0,27.02,5.999618092072549,5.899674933547363,6.263266904264375,4.428668451442714,7.053262548797419,6.259912181766108,8.3779613214031,5.203586840319379,6.403975914168396,7.2546592447903935,6.236529372122372,8.161491650389193,7.152543478186857,6.344872987707559,7.378318209190231,8.082473059029962,8.172906324026101,8.543315821167635,9.152119062926644,9.658889292030846,8.695875032259915,9.747502955260487,7.318256758520555,5.52327790328796
1070019700,-803506243,1,0.2,0.04440872014857549,0.04366894843484355,0.04636022875103165,0.03278066951474993,0.05220771686748645,0.04633539734837977,0.06201303716804664,0.03851655692316343,0.04740174621886304,0.053698440005850445,0.04616231955679032,0.060410745006581744,0.052942586811153644,0.04696427081944899,0.05461375432413198,0.05982585535921511,0.060495235559038504,0.06323697869110019,0.06774329432218094,0.07149436929704552,0.06436621045344128,0.07215028094197252,0.05416918400089234,0.04088288603469993
1070019700,937503408#0,2,46.64,10.356113538647804,10.183598775005516,10.81120534474058,7.644452130839682,12.174839573497842,10.805414661642164,14.461440267588477,8.982061074481711,11.05408721823886,12.522476209364322,10.765052920643503,14.087785735534862,12.346211244361031,10.952067955095504,12.73592750838758,13.951389469768964,14.107488932367776,14.746863430764563,15.797736235932595,16.672486920071012,15.010200277742504,16.82544551566799,12.632253709008094,9.533889023292023
1070019700,937503408#1,3,75.28,16.715442263923816,16.436992190875113,17.449990101888314,12.338644005351872,19.6509846289219,17.44064356193015,23.341707190052755,14.497632025878714,17.842017276780048,20.212092818202105,17.37549708117588,22.73860442047737,19.92758967571823,17.6773515364406,20.55661712760328,22.51845195720857,22.77040666442209,23.80239877933011,25.498575982868903,26.91048060340793,24.227441614675296,27.157365746558455,20.389280857935876,15.388318303461054
1070019700,937503408#2,4,60.14,13.35370214867665,13.131252794357454,13.940520785435217,9.857147323085302,15.698860462053176,13.9330539826578,18.647320276431625,11.581928666795243,14.253705088012115,16.147120909759227,13.88100949072685,18.16551102347913,15.9198358541139,14.122156235408312,16.422355925266487,17.989634706515986,18.190917332602876,19.015359492413825,20.370408602679806,21.498356847621583,19.354919483349793,21.695589479251137,16.288673629068327,12.293483830634269
1070019700,937503408#3,5,21.59,4.793921340038724,4.7140629835413606,5.0045866936738665,3.5386732741172544,5.635823035845163,5.001906143757597,6.694307362290634,4.157862319855492,5.117018504326265,5.796746598631556,4.983222396155515,6.5213399234604985,5.715152246264036,5.069793034959519,5.8955547792900465,6.458201086027271,6.530460678598206,6.8264318497042655,7.312888622079432,7.717817165616062,6.948332418448985,7.788622827685933,5.847563412896328,4.413307547445857
1070019700,-915037480#1,6,3.68,0.817120450733789,0.8035086512011212,0.8530282090189824,0.6031643190713987,0.9606219903617509,0.8525713112101879,1.1410398838920583,0.7087046473862071,0.87219213042708,0.9880512961076481,0.8493866798449421,1.111557708121104,0.974143597325227,0.8641425830778616,1.0048930795640285,1.1007957386095581,1.1131123342863085,1.1635604079162436,1.2464766155281293,1.3154963950656373,1.1843382723433193,1.3275651693322943,0.9967129856164191,0.7522451030384788
1070019700,915037480#1,7,3.68,0.817120450733789,0.8035086512011212,0.8530282090189824,0.6031643190713987,0.9606219903617509,0.8525713112101879,1.1410398838920583,0.7087046473862071,0.87219213042708,0.9880512961076481,0.8493866798449421,1.111557708121104,0.974143597325227,0.8641425830778616,1.0048930795640285,1.1007957386095581,1.1131123342863085,1.1635604079162436,1.2464766155281293,1.3154963950656373,1.1843382723433193,1.3275651693322943,0.9967129856164191,0.7522451030384788
1070019700,937503408#4,8,34.43,7.644961173577271,7.517609473058317,7.980913379490098,5.643192256964199,8.987558458737793,7.976638653523578,10.675544348479228,6.6306252743225835,8.160210611577272,9.244186447007154,7.946843311701454,10.399709752883046,9.1140663195401,8.084899221568145,9.40175780689932,10.299021000088882,10.414254801488477,10.886245881672897,11.662008117563447,12.307755674486382,11.080643129559915,12.420670864160568,9.325225025753616,7.0379888308735925
1070019700,37402533#0,9,76.07,16.890856708510686,16.609484537192742,17.633113005454884,12.468127649935132,19.85720511054847,17.623668381456245,23.58665868686654,14.649772425725208,18.029254174344555,20.42420165622521,17.5578382434252,22.97722686325336,20.13671289362229,17.862860406177422,20.772341457183597,22.754764085877465,23.00936284488029,24.052184845159957,25.766161995441518,27.192883362131255,24.481688145966384,27.442359356279244,20.603249134739396,15.549805703298118
1070019800,37400153#4,0,239.41,25.754417070629028,25.41582161201763,26.22387020078462,25.531205036587252,30.1766389286102,30.369224253142324,50.499681472368096,30.0301503901218,34.85189284712728,32.119475495145856,37.92894531186445,34.57915584329286,34.04629048082053,47.73310941639731,37.424143861857786,30.50399891698763,34.14023719848284,41.40703467446514,35.593849139039655,36.496819943156886,37.40151741454106,32.10280737086192,31.822072944264875,23.9311836764607
1070019800,-37402533#0,1,76.15,8.191800091593503,8.084101815943958,8.341120737603896,8.120802236899543,9.598392107320775,9.659648414338532,16.062615363271505,9.551797970877471,11.085466940849347,10.216357123576111,12.06419608829405,10.998716500842702,10.829226097967853,15.182641836425612,11.903632075019718,9.702516676532342,10.859108068436859,13.17048448461017,11.321463647875484,11.608674820063477,11.896435199520914,10.211055433319975,10.12176122428374,7.611877686656708
1070019800,-937503408#4,2,34.38,3.69841217529855,3.6497888434951187,3.7658270644625342,3.666358252194436,4.333456607349813,4.361112442350082,7.251906975564994,4.312420410226756,5.004837208488516,4.6124538136381705,5.446711247741949,4.965671349953672,4.889150272464016,6.8546188619345045,5.3742202329504645,4.380466491650452,4.9026413052246784,5.946175398304631,5.111384375757836,5.241053713903905,5.370971006691123,4.6100602205849075,4.569745907956337,3.4365903462542042
1070019800,-937503408#3,3,21.59,2.3225339983913815,2.291999451165201,2.3648692938262394,2.3024047313809732,2.721330080066389,2.7386974296200775,4.5540625829682435,2.708119739871892,3.142944599513295,2.8965351319502064,3.420433270469711,3.1183491694444374,3.0702953572570704,4.304573043314891,3.374910262635268,2.7508514122959062,3.078767474688796,3.73408745926111,3.2098542371323924,3.291284167631917,3.372869809030289,2.895032000070627,2.869715362209927,2.158114763689013
1070019800,-937503408#2,4,61.85,6.653484381681656,6.5660104703366216,6.774764512420236,6.595819019727337,7.795936334048456,7.845689486892162,13.046260803917827,7.758091982912299,9.003757456224978,8.297855391899967,9.798693736848154,8.933297643822996,8.795635379636398,12.331535096295784,9.668281599999599,7.880507635502631,8.819905896688375,10.697235264256586,9.19543698780169,9.428713560353593,9.66243620604555,8.293549291540913,8.221023397530523,6.182464017330497
1070019800,-937503408#1,5,74.63,8.028286813337138,7.922738260326953,8.174626929052906,7.958706118710608,9.406802402749172,9.4668359968757,15.741995857661879,9.361138313415438,10.864194324301861,10.012432463985359,11.823387446741759,10.779175475481164,10.61306820343192,14.879587133978243,11.666028388164431,9.50884858266065,10.642353711719538,12.907593658390766,11.09548039449701,11.376958658192216,11.658975166648007,10.007236598669332,9.919724755985495,7.459940009917138
1070019800,-937503408#0,6,45.55,4.900019621432489,4.835598656812176,4.989337486511588,4.85755143651706,5.741388844234554,5.7780300101525945,9.608038474025173,5.713518024602347,6.630899791932866,6.111031739709675,7.216337909675561,6.579009016590742,6.477626379020823,9.081672168735214,7.120294694906738,5.803672155168065,6.495500623996046,7.878077062035366,6.772063941703588,6.943862613970995,7.115989800895306,6.107860472589952,6.054448112490142,4.553132352294327
1070019800,803506243,7,0.2,0.021514905033732115,0.021232046791710986,0.021907080072498746,0.02132843660380707,0.025209171654158306,0.025370054929319846,0.04218677705389758,0.02508679703447793,0.029114817966774387,0.026832192051414606,0.03168534757266986,0.028886977021254635,0.02844182822841196,0.03987561874307449,0.03126364300727437,0.02548264393048547,0.028520310094384396,0.03459089818676341,0.02973463860243069,0.030488968667271115,0.031244741167487624,0.026818267717189693,0.026583745828716324,0.01999179957099595
1070019800,1479671378,8,25.82,2.777574239854816,2.741057240809888,2.828204037359588,2.753501165551493,3.2545040605518376,3.2752740913751923,5.446312917658177,3.2387054971511002,3.7587229995105726,3.4640359938376255,4.090578371631679,3.729308733443973,3.671840024287983,5.1479423797309165,4.036136312239121,3.289809331425674,3.681972033185026,4.465684955911157,3.838741843573802,3.9361258549447005,4.033696084722653,3.462238362289189,3.4319615864872772,2.5809413246155772
1070020100,-824655022#6,0,30.56,6.04880012314953,4.815361521525088,7.193602272985379,5.952998625378574,6.397714361931678,6.373606158966321,6.302359513500465,7.357893352629417,5.0564894900917405,6.349678965502346,7.52986414885114,8.53701317065331,5.678206410191145,7.018239561973806,6.385637506128124,8.083133736849163,9.971382369554531,8.574883317798163,8.126826351642944,6.53995450724287,8.792180555871019,8.861274312695153,7.736515652078616,7.193602272985379
1070020100,-824655022#5,1,46.47,9.197897307681894,7.322311842449963,10.938700838535032,9.052220095593663,9.728461596824774,9.691802297354872,9.583463566504143,11.188524348713646,7.688974692557696,9.655418243681085,11.450025752523315,12.981511846867127,8.634366880941837,10.67204163759564,9.710097346524016,12.29133588846141,15.162635429096829,13.03909776760735,12.357775541912552,9.944754121452098,13.369523247098371,13.474588262792663,11.76426316597164,10.938700838535032
1070020100,-824655022#4,2,58.85,11.648294739769302,9.273037485004956,13.852863015876622,11.463807889513387,12.320205831141338,12.27378018505131,12.136579102405182,14.169241616565484,9.737382411384129,12.227703112559325,14.500409200258169,16.439896109062413,10.934635053656706,13.515163554390003,12.296949189647911,15.565851453323734,19.202089412574747,16.512823404856736,15.649991190909269,12.594120508875749,16.93127701940476,17.064332241561186,14.898362111414482,13.852863015876622
1070020100,-824655022#1,3,29.85,5.90826844489573,4.703486302929447,7.026473424365628,5.81469270181775,6.24907636464858,6.225528267184054,6.155936893913249,7.186947531936784,4.9390121491897405,6.202156973830007,7.354922933351,8.338672877748737,5.546284729849663,6.8551849124645985,6.237280090246222,7.895338417701163,9.739717399581242,8.37566318835979,7.938015922661711,6.388011846897895,8.587911963113545,8.655400465770628,7.556773305449826,7.026473424365628
1070020100,-824655022#0,4,138.23,27.360132232426686,21.78100206545854,32.538339077053955,26.926799737764405,28.938352625975647,28.829305607130706,28.50704043033931,33.28146590752501,22.871680046314832,28.721077336432888,34.05932988533027,38.61489956084447,25.683850526201635,31.745132678391332,28.88372619345846,36.561897134969236,45.10288563296867,38.7861950595301,36.759529011374475,29.581737942937885,39.769081094177054,40.08160825405272,34.99406278098256,32.538339077053955
1070020100,-518709393,5,56.14,11.111899179110427,8.84602080557652,13.214948678187145,10.935907815077002,11.752869249962187,11.708581471347161,11.577698399473697,13.516758272795009,9.288982983434238,11.664626214767726,13.832675828419603,15.682850765722412,10.431103006156116,12.89280003302387,11.730683560014167,14.84905523516728,18.317847062395007,15.752419812211675,14.929320398600618,12.014170354601266,16.151603940006513,16.27853206527179,14.21230329540882,13.214948678187145
1070020100,-538081780#5,6,132.77,26.27942383346084,20.920665877385016,31.253094691893615,25.863207705874125,27.79530549193943,27.690565763283978,27.381029862809456,31.966868469522506,21.9682627486741,27.586612442727304,32.714007298526376,37.089634773155765,24.66935422385728,30.491219458221934,27.742836769915947,35.11772468067616,43.32134938500508,37.25416420497585,35.30755021949063,28.413277484510335,38.198226845647746,38.498409374886634,33.6118188195837,31.253094691893615
1070020100,-538081780#4,7,1.74,0.34440157769241436,0.2741730709245306,0.4095833754906597,0.33894691126173815,0.36426776798956545,0.36289511507203526,0.35883853250951603,0.4189376450777221,0.28790221573166325,0.3615327683237592,0.4287291760144301,0.48607339387882076,0.32330101942842254,0.3995987185155243,0.3635801459641014,0.4602307821373542,0.5677423207796101,0.4882296129898168,0.4627185160948535,0.37236651971867124,0.5006019033774729,0.5045359065474335,0.4404953283578793,0.4095833754906597
1070020100,-538081780#3,8,93.83,18.571954043034047,14.784861634970518,22.086901219706093,18.27780958832695,19.64324406348329,19.569223360464985,19.35047098009649,22.591332895196928,15.525209713851703,19.495758420585243,23.11934401461723,26.211647441178016,17.434100375269477,21.548475723167613,19.606163848167604,24.81807717698158,30.615667792385523,26.327922176341673,24.9522289455058,20.07997157770283,26.995101490751885,27.20724374215269,23.753837160815987,22.086901219706093
1070020100,-538081780#2,9,142.05,28.11623224782038,22.382922255649177,33.43753936117713,27.67092456593673,29.738066921217115,29.626006377001506,29.294835369526872,34.20120257660369,23.503741232576303,29.514787207120687,35.00056290393667,39.68202620717615,26.393626327475534,32.62241262363806,29.681930881724487,37.57228885207539,46.349308429162996,39.858055474254876,37.77538230532985,30.39923225634325,40.86810366366094,41.189267543139614,35.96112723749239,33.43753936117713
1070020100,-538081780#1,10,9.62,1.9041052743684057,1.5158304266057379,2.264478202425371,1.8739478657114488,2.013940188540011,2.006351153444241,1.9839233808859447,2.316195486004417,1.5917352387003452,1.9988190984336571,2.370330271987826,2.6873712925943996,1.7874458660353016,2.2092756736318067,2.0101385081463534,2.544494324230659,3.1388971987930163,2.6992924580241593,2.5582483476048794,2.0587160458009293,2.76769558074212,2.789445644245006,2.4353822177027578,2.264478202425371
1070020100,-538081780#0,11,126.31,25.000783493292445,19.90275895889509,29.732457562198405,24.60481859854606,26.442909065955178,26.34326550847631,26.048790253607457,30.411502269981078,20.899384407509416,26.244370095962083,31.12228863355326,35.28501746024934,23.469052737933367,29.007651802124066,26.3929932394975,33.409051776878854,41.21352444693825,35.441541618818256,33.58964124594307,27.030813279118025,36.33967035379805,36.62524733103812,31.976416623496398,29.732457562198405
1070020100,-183521076,12,14.12,2.794799009779822,2.224898713479524,3.3237455528322495,2.7505347051814613,2.9560120023061285,2.94487300276847,2.911954068410555,3.3996549129295603,2.336309934558095,2.933817637202,3.479112623749283,3.9444576560741083,2.623569192143291,3.2427206353098863,2.9504319890879946,3.734746346999679,4.607196304257525,3.961955250239203,3.7549341650915693,3.0217329071423205,4.06235567568386,4.094279885315954,3.5745942738007215,3.3237455528322495
1070020200,-183521120#0,0,23.75,4.066079740341575,3.7101512904485623,3.9265649951525763,3.780976498636274,3.7506846257411532,4.221057369789021,4.083814425965587,4.38644803334123,4.477991296645743,4.6519331446636,4.3494003303569295,3.3812803618795826,4.262988403263745,4.705061663903705,5.5254184454319795,4.450898868749009,5.319927676800212,4.785957240838852,5.204335514040025,4.593835852937202,5.350327263524783,4.340235980735444,4.67940935133358,5.244083494035238
1070020200,183521076,1,14.12,2.4173914077314964,2.205782577731945,2.3344462202759737,2.247890027820808,2.2298807122301088,2.5095296867966725,2.427935145037224,2.6078587886643443,2.662283667732122,2.7656966737957904,2.585832954300625,2.0102601561995663,2.534458789645645,2.7972829766029603,3.2850066715578756,2.6461765063888847,3.162837001954484,2.845377525921877,3.0941144192945327,2.731156304988349,3.1809103562513656,2.5803845072835565,2.7820320017191635,3.1177456394011607
1070020200,538081780#0,2,124.21,21.265169033592713,19.403700706804877,20.535521602016903,19.774109090341536,19.61568578371826,22.075685722168178,21.357919572597282,22.940661483002703,23.419423113952327,24.3291206694175,22.74690589615302,17.6837403683816,22.294980613447994,24.60697723256754,28.89735684661499,23.277732567886925,27.822661757278077,25.030052584614474,27.21812691363838,24.025277949192837,27.981648395891085,22.69897731230103,24.472818338069217,27.426004665015448
1070020200,538081780#1,3,9.62,1.6469762990351977,1.5028065437522173,1.5904654843523278,1.5314944807107769,1.5192246778791534,1.7097503956787525,1.6541597801174293,1.7767423191891636,1.813822158893981,1.8842777621753188,1.7617360496014174,1.3695965086855402,1.7267346711325147,1.9057976087054163,2.2380852818970793,1.802848299678546,2.1548507052976014,1.9385645750260947,2.108029795581686,1.8607453012739321,2.1671641378993014,1.7580240056705247,1.8954070719928013,2.124129819478694
1070020200,538081780#2,4,142.78,24.44441538214611,22.304648473694552,23.605682105595154,22.73043471474893,22.54832635213987,25.376108263514794,24.55103257849964,26.370402113703616,26.92074094042439,27.966442711371315,26.14767912287842,20.327545687122814,25.628188809178845,28.285840184091406,33.217652447948545,26.75786696757826,31.982285208148813,28.77216736197774,31.287369460826728,27.617174024521002,32.16504112362394,26.092584982290806,28.13162388140667,31.526325948562164
1070020200,538081780#3,5,94.42,16.16502101402322,14.749999361859084,15.610369130202368,15.031570568473136,14.911142836314935,16.781146814967553,16.235526656828238,17.43867045507701,17.802607925443834,18.494127474489982,17.291384387044264,13.442547021838745,16.94784694889107,18.705344097085803,21.966737247060525,17.694899839464483,21.14979247340952,19.026950849684397,20.690246704659334,18.263157104603398,21.270648430400424,17.25495079162276,18.6033613032807,20.84826793712873
1070020200,538081780#4,6,2.11,0.36123908429981993,0.32961765148827227,0.34884430062197624,0.33590991208936993,0.3332187183290035,0.37500762316862457,0.3628146711068374,0.3897012779094735,0.397834174144106,0.4132875341153766,0.38640988198118403,0.30040006583435447,0.37873286445837906,0.4180075836141817,0.4908898071520621,0.3954272258130699,0.4726335746546715,0.425194516975578,0.46236412356313483,0.4081260484083157,0.47533433793841234,0.38559570186744363,0.41572857816058323,0.46589541778586746
1070020200,538081780#5,7,132.94,22.759774344463537,20.767474212725553,21.97884422970878,21.163916451735,20.99435849035911,23.627257546936942,22.85904378054169,24.553027433784557,25.06543844109832,26.039073357961215,24.34565389126948,18.92662784455881,23.861965403363467,26.336458846288775,30.92838434255694,24.913789288904983,29.778155172792427,26.789269709352297,29.131131083641304,25.713875296398808,29.948316059494093,24.294356685430312,26.19287070173836,29.353619355665035
1070020200,518709393,8,56.14,9.611356489380043,8.770016566138201,9.281573003278554,8.937432447723806,8.86582883743614,9.977690978524446,9.653277552577181,10.368639688074808,10.585028690260716,10.996190599638505,10.281066717736337,7.992634926986096,10.076807114072702,11.121775234170695,13.060925959012687,10.52098789438187,12.575189043181638,11.312995347397607,12.301953505608717,10.858860833006085,12.647047266285531,10.259404124567908,11.061138567741775,12.395909362321612
1070020200,824655022#0,9,137.63,23.562718091082566,21.500131457028864,22.754237485593645,21.91055981083412,21.735020001716,24.460805297013174,23.66548966086921,25.419235487526464,25.949723880309627,26.957707734738996,25.204545998611547,19.59434173496787,24.703793429102703,27.26558470749755,32.01950907978119,25.792724686565315,30.828700890863715,27.734370318174786,30.15885039146647,26.621036986936723,31.004864895954356,25.151439074889225,27.11693090627539,30.389187843539787
1070020200,824655022#1,10,30.85,5.281623578506846,4.819291255172133,5.100401267387663,4.911289472965434,4.871941924383773,5.482931362441739,5.304660001727931,5.697765129624293,5.816675010590365,6.042616316331455,5.649642113326792,4.392105227957269,5.537397568028908,6.111627466586497,7.177227749119013,5.781483372669766,6.91030605596996,6.216706563363309,6.760157920342517,5.967150992131062,6.9497935191469296,5.637738105502671,6.078306462679619,6.811788454357352
1070020200,824655022#4,11,57.69,9.876721693486544,9.012152755620107,9.537833034541142,9.184190913950594,9.110610360379248,10.25317051213173,9.919800178271776,10.654913138671814,10.877276543304966,11.299790446974445,10.564922318243843,8.213307961129816,10.355023199338335,11.428842416446512,13.421532215451405,10.81146761002654,12.92238432314123,11.625342030483932,12.641604875998695,11.15866906761883,12.996226519273462,10.542661630679063,11.366531599091966,12.738154811406018
1070020200,824655022#5,12,46.38,7.940411720296517,7.245339656884393,7.66796145158638,7.383650105547384,7.324494860710514,8.24305856045536,7.975044761106692,8.566040412057529,8.744809951091773,9.084490915768326,8.493692097766502,6.603106660377897,8.324943248142,9.188242525130688,10.790269789437271,8.691902717161224,10.388978764210268,9.346218813899199,10.163245521733742,8.971036078283262,10.44834435714861,8.475795569958311,9.138147609046376,10.240867050667552
1070020200,824655022#6,13,30.56,5.231974604835306,4.7739883552045494,5.0524558421836945,4.865121759929454,4.826144091058932,5.4313900303474725,5.2547944782108775,5.644204290480337,5.761996380020797,5.9858137642492455,5.5965336461350645,4.350818015117476,5.4853442359469495,6.054176187321987,7.109759481785316,5.727135554903988,6.845346939074293,6.158267506527802,6.696610244592133,5.911057838558354,6.884463207297574,5.584741539843165,6.021168411652808,6.747755434851237
1070020400,183521120#0,0,24.42,5.821473920759275,5.406757324661229,5.390416539395915,5.425259536038398,5.937758044020386,5.4584669394724505,5.509047328100768,5.515435863850401,5.362056587666662,6.022977028189526,7.261288844672258,9.455555056183558,10.213623893901923,12.051041030220427,8.285965493484895,6.648850223569892,6.1028368604709105,6.087215264411683,6.0768452213718005,5.940230049867189,5.751081249407895,5.774355556366243,6.503387684494524,5.528257489260359
1070020400,183521120#1,1,76.72,18.289249762516445,16.986339965110954,16.935002330157843,17.04446812468738,18.65457809734824,17.148795397064962,17.307703153640084,17.327773934258914,16.84590423447118,18.922309484140065,22.812697795383112,29.70639573752672,32.08801085750023,37.86060064858768,26.031911247344837,20.888607254393204,19.173204092355782,19.12412592488388,19.09154649400673,18.662344366331318,18.068098012062805,18.141218602965523,20.43160946578296,17.36805546994491
1070020400,415667972#0,2,29.35,6.996734626301586,6.498293508550659,6.478653785064295,6.5205310148536855,7.1364946188369505,6.560442451822949,6.621234196550267,6.628912473546652,6.444568421294697,7.238917927000924,8.727224717081523,11.364477514291048,12.275588095250672,14.483949804953706,9.958766880990238,7.991144719974459,7.334900157855087,7.31612481615409,7.303661230436623,7.139465682375185,6.9121308218723065,6.940103832078183,7.816315665025154,6.644322576158539
1070020400,415667972#1,3,0.2,0.04767791908893756,0.044281386770362245,0.044147555605208146,0.044432920033074516,0.04863028701081397,0.04470488893916831,0.04511914273628802,0.04517146489639968,0.04391528736827732,0.04932823118910341,0.05947001510788091,0.07744107335121668,0.08364966334072009,0.09869812473563003,0.06786212525376653,0.054454137785175195,0.04998228386954063,0.04985434286987456,0.04976941213244717,0.04865053275894504,0.04710140253405319,0.047292019298658824,0.05326279839880855,0.04527647411351646
1070020400,415667971#0,4,4.19,0.9988524049132419,0.927695052839089,0.9248912899291107,0.930869674692911,1.0188045128765526,0.9365674232755761,0.945246040325234,0.9463421895795733,0.92002527036541,1.0334264434117164,1.2458968165101048,1.6223904867079897,1.7524604469880862,2.0677257132114493,1.4217115240664089,1.1408141865994206,1.0471288470668763,1.0444484831238718,1.0426691841747684,1.0192286612998986,0.9867743830884144,0.9907678043069026,1.1158556264550392,0.9485421326781698
1070020400,415667971#1,5,143.8,34.280423824946105,31.838317087890452,31.74209248014466,31.94726950378058,34.965176360775246,32.14281514726201,32.44066362739108,32.47828326051137,31.5750916177914,35.46699822496535,42.75894086256637,55.680131739524796,60.144107941977744,70.96395168491799,48.792868057458136,39.152525067540964,35.93726210219971,35.8452725234398,35.784207323229516,34.979733053681485,33.865908421984244,34.0029618757357,38.295952048743345,32.55378488761833
1070020400,481779209#0,6,3.73,0.8891931910086853,0.8258478632672557,0.8233519120371319,0.8286739586168397,0.9069548527516805,0.833746178715489,0.8414720120317715,0.8424478203178538,0.8190201094183721,0.9199715116767784,1.1091157817619788,1.444276018000191,1.5600662213044296,1.8407200263195003,1.2656286359827458,1.0155696696935175,0.9321695941669327,0.9297834945231604,0.9281995362701397,0.9073324359543249,0.8784411572600921,0.881996159919987,0.9933511901377794,0.8444062422170818
1070020400,481779209#1,7,67.82,16.167582363058724,15.015818253829833,14.970436105726082,15.067203183215566,16.490530325367015,15.15942783927197,15.299901301875263,15.317643746369129,14.89167394658284,16.727203196224963,20.16628212308241,26.260267973397575,28.365600838838176,33.46853409785214,23.012046673552227,18.465398122952905,16.948992460161225,16.905607667174458,16.87680765411283,16.49739565855826,15.972085599297435,16.036723744175205,18.061414937035977,15.353252371893428
1070020400,481779209#2,8,42.1,10.036201968221356,9.32123191516125,9.293060454896315,9.353129666962184,10.236675415776341,9.410379121694929,9.497579545988629,9.508593360692132,9.244167991022376,10.383592665306265,12.51843818020893,16.301345940431112,17.60825413322158,20.77595525685012,14.284977365917854,11.46259600377938,10.521270754538302,10.494339174108593,10.47646125388013,10.24093714575793,9.914845233418196,9.954970062367684,11.2118190629492,9.530697800895213
1070020400,481779209#3,9,63.07,15.035231784696457,13.964135318033732,13.921931660102388,14.011921332430045,15.335561008860186,14.097686726966725,14.228321661888426,14.244821455079638,13.848685871586254,15.555657705483757,18.753869264270243,24.42104248130618,26.37892133449608,31.12445363538093,21.400321198775274,17.172112350554997,15.761913218259636,15.72156702401494,15.694784115967215,15.341945505533317,14.853427289113673,14.91353828583206,16.796423475064273,14.277936111697414
1070020400,481779209#4,10,22.67,5.404292128731072,5.01929519042056,5.004125427850344,5.036471485748995,5.512243032675764,5.067299161254728,5.114254829158247,5.120185546006904,4.977797823194235,5.591355005284871,6.7409262124783,8.777945664360411,9.481689339670622,11.187432438783665,7.692171897514437,6.172376517949608,5.66549187661243,5.650989764300281,5.641362865212887,5.51453788822642,5.33894397723493,5.360550387502978,6.0373381985049495,5.1320883407670905
1070020400,536369056,11,160.24,38.199548774056765,35.47824708041423,35.37102155089277,35.5996555304993,38.962585953064156,35.81755701806165,36.14945716031396,36.19137767499542,35.184928239463794,39.52177882870965,47.64737610443418,62.0457879689948,67.02011026858493,79.0769375381868,54.37113475331775,43.628655193482366,40.04580583627595,39.9432995073435,39.87525300051667,38.97880684646677,37.737643710283415,37.89036586208545,42.674154077125415,36.275511059749384
1070020600,218779908#0,0,15.09,3.026335105590588,3.419942454850092,3.841845531997602,3.112761994833617,3.0481760445574118,3.270961418578791,3.311027090045949,3.963522751192834,3.940411831360806,4.073421513432057,4.039334304114634,3.841845531997602,3.467319800299529,3.5270387738955025,3.903989769372492,3.1578534069083104,3.248945332107588,3.4078700407381666,3.4496203628299047,3.337188291745078,3.9198412359534704,3.7130803795515286,3.395882558182805,2.8683388331000774
1070020600,218779908#1,1,79.88,16.020122480753884,18.10371128518392,20.337085559706328,16.477629433221292,16.135739061580257,17.315069457658968,17.527159970369148,20.98119266834218,20.858853352491796,21.56294966818772,21.38250657473008,20.337085559706328,18.354506669842703,18.670633350481953,20.666050548540397,16.716324065197867,17.198525720924728,18.039805093052664,18.260813424973676,17.665646172604163,20.74996142663772,19.655457966771113,17.97634849222283,15.183757852089741
1070020600,218779908#2,2,21.43,4.297837065129642,4.8568168858474134,5.455980765454514,4.4205758481964486,4.328854382694853,4.6452420941115635,4.702141188845904,5.628780156266562,5.59595928071982,5.784852420997281,5.736443614127012,5.455980765454514,4.924099623619544,5.008909272669358,5.544234642654241,4.4846122273058375,4.613976041555044,4.839672297748105,4.89896384197779,4.739293909350366,5.5667460362149015,5.273115476062907,4.8226483248414524,4.07345932361396
1070020600,218779908#3,3,55.87,11.204860327988477,12.662172627731918,14.224248500510672,11.524851733025457,11.285725355163859,12.110577498740694,12.25891872239014,14.674752558591358,14.589185488278876,15.081647445689134,14.955441190913493,14.224248500510672,12.837584973010914,13.058691603548157,14.454334553667403,11.69180051981228,12.029063996345323,12.617475094502408,12.772053656150216,12.355779314764579,14.513023847098767,13.74750171010894,12.573092016280537,10.619886720033222
1070020600,218779908#4,4,49.46,9.919319703281012,11.209433652543774,12.592291584665434,10.20259829453086,9.990907035375058,10.721123377263552,10.852445319660216,12.991109030748678,12.91535912386385,13.351320613276975,13.239594080948297,12.592291584665434,11.364720829875063,11.56045975857333,12.795979721216929,10.350392942722664,10.648961969916588,11.169864295222643,11.306707961932876,10.938193035766174,12.847935555351798,12.170242251333242,11.130573315289698,9.401460482778651
1070020600,518959786#0,5,41.27,8.276795878576777,9.353281982217583,10.50715474523135,8.513166834114207,8.336529182165965,8.94583020177248,9.055406759853966,10.839932666781197,10.776726062310171,11.14049740618562,11.047271486468585,10.50715474523135,9.48285541142224,9.64618225305947,10.677114498475994,8.636488409748573,8.885617883106704,9.320264849653023,9.434448798806505,9.126955652771331,10.720467051544052,10.154991866407663,9.287479998423086,7.8446881141179725
1070020600,518959786#1,6,146.17,29.3147383952403,33.127434633892506,37.2142187814506,30.151916553003957,29.526301685417952,31.684322766975605,32.072420792048796,38.39285093054052,38.16898591053738,39.457390498234844,39.12720313004877,37.2142187814506,33.586357535439504,34.16482820280355,37.816181881323864,30.588696652603556,31.471062902197882,33.01049462257771,33.41491109574865,32.32583251188721,37.9697278634406,35.966929031083296,32.894377304809844,27.78430001552275
1070020701,-1389983443#1,0,63.92,3.05212708543539,2.84917569193797,2.794038089149099,2.768415397210258,2.4579676306096996,4.79525526202701,3.6794617938545193,4.343641947617664,5.108791183005699,3.8793390992449814,4.187533756562049,5.408329428263363,4.457334589199602,3.960303242640076,3.4375924109251597,3.6774244395943563,3.586084523708104,4.448378123179777,4.287558772051264,3.683543282255911,3.489978212247718,3.9864517034258156,2.8976564301515735,3.450092746964887
1070020701,-1389983443#0,1,12.27,0.5858823425890525,0.546924057260308,0.5363399147975507,0.5314214162041593,0.4718282670147217,0.9204909584648217,0.7063046966613727,0.8337998544629026,0.98067690574906,0.7446728840384217,0.8038335293025083,1.0381758774216434,0.8556241459555556,0.7602146556194264,0.6598757647379804,0.7059136087894673,0.688380117426446,0.8539048743963683,0.8230342010805539,0.7070881738623283,0.6699316749730835,0.7652340801163133,0.5562303566639519,0.6622753129733912
1070020701,-218779910#0,2,0.2,0.00954983443502938,0.008914817559255224,0.008742296899715578,0.00866212577349893,0.007690762298528471,0.015003927603338579,0.011512708992035417,0.013590869673396946,0.015984953638941483,0.01213810731928968,0.01310242101552581,0.016922182191061834,0.013946603846056328,0.012391436929412004,0.010755921185623152,0.011506334291596861,0.011220539811352015,0.013918579859761507,0.013415390400661026,0.01152547960655792,0.010919831702902748,0.01247325313963021,0.009066509481075012,0.010795033626298144
1070020701,-916055955#3,3,0.2,0.00954983443502938,0.008914817559255224,0.008742296899715578,0.00866212577349893,0.007690762298528471,0.015003927603338579,0.011512708992035417,0.013590869673396946,0.015984953638941483,0.01213810731928968,0.01310242101552581,0.016922182191061834,0.013946603846056328,0.012391436929412004,0.010755921185623152,0.011506334291596861,0.011220539811352015,0.013918579859761507,0.013415390400661026,0.01152547960655792,0.010919831702902748,0.01247325313963021,0.009066509481075012,0.010795033626298144
1070020701,-916055955#2,4,26.48,1.26439807919789,1.1803218448453916,1.1574801095223424,1.1468654524112583,1.0182569283251697,1.9865200146820277,1.5242826705454893,1.7994311447577556,2.1164078617958526,1.6070854090739535,1.7347605424556172,2.2404969220965865,1.8465303492178577,1.6406262494541495,1.4240839649765054,1.5234386602074244,1.4855994710230067,1.8428199734324233,1.7761976890475197,1.5259734999082686,1.4457857174643236,1.65145871568704,1.2004058552943315,1.4292624521218742
1070020701,-916055955#1,5,41.94,2.0026002810256607,1.8694372421758205,1.8332596598703566,1.8164477747027254,1.6127528540014202,3.1463236184200998,2.414215075629827,2.8500053705113393,3.352044778086029,2.5453611048550453,2.7475776869557618,3.548581605465666,2.9246028265180115,2.598484324097697,2.255516672625175,2.4128783009478614,2.3529471984405173,2.9187261965919875,2.813207367018617,2.4168930734951957,2.289888708098706,2.6156411833804554,1.90124703818143,2.2637185514347204
1070020701,1517880569#1,6,281.16,13.425157248764302,12.532450524800996,12.289920981620162,12.177216412384796,10.811673639271325,21.092521424773377,16.18456630100339,19.10604458686143,22.47164782562394,17.06375126945743,18.419383463626183,23.789203724194724,19.606135686785986,17.419882035367394,15.12067400274903,16.175604747126865,15.773834866798662,19.566739566852725,18.85935582524927,16.202519230899124,15.351099407940682,17.534899263692154,12.74569902849525,15.175658271849933
1070020702,-218779910#1,0,7.49,2.2011313389254896,2.069388538228045,1.9146122649625172,2.1984049169532454,2.1037284507549425,3.762923469159548,2.280315507006749,3.5807240812782513,3.9617088607594946,2.4525733343439704,3.336175882744837,3.8979038864280815,3.573514569705207,2.9663157152427635,2.7028105121120602,2.717987089770679,2.851921108120385,3.54732625507046,3.039119126062078,2.776087960824171,2.9271779597915115,3.1998417721518986,2.530673340713289,2.5198943250642496
1070020702,1389983443#0,1,12.26,3.6029199219261017,3.387276832934023,3.1339314243578715,3.598457180486888,3.443486088952683,6.159338014939394,3.7325324587320083,5.861105105002852,6.484719710669078,4.014492533919503,5.4608165984581705,6.380280593806179,5.8493042222411,4.855411304255845,4.424093041187431,4.448934809157346,4.668164590861938,5.806437902158055,4.97457950407491,4.544037169519938,4.791348703210137,5.237658227848101,4.14233046156808,4.124686839157237
1070020703,218779911,0,68.03,17.750917615922237,12.20746988603356,10.793158364353564,14.268205439740735,12.957268797815317,14.413223902708172,15.07727083974966,17.223899818958284,18.142018146194864,16.553709164524108,17.76327037696324,19.32310335480407,22.312779310923233,16.227475862489623,13.933307604637651,16.949415359692015,14.118263015318684,12.403216487704654,20.114909008428825,20.43700522954057,14.45403144490157,15.913852575870436,16.510879386608135,13.592023179816922
1070020703,-218779910#3,1,207.07,54.0303176646923,37.157148159649694,32.85226080415541,43.429623701412815,39.439389239506355,43.87103150865473,45.89226036729328,52.42617867869604,55.22075110293356,50.38624954722927,54.067917050680265,58.81574322621311,67.91573147012896,49.393259251002874,42.4102602630063,51.59070172764111,42.97322831959488,37.7529624887403,61.225844603488994,62.206242435410346,43.995241677139035,48.43865137271044,50.25588408915105,41.3714572959678
1070020703,-218779910#2,2,75.1,19.595677097688665,13.476128008836106,11.91483453127962,15.751024967286918,14.30384957689152,15.911114436180856,16.644172277895038,19.013889113681714,20.027422648526155,18.274049070347793,19.609313616197845,21.33125182927804,24.631629079087674,17.913912057518306,15.381322962050383,18.71087892860312,15.585499815528928,13.69221752501278,22.205345678862333,22.56091566571361,15.956162891549432,17.567695552666027,18.226768218936805,15.004570642426145
1070020801,-380269154#0,0,45.04,12.185023678474957,8.173917776347496,9.93536736979768,6.631606826224553,5.64804779590701,9.995875088249552,8.408415417472218,10.303343939049448,11.69033254622918,10.734615366190825,11.648848044645684,11.748909731500191,11.682012024843964,13.564650326368405,10.748675111267694,14.222900255550927,10.942151263270512,11.945579981736367,10.063290554816536,10.200886820948272,12.693910978272056,11.757325855949691,11.791111275075982,11.249641463266462
1070020801,37400153#18,1,7.65,2.069614368124632,1.3883319491353983,1.6875124418062226,1.126371940955103,0.9593154005037439,1.6977896186747132,1.4281611443974793,1.7500129026138604,1.9855915625811111,1.8232639332007061,1.9785454605137542,1.9955408402747885,1.9841783301522273,2.3039426064990742,1.8256519671669154,2.415745713920173,1.8585137025759195,2.028945090148384,1.7092400698123116,1.732610661195699,2.1560483788583755,1.9969703107907446,2.0027087312240512,1.9107406126551607
1070020801,1517880569#0,2,0.2,0.05410756517972894,0.036296260108114986,0.044117972334803204,0.02944763244327066,0.025080141189640366,0.044386656697378124,0.037337546258757626,0.045751971310166284,0.051910890524996374,0.0476670309333518,0.05172667870624194,0.05217100236012519,0.05187394327195366,0.06023379363396272,0.04772946319390629,0.06315675069072348,0.04858859353139659,0.053044316082310694,0.04468601489705389,0.04529701075021436,0.05636727787865034,0.05220837413832012,0.05235839820193599,0.04995400294523296
1070020801,916055955#1,3,41.94,11.346356418189158,7.611325744671713,9.251538798608232,6.175168523353857,5.259305607467583,9.307881909440193,7.829683450461474,9.59418838374187,10.885713743091738,9.99577638672387,10.847084524698934,10.940259194918251,10.877965904128681,12.631026525041982,10.008868431762147,13.243970619844712,10.189028063533865,11.12339308246055,9.370657323912202,9.49878315431995,11.820218171152975,10.948096056805728,10.979556102945976,10.475354417615351
1070020801,916055955#2,4,26.48,7.163841629796112,4.805624838314425,5.8412195371279445,3.8988665354890357,3.3206106935083843,5.876793346732863,4.94349112465951,6.0575610014660155,6.873001905509519,6.311114895575777,6.848612260706433,6.907440712480575,6.868110089206665,7.974954277136664,6.319380926873192,8.36195379145179,6.433129783556909,7.023067449297936,5.916428372369936,5.9973242233283806,7.463027591133305,6.912388735913583,6.932251921936324,6.613909989948843
1070020801,916055955#3,5,0.2,0.05410756517972894,0.036296260108114986,0.044117972334803204,0.02944763244327066,0.025080141189640366,0.044386656697378124,0.037337546258757626,0.045751971310166284,0.051910890524996374,0.0476670309333518,0.05172667870624194,0.05217100236012519,0.05187394327195366,0.06023379363396272,0.04772946319390629,0.06315675069072348,0.04858859353139659,0.053044316082310694,0.04468601489705389,0.04529701075021436,0.05636727787865034,0.05220837413832012,0.05235839820193599,0.04995400294523296
1070020802,218779910#0,0,0.2,0.049970796980824246,0.0356906807666887,0.03927032162225587,0.0309319233311302,0.02817115057479982,0.05651386723105396,0.04553276250902386,0.05742312499591003,0.06614096221909525,0.056479470476805,0.06100971071228837,0.060023137123797296,0.05994558785102753,0.08161457343306122,0.05873149999581684,0.06232086634881841,0.06145415231350372,0.06748783272246589,0.04614409248801125,0.055934761900777945,0.053269672786102534,0.05084699725665239,0.05062507910168611,0.050652712878488326
1070020802,218779910#1,1,7.54,1.883899046177074,1.3455386649041639,1.4804911251590462,1.1661335095836085,1.0620523766699532,2.1305727946107345,1.7165851465901993,2.164851812345808,2.4935142756598903,2.1292760369755483,2.3000660938532715,2.2628722695671577,2.2599486619837377,3.076869418426408,2.214177549842295,2.3494966613504538,2.31682154221909,2.5442912936369644,1.7396322867980238,2.1087405236593284,2.008266664036065,1.916931796575795,1.908565482133566,1.90960727551901
1070020802,-218779910#1,2,7.49,1.8714063469318678,1.3366159947124918,1.4706735447534824,1.158400528750826,1.0550095890262534,2.116444327802971,1.7052019559629434,2.1504960310968304,2.4769790351051166,2.115156169356347,2.284813666175199,2.2478664852862087,2.2449622650209813,3.056465775068143,2.1994946748433404,2.333916444763249,2.301458004140714,2.527419335456348,1.728096263676021,2.094756833184134,1.9949492458395395,1.904220047261632,1.8959092123581447,1.8969440972993878
1070020802,218779910#1,3,7.54,1.883899046177074,1.3455386649041639,1.4804911251590462,1.1661335095836085,1.0620523766699532,2.1305727946107345,1.7165851465901993,2.164851812345808,2.4935142756598903,2.1292760369755483,2.3000660938532715,2.2628722695671577,2.2599486619837377,3.076869418426408,2.214177549842295,2.3494966613504538,2.31682154221909,2.5442912936369644,1.7396322867980238,2.1087405236593284,2.008266664036065,1.916931796575795,1.908565482133566,1.90960727551901
1070020802,-218779910#1,4,7.49,1.8714063469318678,1.3366159947124918,1.4706735447534824,1.158400528750826,1.0550095890262534,2.116444327802971,1.7052019559629434,2.1504960310968304,2.4769790351051166,2.115156169356347,2.284813666175199,2.2478664852862087,2.2449622650209813,3.056465775068143,2.1994946748433404,2.333916444763249,2.301458004140714,2.527419335456348,1.728096263676021,2.094756833184134,1.9949492458395395,1.904220047261632,1.8959092123581447,1.8969440972993878
1070020803,218779910#2,0,75.1,13.163367488484512,15.133973929948542,13.709165652641191,12.077262392743636,10.498240413864194,14.752645452973459,16.08688585455893,17.934773189479543,24.4380779025343,12.84451078058247,21.61829968301111,19.805348546803696,17.220459306320123,19.288805482439564,17.178355493835234,20.146085726103546,22.519062169803238,20.175010472300393,15.142128010729767,18.272945115679093,21.836666346475873,16.08688585455893,14.956779982924134,15.886822830929589
1070020803,218779910#3,1,207.04,36.289528692620955,41.72220988623897,37.794216467680855,33.29529168833079,28.94215306639737,40.67094160564081,44.34925229464555,49.44361439613642,67.37229892064849,35.41048617858581,59.59857212211212,54.60052414287932,47.47435279334912,53.17648850977746,47.358278581140446,55.53988799910091,62.081845960533464,55.61962940326329,41.744689525186295,50.37590621504926,60.20057790112335,44.34925229464555,41.2337114203011,43.79770704281841
1070020803,-218779911,2,68.03,11.924152999222391,13.709244293667105,12.418569099190151,10.940295080936748,9.509924039349947,13.363814516188876,14.572447998477283,16.246373103599115,22.13744926377375,11.635313826937756,19.583128194876778,17.940850354714453,15.59930554738959,17.47293524594359,15.56116543602678,18.24951014576331,20.39909186966331,18.2757118832303,13.716630739946021,16.5527091374121,19.780937570582605,14.572447998477283,13.548731587727415,14.391219136992545
1070020900,-218779911,0,68.03,6.159853733162522,7.575105070775749,6.393772229358567,6.502420264151992,6.646157975254302,7.428058913519512,7.575105070775749,8.418466768655447,9.84232280045454,10.037917450702045,9.473143400587526,9.35385196517272,8.861543967005733,9.409612632625313,8.911573855316282,8.911573855316282,9.130658100493976,8.861543967005733,9.237527544245188,8.105070701529636,8.146903324505272,7.770892401835798,7.977068953242686,6.109192139808016
1070020900,505438085#1,1,594.72,53.849598885586,66.22176227681543,55.89452036225382,56.84432426130344,58.10088300813227,64.93628100908899,66.22176227681543,73.59445181030087,86.04183765818496,87.75173109336352,82.814461902064,81.77161312255652,77.46784401084302,82.25907430361497,77.90520657406586,77.90520657406586,79.82044664891633,77.46784401084302,80.75470205958398,70.85473537577106,71.22043723577504,67.93334013258543,69.73574081835206,53.406713940711796
1070020900,-1479671379#1,2,43.21,3.9124986007636724,4.811410996739969,4.061074496995204,4.130083486902948,4.221380069245015,4.718013018567957,4.811410996739969,5.3470814210436854,6.251459182825821,6.375693268335078,6.0169708413844925,5.941201578937428,5.628506758993352,5.97661857791768,5.660283790801361,5.660283790801361,5.79943754993892,5.628506758993352,5.867316848255689,5.148024474689042,5.174594923590663,4.935767465578786,5.066722761570138,3.880320334574517
1070021000,1479671379#1,0,42.8,6.404240528711333,3.6203785516421574,3.910605874838391,5.25344776909059,5.096628432699824,4.03252367726604,4.2684263123861035,4.742695902651226,5.507646854691746,5.887484568808419,5.787696694760818,6.063105557366623,6.482044513874113,6.172706163971226,5.787696694760818,5.721751088989415,5.99077377176997,5.920147451298339,5.3623446135503805,5.627457234523538,6.3235945368683,5.721751088989415,6.361291076581376,4.948900072331713
1070021000,-1479671379#1,1,43.21,6.465589561813475,3.655059748048076,3.9480672862562356,5.303772852859915,5.145451275162604,4.071152992866018,4.30931544294868,4.788128269942979,5.560407023159589,5.943883369584388,5.843139583659228,6.121186708733922,6.544138865525712,6.2318372276915115,5.843139583659228,5.77656225596338,6.0481620251911306,5.976859144172927,5.41371286802598,5.681365119246777,6.384171026590638,5.77656225596338,6.422228678015919,4.996307759940499
1070021000,-505438085#1,2,594.43,88.94562377294108,50.28181360870672,54.3126507051445,72.9627793780495,70.78478596377936,56.005912370963834,59.282258244665215,65.8691758274058,76.4932364447293,81.7686320616072,80.38272304361385,84.2077531884449,90.0262084201446,85.72994684694896,80.38272304361385,79.46683410813033,83.2031694661968,82.22227218400168,74.47519879983066,78.15722906350061,87.8255677698744,79.46683410813033,88.34911809935204,68.73305303729299
1070021200,1479671379#1,0,42.8,65.00311772224613,67.2783848471862,72.57033960705925,77.35698022954836,89.92309137794801,86.71155240016415,79.8106330049954,81.12053788432709,88.31629714783791,83.721498869124,88.82646831236329,101.46014489051466,101.31159416593118,93.38167181556142,81.45476022993644,84.23106368269141,89.80638392645166,78.05506916563002,77.66085164459146,89.05510787043887,90.45205073899476,90.45205073899476,66.5344411685875,92.81799975228839
1070021200,-1286495051,1,0.2,0.303752886552552,0.3143849759214309,0.3391137364815853,0.3614812160259269,0.4202013615791964,0.40519417009422504,0.3729468832009131,0.3790679340389117,0.4126929773263454,0.3912219573323552,0.41507695473066963,0.4741128265911901,0.4734186643267813,0.4363629524091655,0.3806297207006376,0.3936031013209879,0.41965599965631617,0.36474331385808423,0.36290117590930593,0.41614536388055556,0.4226731342943681,0.4226731342943681,0.31090860359153044,0.433728970805086
1070021200,-1286495052,2,34.49,52.382185285987596,54.21568909765076,58.48016385624939,62.33743570367109,72.46372480433241,69.87573463274911,64.31469000799747,65.37026522501033,71.16890393992826,67.46622654196466,71.58002084330397,81.76075694565073,81.64104866315343,75.2507911429606,65.63959533482496,67.87685482280438,72.36967714073172,62.899984474826624,62.582307785559806,71.7642680012018,72.88998200906377,72.88998200906377,53.616188689359426,74.79656101533708
1070021300,-219055002#5,0,39.2,3.2012701847622433,3.5656320069097034,3.5040590837134604,3.522028617476093,3.524809532294472,3.4155862835890956,3.4012733505911994,3.6030438035923713,3.1955413547966702,3.5458072062358603,3.9663894026218993,3.830262782197296,3.8768313266617005,4.237466798909301,3.915939712851709,3.88695800840309,4.428741341915624,4.005537256752758,3.7992947001284665,3.6059541782317837,4.049134941179999,3.71859331332857,3.7815936235925025,3.232564281427189
1070021300,-219055002#4,1,114.59,9.3579987365282,10.423106420198543,10.243115571498096,10.29564436930065,10.30377357922509,9.98449061827741,9.942650848067487,10.532469118715557,9.34125213893241,10.365154279657327,11.594606164450086,11.19667888295888,11.33280871740215,12.387023481811651,11.447130910604013,11.362411178135462,12.946159958421205,11.709043730900472,11.106152543054106,10.540976767438266,11.836489104842245,10.870245096283695,11.054408503251654,9.449478086957695
1070021300,-219055002#3,2,5.11,0.4173084347993639,0.4648056009007292,0.4567791305555047,0.45912158763527644,0.4594840997455294,0.4452460691107214,0.4433802760592099,0.4696824958254341,0.41656164089313735,0.46222129652717464,0.5170471899846405,0.49930211267929037,0.5053726550826859,0.5523840648578195,0.5104707125681692,0.5066927403811171,0.5773180677854295,0.5221503923981273,0.49526520198103224,0.47006188394807175,0.5278336619752498,0.48474519977318864,0.49295774021830835,0.4213878438289015
1070021300,219055002#3,3,5.11,0.4173084347993639,0.4648056009007292,0.4567791305555047,0.45912158763527644,0.4594840997455294,0.4452460691107214,0.4433802760592099,0.4696824958254341,0.41656164089313735,0.46222129652717464,0.5170471899846405,0.49930211267929037,0.5053726550826859,0.5523840648578195,0.5104707125681692,0.5066927403811171,0.5773180677854295,0.5221503923981273,0.49526520198103224,0.47006188394807175,0.5278336619752498,0.48474519977318864,0.49295774021830835,0.4213878438289015
1070021300,-219055002#3,4,5.11,0.4173084347993639,0.4648056009007292,0.4567791305555047,0.45912158763527644,0.4594840997455294,0.4452460691107214,0.4433802760592099,0.4696824958254341,0.41656164089313735,0.46222129652717464,0.5170471899846405,0.49930211267929037,0.5053726550826859,0.5523840648578195,0.5104707125681692,0.5066927403811171,0.5773180677854295,0.5221503923981273,0.49526520198103224,0.47006188394807175,0.5278336619752498,0.48474519977318864,0.49295774021830835,0.4213878438289015
1070021300,219055002#3,5,5.11,0.4173084347993639,0.4648056009007292,0.4567791305555047,0.45912158763527644,0.4594840997455294,0.4452460691107214,0.4433802760592099,0.4696824958254341,0.41656164089313735,0.46222129652717464,0.5170471899846405,0.49930211267929037,0.5053726550826859,0.5523840648578195,0.5104707125681692,0.5066927403811171,0.5773180677854295,0.5221503923981273,0.49526520198103224,0.47006188394807175,0.5278336619752498,0.48474519977318864,0.49295774021830835,0.4213878438289015
1070021300,-219055002#3,6,5.11,0.4173084347993639,0.4648056009007292,0.4567791305555047,0.45912158763527644,0.4594840997455294,0.4452460691107214,0.4433802760592099,0.4696824958254341,0.41656164089313735,0.46222129652717464,0.5170471899846405,0.49930211267929037,0.5053726550826859,0.5523840648578195,0.5104707125681692,0.5066927403811171,0.5773180677854295,0.5221503923981273,0.49526520198103224,0.47006188394807175,0.5278336619752498,0.48474519977318864,0.49295774021830835,0.4213878438289015
1070021300,-219055002#2,7,44.8,3.6585944968711352,4.075008007896804,4.004638952815383,4.02517556282982,4.0283537511936816,3.9035271812446806,3.8871695435327984,4.117764346962709,3.652047262624765,4.052351092840983,4.533016460139312,4.377443179654052,4.430664373327657,4.842819198753486,4.475359671830524,4.442237723889245,5.0614186764749975,4.5777568648602935,4.3420510858611046,4.121090489407752,4.627582789919998,4.249820929518366,4.321821284105717,3.6943591787739303
1070021300,-219055002#1,8,62.03,5.065683407163315,5.6422488109339,5.544815942927192,5.573250896480665,5.577651410413931,5.404816764567133,5.382168008601328,5.701449161653949,5.056618118317282,5.610878086806388,6.2764064960366435,6.061000009686181,6.134689979408807,6.705358814702651,6.196575009902845,6.150714419929685,7.008031261199646,6.3383539805197335,6.011996179820632,5.706054532543815,6.407342867382533,5.884294470045184,5.983986032434768,5.115203121860422
1070021300,-219055002#0,9,289.0,23.601201107048173,26.287440050941434,25.833496816152806,25.965976287004867,25.986478439619958,25.181235611154303,25.07571424287899,26.563256613219266,23.558965600414226,26.14128271944295,29.242003504023696,28.23841694017904,28.58174115829672,31.24050777767316,28.87006574015673,28.656399602767674,32.65066958708202,29.530619061263952,28.010106335130782,26.58471320175983,29.852040765332134,27.415139478366243,27.87960605148554,23.8319152380729
1070021300,219055002#0,10,289.28,23.624067322653616,26.312908850990784,25.8585258096079,25.991133634272554,26.011655650564915,25.20563265603708,25.10000905252607,26.58899264038778,23.58179089580563,26.1666099137732,29.270334856899563,28.265775960051876,28.609432810630015,31.270775397665364,28.898036738105667,28.68416358854198,32.682303453809986,29.559230041669323,28.03724415441741,26.610470017318626,29.88096315776913,27.441700859175732,27.906617434511197,23.855004982940233
1070021300,218779911,11,68.03,5.555673741565699,6.188008811991508,6.081151516964966,6.112336909359659,6.117163073520227,5.927610583483831,5.902771072467329,6.2529354581221686,5.545731590990242,6.153603679597591,6.883506914805301,6.647264721246991,6.728082529408048,7.353950671678564,6.795953537380147,6.74565697223628,7.685899833941833,6.951446417777809,6.593520878819887,6.257986294518067,7.0271084196039615,6.453466915962822,6.562801382984641,5.609983369017645
1070021300,-218779911,12,68.03,5.555673741565699,6.188008811991508,6.081151516964966,6.112336909359659,6.117163073520227,5.927610583483831,5.902771072467329,6.2529354581221686,5.545731590990242,6.153603679597591,6.883506914805301,6.647264721246991,6.728082529408048,7.353950671678564,6.795953537380147,6.74565697223628,7.685899833941833,6.951446417777809,6.593520878819887,6.257986294518067,7.0271084196039615,6.453466915962822,6.562801382984641,5.609983369017645
1070021400,218779911,0,68.03,1.0996473291159228,1.0783314743896164,1.0677794915766206,0.9736067635961156,0.922330984759129,1.0290497312727898,1.130314784509594,1.0118010374889734,1.283170560433777,1.228709445265951,1.2394452202355095,1.2139880655195037,1.3900490490539348,1.1236000432154776,1.2820108943149935,1.1860744603340638,1.2329813598952981,1.4038051009990504,1.358109195365764,1.324505186330103,1.3484268579463314,1.2872459660249913,1.2292418150429294,1.0783314743896164
1070021400,505438085#1,1,594.72,9.61314507675763,9.42680132954568,9.334555625906921,8.511295229250065,8.063041059179028,8.995979070741635,9.881240756189118,8.845190548514513,11.217509858903071,10.741409397156643,10.835261816528917,10.612714718885188,12.151844340046392,9.822540316053342,11.207372028031942,10.36869326840915,10.778754584108947,12.272100097988465,11.872625322180319,11.578858215702468,11.787982080814967,11.253137158817916,10.746063387363385,9.42680132954568
1070021400,-505438085#1,2,594.43,9.608457472385387,9.42220459093664,9.33000386855638,8.507144913779788,8.059109323392164,8.991592411590243,9.876422421814462,8.840877417530065,11.212039927071144,10.73617162354019,10.829978278180123,10.607539699937654,12.145918803897258,9.817750605447248,11.201907039654,10.363637240281896,10.773498600067057,12.266115922194112,11.86683594004514,11.57321208158464,11.78223397279197,11.247649854244239,10.740823344347618,9.42220459093664
1070021400,505438085#1,3,594.72,9.61314507675763,9.42680132954568,9.334555625906921,8.511295229250065,8.063041059179028,8.995979070741635,9.881240756189118,8.845190548514513,11.217509858903071,10.741409397156643,10.835261816528917,10.612714718885188,12.151844340046392,9.822540316053342,11.207372028031942,10.36869326840915,10.778754584108947,12.272100097988465,11.872625322180319,11.578858215702468,11.787982080814967,11.253137158817916,10.746063387363385,9.42680132954568
1070021400,-505438085#0,4,3621.02,58.53072132405319,57.39614633829618,56.834497936039604,51.821983876478114,49.09273765151406,54.77303627713357,60.16305219763236,53.854943301018984,68.29907780011634,65.40028627806724,65.97171735083323,64.6167141703283,73.98787898875906,59.805647927151384,68.23735246997616,63.13096196323463,65.62766667364504,74.72006977538706,72.28782241075022,70.49918814941981,71.77246246010326,68.51599864612398,65.42862262394162,57.39614633829618
1070021500,-219055002#5,0,39.2,4.4461990396815,4.3338266966398455,4.6829788701970845,4.160333432196923,4.221790963407054,3.7728289614312405,3.118673712586539,3.509039760512617,3.521048794600614,3.9616883241520955,4.330178694369946,4.626126159093072,4.778683036610772,4.544392481370579,4.814461664868036,5.141681448187402,4.365084674511239,4.35953583806059,3.7196328914761363,4.0876061095840255,4.206256981939081,4.3855518234539606,4.394918657762919,4.556467926405222
1070021500,914782945,1,59.98,6.803138224492254,6.631197073072905,7.1654355263882925,6.365734675080904,6.459770969009059,5.772813293536881,4.771889012268892,5.369188898865988,5.387563946432265,6.061787389863333,6.62561525735483,7.078445077102103,7.311872666732501,6.953384210015493,7.36661761884655,7.867297277098988,6.6790249688057175,6.670534682828423,5.6914178783351685,6.254454450327802,6.4360023922629095,6.710341795172667,6.724674007464792,6.971860873106766
1070021500,414745096#6,2,115.31,13.07885743024678,12.748305009937258,13.775364630674124,12.23796040986294,12.418742754858863,11.09808437608766,9.173833311182493,10.322126907773209,10.357452461872366,11.653629608621891,12.737574113464246,13.608127739924035,14.056886248765002,13.367701454766365,14.162132004488091,15.124675708941053,12.840252903517628,12.823930548131802,10.941603793778398,12.024027053472805,12.373048280290698,12.900458692920312,12.928012000679647,13.403222362086384
1070021500,-414745096#6,3,115.39,13.087931305837966,12.757149554216115,13.78492173040922,12.246450886255177,12.427358654784184,11.105784027029356,9.180197951412262,10.329288213406908,10.364638275738898,11.661714686834445,12.746411212840512,13.617568813718101,14.066638663125433,13.376975725136509,14.17195743645721,15.135168936386334,12.849161239588058,12.83282756004621,10.949194881312025,12.032369106757669,12.381632478213023,12.909408798682463,12.936981222430184,13.412521276221904
1070021500,414745178#2,4,103.19,11.70416527818199,11.408356551690447,12.327464020807067,10.951653236438787,11.113433916172802,9.931587258420654,8.209590316372575,9.237189104267777,9.26880166109279,10.428740259419762,11.398753557960069,12.17780506012281,12.579395473159835,11.962649493689542,12.673579061166649,13.53495175098107,11.490639988847315,11.476033243098781,9.791554032434245,10.760205980815703,11.072542295058513,11.544517669954443,11.569174905473357,11.994436870554972
1070021500,-414745178#2,5,104.43,11.844810349845384,11.545446988012731,12.475599066701058,11.083255620518486,11.246980365015272,10.05093184801695,8.308242239933985,9.348189341590116,9.380181776024033,10.55405897171437,11.53572859829218,12.324141703930856,12.730557895746502,12.106400684426776,12.825873256687984,13.69759677638292,11.628719197938999,11.613936927772128,9.90921588920543,10.889507806731116,11.205597362854546,11.683244309267785,11.708197842606674,12.138570039655546
1070021500,518959785,6,246.07,27.910107084041496,27.204712633728736,29.396444147688683,26.11564407297696,26.501431182795248,23.68316384029044,19.57683776673902,22.02728096605458,22.1026652267187,24.86868994704352,27.181813043969704,29.039562856327354,29.997207520888075,28.526496374766797,30.22180055801218,32.27585596825188,27.400928210637257,27.36609652223391,23.34923636748808,25.65911314758523,26.403919784330345,27.529406561156023,27.58820495193167,28.602297516595232
1070021500,-1517880570,7,0.95,0.10775227264534246,0.10502896331142479,0.11349055935426604,0.10082440715783358,0.10231381161318115,0.09143335493264484,0.0755801027285003,0.0850405044001782,0.08533153966506589,0.09601030377409414,0.10494055509314919,0.11211275130455149,0.11580992053010798,0.11013196064546045,0.11667700463328147,0.12460707591270487,0.1057864908363693,0.10565201648361122,0.0901441644617941,0.09906188275777611,0.10193735032760527,0.1062825059255424,0.10650950828762175,0.11042460535931024
1070021500,-916055951#3,8,95.08,10.784301140125434,10.511740875421339,11.358613035161701,10.090931192175598,10.239997061243436,9.151035144206181,7.564374913079798,8.511211745651519,8.54033978037312,9.60911545562197,10.502892608691184,11.220716204249218,11.590744467371227,11.02247033491619,11.677525895297265,12.471200818715769,10.587557419707363,10.574098660275533,9.022007533713035,9.914530329062476,10.202319230682852,10.637200698316391,10.659920050512712,11.051759450066545
1070021500,-916055951#2,9,58.8,6.669298559522249,6.500740044959767,7.024468305295625,6.240500148295384,6.332686445110581,5.6592434421468605,4.678010568879808,5.263559640768925,5.281573191900921,5.942532486228143,6.495268041554918,6.939189238639608,7.1680245549161565,6.816588722055869,7.221692497302053,7.712522172281101,6.547627011766858,6.5393037570908845,5.5794493372142036,6.131409164376038,6.3093854729086205,6.578327735180941,6.592377986644378,6.8347018896078335
1070021500,-1517880567,10,5.28,0.5988757890183245,0.5837399224045505,0.6307685825163418,0.5603714418877488,0.5686493950711542,0.508176962151963,0.42006625516471746,0.47264617182414836,0.4742637151911031,0.5336151620286496,0.5832485588335029,0.6231108704084547,0.6436593477883896,0.6121018444295065,0.648478509961817,0.6925530113885072,0.5879501806484527,0.5872027863510182,0.5010117772192346,0.5505755168011136,0.5665570628734272,0.5907069803019621,0.5919686355354136,0.613728332944377
1070021800,505438085#0,0,3620.35,32.88133194304994,30.447188676794386,29.37801365542252,27.327877587412335,28.250691565805383,27.583852461779255,30.000530652195938,32.88133194304994,32.70604274566363,32.02318495889032,47.89935082660301,68.23104932390068,65.38303927219256,43.48570715917828,40.60744744649136,36.39214148318776,35.721155856617585,34.48304553652872,32.261745057181784,33.617032977392164,32.17714257888498,30.535587814387732,33.72482923522164,34.418561112898004
1070021800,-505438085#0,1,3621.02,32.887417126085246,30.45282338515503,29.383450496929317,27.3329350205289,28.255919779472322,27.588957266880804,30.006082699798235,32.887417126085246,32.71209548880713,32.02911132897124,47.90821531900122,68.24367650167272,65.39513938304162,43.493754840699864,40.61496246293705,36.39887639412005,35.727766591608386,34.48942714065801,32.2677155763825,33.623254312924594,32.183097441129746,30.541238882332998,33.73107052006636,34.424930783218734
1070021800,-357579793#0,2,5168.51,46.942282641449886,43.46723359561881,41.94085029297937,39.01402035419684,40.33145465625721,39.37945703791918,42.82957246707672,46.942282641449886,46.69203502185974,45.71716869691444,68.38241433585316,97.40849938295302,93.34260287229688,62.081376747906845,57.97229499956222,51.95440970549001,50.996492398935615,49.228932475038064,46.05774357327183,47.99258942201201,45.936962777188064,43.59343460564342,48.14648228777201,49.13687276026475
1070022000,-505438085#0,0,3621.02,24.753484943065473,24.890683371863094,24.316119292888764,23.538003475516327,24.00823370814482,23.629261312308692,24.24701977798997,25.801409917976017,27.811363298157328,27.748052877641204,28.225359774643294,28.003039907695012,29.190989599297538,28.86510913354083,28.982765828378636,29.01233002337528,29.54475851757157,30.139619427321332,28.748403840548075,28.85534751394883,28.244045878433194,27.251760651148743,27.748052877641204,26.391977296240864
1070022000,505438085#0,1,3620.35,24.7489047874983,24.886077830369498,24.311620063410263,23.53364822138114,24.00379144696304,23.62488917266869,24.242533334045653,25.796635864078205,27.806217341103853,27.74291863496151,28.220137215516583,27.997858484577172,29.185588368972507,28.85976820111862,28.97740312585144,29.006961850563286,29.539291829122796,30.1340426713199,28.743084502192264,28.850008387726287,28.23881986180292,27.24671823778558,27.74291863496151,26.38709396922569
1070022000,-505438085#0,2,3621.02,24.753484943065473,24.890683371863094,24.316119292888764,23.538003475516327,24.00823370814482,23.629261312308692,24.24701977798997,25.801409917976017,27.811363298157328,27.748052877641204,28.225359774643294,28.003039907695012,29.190989599297538,28.86510913354083,28.982765828378636,29.01233002337528,29.54475851757157,30.139619427321332,28.748403840548075,28.85534751394883,28.244045878433194,27.251760651148743,27.748052877641204,26.391977296240864
1080000900,380249127,0,132.9,9.112410412639237,8.931249171831299,8.589710006560503,7.905210742588739,7.478460959338408,8.372451633125134,8.547683700466976,8.699011987280223,9.203081163013756,9.735891125082974,10.813936841134115,15.369955197467252,12.155751192121377,10.885056536524058,12.274367031232632,14.633284473717081,13.762331874843765,13.566405666099227,10.93425880876843,10.085608830666454,9.951559599372784,10.014945329305098,9.494845511478866,9.41242991140916
1080000900,219054278#1,1,19.28,1.3219508860472875,1.2956695563047966,1.2461219633294698,1.146820640459826,1.0849114168250151,1.2146039690493045,1.2400251448081512,1.2619785636927217,1.3351046262069617,1.4124001571978912,1.5687938472314955,2.2297421836506293,1.763452844124155,1.5791112868636858,1.7806606197303623,2.1228722697762628,1.996521885229404,1.9680985797019799,1.5862491334315676,1.463134223139573,1.4436875024522746,1.452882964251334,1.3774313127262043,1.365475159458003
1080000900,219054278#2,2,0.2,0.013713183465220824,0.013440555563327766,0.012926576383085786,0.011896479672819772,0.011254267809388123,0.012599626234951292,0.012863331377677919,0.013091063938721179,0.013849633051939437,0.014651453912841195,0.0162737950957624,0.02313010563952935,0.018293079295893723,0.016380822477839063,0.018471583192223674,0.02202149657444256,0.020710807938064357,0.02041596037035249,0.016454866529373106,0.015177740903937477,0.014976011436226913,0.015071400044100977,0.014288706563549839,0.014164680077365177
1080000900,219054278#3,3,0.92,0.0630806439400158,0.06182655559130773,0.05946225136219461,0.05472380649497095,0.051769631923185365,0.057958280680775943,0.05917132433731842,0.06021889411811742,0.06370831203892141,0.0673966879990695,0.07485945744050704,0.10639848594183501,0.08414816476111112,0.0753517833980597,0.08496928268422892,0.10129888424243577,0.09526971651509604,0.09391341770362142,0.07569238603511629,0.0698176081581124,0.0688896526066438,0.0693284402028645,0.06572805019232926,0.06515752835587982
1080000900,219054278#4,4,16.05,1.100482973083971,1.0786045839570533,1.0373577547426343,0.9546924937437866,0.9031549917033969,1.0111200053548413,1.032282343058653,1.0505578810823746,1.11143305241814,1.175779176505506,1.3059720564349326,1.8561909775722305,1.468019613495471,1.314561003846585,1.4823445511759499,1.7672251000990156,1.6620423370296649,1.638380819720787,1.320503038982192,1.2180137075409825,1.20182491775721,1.2094798535391034,1.1466687017248745,1.1367155762085555
1080000900,219054278#5,5,11.94,0.8186770528736831,0.8024011671306676,0.7717166100702212,0.7102198364673403,0.6718797882204709,0.7521976862265921,0.7679408832473716,0.7815365171416543,0.8268230932007843,0.8746917985966194,0.9715455672170151,1.380867306679902,1.0920968339648551,0.9779351019269921,1.1027535165757534,1.3146833454942206,1.236435233902442,1.2188328341100432,0.9823555318035745,0.9061111319650673,0.8940678827427466,0.8997625826328282,0.8530357818439253,0.845631400618701
1080000900,219054278#6,6,18.76,1.2862966090377133,1.2607241118401444,1.2125128647334467,1.1158897933104948,1.0556503205206058,1.1818449408384313,1.2065804832261886,1.2279417974520466,1.2990955802719193,1.374306377024504,1.5264819799825131,2.1696039089878534,1.7158908379548312,1.5365211484213042,1.7326345034305808,2.065616378682712,1.942673784590437,1.9150170827390631,1.5434664804551976,1.4236720967893355,1.4047498727180847,1.4136973241366715,1.3402806756609749,1.3286469912568537
1080000900,37401477#0,7,67.72,4.64328392132377,4.550972113742781,4.376938763312847,4.0281480172167745,3.8106950802588178,4.2662334431545075,4.355524004481743,4.432634249650992,4.689485751386693,4.960982294888029,5.510307019425148,7.831853769544638,6.194036649589614,5.546546490996307,6.254478068886936,7.456478740106251,7.012679567828592,6.9128441814013515,5.571617806845734,5.13918307007323,5.0708774723064325,5.10317605493259,4.8381560424179755,4.796160674195849
1080001000,-219054273#0,0,37.98,13.531991935281614,14.07803709774712,13.637785759935554,14.967523061021316,13.418436758202326,13.242487621966408,11.188550766314478,7.340613834823767,7.388665600396354,10.02003371500226,10.206576895866663,10.355296580803737,13.3252531696037,11.47629459583094,12.198578871093025,12.74127793109517,13.16074387121353,10.405837616176422,10.152573843507584,8.830356449254177,10.377698520405263,10.051526749203418,11.881340287448502,11.046842005889077
1080001000,-219054278#6,1,18.76,6.6840486757736475,6.953764506417484,6.73630491986285,7.3931209221895715,6.627958756816105,6.541049704794362,5.526519546499727,3.6258534897655053,3.6495883797639705,4.94933734843187,5.041479267152676,5.1149384901495045,6.5819312654493265,5.668648936750617,6.025417051651004,6.29348009445354,6.500672854764767,5.139902940481035,5.014804773675679,4.361703185571574,5.126003797862105,4.964893149422227,5.868718899224168,5.456523328869908
1080001000,-219054278#5,2,11.94,4.2541333256256575,4.425796812719869,4.287392363708018,4.705429840668629,4.218434304711316,4.163120121281699,3.517411694307395,2.3077127221641858,2.322819043410544,3.1500579925520533,3.208702689221905,3.2554565870141294,4.18913962203971,3.607871444818889,3.834940277010287,4.005551829838766,4.137421848928109,3.271345474911703,3.19172542631597,2.7760520274906497,3.2624992188951776,3.1599586462740605,3.735208084047791,3.4728618628308476
1080001000,-219054278#4,3,16.05,5.71849580203449,5.9492494844350015,5.763203302974347,6.325138102406323,5.670508424674759,5.596153931873641,4.72817903631773,3.102076146627738,3.122382382473973,4.234374437224495,4.313205876215376,4.376053452393365,5.631129893947851,4.849776942156045,5.155007658795236,5.384347308954121,5.561609771800347,4.397411630848647,4.290384681103126,3.7316277253957226,4.385520306806331,4.247683104916137,5.020945540114494,4.668294212599255
1080001000,-219054278#3,4,0.92,0.3277891674686436,0.3410161698243116,0.3303518404197133,0.36256243328435,0.3250384891402354,0.3207764247553738,0.27102334663005057,0.17781371058551518,0.17897768173682585,0.24271803627704266,0.24723672312262587,0.25083920100946394,0.32278127741009494,0.2779934446594119,0.2954895355820322,0.3086354843761864,0.318796323367995,0.25206347042870747,0.24592859231245334,0.2139001562220601,0.2513818493621075,0.24348090071793432,0.2878049780003324,0.2675906962985243
1080001000,219054278#3,5,0.92,0.3277891674686436,0.3410161698243116,0.3303518404197133,0.36256243328435,0.3250384891402354,0.3207764247553738,0.27102334663005057,0.17781371058551518,0.17897768173682585,0.24271803627704266,0.24723672312262587,0.25083920100946394,0.32278127741009494,0.2779934446594119,0.2954895355820322,0.3086354843761864,0.318796323367995,0.25206347042870747,0.24592859231245334,0.2139001562220601,0.2513818493621075,0.24348090071793432,0.2878049780003324,0.2675906962985243
1080001000,-219054278#3,6,0.92,0.3277891674686436,0.3410161698243116,0.3303518404197133,0.36256243328435,0.3250384891402354,0.3207764247553738,0.27102334663005057,0.17781371058551518,0.17897768173682585,0.24271803627704266,0.24723672312262587,0.25083920100946394,0.32278127741009494,0.2779934446594119,0.2954895355820322,0.3086354843761864,0.318796323367995,0.25206347042870747,0.24592859231245334,0.2139001562220601,0.2513818493621075,0.24348090071793432,0.2878049780003324,0.2675906962985243
1080001000,-219054278#2,7,0.2,0.07125851466709644,0.07413394996180686,0.07181561748254638,0.07881792027920652,0.0706605411174425,0.069734005381603,0.05891811883261969,0.038655154475111995,0.03890819168191866,0.052764790495009276,0.053747113722309975,0.0545302610890139,0.07016984291523802,0.060433357534654765,0.06423685556131135,0.06709467051656225,0.06930354855825978,0.054796406614936406,0.053462737459228984,0.04650003396131742,0.05464822812219728,0.05293063059085529,0.06256629956528964,0.0581718904996792
1080001000,219054278#2,8,0.2,0.07125851466709644,0.07413394996180686,0.07181561748254638,0.07881792027920652,0.0706605411174425,0.069734005381603,0.05891811883261969,0.038655154475111995,0.03890819168191866,0.052764790495009276,0.053747113722309975,0.0545302610890139,0.07016984291523802,0.060433357534654765,0.06423685556131135,0.06709467051656225,0.06930354855825978,0.054796406614936406,0.053462737459228984,0.04650003396131742,0.05464822812219728,0.05293063059085529,0.06256629956528964,0.0581718904996792
1080001000,-219054278#2,9,0.2,0.07125851466709644,0.07413394996180686,0.07181561748254638,0.07881792027920652,0.0706605411174425,0.069734005381603,0.05891811883261969,0.038655154475111995,0.03890819168191866,0.052764790495009276,0.053747113722309975,0.0545302610890139,0.07016984291523802,0.060433357534654765,0.06423685556131135,0.06709467051656225,0.06930354855825978,0.054796406614936406,0.053462737459228984,0.04650003396131742,0.05464822812219728,0.05293063059085529,0.06256629956528964,0.0581718904996792
1080001000,-219054278#1,10,19.28,6.869320813908097,7.146512776318182,6.923025525317471,7.598047514915509,6.811676163721455,6.72235811878653,5.679706655464538,3.7263568914007963,3.750749678136959,5.086525803718894,5.181221762830681,5.2567171689809395,6.764372857028945,5.825775666340719,6.192432876110415,6.4679262377966005,6.680862081016243,5.28237359767987,5.1538078910696745,4.482603273870999,5.268089190979818,5.10251278895845,6.031391278093921,5.607770244169075
1080001000,-219054278#0,11,4.51,1.6068795057430247,1.6717205716387447,1.6194421742314207,1.7773441022961067,1.593395202198328,1.5725018213551474,1.3286035796755737,0.8716737334137754,0.8773797224272657,1.189846025662459,1.2119974144380898,1.2296573875572632,1.5823299577386174,1.3627722124064647,1.4485410929075708,1.5129848201484786,1.562795019988758,1.2356589691668158,1.2055847297056135,1.0485757658277075,1.2323175441555485,1.1935857198237867,1.4108700551972813,1.3117761307677658
1080001000,219054278#0,12,4.51,1.6068795057430247,1.6717205716387447,1.6194421742314207,1.7773441022961067,1.593395202198328,1.5725018213551474,1.3286035796755737,0.8716737334137754,0.8773797224272657,1.189846025662459,1.2119974144380898,1.2296573875572632,1.5823299577386174,1.3627722124064647,1.4485410929075708,1.5129848201484786,1.562795019988758,1.2356589691668158,1.2055847297056135,1.0485757658277075,1.2323175441555485,1.1935857198237867,1.4108700551972813,1.3117761307677658
1080001000,-219054278#0,13,4.51,1.6068795057430247,1.6717205716387447,1.6194421742314207,1.7773441022961067,1.593395202198328,1.5725018213551474,1.3286035796755737,0.8716737334137754,0.8773797224272657,1.189846025662459,1.2119974144380898,1.2296573875572632,1.5823299577386174,1.3627722124064647,1.4485410929075708,1.5129848201484786,1.562795019988758,1.2356589691668158,1.2055847297056135,1.0485757658277075,1.2323175441555485,1.1935857198237867,1.4108700551972813,1.3117761307677658
1080001000,219054278#0,14,4.51,1.6068795057430247,1.6717205716387447,1.6194421742314207,1.7773441022961067,1.593395202198328,1.5725018213551474,1.3286035796755737,0.8716737334137754,0.8773797224272657,1.189846025662459,1.2119974144380898,1.2296573875572632,1.5823299577386174,1.3627722124064647,1.4485410929075708,1.5129848201484786,1.562795019988758,1.2356589691668158,1.2055847297056135,1.0485757658277075,1.2323175441555485,1.1935857198237867,1.4108700551972813,1.3117761307677658
1080001100,218647394#0,0,96.06,21.87106051527861,20.749736377696046,18.482586350939673,20.552776374110895,18.7628682063482,18.24892533512501,16.681317342161652,17.872348254334153,21.24862601582515,22.62523501580546,26.22937602680293,31.4943271420012,25.915439748804097,28.869799880167765,28.64067448429342,30.79992874840089,29.824173429925377,24.988286105165407,30.219609086009523,34.45083517919781,35.207073024594834,31.380217261051918,29.681082810316415,19.800960137289277
1080001100,218647394#1,1,20.28,4.617375674056322,4.380643907346198,3.9020076118785814,4.339062095221413,3.9611801709841927,3.8526775535741744,3.5217272090260074,3.7731753341442493,4.485968515520862,4.77659552488585,5.537494751442469,6.649020970641103,5.471217136224726,6.0949358897543435,6.046563382692803,6.502420935015303,6.296421373713166,5.275478265800068,6.379904978807757,7.273193185864372,7.432848646041882,6.624930314950373,6.266212360953746,4.180340116429591
1080001100,218647394#2,2,50.56,11.51156381066507,10.921368636855215,9.728082093519777,10.817701160473108,9.875605002217,9.605097490567568,8.780006296269969,9.40689077388231,11.183953064336034,11.9085142868949,13.805509597284576,16.576651887357702,13.640273097017857,15.195264230077889,15.074666894918545,16.211163830097323,15.697587014543275,13.15227717548577,15.9057197104793,18.132773544245694,18.530810036680354,16.51659155443249,15.622273026125317,10.421991927351092
1080001200,218647394#2,0,50.56,5.56858026420838,5.324254987533791,5.247508969695467,5.225539733578319,5.231797864995779,5.19447231542387,5.064986918575623,5.322633222383765,5.319392654211842,5.640479299253034,5.803455619091962,6.017288178059883,5.852044497349598,6.040167600790148,5.757563383553839,5.763260181096933,5.834459054786611,5.786160552677449,5.7217435720648,5.784245239684177,5.719870660911916,5.54384672242573,5.414999959431639,5.314539193760917
1080001200,-218647394#2,1,50.53,5.565276122437687,5.321095817248465,5.24439533699984,5.222439136426276,5.2286935545537325,5.191390152262029,5.06198158614767,5.319475014379978,5.316236369013535,5.637132495871357,5.800012112988862,6.013717793460559,5.848572160820316,6.0365836405839834,5.754147107812014,5.759840525135047,5.8309971526575834,5.78272730867863,5.718348550166819,5.780813132144806,5.716476750314063,5.540557256411632,5.411786945215203,5.311385788384873
1080001200,-218647394#1,2,20.28,2.2335998369886467,2.135599112879455,2.104815702243356,2.0960036747818105,2.098513858823465,2.083542297404986,2.03160472129576,2.134948610560577,2.133648794054908,2.262439086013677,2.327810125695906,2.4135799891426903,2.3472994937944986,2.4227570993675673,2.30940240147294,2.311687430234292,2.340245839222161,2.3208729432021102,2.295034803035486,2.3201046966138272,2.2942835641474217,2.2236790255299406,2.1719976103100005,2.1317020342063175
1080001200,-218647394#0,3,96.33,10.609599225696071,10.144095786177411,9.99787458565594,9.956017455213598,9.967940829411457,9.896825912673682,9.65012242615486,10.141005900162739,10.134831771760812,10.746585658564968,11.057098097055553,11.464504948427779,11.14967259552387,11.508096221995944,10.969661406996464,10.980515293612886,11.116167736305265,11.024146480210023,10.901415314418557,11.020497308915678,10.897846929700252,10.562475371267217,10.316988648972503,10.125584662480009
1080001400,37401477#0,0,67.72,20.918086729134888,18.271756596997612,21.552753137634955,23.189671097455335,18.663644137951987,17.325881691030588,18.025736052449744,24.10505285130225,32.31912378577572,26.07318076200783,29.348816456391617,31.500177662697244,33.630624461140535,26.878529974733944,24.39221886284545,30.506307026538522,41.68586385303048,35.48185149569873,29.877850916120558,21.172564669878618,26.795763138784032,31.443266772611068,17.20597939559093,18.91722625939155
1080001400,37401477#1,1,274.9,84.91408803660927,74.1716758493007,87.49042878818443,94.13527148095793,75.76248927234201,70.33202712439912,73.1729893800714,97.85113746046942,131.1950255273146,105.84048126810326,119.13747259099313,127.87062669042339,136.5188816356694,109.1096853227165,99.01684827814846,123.83614591842056,169.21801496157826,144.0336824596512,121.28501501538013,85.94710613924441,108.77370476745023,127.63960478131692,69.8453002930884,76.79187092006404
1080001400,1069110524#13,2,220.19,68.01467095227717,59.410190270125575,70.07827397188187,75.40067452670836,60.68440346626769,56.334700081925945,58.610260209523176,78.37701694223631,105.08487694019428,84.77633892478595,95.42699196002465,102.42209272813506,109.34919078704274,87.39491310006892,79.31073052879414,99.190545543023,135.540613730047,115.36841229825608,97.14713516273753,68.84210003928784,87.12579866404099,102.23704829682858,55.944840565788056,61.50891981771155
1080001400,1069110524#14,3,54.94,16.970461974286334,14.823542637906803,17.485355247809576,18.813356912200177,15.14147384729891,14.056171590449209,14.623950660389678,19.55598942189229,26.219915250893653,21.152695674316455,23.81015912749786,25.55551920833707,27.283911811799484,21.806060791669857,19.78896196581112,24.74921010097499,33.81898050923649,28.785778517036146,24.23935512893774,17.17691528297595,21.73891356829289,25.509348441926342,13.95889704657067,15.34720039413721
1080001600,-518796208#1,0,176.54,39.578794532079435,31.72433869560675,28.496732063097195,30.40003884282168,29.28618576636441,36.71847828858461,26.74111943905489,32.398657313457015,33.47420007411826,44.22569753382156,46.352534473213254,48.69426726977975,42.56005437995035,44.07698974117252,49.84219296207113,64.25733700502309,48.08692864645894,51.04554808810245,46.059370165230874,42.068346434610746,38.966993903165005,36.032151591601725,42.89429564471436,42.367474948366855
1080001600,-518796208#0,1,377.14,84.55164025052927,67.77227311465462,60.87718098038108,64.94318935754939,62.56368018537824,78.4411855769616,57.126689618472646,69.21281080320142,71.51047816898698,94.47875590747401,99.02228872339214,104.02490063512369,90.92046510056913,94.16107347335337,106.47719867290988,137.27207475968285,102.72745139756161,109.04790985582281,98.39600580103756,89.87003610710941,83.2446588911275,76.9749951923455,91.63450016680399,90.50906028110954
1080001800,-260064622#0,0,10.48,1.3793480562304203,1.320408806363827,1.3000271934326662,1.32939951937528,1.3674911961482106,1.2293330987697568,1.0827551921102923,1.066622758157817,1.134219658595598,1.2143878561214387,1.5943911830369446,1.7284868600006156,1.6051157874071484,1.62515696068919,1.5756749255691596,1.5879075220338368,1.6227011133742084,1.57973146270744,1.431286186971519,1.3079445332221464,1.4046075366584465,1.4960953838737476,1.4317632823671762,1.3982063304366956
1080001800,518958915#13,1,13.65,1.796574519803935,1.7198072716475417,1.6932606097667837,1.7315175037664665,1.7811311858228123,1.601182900592288,1.4102679744566304,1.3892557871044084,1.4772994599074343,1.5817170072574085,2.0766640885929672,2.2513211487603435,2.090632681117135,2.116735926851855,2.0522865204216627,2.068219243870408,2.113537232591407,2.057570082629442,1.8642229439085147,1.7035727937483107,1.8294745110102857,1.9486356860569327,1.8648443515564843,1.8211370620668792
1080001800,-519292263#2,2,47.66,6.2728748435059,6.004836231994273,5.9121465686069525,6.045723386777274,6.218953283246537,5.590650332763988,4.924056532058828,4.8506909020803,5.1581019970101325,5.522683704460665,7.250828605299692,7.860656846147836,7.299600995021439,7.3907424376380515,7.1657124954795925,7.221342795814185,7.379573956432706,7.184160449679062,6.509074396093759,5.948152333336592,6.387747633315034,6.803807823990725,6.511244087559124,6.358636804256958
1080001800,-519292263#1,3,20.59,2.709997755513774,2.5942001262434347,2.554156480226965,2.611864132055058,2.6867026458675247,2.4152641701974513,2.127283340224324,2.095588033441741,2.228395302527038,2.385901331826376,3.132491837665142,3.3959488976538807,3.1535624105642355,3.192937196621223,3.0957201066287205,3.119753423537853,3.1881122065243273,3.1036899634681476,2.8120403234488145,2.569711635404961,2.7596249217363944,2.939370606293937,2.8129776702232974,2.747048506077439
1080001800,-519292263#0,4,14.9,1.9610959959764562,1.877298780040174,1.8483211051666724,1.8900813777377548,1.9442384372717878,1.7478113713424974,1.5394133933629153,1.5164770130297205,1.6125832932322908,1.7265628870428853,2.266834792676572,2.4574860891230124,2.2820825603403163,2.3105762131936,2.2402248464676027,2.2576166105252073,2.3070845982133306,2.2459922513684023,2.034939330713324,1.859577628340647,1.9970088068903487,2.127082177454088,2.035617643823562,1.987907855296447
1080001800,-218748689#12,5,24.66,3.245679681931504,3.1069924775698445,3.059033453249003,3.1281481057055722,3.2177798565853886,2.8926864709601334,2.5477808241831874,2.5098203450545573,2.668879463832771,2.8575195164078897,3.7516876501613603,4.067221943474731,3.7769232173149123,3.824081168949945,3.7076472962343003,3.7364312493658796,3.818302428989311,3.717192544882201,3.367892878885273,3.0776633768376076,3.305116589121879,3.520392382283074,3.3690155098449015,3.2900542088329114
1080001800,-218748689#11,6,16.44,2.163786454621003,2.0713283183798965,2.0393556354993354,2.085432070470382,2.1451865710569256,1.9284576473067558,1.6985205494554585,1.673213563369705,1.7792529758885143,1.9050130109385932,2.5011251001075734,2.7114812956498207,2.5179488115432753,2.5493874459666297,2.4717648641562007,2.4909541662439203,2.545534952659541,2.478128363254801,2.2452619192568486,2.0517755845584054,2.203411059414586,2.346928254855383,2.246010339896601,2.1933694725552746
1080001800,-218748689#10,7,20.83,2.7415858789388983,2.62443849585482,2.583928095343744,2.6423083958575453,2.7180192381457275,2.4434168365814912,2.15207926065433,2.120014508819401,2.2543697985254103,2.4137117407451876,3.169004612849194,3.4355325662035128,3.190320787375086,3.230154531598838,3.1318042652295404,3.1561177179355746,3.225273300723736,3.1398670198660277,2.8448178697153375,2.599664563646689,2.7917915065453665,2.973632332642191,2.845766142338576,2.7790684983775162
1080001800,-218748689#9,8,18.82,2.477035345253484,2.3711921503594677,2.334590818740723,2.387337686511714,2.455742777815775,2.2076382556151546,1.9444134270530247,1.9154427775314995,2.036833394539041,2.180799566050141,2.8632101206827576,3.104019342100342,2.8824693815842113,2.9184593511613124,2.8295994369476696,2.8515667523546573,2.9140491368036834,2.8368841725337806,2.570305919733205,2.3488087896222134,2.5223963587702256,2.6866903744755657,2.571162688373116,2.510901062864371
1080001800,-218748689#8,9,279.97,36.848862147216686,35.274318083748156,34.72982951768546,35.51450223659324,36.53210975053574,32.84125836474893,28.925474344954058,28.49450129784771,30.300331852768085,32.44200077083199,42.59367361782953,46.17599868266912,42.88017814889116,43.415571973678674,42.09367451446541,42.420464593875316,43.34996476253598,42.20204366547729,38.23637345099391,34.94133883265309,37.52366145403295,39.9677313571692,38.24911890881091,37.352655184385654
1080001800,-218748689#7,10,115.62,15.21757846005355,14.567334560284891,14.342475582508099,14.666524086848268,15.086768330024439,13.56254703051138,11.945434667155723,11.767454513187669,12.513213447215938,13.397664496637477,17.590029444917132,19.069432323785417,17.708348028627338,17.92945112546604,17.38354340594525,17.518498826102313,17.902357130565456,17.428296919678836,15.790582913897618,14.429823180452724,15.49625223172229,16.50558666827125,15.795846441535582,15.425631290562094
1080001800,-218748689#6,11,87.84,11.561253173595432,11.067243277767039,10.896411132740974,11.14260055171036,11.461872773822407,10.303875896558724,9.07530687738245,8.940089988223534,9.506665535404325,10.178609664285037,13.363675717363094,14.487622689165464,13.453565912771365,13.621544601807102,13.206802047900283,13.309331749566054,13.600960476983822,13.24080264162419,11.996581933547542,10.962771736472646,11.772970040083774,12.539791843460877,12.000580794192057,11.719317181828181
1080001800,-218748689#5,12,5.36,0.7054680898277723,0.6753235879876062,0.6648994042747224,0.6799218915888836,0.6994038942132069,0.6287428825768985,0.5537755562701494,0.5455246167677384,0.5800970772969852,0.6210991325201252,0.8154519791104985,0.884035264275124,0.8209370821089996,0.8311871478334025,0.8058795420849899,0.8121359082157793,0.8299311037868089,0.8079542595526602,0.7320318666190212,0.6689487307319375,0.7183870607337093,0.7651785551110007,0.7322758772412276,0.7151131613683863
1080001800,-218748689#3,13,23.39,3.0785258621402227,2.9469811050429304,2.9014919899227163,2.967047209750744,3.0520628891132295,2.7437119446779206,2.416569078574402,2.3805635795144404,2.531431089174717,2.710356102545845,3.5584742148124175,3.857758364066259,3.5824101400241606,3.627139438026732,3.516701956971626,3.5440035248446033,3.6216583055174363,3.525755621443418,3.1944450298915865,2.919162464891794,3.134901744507735,3.3390907470235645,3.195509844901551,3.120615082911671
1080001800,-218748689#2,14,6.67,0.8778865968565748,0.8403746887830845,0.8274028034538057,0.8460968315107935,0.8703402937317332,0.782409519923118,0.689119955283936,0.6788524615374655,0.7218745346214348,0.772897614535305,1.0147508769901163,1.1000961217752008,1.021576555534893,1.0343317679195512,1.0028389077811348,1.0106243484700088,1.032768742958585,1.00542069239109,0.910942639990461,0.8324417973847057,0.8939630028160152,0.9521904780952192,0.9112462875371244,0.8898889526729733
1080001800,-218748689#1,15,53.5,7.04151918018392,6.740636559204651,6.636589203115234,6.786533805971133,6.9809903620161515,6.275698548108967,5.527423929188991,5.445068469603359,5.790148066303862,6.199403654818414,8.139306134778295,8.823859447522226,8.19405483075214,8.296364255426685,8.043760354766224,8.106207292825408,8.283827248618335,8.064468822027484,7.3066613552458275,6.677006920551987,7.170467863666688,7.637509831798235,7.3090969090309095,7.137789950225498
1080001800,-218748689#0,16,76.53,10.072662857186456,9.642260109830502,9.493423770362782,9.707914620018146,9.986078362712076,8.977181493210827,7.906799127118384,7.78899233605131,8.282617411481022,8.86804414398604,11.643011186814636,12.622242308764037,11.721327405560025,11.867677690986994,11.50633607383662,11.595664376073428,11.849743912836658,11.53595885887408,10.451940065737627,9.551239993081188,10.257119730960964,10.925207989299418,10.455424045759543,10.210375044687053
1080001800,380291711,17,72.19,9.501444291915462,9.095449592691285,8.955053730334367,9.157380849589833,9.419769985681231,8.4680874427661,7.458406232675761,7.347280239638626,7.812911942177118,8.365139249370865,10.982738502236359,11.90643763582485,11.05661342489714,11.194664216808455,10.853814205805115,10.938076719047967,11.177747459397338,10.881757089012412,9.859212770751332,9.009591207376596,9.675440655665385,10.305641771168496,9.86249917500825,9.631346850593994
