TOPIS_LINK_ID,SEQ,SUMO_EDGE_ID,SUMO_LENGTH,EDGE_S_START,EDGE_S_END,COVERED_LENGTH,EDGE_COVERAGE_RATIO,TOPIS_S_START,TOPIS_S_END,N_ASSIGNED_SAMPLES,MEAN_LATERAL_DIST,MAX_LATERAL_DIST
1000002500,0,37930333,1648.82,0.0,1648.82,1648.82,1.0,0.0,1658.0,830,14.159600029535413,25.997069408916513
1000002500,1,37395770,190.85,0.0,190.85,190.85,1.0,1660.0,1854.0,98,2.341291614642828,3.686569434588136
1000002500,2,203924741,1863.07,0.05037733059556304,7.172271666277595,7.121894335682033,0.0038226659952025595,1856.0,1861.1574572549127,4,2.961324816168914,3.238940928464665
1000016700,0,183895355#2,60.1,13.066637110051305,60.1,47.0333628899487,0.7825850730440715,0.0,50.0,26,5.527975008413945,6.48301904330102
1000016700,1,26238056,485.97,0.0,463.4088240997562,463.4088240997562,0.9535749616226438,52.0,543.9720102297629,247,29.00128102633652,53.09089998912499
1000019300,0,1455536616,0.2,0.0,0.2,0.2,1.0,0.0,18.0,10,8.49650871930351,16.335470571899993
1000019300,1,37400220#0,2.43,0.0,2.43,2.43,1.0,20.0,26.0,4,4.296696243554054,4.9661510761525465
1000019300,2,37400220#1,12.69,0.0,12.69,12.69,1.0,28.0,44.0,9,4.035753044354467,4.745605054914962
1000019300,3,37400220#2-AddedOnRampEdge,94.5,0.0,94.5,94.5,1.0,46.0,142.0,49,1.0975706259098212,2.8450479423382506
1000019300,4,37400220#2,0.2,0.0,0.2,0.2,1.0,144.0,148.0,3,1.971708123593597,3.0989042220707645
1000019300,5,37400220#3,57.79,0.0,57.79,57.79,1.0,150.0,214.0,33,2.8671376625782554,4.59174574992039
1000019300,6,37400220#4,168.77,0.0,168.77,168.77,1.0,216.0,390.0,88,4.238292319778407,6.107760971239671
1000019300,7,37400220#5,123.91,0.0,123.76951674012025,123.76951674012025,0.9988662476000344,392.0,520.0,65,0.7856956818776595,5.279200389273271
1000019300,8,37400220#6,0.2,0.0,0.2,0.2,1.0,522.0,536.0,8,6.628324912849548,13.507691330808118
1000019300,9,219073859,38.14,0.0,18.940756107743848,18.940756107743848,0.4966113295160946,538.0,567.6567210252072,16,3.348378909528429,11.943891098481306
1000019900,0,668991973,36.54,24.238674885418767,36.54,12.301325114581232,0.33665367034978744,0.0,14.0,8,3.604356744257287,5.111288337076789
1000019900,1,668991974,6.08,0.0,6.08,6.08,1.0,16.0,28.0,7,2.459684215844767,4.938141783886882
1000019900,2,183521247#1,9.17,0.0,9.17,9.17,1.0,30.0,46.0,9,5.958293221546915,7.895446264005462
1000019900,3,183521247#2,21.81,0.0,21.81,21.81,1.0,48.0,80.0,17,6.209813443489686,8.14030601012116
1000019900,4,800201571#0,50.82,0.0,50.82,50.82,1.0,82.0,140.0,30,5.047693021761971,9.010387016612446
1000019900,5,800201571#1,4.03,0.0,4.03,4.03,1.0,142.0,150.0,5,2.47104342776846,4.240483167380059
1000019900,6,800201572#0,130.22,0.0,130.22,130.22,1.0,152.0,298.0,74,4.954438202799886,13.197560461706923
1000019900,7,800201572#1,85.26,0.0,85.26,85.26,1.0,300.0,404.0,53,3.8172769853437463,14.241027505899412
1000019900,8,800201572#2,0.2,0.0,0.2,0.2,1.0,406.0,414.0,5,6.441747719228805,7.311270509351181
1000019900,9,800201572#3,14.28,0.0,14.28,14.28,1.0,416.0,447.1046145254602,17,5.390592005611512,11.555331209390976
1000020100,0,-261995707#5,35.9,0.0,35.9,35.9,1.0,0.0,42.0,22,3.431564823637352,5.928617724693432
1000020100,1,-261995707#4,225.05,0.0,225.05,225.05,1.0,44.0,278.0,118,3.0455311515278156,7.24728961125491
1000020100,2,-261995707#3,47.29,0.0,47.29,47.29,1.0,280.0,340.0,31,2.537616418908213,7.5118844796051905
1000020100,3,-261995707#2,55.31,0.0,55.31,55.31,1.0,342.0,410.0,35,2.9775778456951616,7.464129928312354
1000020100,4,-261995707#1,40.56,0.0,40.56,40.56,1.0,412.0,466.0,28,3.632803704992669,7.570863535667438
1000020100,5,-261995707#0,84.95,0.0,84.60667900714631,84.60667900714631,0.9959585521735881,468.0,560.0,47,3.1757146391866677,7.665476767099907
1000020100,6,-381204497,294.63,0.0,293.56174211215586,293.56174211215586,0.996374239256545,562.0,854.0,147,6.11254915177155,7.6978003018520855
1000020100,7,-517638484#7,717.32,0.0,717.32,717.32,1.0,856.0,1584.0,365,1.8196859438478188,7.3735050774398285
1000020100,8,-517638484#5,171.83,0.0,171.83,171.83,1.0,1586.0,1772.0,94,3.637699451321779,8.437619282979826
1000020100,9,-517638484#4,185.9,0.0,185.9,185.9,1.0,1774.0,1962.0,95,3.6294244030093505,6.555462816327073
1000020100,10,-517638484#3,17.58,0.0,17.58,17.58,1.0,1964.0,1994.0,16,3.9383464298733077,7.197482450935685
1000020100,11,-517638484#1,44.58,0.0,44.58,44.58,1.0,1996.0,2050.0,28,3.556979000529934,6.004367130411974
1000020100,12,-517638484#0,56.33,0.0,56.33,56.33,1.0,2052.0,2124.2119096098227,38,3.9184886886026495,10.840762522644479
1000021200,0,-820363545#1,23.53,6.507155778519777,23.53,17.022844221480224,0.7234527930930822,0.0,24.0,13,2.503738768288986,8.104806180308417
1000021200,1,-820363545#0,21.31,0.0,21.31,21.31,1.0,26.0,54.0,15,1.766450688010661,7.177502925156284
1000021200,2,-820363544,11.42,0.21817885743558385,11.42,11.201821142564416,0.9808950212403167,56.0,66.0,6,0.4444599128272375,0.5796665373030193
1000021200,3,-183521104#5,2526.74,0.48835716216315395,2526.74,2526.2516428378367,0.9998067244108365,68.0,2620.0,1277,1.1194000110218318,5.3421775398780325
1000021200,4,-183521104#4,45.72,0.0,45.72,45.72,1.0,2622.0,2674.0,27,4.479456633583069,6.8788931005740315
1000021200,5,-183521104#3,75.66,0.0,75.66,75.66,1.0,2676.0,2758.0,42,1.0547024435119166,4.159801358023316
1000021200,6,-183521104#2,436.17,0.0,436.17,436.17,1.0,2760.0,3194.0,218,2.4993108679831972,7.117468383727506
1000021200,7,-183521104#1,73.93,0.0,73.93,73.93,1.0,3196.0,3272.0,39,0.5771885702770769,1.3347301362621344
1000021200,8,-183521104#0,108.64,0.0,108.64,108.64,1.0,3274.0,3384.0,56,0.7417759961706923,2.727102049667594
1000021200,9,-1175046337#5,279.24,0.28332944777308744,279.24,278.9566705522269,0.9989853550788816,3386.0,3668.0,142,0.920781339416268,2.613690902811852
1000021200,10,-1175046337#4,366.06,0.0,366.06,366.06,1.0,3670.0,4042.0,187,1.1523978468808045,3.285487779861403
1000021200,11,-1175046337#3,54.05,0.0,54.05,54.05,1.0,4044.0,4110.0,34,2.586384807775912,8.753786389818288
1000021200,12,-1175046337#2,39.85,0.0,39.85,39.85,1.0,4112.0,4158.0,24,1.5862146214036539,6.820303565156182
1000021200,13,-1175046337#1,193.24,0.0,193.24,193.24,1.0,4160.0,4354.0,98,1.6152580211904386,2.783669329624745
1000021200,14,-1175046337#0,11.9,0.0,11.9,11.9,1.0,4356.0,4368.0,7,0.31920057227546245,0.8866392005080005
1000021200,15,-183521103,50.89,0.0,50.89,50.89,1.0,4370.0,4658.0,26,0.214736861487178,0.46632734220440414
1000021200,16,-37400956#2,13.16,0.8892201725060276,13.16,12.270779827493973,0.9324300780770496,4422.0,4440.0,10,1.5466801485931587,6.445897173810498
1000021200,17,-37400956#1,668.93,0.0,668.93,668.93,1.0,4398.0,5110.0,335,1.2295646394749997,4.912085788229706
1000021200,18,-37400956#0,172.85,0.0,172.85,172.85,1.0,5112.0,5288.0,89,1.8370992287525647,4.847034059426921
1000021200,19,-37399902#1,75.23,0.0,2.6595510709450627,2.6595510709450627,0.03535226732613402,5290.0,5295.28938544651,4,1.6284822248710726,3.457950907718447
1000021700,0,628897988,18.15,3.6646494768128566,11.968246671936143,8.303597195123286,0.4574984680508698,0.0,18.0,10,4.97617058682283,11.18342790481856
1000021700,1,1471625093,24.85,0.0,24.85,24.85,1.0,20.0,52.0,17,1.0480471397244016,3.7501110718200956
1000021700,2,1471625096,30.3,0.0,30.3,30.3,1.0,54.0,88.0,18,2.411090577264809,3.701204909723986
1000021700,3,86165653#0,98.2,0.0,98.2,98.2,1.0,90.0,198.0,55,4.35132973827526,10.492648863258108
1000021700,4,86165653#1,101.05,0.0,101.05,101.05,1.0,200.0,310.0,56,5.038956270212033,10.494247961763953
1000021700,5,629055196,51.86,0.0,51.86,51.86,1.0,312.0,370.0,30,3.35912992417931,6.870895021372789
1000021700,6,629055191#1,43.18,0.0,43.18,43.18,1.0,372.0,414.0,22,2.653270757328465,3.985407425968432
1000021700,7,37930346-AddedOnRampEdge,51.01,0.0,51.01,51.01,1.0,416.0,470.0,28,0.9155778195409008,3.970280239577821
1000021700,8,37930346,762.48,0.0,762.48,762.48,1.0,472.0,1240.0,385,0.9456924538629901,3.532913985408392
1000021700,9,37401438,162.82,0.0,162.82,162.82,1.0,1242.0,1410.0,85,2.2017895660724367,4.091241036505085
1000021700,10,-517329808#25,31.63,0.0,31.63,31.63,1.0,1412.0,1452.0,21,3.9317702742879237,7.636989193188681
1000021700,11,-517329808#24,54.28,0.0,54.28,54.28,1.0,1454.0,1518.0,33,4.274372532439556,8.238546448319635
1000021700,12,-517329808#23,4.27,0.0,4.27,4.27,1.0,1520.0,1532.0,7,5.195726328628333,8.15333480033065
1000021700,13,-517329808#22,60.42,0.0,60.42,60.42,1.0,1534.0,1604.0,36,4.498462670189209,6.775063683800683
1000021700,14,-517329808#21,5.76,0.0,5.76,5.76,1.0,1606.0,1616.0,6,4.760130986688341,5.528514686025871
1000021700,15,-517329808#20,13.05,0.0,13.05,13.05,1.0,1618.0,1636.0,10,4.539340124389584,5.210508955772806
1000021700,16,-517329808#19,61.5,0.0,61.5,61.5,1.0,1638.0,1710.0,37,4.0398879128594745,6.935975671990265
1000021700,17,-517329808#18,28.36,0.0,28.36,28.36,1.0,1712.0,1750.0,20,4.141389871971221,7.2967788432989735
1000021700,18,-517329808#17,44.58,0.0,44.58,44.58,1.0,1752.0,1806.0,28,4.311299595404925,6.799407320759154
1000021700,19,-517329808#16,81.18,0.0,81.18,81.18,1.0,1808.0,1902.0,48,4.669376160856721,8.095416110028754
1000021700,20,-517329808#15,56.93,0.0,56.93,56.93,1.0,1904.0,1974.0,36,5.196108628253881,8.905901323434882
1000021700,21,-517329808#14,8.77,0.0,8.77,8.77,1.0,1976.0,1992.0,9,2.815697412501822,4.58762282523198
1000021700,22,-517329808#13,158.85,0.0,158.85,158.85,1.0,1994.0,2160.0,84,3.050118925494388,6.339428110282586
1000021700,23,-517329808#12,6.59,0.0,6.59,6.59,1.0,2162.0,2176.0,8,5.240869735475016,6.817818134103959
1000021700,24,-517329808#11,3.8,0.0,3.8,3.8,1.0,2178.0,2196.0,10,5.122699979415364,8.395125631624637
1000021700,25,-517329808#10,40.04,0.0,40.04,40.04,1.0,2198.0,2246.0,25,4.577135261913254,6.332572377378386
1000021700,26,-517329808#9,97.73,0.0,97.73,97.73,1.0,2248.0,2352.0,53,5.302685878922335,6.501224778529965
1000021700,27,-517329808#8,72.98,0.0,72.98,72.98,1.0,2354.0,2436.0,42,4.914174724575652,7.229106295665552
1000021700,28,-517329808#7,32.22,0.0,32.22,32.22,1.0,2438.0,2480.0,22,4.993911683686858,7.699140945414669
1000021700,29,-517329808#6,54.49,0.0,54.49,54.49,1.0,2482.0,2550.0,35,5.179049632340212,9.008942805665447
1000021700,30,-517329808#5,81.06,0.0,81.06,81.06,1.0,2552.0,2648.0,49,4.867170314886186,9.768413621491229
1000021700,31,-517329808#3,48.19,0.0,48.19,48.19,1.0,2650.0,2712.0,32,5.553538982028233,9.218822612111754
1000021700,32,-517329808#2,2.35,0.0,2.35,2.35,1.0,2714.0,2726.0,7,7.183746378661887,8.89887844727063
1000021700,33,-517329808#1,85.72,0.0,85.72,85.72,1.0,2728.0,2830.0,52,7.649069415614,15.1544356762296
1000021700,34,-517329803#3,199.54,0.0,199.54,199.54,1.0,2832.0,3050.0,110,6.8832180796941715,13.898544725044951
1000021700,35,-517329803#2,18.86,0.0,18.86,18.86,1.0,3052.0,3090.0,20,8.747978753627638,12.95497100360833
1000021700,36,-517329803#1,0.2,0.0,0.2,0.2,1.0,3092.0,3106.0,8,7.93376818357739,11.411548587751385
1000021700,37,-517329803#0,50.97,0.0,50.97,50.97,1.0,3108.0,3169.6782759253306,32,4.466184083920053,8.574360993754695
1005002700,0,518807030,76.18,66.96571611901862,76.18,9.214283880981384,0.1209541071276107,0.0,8.0,5,1.254670608529342,1.709697598962696
1005002700,1,183521262,408.92,0.13021722011811265,408.5429021303678,408.41268491024965,0.9987593781430344,10.0,416.0,204,2.9980717694771513,4.877871635232478
1005002700,2,1455063483,98.01,0.0,95.34638183166109,95.34638183166109,0.972822995935732,418.0,512.0,48,2.4588313913151607,2.826206848007887
1005002700,3,183521250,67.2,0.0,15.007684214510787,15.007684214510787,0.22332863414450574,514.0,527.5043557863182,8,1.5843753732997756,1.6016772795073537
1005003300,0,1389567234#16,130.92,80.25046644448645,130.92,50.66953355551354,0.38702668465867357,0.0,50.0,26,1.6849316304129998,2.523012341425932
1005003300,1,801428773#0,47.18,0.0,47.18,47.18,1.0,52.0,108.0,29,2.400026909473146,8.167701477723497
1005003300,2,801428773#1,20.98,0.0,20.98,20.98,1.0,110.0,144.0,18,2.599767354891878,7.505287939267941
1005003300,3,219095464#0,39.5,0.0,39.5,39.5,1.0,146.0,196.0,26,3.1489583427518664,6.418983270326845
1005003300,4,219095464#1,47.96,0.0,47.96,47.96,1.0,198.0,258.0,31,4.723290353816257,7.873359459638015
1005003300,5,219095464#2,1.31,0.0,1.31,1.31,1.0,260.0,268.0,5,5.889902219010313,7.840629077662271
1005003300,6,219095464#3,110.03,0.0,110.03,110.03,1.0,270.0,390.0,61,2.349797037232551,8.005046234374083
1005003300,7,219095464#4,17.65,0.0,14.248139042729276,14.248139042729276,0.8072600024209222,392.0,413.20747553837,12,3.264740075107419,8.183445012873767
1005003400,0,399174157#1,1551.01,162.95338961138182,560.2673568623608,397.313967250979,0.25616467156947986,0.0,395.99995862425163,199,1.2107656972801029,3.423612324626051
1005003500,0,219095464#4,17.65,12.248139042729276,17.65,5.401860957270722,0.3060544451711458,0.0,18.0,10,6.409165919869688,13.808333983448717
1005003500,1,183521171#0,92.01,0.0,92.01,92.01,1.0,20.0,128.0,55,3.402944262290494,13.45867804872213
1005003500,2,183521171#2,0.2,0.0,0.2,0.2,1.0,130.0,130.0,1,4.67941938251635,4.67941938251635
1005003500,3,183521171#2-AddedOffRampEdge,92.69,0.0,92.69,92.69,1.0,132.0,230.0,50,0.7808619505764277,3.490614826963388
1005003500,4,539135850,244.13,0.0,244.13,244.13,1.0,232.0,476.0,123,3.0491807872418364,4.484517045847159
1005003500,5,539135854#0,51.58,0.5613693059523377,51.58,51.01863069404766,0.9891165314859958,478.0,548.0,36,5.957591488287581,20.012925019239574
1005003500,6,539135854#1,31.0,0.0,31.0,31.0,1.0,550.0,618.0,35,8.975517029844687,20.323586916081148
1005003500,7,539135854#4,15.28,0.0,15.28,15.28,1.0,620.0,665.5420045067441,24,10.283267174792922,19.31130945700151
1005003600,0,399174157#0,675.52,191.60178796864832,675.52,483.9182120313517,0.7163640040729389,0.0,504.0,253,4.436568228576134,17.813752913960933
1005003600,1,399174157#1,1551.01,0.0,164.95338961138182,164.95338961138182,0.1063522411921147,506.0,688.7508994832162,93,1.9579648914994041,18.74371761902671
1005003700,0,539136614,28.96,22.433429091698375,28.96,6.5265709083016255,0.2253650175518517,0.0,28.0,15,8.29829984993942,19.210487116818076
1005003700,1,573169791#0,24.55,2.7398417757975335,24.55,21.810158224202468,0.8883974836742349,30.0,52.0,12,9.024565193412197,9.111465719281416
1005003700,2,573169791#1,18.44,0.0,18.44,18.44,1.0,54.0,78.0,13,9.099642825202421,10.301369027329967
1005003700,3,573169791#2,49.13,0.0,49.13,49.13,1.0,80.0,136.0,29,12.92981662061764,14.648948844654944
1005003700,4,573169791#3,174.32,0.0,174.32,174.32,1.0,138.0,330.0,97,4.2100138426237415,14.52161951958441
1005003700,5,573169791#5,39.9,0.0,39.9,39.9,1.0,332.0,388.0,29,3.611951226834025,13.053720163283371
1005003700,6,183272440#0,33.84,0.0,33.84,33.84,1.0,390.0,432.0,22,5.077264030264179,6.5534397489156015
1005003700,7,183272440#1,43.64,0.0,43.64,43.64,1.0,434.0,486.0,27,1.5681175609132778,7.252169307380354
1005003700,8,183272440#2,76.37,0.0,76.37,76.37,1.0,488.0,574.7795910897995,45,3.479929136320713,10.129141929503392
1005003800,0,183521096,840.14,570.215888677779,839.5789484374422,269.3630597596632,0.32061687309217896,0.0,266.0,134,4.125874919282213,5.647563360488368
1005003800,1,183272304,290.81,0.0,290.81,290.81,1.0,268.0,586.0,160,5.766437807623886,26.161920770116147
1005003800,2,399174157#0,675.52,0.0,193.60178796864832,193.60178796864832,0.2865966780682265,588.0,806.290254144251,111,3.020922425588165,26.34376311424402
1005003900,0,1534267661,30.33,23.347780676894388,30.33,6.98221932310561,0.23020835222900135,0.0,8.0,5,3.0665751324442,3.296950343225524
1005003900,1,183272408#0,62.66,0.0,62.66,62.66,1.0,10.0,82.0,37,2.0121781550496225,7.202882163247661
1005003900,2,183272408#1,24.81,0.0,24.81,24.81,1.0,84.0,122.0,20,4.443561072805454,8.124486459403581
1005003900,3,183272408#2,22.05,0.0,22.05,22.05,1.0,124.0,158.0,18,4.540716220390433,7.2660456424499
1005003900,4,183272408#3,0.36,0.0,0.36,0.36,1.0,160.0,172.0,7,4.46225791924305,7.0998534399519535
1005003900,5,183272408#4,1.61,0.0,1.61,1.61,1.0,174.0,180.0,4,4.135218013687506,5.077786611646751
1005003900,6,183272408#5,3.61,0.0,3.61,3.61,1.0,182.0,192.0,6,4.133182269493246,5.3690299705911135
1005003900,7,183272408#6-AddedOnRampEdge,96.0,0.0,96.0,96.0,1.0,194.0,300.0,54,0.9501112888723947,6.515228302123468
1005003900,8,183272408#6,34.9,0.0,34.9,34.9,1.0,302.0,346.0,23,3.344794066068464,7.9240515067275625
1005003900,9,183272408#7,68.88,0.0,68.88,68.88,1.0,348.0,428.0,41,4.029789612981811,6.993865761054987
1005003900,10,183272408#8,37.92,0.0,37.92,37.92,1.0,430.0,478.0,25,2.0499867659527053,7.189664649875382
1005003900,11,800890968,46.21,1.0276876479351418,46.21,45.18231235206486,0.9777604923623644,480.0,524.0,23,2.5212896154867077,3.9088157139987354
1005003900,12,1026941327,82.59,0.25882211890855067,82.28478804444427,82.02596592553571,0.993170673514175,526.0,606.0,41,2.422670027896121,2.579233628121784
1005003900,13,1414379206,275.83,0.0,105.56659833933932,105.56659833933932,0.3827234105765846,608.0,711.8041228926065,53,0.8186061932104158,2.549585624667683
1005004000,0,183521095#1,290.67,168.1925810599214,290.19816260102556,122.00558154110416,0.41973915966939884,0.0,120.0,61,3.272596689645453,3.4364225106615565
1005004000,1,183521096,840.14,0.0,572.215888677779,572.215888677779,0.681095875303853,122.0,692.6149399857923,287,4.656345160865246,6.142880957689856
1005004100,0,535711085#2,11.05,0.0,11.05,11.05,1.0,0.0,20.0,11,4.577562832014618,6.5311610955281445
1005004100,1,535711085#3,55.44,0.0,55.44,55.44,1.0,22.0,88.0,34,6.079720953787304,9.522497476177369
1005004100,2,535711085#4,190.2,0.0,190.2,190.2,1.0,90.0,288.0,100,6.021740606374393,9.652178585661376
1005004100,3,535711085#5,0.2,0.0,0.2,0.2,1.0,290.0,294.0,3,4.7226894637358265,5.393170988599723
1005004100,4,535711085#6,0.2,0.0,0.2,0.2,1.0,296.0,310.0,8,5.890612863499181,9.654862890977668
1005004100,5,535711085#7,111.48,0.0,111.48,111.48,1.0,312.0,438.0,64,3.379428881179545,9.698409775543167
1005004100,6,535711085#8,66.76,0.0,66.76,66.76,1.0,440.0,520.0,41,2.031898597453109,7.245441100925173
1005004100,7,535711085#9,22.29,0.0,22.29,22.29,1.0,522.0,556.0,18,2.010526589554501,6.130476532785323
1005004100,8,535711085#10,66.66,0.0,66.66,66.66,1.0,558.0,634.0,39,0.6942357832096112,6.897320205849459
1005004100,9,535711085#11,4.19,0.0,4.19,4.19,1.0,636.0,648.0,7,2.131108111231739,5.602435443698055
1005004100,10,535711085#12,6.19,0.0,6.19,6.19,1.0,650.0,672.0,12,3.708292461197098,10.508689620301457
1005004100,11,535711085#13,165.37,0.0,165.37,165.37,1.0,674.0,858.0,93,2.7372033786804866,11.776481854172108
1005004100,12,535711085#14,23.57,0.0,23.57,23.57,1.0,860.0,896.0,19,4.1928896812395955,7.162759985218358
1005004100,13,535711085#15,31.13,0.0,31.13,31.13,1.0,898.0,940.0,22,4.271382399022392,7.4713388063894115
1005004100,14,535711085#17,5.89,0.0,5.89,5.89,1.0,942.0,962.9750554848662,12,6.376635123109907,11.82321099971034
1005004200,0,183521095#0,1528.28,750.3691935750757,1528.28,777.9108064249243,0.5090106567022563,0.0,792.0,397,3.7996406600017996,15.084753568640073
1005004200,1,183521095#1,290.67,0.0,170.1925810599214,170.1925810599214,0.5855182201806908,794.0,979.0535578015554,94,2.5632176088155725,15.905396004846919
1005004300,0,219054275#1,118.51,0.0,118.51,118.51,1.0,0.0,136.0,69,6.354613861058842,12.942367684702916
1005004300,1,219054275#2,29.33,0.0,29.33,29.33,1.0,138.0,176.0,20,7.648005387517536,9.902723051894117
1005004300,2,219054275#3,0.2,0.0,0.2,0.2,1.0,178.0,184.0,4,8.325462292198829,9.325144005719078
1005004300,3,219054275#4,9.86,0.0,9.86,9.86,1.0,186.0,208.0,12,8.252887389819714,10.023201411066127
1005004300,4,219054275#5,65.86,0.0,65.86,65.86,1.0,210.0,290.0,41,8.054764353955044,10.22267287412097
1005004300,5,219054275#6,16.26,0.0,16.26,16.26,1.0,292.0,322.0,16,6.27069490796945,9.405132490907365
1005004300,6,219054275#7,30.5,0.0,30.5,30.5,1.0,324.0,364.0,21,4.0758385993902175,8.009811548990813
1005004300,7,219054275#9,11.19,0.0,11.19,11.19,1.0,366.0,388.0,12,3.3080766192542925,6.266578153372583
1005004300,8,518807022#0,13.38,0.0,3.12822826023541,3.12822826023541,0.23379882363493348,390.0,399.2988000649739,6,3.5780400186978034,7.37465039102581
1005004400,0,183521095#0,1528.28,350.89401954928167,752.3691935750757,401.475174025794,0.262697394473391,0.0,399.31758817337607,201,3.3041965693470137,4.727039656063322
1050003200,0,400120973#3,699.5,698.4987979770278,699.5,1.0012020229721657,0.001431310969223968,0.0,22.0,12,19.250344829640415,30.248554570383956
1050003200,1,399174158,1086.14,0.0,945.6657455659945,945.6657455659945,0.8706665306185155,24.0,996.1096852085519,488,3.1048550454575268,29.235087540732493
1050003600,0,183272339,824.79,678.2598498057749,824.79,146.53015019422503,0.177657525181228,0.0,146.0,74,0.8221143582858251,2.1860094507126684
1050003600,1,183272350#0,101.01,0.6274233574342507,101.01,100.38257664256575,0.9937885025499035,148.0,250.0,52,0.9597912443297957,3.0756990043593704
1050003600,2,183272350#1,91.12,0.5247642255861389,90.51719756647289,89.99243334088675,0.9876254756462549,252.0,340.0,45,3.0091668672115,3.5839639550536657
1050003600,3,183272352-AddedOnRampEdge,3.19,0.0,3.19,3.19,1.0,342.0,348.0,4,2.7447724841107783,3.709809970431887
1050003600,4,183272352,389.6,0.0,389.6,389.6,1.0,350.0,746.0,199,0.9251320735469449,4.140348166728217
1050003600,5,183521062#0-AddedOnRampEdge,94.55,1.3647024096555578,94.55,93.18529759034443,0.9855663415160701,748.0,842.0,48,4.350544177262325,4.556770013319081
1050003600,6,183521062#0,749.77,0.0,749.77,749.77,1.0,844.0,1602.0,380,1.678638980628877,4.820512178980834
1050003600,7,183521062#0-AddedOffRampEdge,94.21,0.0,93.92041360585341,93.92041360585341,0.99692616076694,1604.0,1700.0,49,3.2212965264857156,3.980159914032169
1050003600,8,183521062#1,256.85,0.0,256.85,256.85,1.0,1702.0,1962.0,131,0.6593184399604886,2.9891647969478004
1050003600,9,183521062#2-AddedOnRampEdge,98.98,0.0,98.44438178780074,98.44438178780074,0.9945886218205772,1964.0,2062.0,50,1.3410760731575035,1.969860987456603
1050003600,10,183521062#2,27.93,0.0,27.93,27.93,1.0,2064.0,2094.0,16,1.0569657996131618,2.5404357109427544
1050003600,11,183521062#3,1286.2,0.6889686850060195,625.074179633412,624.385210948406,0.4854495497966148,2096.0,2719.9408603764705,313,1.6954136215868343,4.464234136776619
1050020300,0,183272437#1,0.89,0.0,0.89,0.89,1.0,0.0,6.0,4,10.660124991791136,12.638543064303626
1050020300,1,183272540#0,24.63,0.0,24.63,24.63,1.0,8.0,48.0,21,3.6758334923450673,14.037166467873543
1050020300,2,183272540#1-AddedOnRampEdge,94.08,0.0,94.08,94.08,1.0,50.0,148.0,50,1.2791971312320471,3.867262347520181
1050020300,3,183272540#1,159.06,0.0,159.06,159.06,1.0,150.0,318.0,85,1.379649084895278,6.841496119595197
1050020300,4,183272540#2,20.65,0.0,20.65,20.65,1.0,320.0,350.0,16,1.1242644844950969,5.7404365506704185
1050020300,5,183272560,46.03,0.0,46.03,46.03,1.0,352.0,406.0,28,3.1924505513057393,4.2506231487922825
1050020300,6,-37402268#5,159.91,0.0,159.91,159.91,1.0,408.0,576.0,85,0.8022909968545063,5.953117790820207
1050020300,7,-37402268#4,84.08,0.0,84.08,84.08,1.0,578.0,674.0,49,2.1465503547956106,6.795324023012032
1050020300,8,-37402268#3,219.94,0.0,219.94,219.94,1.0,676.0,906.0,116,0.5507418870516061,6.772858719112175
1050020300,9,-37402268#2,143.15,0.0,143.15,143.15,1.0,908.0,1060.0,77,0.7063696491499081,5.011170690783289
1050020300,10,-37402268#0,0.2,0.0,0.2,0.2,1.0,1062.0,1068.0,4,3.5694593430751067,4.509732439921941
1050020300,11,183895350#0,0.2,0.0,0.2,0.2,1.0,1070.0,1075.9015944404962,4,2.6431580348966173,3.5071024174890066
1050021500,0,218799087#15,46.64,0.0,46.64,46.64,1.0,0.0,56.0,29,4.01919356152946,6.633740669038809
1050021500,1,218799087#17,18.86,0.0,18.86,18.86,1.0,58.0,86.0,15,3.067292564082057,8.197018003311907
1050021500,2,218799087#18,34.24,0.0,34.24,34.24,1.0,88.0,126.0,20,2.37749557616183,3.755741415452548
1050021500,3,218799087#19,9.21,0.0,9.21,9.21,1.0,128.0,146.0,10,3.560936363723993,7.325469332585848
1050021500,4,218799087#20,32.06,0.0,32.06,32.06,1.0,148.0,198.0,26,3.80803833917187,13.303698518168234
1050021500,5,480014976#0,4.46,0.0,4.46,4.46,1.0,200.0,222.0,12,6.296571108433663,11.48970834215926
1050021500,6,480014976#1,74.2,0.0,74.2,74.2,1.0,224.0,310.0,44,4.458931764176644,7.217549700940657
1050021500,7,480014976#2,5.26,0.0,5.26,5.26,1.0,312.0,328.0,9,4.122907813722614,6.918992707279513
1050021500,8,480014976#3,20.6,0.0,20.6,20.6,1.0,330.0,362.0,17,3.735821584786552,9.011475281487728
1050021500,9,480014976#4,39.91,0.0,39.91,39.91,1.0,364.0,412.0,25,4.237866483919329,8.015374405573535
1050021500,10,480014976#5,5.38,0.0,5.38,5.38,1.0,414.0,422.0,5,3.9745857171035865,4.689586461501134
1050021500,11,37396914#0,6.97,0.0,1.0,1.0,0.14347202295552366,424.0,430.3017760018645,5,3.5134312124446425,4.113191095246996
1050021700,0,218838668#2,47.9,46.89684958324628,47.9,1.0031504167537193,0.020942597427008755,0.0,10.0,6,3.768178274508149,7.5815766763291625
1050021700,1,-801008456#2,19.45,0.0,19.45,19.45,1.0,12.0,36.0,13,4.481101602261807,5.480669093920461
1050021700,2,-801008456#1,25.06,0.0,25.06,25.06,1.0,38.0,72.0,18,4.280978002876311,6.013067308204387
1050021700,3,-801008456#0,11.48,0.0,11.48,11.48,1.0,74.0,96.0,12,4.455242450471378,8.004106568737454
1050021700,4,-37401478,98.38,0.0,98.38,98.38,1.0,98.0,206.0,55,2.7851418036334,7.098383221111284
1050021700,5,1416455118#0,3.64,0.0,3.64,3.64,1.0,208.0,216.0,5,1.8326977213887858,2.68131696164831
1050021700,6,1416455119,34.75,3.644126836617964,34.75,31.105873163382036,0.8951330406728644,218.0,252.0,18,8.017137662559316,16.889357530729434
1050021700,7,-481393629,15.43,4.246111480199857,15.43,11.183888519800142,0.7248145508619664,254.0,288.4371627493925,19,13.798604730545357,20.076767964236016
1050021900,0,37401320#19,8.37,7.3711707663852515,8.37,0.9988292336147477,0.11933443651311204,0.0,10.0,6,6.217336271207606,10.415818682427991
1050021900,1,-1416455165#6,1.59,0.0,1.59,1.59,1.0,12.0,26.0,8,5.196239152146816,9.260132738629869
1050021900,2,-1416455165#5,62.94,0.0,62.94,62.94,1.0,28.0,98.0,36,3.316285253380077,5.09516815277244
1050021900,3,-1416455165#4,15.7,0.0,15.7,15.7,1.0,100.0,124.0,13,3.867666159067646,5.506567113300071
1050021900,4,-1416455165#3,8.92,0.0,8.92,8.92,1.0,126.0,144.0,10,4.487922092454822,6.974836884219894
1050021900,5,-1416455165#2,51.14,0.0,51.14,51.14,1.0,146.0,208.0,32,4.116253989250296,7.2972463052893435
1050021900,6,-1416455165#1,5.8,0.0,5.8,5.8,1.0,210.0,226.0,9,5.316536527882392,8.352411727876545
1050021900,7,-1416455165#0,13.81,0.0,13.81,13.81,1.0,228.0,254.0,14,5.0633170243124805,7.690148068059883
1050021900,8,-481393629,15.43,0.0,14.825197678914328,14.825197678914328,0.9608034788667744,256.0,278.36256515531113,13,5.16683688592578,9.374396755640527
1060006800,0,183521097#1,1445.99,1362.779247396114,1445.1112200552425,82.3319726591285,0.056938134191196685,0.0,80.0,41,2.2855239978335686,3.0610529089158245
1060006800,1,183521099,413.15,0.0,413.15,413.15,1.0,82.0,514.0,217,1.749064663886704,18.7493178821321
1060006800,2,183521100,390.64,0.0,390.64,390.64,1.0,516.0,924.0,205,1.524397908342961,18.05861975507947
1060006800,3,183272297#0,1258.81,0.005570638015762297,1258.81,1258.8044293619841,0.999995574679248,926.0,2182.0,629,1.9742164791704688,4.331725736246382
1060006800,4,183272297#1,257.75,0.5216942846364754,257.25840204962685,256.7367077649904,0.9960687013190704,2184.0,2438.0,128,3.164457488167314,5.129509005956119
1060006800,5,1414379213,260.12,0.0,260.12,260.12,1.0,2440.0,2702.0,132,1.7768673532698496,2.5180859347042546
1060006800,6,169728820#0,86.97,0.0,47.315472521172836,47.315472521172836,0.5440436072343663,2704.0,2749.6521491549092,24,1.593107824508463,2.4183898484889315
1070000100,0,183521095#1,290.67,0.0,290.67,290.67,1.0,0.0,290.0,146,2.210194362074022,3.1283208393307205
1070000100,1,183521096,840.14,0.1427835462883893,840.14,839.9972164537116,0.9998300479130998,292.0,1132.0,421,1.1395258437247844,3.108776973790271
1070000100,2,183272304,290.81,0.638783195878587,277.9059292251289,277.2671460292503,0.9534305767657587,1134.0,1412.4281310516803,141,1.5901718469402473,9.383834666402889
1070000200,0,1026944504,31.29,8.87632321997264,30.609355805205293,21.733032585232653,0.6945679956929579,0.0,22.0,12,2.755358046833203,4.748940379523842
1070000200,1,204782620,334.98,0.0,334.98,334.98,1.0,24.0,360.0,169,3.3148879320855023,5.375998986583225
1070000200,2,183272300,726.56,0.6488597237228693,726.56,725.911140276277,0.999106942683711,362.0,1090.0,365,3.435018727376586,6.054268447291025
1070000200,3,183521097#0,357.03,0.6418428459664272,338.8336016251379,338.19175877917144,0.947236251237071,1092.0,1428.2388140793823,170,3.4152044279254294,3.9677384185909386
1070000300,0,400120973#1-AddedOnRampEdge,94.51,57.935066398118984,94.51,36.57493360188102,0.3869953825191093,0.0,38.0,20,7.095187545109819,7.443268811906704
1070000300,1,400120973#1,11.4,0.0,11.4,11.4,1.0,40.0,66.0,14,6.809052908712444,12.264797198304931
1070000300,2,400120973#2,2512.29,0.0,2449.3379478221786,2449.3379478221786,0.9749423624749446,68.0,2531.1463415374997,1233,1.839585419106132,10.564193738574664
1070000400,0,399174157#1,1551.01,89.8519075822918,1551.01,1461.1580924177083,0.9420687760992568,0.0,1466.0,734,2.8174203234180286,7.898629372044327
1070000400,1,218655246,895.53,0.10207777556308639,895.53,895.4279222244369,0.9998860141195012,1468.0,2366.0,450,1.7290806273448662,4.263481922452792
1070000400,2,37930423#0,64.27,0.0,64.27,64.27,1.0,2368.0,2460.0,47,5.537341669557317,25.210126608655365
1070000400,3,37930423#1,63.25,0.0,30.73716939738746,30.73716939738746,0.485963152527865,2462.0,2515.4886796758565,28,5.675963718563554,23.76919881268767
1070000500,0,400120973#2,2512.29,2447.3379478221786,2512.29,64.95205217782132,0.025853723964120907,0.0,74.0,38,1.2666701524390707,10.308143473287297
1070000500,1,400120973#3,699.5,0.0,699.5,699.5,1.0,76.0,795.2365455417923,361,2.6605283510536806,11.447605664627607
1070000600,0,399174157#0,675.52,0.0,675.52,675.52,1.0,0.0,700.0,351,2.3505833582667246,18.289108860074965
1070000600,1,399174157#1,1551.01,0.0,91.8519075822918,91.8519075822918,0.059220706238058946,702.0,808.7221748091143,55,5.855293582988456,19.070893516915536
1070001300,0,203924742,130.54,0.0,130.54,130.54,1.0,0.0,138.0,70,1.1758640442663615,3.877314702298295
1070001300,1,400120973#0,607.56,0.0,607.56,607.56,1.0,140.0,754.0,308,1.763205171662081,4.756004381277002
1070001300,2,400120973#1-AddedOnRampEdge,94.51,1.2526653986584386,59.935066398118984,58.68240099946055,0.6209120833717124,756.0,812.6812015136559,30,6.14642773176701,7.112096199707264
1070001400,0,37930423#1,63.25,28.73716939738746,63.25,34.51283060261254,0.5456574008318188,0.0,36.0,19,0.8063860710102365,2.6552384638615565
1070001400,1,37930423#1-AddedOffRampEdge,94.62,0.0,94.62,94.62,1.0,38.0,138.0,51,0.2919296904223276,3.5795286038951972
1070001400,2,37930423#2,544.12,0.0,544.12,544.12,1.0,140.0,684.0,273,1.2382819130556302,2.243626680960236
1070001400,3,400120971,136.63,0.5566932680055265,136.63,136.07330673199448,0.9959255414769412,686.0,820.2958586129151,69,3.9515883076483185,6.783143282850362
1070001500,0,183521095#0,1528.28,66.85473663442014,1528.28,1461.42526336558,0.956254916223192,0.0,1476.0,739,1.4920941183496303,15.35269037843918
1070001500,1,183521095#1,290.67,0.0,1.0339401081845905,1.0339401081845905,0.0035570926073712128,1478.0,1494.0928675323496,10,8.483539187899607,16.42856522134263
1070001600,0,1414379206,275.83,255.5984216901918,275.83,20.231578309808185,0.07334799807783123,0.0,20.0,11,1.7900741222810268,2.531240706516829
1070001600,1,183521097#1-AddedOnRampEdge,94.43,0.0,94.43,94.43,1.0,22.0,120.0,50,2.4555078828793184,4.018333636371888
1070001600,2,183521097#1,1445.99,0.0,1364.779247396114,1364.779247396114,0.9438372654002545,122.0,1488.9448502589748,685,3.6048229873948974,6.191547156454671
1070002500,0,183895353#2,34.49,33.48148748393638,34.49,1.0085125160636252,0.02924072241413816,0.0,8.0,5,7.633715751676627,9.534906592898972
1070002500,1,218769245#0,104.16,0.0,104.16,104.16,1.0,10.0,126.0,59,0.9482094927273577,6.301780203745481
1070002500,2,218769245#1,90.77,0.0,90.77,90.77,1.0,128.0,232.0,53,1.2604390422092846,7.0858488045396015
1070002500,3,218769245#2,78.2,0.0,78.2,78.2,1.0,234.0,324.0,46,2.4461689744995074,6.521671775156761
1070002500,4,218769245#3,79.88,0.0,79.88,79.88,1.0,326.0,420.0,48,2.9805016433156033,7.552339648679439
1070002500,5,1454595852,87.68,0.0,87.68,87.68,1.0,422.0,522.0,51,2.498831010028009,7.102824150820645
1070002500,6,1454595851,70.59,0.0,70.59,70.59,1.0,524.0,606.0,42,2.536356518258758,6.242671622466376
1070002500,7,1454595850,78.41,0.0,78.41,78.41,1.0,608.0,700.0,47,1.5344796451366118,7.236896911794163
1070002500,8,1454595849,98.97,0.0,98.97,98.97,1.0,702.0,816.0,58,1.1238606839522614,8.955612055331923
1070002500,9,913943264,11.92,0.0,3.9597972903560934,3.9597972903560934,0.33219775925806155,818.0,845.1434762255312,15,10.9221343147183,20.662824487007917
1070002700,0,629928374#1,139.4,105.6578701500787,139.4,33.74212984992131,0.24205258141980854,0.0,34.0,18,28.798442793807126,29.21806078150594
1070002700,1,629928374#2,565.31,0.0,565.31,565.31,1.0,36.0,604.0,285,30.012467732958548,31.686064314995633
1070002700,2,629928374#3,27.22,0.0,27.22,27.22,1.0,606.0,638.0,17,31.349411003006338,31.886838691233038
1070002700,3,629928374#4,164.23,0.0,162.318010607071,162.318010607071,0.9883578554896851,640.0,792.0,77,32.226807853998764,37.20212149550924
1070002700,4,629928374#5,32.63,4.366913707046339,32.63,28.263086292953663,0.8661687494009703,794.0,814.7439828891441,12,36.983027118613414,38.10860130281972
1070003500,0,518702967#2,111.26,110.25420019973475,111.26,1.005799800265251,0.00904008448917177,0.0,10.0,6,5.505354924984959,7.053727967036036
1070003500,1,183895355#0,33.55,0.0,33.55,33.55,1.0,12.0,52.0,21,6.238561678637123,8.583748515885183
1070003500,2,183895355#1,74.48,0.0,74.48,74.48,1.0,54.0,138.0,43,5.513203467150601,8.852666418771333
1070003500,3,-37400834#5,5.17,0.0,5.17,5.17,1.0,140.0,158.30616309042514,11,4.0592112335734845,10.015763353659668
1070003600,0,183895353#0,63.05,49.05348012074612,63.05,13.996519879253874,0.22199079903654045,0.0,30.0,16,5.653717998721982,16.917978840031903
1070003600,1,183895353#1,48.92,0.0,48.92,48.92,1.0,32.0,102.0,36,3.811593275927926,17.16312068612922
1070003600,2,183895353#2,34.49,0.0,34.49,34.49,1.0,104.0,156.17948040858732,28,4.238799785337231,12.768183684527735
1070003700,0,-448204368#0,0.83,0.0,0.83,0.83,1.0,0.0,6.0,4,4.528106526622249,6.402059656752047
1070003700,1,-634224224,23.22,0.0,22.485042047045702,22.485042047045702,0.9683480640415894,8.0,30.0,12,6.5057561272129645,6.517925892494664
1070003700,2,-183521163#2,0.2,0.0,0.2,0.2,1.0,32.0,40.0,5,4.243096186581365,5.232827450934026
1070003700,3,-183521163#1,60.02,0.0,60.02,60.02,1.0,42.0,114.0,37,2.8047793146232096,7.398142176024259
1070003700,4,-183521163#0,35.98,0.0,35.98,35.98,1.0,116.0,165.62460413073285,26,4.105484290680474,9.20636828866921
1070003800,0,183521163#0,35.98,0.0,35.98,35.98,1.0,0.0,50.0,26,1.9695391974254344,8.488893683908616
1070003800,1,183521163#1,60.14,0.0,60.14,60.14,1.0,52.0,124.0,37,0.8432057222185452,6.408955557869935
1070003800,2,183521163#2,0.2,0.0,0.2,0.2,1.0,126.0,132.0,4,2.163819175695437,4.034293807721511
1070003800,3,634224224,23.22,0.0,23.22,23.22,1.0,134.0,166.51482305578224,18,3.8096613678058073,9.242407391087294
1070004100,0,172670186#5,1.8,,,0.0,0.0,,,0,,
1070004100,1,172670186#6,4.51,3.508990299169069,4.51,1.0010097008309309,0.22195337047249022,0.0,4.0,3,1.7040758517143988,3.0558831398387727
1070004100,2,-1463443081#3,1.78,0.0,1.78,1.78,1.0,6.0,12.0,4,2.8763467870546577,4.215244380683726
1070004100,3,-1463443081#2,24.45,0.0,24.45,24.45,1.0,14.0,46.0,17,2.311263327623283,5.222178551671282
1070004100,4,-1463443081#1,92.51,0.0,92.51,92.51,1.0,48.0,148.0,51,2.5902344059496194,4.989303197897646
1070004100,5,-1463443081#0,10.58,0.0,10.58,10.58,1.0,150.0,170.0,11,5.344841500891203,9.27313981613937
1070004100,6,-1496600603#2,4.54,0.0,4.54,4.54,1.0,172.0,184.0,7,5.876276245843438,7.786668264412177
1070004100,7,-1496600603#1,31.69,0.0,31.69,31.69,1.0,186.0,224.0,20,5.572422787936483,7.257760194004037
1070004100,8,-1496600603#0,101.9,0.0,101.9,101.9,1.0,226.0,336.0,56,5.489793069970157,7.097210248983071
1070004100,9,-1463443082,10.08,0.0,10.08,10.08,1.0,338.0,358.0,11,5.409182501100518,7.3349506219595915
1070004100,10,-518705243#2,0.49,0.0,0.49,0.49,1.0,360.0,370.0,6,6.347385266859214,8.679778009447714
1070004100,11,-518705243#1,19.33,0.0,19.33,19.33,1.0,372.0,400.0,15,5.648846498902839,9.11335016754262
1070004100,12,-518705243#0,86.84,0.0,86.84,86.84,1.0,402.0,502.0,51,4.190257445127321,8.328323034902699
1070004100,13,-448204368#8,6.79,0.0,6.79,6.79,1.0,504.0,520.0,9,3.394687979049831,8.225473922771643
1070004100,14,-448204368#7,29.91,0.0,29.91,29.91,1.0,522.0,562.0,21,2.912090486423919,7.785375554954533
1070004100,15,-448204368#6,38.18,0.0,38.18,38.18,1.0,564.0,614.0,26,2.2543763858903576,6.334751489635363
1070004100,16,-448204368#5,26.55,0.0,26.55,26.55,1.0,616.0,656.0,21,3.7277204969751523,7.300546456020739
1070004100,17,-448204368#4,8.79,0.0,8.79,8.79,1.0,658.0,680.0,12,4.483150458110306,8.052748001168421
1070004100,18,-448204368#3,10.67,0.0,10.67,10.67,1.0,682.0,706.0,13,3.9528948671429935,7.265196936330976
1070004100,19,-448204368#2,17.91,0.0,17.91,17.91,1.0,708.0,742.747147925399,19,4.970214064512298,11.818584197929507
1070004200,0,448204368#0,0.83,0.0,0.83,0.83,1.0,0.0,4.0,3,2.1003332484306476,3.9596309385242825
1070004200,1,448204368#2,16.78,0.0,16.78,16.78,1.0,6.0,34.0,15,1.9125241546788057,6.079762256160294
1070004200,2,448204368#3,10.38,0.0,10.38,10.38,1.0,36.0,58.0,12,1.9828841193686628,6.152971890334646
1070004200,3,448204368#4,8.79,0.0,8.79,8.79,1.0,60.0,82.0,12,2.6523455490956427,6.943757825978803
1070004200,4,448204368#5,26.35,0.0,26.35,26.35,1.0,84.0,124.0,21,1.7810930113111405,7.628834609067753
1070004200,5,448204368#6,37.97,0.0,37.97,37.97,1.0,126.0,176.0,26,1.7528745085015882,6.639720078700591
1070004200,6,448204368#7,30.08,0.0,30.08,30.08,1.0,178.0,218.0,21,1.2008199294829243,7.313632348480041
1070004200,7,448204368#8,6.82,0.0,6.82,6.82,1.0,220.0,234.0,8,2.2843724696823426,6.702111385173948
1070004200,8,518705243#0,83.69,0.0,83.69,83.69,1.0,236.0,332.0,49,2.3196520589004637,6.755494753944748
1070004200,9,518705243#1,21.03,0.0,21.03,21.03,1.0,334.0,364.0,16,3.4545850058588217,8.25465989953176
1070004200,10,518705243#2,0.49,0.0,0.49,0.49,1.0,366.0,376.0,6,4.321104929891842,7.117122711452631
1070004200,11,1463443082,10.1,0.0,10.1,10.1,1.0,378.0,400.0,12,3.598823585773566,6.721922114686462
1070004200,12,1496600603#0,101.24,0.0,101.24,101.24,1.0,402.0,512.0,56,3.1437034450473926,5.772916479699902
1070004200,13,1496600603#1,31.69,0.0,31.69,31.69,1.0,514.0,552.0,20,3.2260058075678275,5.4179560784508185
1070004200,14,1496600603#2,4.54,0.0,4.54,4.54,1.0,554.0,568.0,8,4.330570902622947,8.265516575127288
1070004200,15,1463443081#0,10.58,0.0,10.58,10.58,1.0,570.0,588.0,10,2.83769380350054,6.511229043196229
1070004200,16,1463443081#1,92.51,0.0,92.51,92.51,1.0,590.0,690.0,51,0.7463892097537311,4.60163725222028
1070004200,17,1463443081#2,24.43,0.0,24.43,24.43,1.0,692.0,722.0,16,0.9743147492403268,4.885010400811444
1070004200,18,1463443081#3,1.79,0.0,1.79,1.79,1.0,724.0,738.5824189973772,9,4.663127128585048,10.26155073505535
1070004400,0,518705249#0,0.2,,,0.0,0.0,,,0,,
1070004400,1,518705249#1,7.68,0.0,7.68,7.68,1.0,0.0,12.0,7,0.745463777997722,2.2584819845353774
1070004400,2,518705249#2,27.45,0.0,27.45,27.45,1.0,14.0,64.0,26,5.035206346378784,20.722999053394368
1070004400,3,518705249#4,18.0,0.0,18.0,18.0,1.0,66.0,108.0,22,6.177643124916215,21.585477681109026
1070004400,4,518705249#5,5.28,0.0,5.28,5.28,1.0,110.0,124.0,8,2.707159094045651,7.6561257662496285
1070004400,5,518705249#6,21.13,0.0,21.13,21.13,1.0,126.0,160.0,18,1.8844671715906702,6.83646930928623
1070004400,6,518705249#7,26.3,0.0,26.3,26.3,1.0,162.0,198.0,19,1.1247956196837006,5.549458331597189
1070004400,7,518705249#8,14.54,0.0,14.54,14.54,1.0,200.0,224.0,13,1.3686303110619338,4.820399834817789
1070004400,8,518705249#9,57.33,0.0,57.33,57.33,1.0,226.0,288.0,32,0.5258216402178468,5.1925863074597025
1070004400,9,518705249#10,0.2,0.0,0.2,0.2,1.0,290.0,304.31471787160075,9,7.199653867493485,13.538458328819893
1070004500,0,518702967#0,72.19,0.0,72.19,72.19,1.0,0.0,88.0,45,2.3415893674309887,10.182591751013673
1070004500,1,518702967#1,87.34,0.0,87.34,87.34,1.0,90.0,190.0,51,2.151421738193285,6.859639865849613
1070004500,2,518702967#2,111.26,0.0,111.26,111.26,1.0,192.0,320.2749365087502,66,1.2379927862731286,10.478150590980743
1070004600,0,-183521163#0,35.98,34.98615983958232,35.98,0.9938401604176761,0.02762201668753964,0.0,6.0,4,3.157157983477604,4.573546806128005
1070004600,1,-518702967#2,111.01,0.0,111.01,111.01,1.0,8.0,128.0,61,5.317255337679701,8.20425160267403
1070004600,2,-518702967#1,87.65,0.0,87.65,87.65,1.0,130.0,230.0,51,4.120993636263693,7.721797896543317
1070004600,3,-518702967#0,73.29,0.0,73.29,73.29,1.0,232.0,322.53235194976463,47,4.8912616601168155,11.569680256468965
1070004700,0,183521064,7.53,0.0,7.53,7.53,1.0,0.0,22.0,12,8.510962087429599,14.49340426532847
1070004700,1,1455536609,9.15,0.0,9.15,9.15,1.0,24.0,42.0,10,6.290858823643699,8.037708738753095
1070004700,2,1455536618,1.37,0.0,1.37,1.37,1.0,44.0,50.0,4,4.9535429193520315,6.007869165513006
1070004700,3,1455536617#0,57.29,0.0,57.29,57.29,1.0,52.0,114.0,32,4.629172595151019,5.330896784583391
1070004700,4,1455536617#1,13.54,0.0,13.54,13.54,1.0,116.0,138.0,12,4.7228250874783715,6.386591819903802
1070004700,5,1455536617#2,12.83,0.0,12.83,12.83,1.0,140.0,158.0,10,3.7478363382316964,5.336609981028821
1070004700,6,1455536617#3,14.5,0.0,14.5,14.5,1.0,160.0,182.0,12,3.057970683186412,5.35506223753111
1070004700,7,1455536617#4,9.12,0.0,9.12,9.12,1.0,184.0,200.0,9,2.3864192005217606,3.9189379918440106
1070004700,8,1455536617#5,31.75,0.0,31.75,31.75,1.0,202.0,240.0,20,1.0362674649839867,3.333570264220427
1070004700,9,1455536617#6,32.18,0.0,32.18,32.18,1.0,242.0,284.0,22,1.7744749198823655,6.253744739042453
1070004700,10,-1454595855#3,38.66,0.0,38.66,38.66,1.0,286.0,332.0,24,2.5030765948909637,6.410731811030476
1070004700,11,-1454595855#2,17.4,0.0,17.4,17.4,1.0,334.0,360.0,14,2.4151548640401006,4.903909646880195
1070004700,12,-1454595855#1,25.73,0.0,25.73,25.73,1.0,362.0,394.0,17,0.9603746499706141,3.519468510814202
1070004700,13,-1454595855#0,30.91,0.0,30.91,30.91,1.0,396.0,440.8260944703421,24,2.7003792944600824,9.390312868102143
1070004800,0,1454595855#0,30.91,0.0,30.91,30.91,1.0,0.0,44.0,23,2.482304088309039,9.159933008913901
1070004800,1,1454595855#1,24.2,0.0,24.2,24.2,1.0,46.0,76.0,16,3.571847409442485,4.43361783404808
1070004800,2,1454595855#2,17.4,0.0,17.4,17.4,1.0,78.0,104.0,14,2.4845839339542573,5.228271155705729
1070004800,3,1454595855#3,40.69,0.0,40.69,40.69,1.0,106.0,158.0,27,1.6943864439441683,7.210398941456754
1070004800,4,-1455536617#6,32.18,0.0,32.18,32.18,1.0,160.0,200.0,21,2.490534501093007,5.311661999166966
1070004800,5,-1455536617#5,30.12,0.0,30.12,30.12,1.0,202.0,238.0,19,3.851188686390869,5.817843433569131
1070004800,6,-1455536617#4,8.82,0.0,8.82,8.82,1.0,240.0,254.0,8,5.755356260326117,6.854435222237994
1070004800,7,-1455536617#3,13.86,0.0,13.86,13.86,1.0,256.0,274.0,10,7.227826983968166,8.014192398540096
1070004800,8,-1455536617#2,12.14,0.0,12.14,12.14,1.0,276.0,294.0,10,8.845972507131636,10.40616543226248
1070004800,9,-1455536617#1,13.54,0.0,13.54,13.54,1.0,296.0,316.0,11,9.856474310211857,10.819627769545729
1070004800,10,-1455536617#0,56.45,0.0,56.45,56.45,1.0,318.0,378.0,31,10.688411484888737,11.712154567884316
1070004800,11,-1455536618,1.37,0.0,1.37,1.37,1.0,380.0,382.0,2,12.080059097057235,12.203099639296713
1070004800,12,632698281#0,22.99,0.0,22.99,22.99,1.0,384.0,423.9244272940479,21,8.987081371223177,20.527213233907304
1070004900,0,629928374#0,243.75,0.0,243.75,243.75,1.0,0.0,268.0,135,27.544707664731934,30.71979503862369
1070004900,1,629928374#1,139.4,0.0,106.9008932608602,106.9008932608602,0.766864370594406,270.0,378.60158962131385,56,26.061230098567762,26.906961520471896
1070005000,0,-448204368#2,17.91,16.9033460559751,17.91,1.006653944024901,0.05620625036431608,0.0,6.0,4,9.145434783666959,10.25969775352417
1070005000,1,518705250#0,15.34,0.0,15.34,15.34,1.0,8.0,38.0,16,3.4017257072799403,8.078004566078052
1070005000,2,518705250#1,8.05,0.0,8.05,8.05,1.0,40.0,58.0,10,4.472464312623456,6.648178413503928
1070005000,3,518705250#2,14.06,0.0,14.06,14.06,1.0,60.0,80.0,11,6.043146392585632,7.255285005685949
1070005000,4,518705250#3,31.22,0.0,31.22,31.22,1.0,82.0,124.0,22,7.677596288464499,9.771234659555445
1070005000,5,518705250#4,30.14,0.0,30.14,30.14,1.0,126.0,170.0,23,7.079552317375168,10.160824575712189
1070005000,6,518705250#5,30.02,0.0,30.02,30.02,1.0,172.0,212.0,21,7.4831560912222574,10.387339480716227
1070005000,7,518705250#6,36.09,0.0,36.09,36.09,1.0,214.0,258.0,23,7.679007748223371,8.767193022483447
1070005000,8,518705250#7,16.02,0.0,16.02,16.02,1.0,260.0,288.0,15,7.201621500930028,9.194398073299183
1070005000,9,518705250#8,31.43,0.0,31.43,31.43,1.0,290.0,330.0,21,5.7268328994018685,7.959840577189695
1070005000,10,518705250#9,39.99,0.0,38.67409556074191,38.67409556074191,0.9670941625591876,332.0,374.0,22,5.881300556793845,6.777806349779035
1070005000,11,183521084#0,20.31,0.0,1.0,1.0,0.049236829148202856,376.0,385.1126503423358,6,3.018840384221995,5.998129198155352
1070005500,0,518701059#0,137.81,0.0,137.81,137.81,1.0,0.0,156.0,79,1.1647143473871622,12.509878083036785
1070005500,1,518701059#1,68.31,0.0,68.31,68.31,1.0,158.0,240.0,42,1.3996391555755612,7.077429135306833
1070005500,2,518701059#2,55.5,0.0,55.5,55.5,1.0,242.0,309.0223513413369,35,1.067484361000116,6.206799049257386
1070005600,0,-518701059#2,55.5,0.0,55.5,55.5,1.0,0.0,68.0,35,6.2146880442530525,9.494608818454834
1070005600,1,-518701059#1,68.31,0.0,68.31,68.31,1.0,70.0,150.0,41,6.265792457654964,8.669366686074145
1070005600,2,-518701059#0,137.81,0.0,137.17430020707303,137.17430020707303,0.9953871287067196,152.0,294.0,72,5.26628888865553,8.103571396523973
1070005600,3,183521092#0,31.69,0.0,1.0,1.0,0.031555695803092455,296.0,308.3234280160666,8,5.426633235507833,9.166022778683466
1070005700,0,180192152#1,74.5,73.5023406502392,74.5,0.9976593497607951,0.013391400667930134,0.0,12.0,7,4.600697061693682,8.877441372568027
1070005700,1,183521107#0,34.24,0.0,34.24,34.24,1.0,14.0,56.0,22,5.13677084031655,9.114205322193294
1070005700,2,183521107#1,44.12,0.0,44.12,44.12,1.0,58.0,116.0,30,5.681575660237981,9.245789599453957
1070005700,3,183521107#2,80.6,0.0,80.6,80.6,1.0,118.0,212.0,48,5.463044603261995,8.600620237955502
1070005700,4,183521107#3,103.42,0.0,103.42,103.42,1.0,214.0,332.0,60,6.385142209824276,11.771031993372768
1070005700,5,183521107#4,51.77,0.0,51.77,51.77,1.0,334.0,410.0,39,6.884048066468877,16.627581943678514
1070005700,6,183521107#6,42.58,0.0,42.58,42.58,1.0,412.0,475.00649354230455,33,5.014997682366541,15.33483138673914
1070005800,0,-183521107#6,42.58,0.0,42.58,42.58,1.0,0.0,64.0,33,3.1714419689464375,16.111909942502688
1070005800,1,-183521107#4,51.77,0.0,51.77,51.77,1.0,66.0,142.0,39,3.1302442439152265,14.723579953718467
1070005800,2,-183521107#3,103.42,0.0,103.42,103.42,1.0,144.0,262.0,60,1.7818571026326053,8.508326868963058
1070005800,3,-183521107#2,80.6,0.0,80.6,80.6,1.0,264.0,356.0,47,0.6754736491540091,5.908653290499946
1070005800,4,-183521107#1,44.12,0.0,44.12,44.12,1.0,358.0,416.0,30,1.2212345547415124,7.014736697596246
1070005800,5,-183521107#0,34.24,0.0,34.24,34.24,1.0,418.0,473.70966806786305,29,2.680886355870014,12.939993625824574
1070005900,0,459488062,251.24,0.0,251.24,251.24,1.0,0.0,255.3528218179932,129,28.98804630738755,32.643330692552254
1070006000,0,-183521084#0,20.31,19.31518889894981,20.31,0.994811101050189,0.04898134421714372,0.0,6.0,4,3.156744416907725,5.978292338192308
1070006000,1,518705250#10,27.02,1.396042371270282,27.02,25.623957628729716,0.9483329988426986,8.0,38.0,16,6.896614657591026,8.66659240694432
1070006000,2,518705250#11,59.0,0.0,59.0,59.0,1.0,40.0,112.0,37,7.893382031695155,10.393764621508902
1070006000,3,518705250#12,21.37,0.0,21.37,21.37,1.0,114.0,148.0,18,9.571400645052497,11.170441897105814
1070006000,4,518705250#13,87.18,0.0,82.98843653027711,82.98843653027711,0.9519205841968009,150.0,238.0,45,6.613710248191658,10.829586234167676
1070006000,5,26271772#0,127.41,0.0,1.9332688792244486,1.9332688792244486,0.015173603949646406,240.0,251.88824461975165,7,3.743714921372777,8.107480528099217
1070006300,0,1391302389,6.02,0.0,6.02,6.02,1.0,0.0,18.0,10,5.257793761714264,12.482540884461924
1070006300,1,218647840#0,12.59,0.36777525216507545,12.59,12.222224747834925,0.9707883040377224,20.0,32.0,7,1.4035524675964166,1.535416415526981
1070006300,2,218647840#1,57.53,0.0,57.53,57.53,1.0,34.0,100.0,34,1.8735661994447579,6.160083901599901
1070006300,3,536149423,93.78,0.0,93.78,93.78,1.0,102.0,208.0,54,3.171773793036524,6.922027592334947
1070006300,4,536149384#0,0.2,0.0,0.2,0.2,1.0,210.0,216.0,4,5.2988803439967604,6.84958381796186
1070006300,5,536149384#1,85.28,0.0,85.28,85.28,1.0,218.0,308.0,46,4.443136161066979,6.160875021384515
1070006300,6,536149384#2,60.68,0.0,60.68,60.68,1.0,310.0,374.0,33,2.7529338938379233,5.412733042540976
1070006300,7,536149384#3,0.9,0.0,0.9,0.9,1.0,376.0,386.0,6,3.62776508315163,7.334369224336098
1070006300,8,536149379,10.7,0.0,10.7,10.7,1.0,388.0,410.0,12,2.1627781153418693,5.701703709360549
1070006300,9,536149370,19.44,0.0,19.44,19.44,1.0,412.0,444.0,17,1.6526514694393528,6.32871188377133
1070006300,10,536149361#0,7.94,0.0,7.94,7.94,1.0,446.0,464.0,10,2.2090545439663893,7.836909070922697
1070006300,11,536149361#1,25.98,0.0,25.98,25.98,1.0,466.0,496.0,16,1.383012590976039,3.5278082160275726
1070006300,12,536149361#2,36.32,0.0,36.32,36.32,1.0,498.0,542.0,23,2.559115045224345,5.98296461685192
1070006300,13,536149361#3,4.61,0.0,4.61,4.61,1.0,544.0,558.0,8,3.5880042535417997,7.385107505198736
1070006300,14,536149361#4,98.64,0.0,98.64,98.64,1.0,560.0,666.0,54,3.227561686645171,7.532752795019954
1070006300,15,536149361#5,22.0,0.0,22.0,22.0,1.0,668.0,714.0,24,4.718436390221384,16.566368421287997
1070006300,16,632698279#0,0.2,0.0,0.2,0.2,1.0,716.0,721.4089298770195,4,13.471331463747443,15.173084065817152
1070006400,0,183521064,7.53,6.534435207028671,7.53,0.9955647929713294,0.1322131199165112,0.0,4.0,3,14.74887460013099,16.286523318936865
1070006400,1,1455536610#1,9.94,0.0,9.94,9.94,1.0,6.0,34.0,15,8.25622636049374,17.70140550661533
1070006400,2,1455536610#2,35.01,0.0,35.01,35.01,1.0,36.0,74.0,20,4.663473748215542,5.716369773037486
1070006400,3,1455536612#0,82.03,0.0,82.03,82.03,1.0,76.0,164.0,45,1.873107015392762,5.034662272009051
1070006400,4,1455536612#1,87.14,0.0,87.14,87.14,1.0,166.0,256.0,46,3.3355334505995398,4.529431000114223
1070006400,5,1455536612#2,36.83,0.0,36.83,36.83,1.0,258.0,298.0,21,2.6415605443890082,5.8639914337571115
1070006400,6,1455536610#8,14.2,0.0,14.2,14.2,1.0,300.0,322.0,12,6.144629192329348,7.773662209515484
1070006400,7,518702435#0,12.97,0.0,12.97,12.97,1.0,324.0,346.0,12,5.566602612721968,8.636856177896991
1070006400,8,518702435#1,10.8,0.0,10.8,10.8,1.0,348.0,366.0,10,4.692934729274393,7.51449307965378
1070006400,9,536149388,66.57,0.0,66.57,66.57,1.0,368.0,446.0,40,2.957940842820147,6.752599781586181
1070006400,10,536149407#0,48.05,0.0,48.05,48.05,1.0,448.0,504.0,29,2.867457497267559,7.1056936790427345
1070006400,11,536149407#1,177.88,0.0,177.88,177.88,1.0,506.0,686.0,91,1.7308450766049026,3.4689035370689556
1070006400,12,1391302387,19.61,0.0,19.61,19.61,1.0,688.0,722.7816962712105,19,4.480530989897449,13.526856599732579
1070006700,0,1391302387,19.61,18.61612601917193,19.61,0.9938739808280701,0.05068199800245131,0.0,10.0,6,8.667914866277284,11.794091704439468
1070006700,1,-1455537633,14.77,0.0,14.77,14.77,1.0,12.0,40.0,15,2.7936075952003296,6.7540835752274635
1070006700,2,-183521079,2.81,0.0,2.81,2.81,1.0,42.0,52.0,6,5.116322010113023,8.480729681615067
1070006700,3,-183521078,51.38,0.1738559340859287,51.38,51.206144065914074,0.996616272205412,54.0,104.0,26,1.694427887767046,3.4113812590878574
1070006700,4,180192152#0,77.66,0.06752849989889631,77.66,77.5924715001011,0.9991304596974131,106.0,192.0,44,0.8553752520363761,9.420074748133846
1070006700,5,180192152#1,74.5,0.0,74.5,74.5,1.0,194.0,285.80326985341674,47,1.5411117772830274,9.284305457027632
1070006800,0,-180192152#1,74.6,0.0,74.6,74.6,1.0,0.0,92.0,47,6.056945652020893,11.359836337000525
1070006800,1,-180192152#0,77.66,0.0,77.66,77.66,1.0,94.0,180.0,44,6.461899285920742,11.148343304459859
1070006800,2,183521078,51.38,0.501346849153697,51.38,50.878653150846304,0.9902423735081024,182.0,232.0,26,3.9989345976912842,5.79123629499755
1070006800,3,183521079,2.81,0.0,2.81,2.81,1.0,234.0,244.0,6,4.361223156109481,8.06157299763716
1070006800,4,1455537633,14.22,0.0,14.22,14.22,1.0,246.0,268.0,12,4.452326013520172,6.311751792304285
1070006800,5,218647841#0,11.04,0.0,1.0,1.0,0.09057971014492755,270.0,282.8673471930322,8,5.708692446535217,8.960875017308462
1070007100,0,1069458459#0,6.68,,,0.0,0.0,,,0,,
1070007100,1,1069458459#1,2.39,1.3952035404117078,2.39,0.9947964595882923,0.4162328282796202,0.0,14.0,8,6.834321968739582,12.3872466194069
1070007100,2,536149445#0,34.64,0.0,34.64,34.64,1.0,16.0,60.0,23,4.0399151305540535,7.2980941204665095
1070007100,3,536149445#1,14.64,0.0,14.64,14.64,1.0,62.0,92.0,16,2.882535004552429,9.2203702336761
1070007100,4,536149447#1,50.67,0.0,50.67,50.67,1.0,94.0,160.0,34,1.7820932456742404,9.33860396772421
1070007100,5,536149447#2,66.86,0.0,66.3302654884087,66.3302654884087,0.9920769591446111,162.0,234.0,37,0.7603150772905051,6.708594778557926
1070007100,6,-183521169,11.54,0.0,11.54,11.54,1.0,236.0,250.75455933239428,9,1.646349796999977,3.680570581430254
1070007200,0,183521169,11.58,0.0,11.58,11.58,1.0,0.0,16.0,9,4.217862335210331,6.5242218825228155
1070007200,1,540235865#0,20.33,0.06347277792578265,20.33,20.266527222074217,0.9968778761472807,18.0,44.0,14,3.505754289559367,7.127529430544584
1070007200,2,540235865#1,30.9,0.0,30.9,30.9,1.0,46.0,90.0,23,2.9023803984246,7.38568513872782
1070007200,3,540235865#2,24.19,0.0,24.19,24.19,1.0,92.0,126.0,18,2.3387030506919486,5.498629063274149
1070007200,4,540235865#3,17.48,0.0,17.48,17.48,1.0,128.0,158.0,16,3.055786457607654,8.70483619868064
1070007200,5,-536149445#1,13.88,0.0,13.88,13.88,1.0,160.0,190.0,16,4.123505298556871,10.352797785405883
1070007200,6,-536149445#0,34.64,0.0,34.64,34.64,1.0,192.0,240.0,25,1.6624611413127763,7.272235335286117
1070007200,7,-1069458460,0.2,0.0,0.2,0.2,1.0,242.0,251.54227396459135,6,3.1566416855457944,6.734553476211003
1070007300,0,-183521113,19.74,0.0,19.74,19.74,1.0,0.0,30.0,16,5.91804483524103,10.408142879589965
1070007300,1,27186878,6.96,0.0,6.96,6.96,1.0,32.0,42.0,6,3.297405996990815,5.699362837945696
1070007300,2,668991972#0,13.03,0.0,13.03,13.03,1.0,44.0,58.0,8,0.8714338090827957,1.98181236029861
1070007300,3,668991972#1,53.84,0.0,53.84,53.84,1.0,60.0,122.0,32,3.476618532337854,9.585002940974112
1070007300,4,668991972#2,4.73,0.0,4.73,4.73,1.0,124.0,142.0,10,6.548640589633948,10.95991224240065
1070007300,5,668991972#3,32.02,0.0,32.02,32.02,1.0,144.0,188.0,23,5.427461333210945,7.166116864419037
1070007300,6,668991972#4,32.26,0.0,32.26,32.26,1.0,190.0,236.0,24,4.752734485191268,8.995754851141026
1070007300,7,668991972#5,45.8,0.0,45.8,45.8,1.0,238.0,296.0,30,4.589553797596326,7.888947666504617
1070007300,8,668991972#6,257.86,0.0,257.86,257.86,1.0,298.0,564.0,134,4.98348958386471,8.161308350718695
1070007300,9,1532869454,107.36,0.0,107.36,107.36,1.0,566.0,688.0,62,3.550263624744284,8.497314571796924
1070007300,10,518701058#0,0.2,,,0.0,0.0,,,0,,
1070007300,11,518701058#1,20.22,0.0,20.22,20.22,1.0,690.0,716.0,14,3.639437730508482,4.831566913392864
1070007300,12,518701058#2,0.2,0.0,0.2,0.2,1.0,718.0,722.0,3,4.6428347955957205,5.325393608273169
1070007300,13,518701058#3,27.26,0.0,27.26,27.26,1.0,724.0,764.0,21,4.742988619262879,9.091265205087362
1070007300,14,518701058#5,33.98,0.0,33.98,33.98,1.0,766.0,808.0,22,1.7880906352589938,8.191811307317504
1070007300,15,1455536608#0,18.59,0.0,18.59,18.59,1.0,810.0,832.0,12,1.805259040950504,3.1197138025754154
1070007300,16,1455536608#1,0.2,0.0,0.2,0.2,1.0,834.0,842.0,5,4.577647348797183,7.802585384861844
1070007300,17,1455536616,0.2,0.0,0.2,0.2,1.0,844.0,855.2890257274291,7,9.516979180431695,12.057047148642644
1070007400,0,632698279#0,0.2,0.0,0.2,0.2,1.0,0.0,16.0,9,11.591251268511755,18.62634369142605
1070007400,1,632698279#1,5.29,0.0,5.29,5.29,1.0,18.0,32.0,8,4.113513816446455,6.319261727106654
1070007400,2,1455536607#0,49.73,0.0,49.73,49.73,1.0,34.0,92.0,30,0.9328056678322179,6.666054304029596
1070007400,3,1455536607#1,5.53,0.0,5.53,5.53,1.0,94.0,108.0,8,2.6135933719203663,6.843579080123306
1070007400,4,518701055#0,14.05,0.0,14.05,14.05,1.0,110.0,130.0,11,1.5170046025814188,5.111030491748496
1070007400,5,518701055#1,0.2,0.0,0.2,0.2,1.0,132.0,134.0,2,1.9507810485053847,2.8369699831716018
1070007400,6,518701055#2,131.97,0.0,131.97,131.97,1.0,136.0,276.0,71,2.639325317407684,4.611702955707372
1070007400,7,518701057#0,4.76,0.0,4.76,4.76,1.0,278.0,292.0,8,2.1504194132497725,5.975805669756507
1070007400,8,381081066#0,0.2,0.0,0.2,0.2,1.0,294.0,328.0,18,18.107223832107657,33.63706480981989
1070007400,9,381081066#2,0.68,,,0.0,0.0,,,0,,
1070007400,10,-381081170,32.28,,,0.0,0.0,,,0,,
1070007400,11,-779710379#1,20.01,19.005724180844464,20.01,1.0042758191555379,0.05018869660947215,330.0,350.0,11,22.694030610896963,32.02878786076284
1070007400,12,518701057#2,82.75,0.0,82.75,82.75,1.0,352.0,454.0,52,1.569819035993979,12.12199869707491
1070007400,13,518701057#3,94.2,0.0,94.2,94.2,1.0,456.0,574.0,60,2.1709695560422153,18.600105487410392
1070007400,14,381080918#0,76.93,1.3884988364235622,76.93,75.54150116357644,0.9819511395239365,576.0,650.0,38,20.27105581553229,22.251840607229994
1070007400,15,381080918#1,50.19,0.0,50.19,50.19,1.0,652.0,704.0,27,16.333333203751994,19.56254259217658
1070007400,16,381080918#2,0.2,0.0,0.2,0.2,1.0,706.0,716.0,6,7.373708681428945,11.046618244198129
1070007400,17,518701057#5,16.32,0.0,16.32,16.32,1.0,718.0,746.0,15,1.6765555218833166,7.227752408606015
1070007400,18,518701057#6,15.46,0.0,15.46,15.46,1.0,748.0,776.0,15,2.0484374263446066,7.243739107741387
1070007400,19,518701057#7,24.99,0.0,24.99,24.99,1.0,778.0,822.0,23,3.619147722467313,13.451347420929444
1070007400,20,183521113,19.74,0.0,19.74,19.74,1.0,824.0,858.0,18,5.475435643257802,13.583931729104547
1070007400,21,37401394#0,88.89,0.0,1.0,1.0,0.01124985937675779,860.0,865.8998616940382,4,2.497905445867856,3.2915016631120806
1070007500,0,1496591683#3,56.29,0.0,56.29,56.29,1.0,0.0,76.0,39,5.714618564039521,11.491034271620702
1070007500,1,1496591684#0,25.92,0.0,25.92,25.92,1.0,78.0,120.0,22,5.826265609881216,12.152471513632243
1070007500,2,1496591684#2,15.69,0.0,15.69,15.69,1.0,122.0,144.0,12,3.93452513279148,6.61021884776101
1070007500,3,1496591684#3,7.93,0.0,7.93,7.93,1.0,146.0,160.0,8,3.307223189384306,4.379330582039595
1070007500,4,1496591684#4,2.19,0.0,2.19,2.19,1.0,162.0,172.0,6,3.4044485545971384,5.1809868833525945
1070007500,5,1496591684#5,15.78,0.0,15.78,15.78,1.0,174.0,194.0,11,1.3917982152013515,2.8076205895033857
1070007500,6,1496591684#6,2.69,0.0,2.69,2.69,1.0,198.0,202.18607421801534,4,0.8330666490589438,1.4923521626395542
1070007500,7,1496591684#7,0.2,0.0,0.2,0.2,1.0,196.0,196.0,1,1.4111979421165366,1.4111979421165366
1070007700,0,1069458458,3.21,0.0,3.21,3.21,1.0,0.0,14.0,8,7.202991173252006,10.559388796576943
1070007700,1,540235869,38.36,0.0,38.36,38.36,1.0,16.0,60.0,23,5.351587410043967,6.429622600393399
1070007700,2,536149360#0,82.97,0.0,82.97,82.97,1.0,62.0,156.0,48,3.4595510674308847,7.746689628314978
1070007700,3,536149360#1,44.71,0.0,44.71,44.71,1.0,158.0,216.0,30,4.876936117015149,8.968567573176475
1070007700,4,536149360#2,58.36,0.0,58.36,58.36,1.0,218.0,282.0,33,1.6573451882907386,5.1595854667351535
1070007700,5,536149360#3,11.52,0.0,11.52,11.52,1.0,284.0,306.16288224505354,13,3.1739043250617085,9.633333574221783
1070007800,0,218647841#0,11.04,0.0,11.04,11.04,1.0,0.0,22.0,12,3.7467337156634186,9.87484916332124
1070007800,1,218647841#1,128.3,0.0,128.3,128.3,1.0,24.0,162.0,70,4.109313002229466,7.809676941254841
1070007800,2,218647841#2,64.22,0.0,64.22,64.22,1.0,164.0,240.0,39,3.546666014612164,7.0880578552488425
1070007800,3,218647841#3,31.29,0.0,31.29,31.29,1.0,242.0,278.0,19,4.626486355269101,6.757100422772197
1070007800,4,1069458459#0,6.68,0.07800318722367106,6.68,6.601996812776329,0.9883228761641211,280.0,288.0,5,5.408861127543621,5.656112366898192
1070007800,5,1069458459#1,2.39,0.0,2.39,2.39,1.0,290.0,304.8731429022406,9,6.521767070303958,10.793787854999845
1070008100,0,1147954124,158.71,0.0,158.71,158.71,1.0,0.0,168.0548166041832,86,6.18418764372016,11.112237357122831
1070008200,0,-183521247#0,14.13,8.977291771607979,14.13,5.152708228392022,0.3646644181452245,0.0,16.0,9,4.312363644817612,9.762256237981175
1070008200,1,-518702429#2,23.85,4.305320969042654,23.85,19.544679030957347,0.819483397524417,18.0,46.0,15,6.3419646202846645,10.458099768192186
1070008200,2,-518702429#0,103.12,0.0,103.12,103.12,1.0,48.0,165.75389840831966,60,2.9283420736272436,10.311216807948718
1070008500,0,183521066#0,36.11,28.22862831015665,36.11,7.881371689843348,0.21826008556752557,0.0,12.0,7,2.5407046317948416,5.4280268099996025
1070008500,1,183521066#1,82.0,0.0,82.0,82.0,1.0,14.0,108.0,48,1.6070423223241856,7.582504964126463
1070008500,2,183521066#2,186.66,0.0,186.66,186.66,1.0,110.0,306.0,99,1.8165005352631445,7.2102113056117085
1070008500,3,183521066#3,3.46,0.0,3.46,3.46,1.0,308.0,320.0,7,3.0697145206624836,5.07081887309795
1070008500,4,183521066#4,6.55,0.0,6.55,6.55,1.0,322.0,338.0,9,2.3173037370157497,6.1354042221899805
1070008500,5,183521066#5,112.78,0.0,112.78,112.78,1.0,340.0,480.0,71,2.8289177967373154,21.1017975283151
1070008500,6,183521066#8,28.72,0.0,28.72,28.72,1.0,482.0,540.0,30,6.475458320191379,22.895023434386484
1070008500,7,183521066#9,46.03,0.0,46.03,46.03,1.0,542.0,596.0,28,0.9387543945939695,6.165865028890813
1070008500,8,1455538686#0,8.1,0.0,8.1,8.1,1.0,598.0,608.0,6,3.670325528477243,4.895419754075241
1070008500,9,1455538686#1,8.3,0.0,8.3,8.3,1.0,610.0,631.0474303095697,12,7.099629122261443,13.247929853545921
1070008600,0,1459747340#0,14.64,0.0,14.64,14.64,1.0,0.0,24.0,13,2.6811062173651057,7.232211530990451
1070008600,1,1459747340#1,22.07,0.0,22.07,22.07,1.0,26.0,52.0,14,1.3044991240037436,3.1697448773525787
1070008600,2,1539122302#0,101.88,0.0,101.88,101.88,1.0,54.0,160.0,54,2.5276264665533237,3.6213798785248494
1070008600,3,1539122302#1,23.87,0.0,23.87,23.87,1.0,162.0,190.0,15,3.935569330305575,6.906144402910343
1070008600,4,540235870#3,97.47,0.0,97.47,97.47,1.0,192.0,298.0,54,5.212488202035053,7.695687194427349
1070008600,5,540235870#4,76.54,0.0,76.54,76.54,1.0,300.0,382.0,42,2.3034610292229325,6.673690957438325
1070008600,6,1492450443,198.42,0.0,198.0355144924537,198.0355144924537,0.9980622643506386,384.0,580.0,99,2.4946218579049253,3.9717577568640436
1070008600,7,1492450445#0,40.15,0.0,40.15,40.15,1.0,582.0,628.0,24,3.491929365030961,6.875092725461102
1070008600,8,1492450445#1,0.2,0.0,0.2,0.2,1.0,630.0,641.6156711089449,7,5.158368486201702,8.700913935901267
1070008700,0,261995707#5,35.7,34.18059581164916,35.7,1.5194041883508405,0.042560341410387684,0.0,10.0,6,2.9908169221926078,5.724055404419205
1070008700,1,-518702965#13,13.7,0.23909294166510953,13.7,13.46090705833489,0.9825479604624008,12.0,30.0,10,6.294612116465258,8.115799078423395
1070008700,2,-518702965#12,139.45,0.0,139.45,139.45,1.0,32.0,182.0,76,6.094288562841935,8.961822584383784
1070008700,3,-518702965#11,57.8,0.0,57.8,57.8,1.0,184.0,264.0,41,5.967819282808553,17.24870538651592
1070008700,4,-518702965#9,92.26,0.0,92.26,92.26,1.0,266.0,382.0,59,3.019867234961742,16.84955859203192
1070008700,5,-518702965#8,56.03,0.0,56.03,56.03,1.0,384.0,454.0,36,3.3793687970799677,7.938859913589961
1070008700,6,-518702965#7,19.75,0.0,19.75,19.75,1.0,456.0,486.0,16,3.8853981577662875,8.605633555665047
1070008700,7,-518702965#6,34.79,0.0,34.79,34.79,1.0,488.0,536.0,25,2.78099370653501,7.426968965112091
1070008700,8,-518702965#5,40.03,0.0,40.03,40.03,1.0,538.0,590.0,27,1.28409284089523,6.089903385715654
1070008700,9,-518702965#4,0.48,0.0,0.48,0.48,1.0,592.0,604.0,7,3.668984256921592,6.609529555292667
1070008700,10,-518702965#3,0.2,0.0,0.2,0.2,1.0,606.0,618.0,7,3.504573654735982,6.420284094080689
1070008700,11,-518702965#2,22.09,0.0,22.09,22.09,1.0,620.0,654.0,18,1.8188172059263428,7.469485998551722
1070008700,12,-518702965#1,45.66,0.0,45.66,45.66,1.0,656.0,712.0,29,5.457050495882148,9.873193221598386
1070008700,13,-518702965#0,30.55,0.0,30.55,30.55,1.0,714.0,772.0,30,9.213533920754992,20.044988424116102
1070008700,14,-183521112#2,61.64,0.0,61.64,61.64,1.0,774.0,872.0,50,5.014062425920186,19.851610112579603
1070008700,15,668991973,36.54,0.0,28.679089376703786,28.679089376703786,0.7848683463794139,874.0,919.0743913524892,24,5.814556003778828,16.802843063115034
1070008800,0,183521112#0,13.29,0.0,13.29,13.29,1.0,0.0,42.0,22,5.761937308698657,15.600146387315828
1070008800,1,183521112#2,60.87,0.0,60.87,60.87,1.0,44.0,138.0,48,4.86894171477378,18.22114989998302
1070008800,2,518702965#0,30.63,0.0,30.63,30.63,1.0,140.0,198.0,30,5.310603856477968,19.552448639702106
1070008800,3,518702965#1,47.27,0.0,47.27,47.27,1.0,200.0,260.0,31,2.0332628467784692,7.896341929367356
1070008800,4,518702965#2,22.97,0.0,22.97,22.97,1.0,262.0,296.0,18,4.216569213471364,6.507155366402829
1070008800,5,518702965#3,0.2,0.0,0.2,0.2,1.0,298.0,310.0,7,5.031460122787621,7.346003816335984
1070008800,6,518702965#4,0.39,0.0,0.39,0.39,1.0,312.0,326.0,8,4.974025071110855,7.602285891387102
1070008800,7,518702965#5,40.21,0.0,40.21,40.21,1.0,328.0,380.0,27,4.304498616336467,6.9825577870923965
1070008800,8,518702965#6,35.7,0.0,35.7,35.7,1.0,382.0,432.0,26,3.3911250136574362,7.912697788722395
1070008800,9,518702965#7,21.82,0.0,21.82,21.82,1.0,434.0,470.0,19,3.3168924965585482,7.73823248426081
1070008800,10,518702965#8,52.57,0.0,52.57,52.57,1.0,472.0,534.0,32,2.6899483815765697,6.377769600522432
1070008800,11,518702965#9,91.77,0.0,91.77,91.77,1.0,536.0,650.0,58,3.452952473981145,16.460342446868264
1070008800,12,518702965#11,56.58,0.0,56.58,56.58,1.0,652.0,730.0,40,2.885024539967051,16.728506175662314
1070008800,13,518702965#12,139.27,0.0,139.27,139.27,1.0,732.0,880.0,75,2.047806465878712,6.236196643975501
1070008800,14,518702965#13,13.76,0.0,13.76,13.76,1.0,882.0,910.5922488495131,16,3.724750593035143,8.726829068643026
1070009100,0,183272437#0,40.24,39.235987933689735,40.24,1.004012066310267,0.024950598069340628,0.0,10.0,6,19.98682341277826,24.67567619600401
1070009100,1,183272437#1,0.89,0.0,0.89,0.89,1.0,12.0,34.0,12,6.6282392641362735,13.541342655545566
1070009100,2,-37402230#11,23.48,0.0,23.48,23.48,1.0,36.0,74.0,20,5.343718794284858,10.611885427995812
1070009100,3,-37402230#10,20.85,0.0,20.85,20.85,1.0,76.0,108.0,17,2.7717476832513706,7.245622758480559
1070009100,4,-37402230#9,52.99,0.0,52.99,52.99,1.0,110.0,172.0,32,2.095686381389129,5.646609776035534
1070009100,5,-37402230#8,84.97,0.0,84.97,84.97,1.0,174.0,268.0,48,3.3633125339231236,6.968258463826828
1070009100,6,-37402230#7,9.26,0.0,9.26,9.26,1.0,270.0,294.0,13,4.927799748926232,8.6886830270306
1070009100,7,-37402230#6,13.2,0.0,13.2,13.2,1.0,296.0,322.0,14,4.043424045363055,7.594447183030782
1070009100,8,-37402230#5,24.71,0.0,24.71,24.71,1.0,324.0,364.0,21,3.2117000691851985,10.09153761552066
1070009100,9,-37402230#4,38.29,0.0,38.29,38.29,1.0,366.0,424.0,30,2.5731346137309052,10.318979589707704
1070009100,10,-37402230#3,64.78,0.0,64.78,64.78,1.0,426.0,508.0,42,1.696111199347786,11.209421972371127
1070009100,11,-37402230#2,353.48,0.0,353.48,353.48,1.0,510.0,872.0,182,2.6691767712573187,6.7211529342054765
1070009100,12,-37402230#1,29.13,0.0,29.13,29.13,1.0,874.0,910.0,19,2.349571504489776,6.809685246138603
1070009100,13,-37402230#0,6.68,0.0,6.68,6.68,1.0,912.0,930.7109480448194,11,4.8393925058690055,10.948743607023513
1070009200,0,-1496591683#3,59.62,58.615863870282055,59.62,1.004136129717942,0.01684226987114965,0.0,8.0,5,5.58443888425204,7.3141039048614305
1070009200,1,37402230#0,6.68,0.0,6.68,6.68,1.0,10.0,22.0,7,2.973782779033768,4.0717929689177845
1070009200,2,37402230#1,29.24,0.0,29.24,29.24,1.0,24.0,64.0,21,3.349940498824475,7.584035921203775
1070009200,3,37402230#2,353.29,0.0,353.29,353.29,1.0,66.0,434.0,185,1.098887486701725,8.284021979392724
1070009200,4,37402230#3,65.0,0.0,65.0,65.0,1.0,436.0,518.0,42,4.081542312851143,11.367624295993041
1070009200,5,37402230#4,38.37,0.0,38.37,38.37,1.0,520.0,578.0,30,3.997086159565129,11.249572685271476
1070009200,6,37402230#5,24.71,0.0,24.71,24.71,1.0,580.0,622.0,22,3.4107942554711106,10.719847448171038
1070009200,7,37402230#6,13.43,0.0,13.43,13.43,1.0,624.0,650.0,14,2.2101498358749243,6.811467268181084
1070009200,8,37402230#7,9.26,0.0,9.26,9.26,1.0,652.0,674.0,12,2.374085572386124,7.03717826634154
1070009200,9,37402230#8,86.74,0.0,86.74,86.74,1.0,676.0,772.0,49,1.1046064074815705,6.845841356426057
1070009200,10,37402230#9,51.47,0.0,51.47,51.47,1.0,774.0,834.0,31,1.7918140181975584,6.1361991709894665
1070009200,11,37402230#10,20.85,0.0,20.85,20.85,1.0,836.0,868.0,17,2.500836813464186,7.036942824448938
1070009200,12,37402230#11,23.48,0.0,23.48,23.48,1.0,870.0,908.0,20,2.4299859833072452,10.572709967999028
1070009200,13,535722776,1.75,0.0,1.3732870829852752,1.3732870829852752,0.7847354759915859,910.0,922.0,7,7.452126478235992,12.13493518213469
1070009200,14,1028953203,14.63,0.0,14.63,14.63,1.0,924.0,940.1716513542651,10,7.074751309983997,8.863825087281986
1070009300,0,1539122297#1,27.8,14.879607756832037,27.8,12.920392243167964,0.46476231090532244,0.0,16.0,9,1.0721712077544483,4.021469572628485
1070009300,1,183521068#1,98.77,0.0,98.77,98.77,1.0,18.0,122.0,53,1.0680584053008098,3.109535229490856
1070009300,2,183521066#0,36.11,0.0,30.22862831015665,30.22862831015665,0.8371262340115384,124.0,155.84333505981118,17,1.545669809306243,2.7049326169417784
1070009400,0,1492450445#2,5.61,0.0,5.61,5.61,1.0,0.0,16.0,9,4.076496463830803,7.599831001535389
1070009400,1,1539122301#0,152.67,0.0,138.08348430066826,138.08348430066826,0.9044572234274466,18.0,158.05324101985323,72,3.8203917956784696,5.891469820778594
1070009500,0,-635356833#3,0.2,0.0,0.2,0.2,1.0,0.0,16.0,9,5.626126702561372,9.409619375278192
1070009500,1,-635356833#2,21.93,0.0,21.93,21.93,1.0,18.0,52.0,18,3.6021908711544395,7.891591076075536
1070009500,2,-635356833#1,45.89,0.0,45.89,45.89,1.0,54.0,112.0,30,1.769808522449293,7.517378819465236
1070009500,3,-635356833#0,110.82,0.0,110.82,110.82,1.0,114.0,236.0,62,1.274833446837682,6.488363906030097
1070009500,4,-1455538687#9,23.86,0.0,23.86,23.86,1.0,238.0,276.0,20,2.5062426258077286,7.315861028058592
1070009500,5,-1455538687#8,112.46,0.0,112.46,112.46,1.0,278.0,404.0,64,1.4348124084000262,7.650378401704592
1070009500,6,-1455538687#7,119.79,0.0,119.79,119.79,1.0,406.0,540.0,68,0.7241306151974873,8.036017557281626
1070009500,7,-1455538687#5,106.89,0.0,106.89,106.89,1.0,542.0,662.0,61,1.544669209225725,7.736291776772298
1070009500,8,-1455538687#4,113.93,0.0,113.93,113.93,1.0,664.0,798.0,68,2.6725949812746905,13.263234608788014
1070009500,9,-1455538687#3,31.04,0.0,31.04,31.04,1.0,800.0,844.0,23,4.26256435688361,11.98130013619427
1070009500,10,-1455538687#2,8.58,0.0,8.58,8.58,1.0,846.0,862.0,9,3.8178805565089644,6.697865383221117
1070009500,11,-1455538687#1,23.8,0.0,23.8,23.8,1.0,864.0,902.0,20,3.8169537928930124,7.782146062809304
1070009500,12,-1455538687#0,15.24,0.0,15.24,15.24,1.0,904.0,940.0,19,5.384353591284228,15.324265159604213
1070009500,13,-37401789,5.87,0.0,5.87,5.87,1.0,942.0,973.6095385583386,17,7.215237388112018,14.282299525531492
1070009600,0,37401789,5.8,0.0,5.8,5.8,1.0,0.0,32.0,17,6.857241708505567,14.746322742750337
1070009600,1,1455538687#0,15.24,0.0,15.24,15.24,1.0,34.0,70.0,19,3.902905749555296,14.482805292848871
1070009600,2,1455538687#1,23.8,0.0,23.8,23.8,1.0,72.0,108.0,19,1.513631247145093,6.710479014053491
1070009600,3,1455538687#2,8.58,0.0,8.58,8.58,1.0,110.0,128.0,10,2.214965530363899,7.369443630755634
1070009600,4,1455538687#3,31.12,0.0,31.12,31.12,1.0,130.0,174.0,23,2.204620260295903,11.996811972902009
1070009600,5,1455538687#4,114.09,0.0,114.09,114.09,1.0,176.0,310.0,68,1.5948494385763123,12.616054898724157
1070009600,6,1455538687#5,108.34,0.0,108.34,108.34,1.0,312.0,434.0,62,2.2491532468889157,7.472513742030957
1070009600,7,1455538687#7,119.37,0.0,119.37,119.37,1.0,436.0,570.0,68,2.8169798898028726,9.236157979982439
1070009600,8,1455538687#8,112.72,0.0,112.72,112.72,1.0,572.0,700.0,65,3.079282063273696,8.10468511317171
1070009600,9,1455538687#9,24.15,0.0,24.15,24.15,1.0,702.0,740.0,20,4.4286560646152555,7.691465344575054
1070009600,10,635356833#0,105.53,0.0,105.53,105.53,1.0,742.0,858.0,59,3.029280391743928,7.0325934171744064
1070009600,11,635356833#1,40.97,0.0,40.97,40.97,1.0,860.0,912.0,27,2.274296187174213,7.88230905413923
1070009600,12,635356833#2,21.09,0.0,21.09,21.09,1.0,914.0,946.0,17,1.6613214795403244,8.001582871795168
1070009600,13,635356833#3,0.2,0.0,0.2,0.2,1.0,948.0,963.6122534334854,9,4.658842639235158,8.96258502600613
1070010300,0,539135854#4,15.28,10.999918620210817,15.28,4.280081379789182,0.2801100379443182,0.0,22.0,12,8.000028703778819,14.403107029946888
1070010300,1,573169790#0,18.41,0.0,18.41,18.41,1.0,24.0,58.0,18,6.889149878422831,14.194385038556184
1070010300,2,573169790#1,27.14,0.0,27.14,27.14,1.0,60.0,96.0,19,7.595016077528624,10.406295467158795
1070010300,3,573169793,12.22,0.0,12.22,12.22,1.0,98.0,124.0,14,10.433630862553468,11.717014615844853
1070010300,4,573169794#0,42.08,0.0,42.08,42.08,1.0,126.0,180.0,28,7.823979913450727,11.713469227170364
1070010300,5,573169794#1,5.58,0.0,5.58,5.58,1.0,182.0,196.0,8,4.262668346637844,7.725032431716647
1070010300,6,573169794#2,64.5,0.0,64.5,64.5,1.0,198.0,272.0,38,1.9918687793130188,7.1083139402509445
1070010300,7,573169794#3,24.29,0.0,24.29,24.29,1.0,274.0,312.0,20,3.528598298622941,8.733410092668208
1070010300,8,563109707#0,9.93,0.0,9.93,9.93,1.0,314.0,332.0,10,3.251268286531346,7.009956793866161
1070010300,9,563109707#1,15.27,0.0,15.27,15.27,1.0,334.0,358.0,13,2.232762206820104,6.47636526516066
1070010300,10,563109707#2,28.7,0.0,28.7,28.7,1.0,360.0,400.0,21,1.1467297913981824,6.304484655539195
1070010300,11,518962606#0,42.99,0.0,42.99,42.99,1.0,402.0,458.0,29,1.0288777934569964,6.905773327879561
1070010300,12,518962606#1,53.62,0.0,53.62,53.62,1.0,460.0,522.0,32,1.028522239570877,5.325107026669713
1070010300,13,518962606#2,1.42,0.0,1.42,1.42,1.0,524.0,542.0,10,6.0040618241128865,13.899866813384712
1070010300,14,518962607#0,8.11,0.0,8.11,8.11,1.0,544.0,572.0,15,4.964426104599386,13.294839610222404
1070010300,15,518962607#1,36.28,0.0,36.28,36.28,1.0,574.0,628.0,28,4.279286870000553,12.238754462901742
1070010300,16,563109702#0,37.61,0.0,37.61,37.61,1.0,630.0,688.0,30,5.537707133654052,13.286009267780077
1070010300,17,563109702#1,46.91,0.0,46.91,46.91,1.0,690.0,750.0,31,3.8665354671157717,7.798094179004345
1070010300,18,563109702#2,36.95,0.0,36.95,36.95,1.0,752.0,804.0,27,2.9317160514684595,8.792190631164527
1070010300,19,563109702#4,0.2,0.0,0.2,0.2,1.0,806.0,822.0,9,5.141150231037704,10.143719652025254
1070010300,20,563109702#5,53.47,0.0,53.47,53.47,1.0,824.0,898.0,38,3.5006250720432237,15.129048195568469
1070010300,21,563109702#7,32.63,0.0,32.63,32.63,1.0,900.0,956.0,29,4.135627041014011,14.032666867335347
1070010300,22,1528816939#0,31.22,0.0,31.22,31.22,1.0,958.0,1008.0,26,2.7173808036178806,11.321318274303168
1070010300,23,1528816939#1,8.27,0.0,8.27,8.27,1.0,1010.0,1026.0,9,1.6377000858263584,5.923523260456773
1070010300,24,1528816939#2,1.69,0.0,1.69,1.69,1.0,1028.0,1036.0,5,1.8929404260567104,4.452718746559593
1070010300,25,1496591683#0,100.97,0.0,100.97,100.97,1.0,1038.0,1150.0,57,2.115469448969186,7.353826553155309
1070010300,26,1496591683#1,19.47,0.0,19.47,19.47,1.0,1152.0,1180.0,15,4.458843250320009,7.328513376192649
1070010300,27,1496591683#2,9.86,0.0,9.86,9.86,1.0,1182.0,1202.5789292094582,12,5.933047270281686,10.849101734407437
1070010400,0,-1496591683#2,9.86,0.0,9.86,9.86,1.0,0.0,22.0,12,3.6098938036148933,9.996754688372327
1070010400,1,-1496591683#1,19.47,0.0,19.47,19.47,1.0,24.0,52.0,15,2.5924103205906595,7.677787771203345
1070010400,2,-1496591683#0,100.97,0.0,100.97,100.97,1.0,54.0,166.0,57,4.096291943628753,7.665970269857112
1070010400,3,-1528816939#2,1.69,0.0,1.69,1.69,1.0,168.0,176.0,5,5.999510938435173,6.671495963522483
1070010400,4,-1528816939#1,8.27,0.0,8.27,8.27,1.0,178.0,194.0,9,6.2531824212596625,8.895191449254645
1070010400,5,-1528816939#0,31.22,0.0,31.22,31.22,1.0,196.0,244.0,25,5.841401277793958,11.347077422836737
1070010400,6,-563109702#7,32.63,0.0,32.63,32.63,1.0,246.0,304.0,30,5.965496709785616,15.362452465552595
1070010400,7,-563109702#5,53.47,0.0,53.47,53.47,1.0,306.0,380.0,38,5.058229453045782,14.567369380705737
1070010400,8,-563109702#4,0.2,0.0,0.2,0.2,1.0,382.0,396.0,8,6.149010243663614,9.791259846440322
1070010400,9,-563109702#2,36.95,0.0,36.95,36.95,1.0,398.0,452.0,28,4.81693958491703,10.472546056248051
1070010400,10,-563109702#1,46.92,0.0,46.92,46.92,1.0,454.0,514.0,31,3.2277624406465613,7.11268645633976
1070010400,11,-563109702#0,37.3,0.0,37.3,37.3,1.0,516.0,574.0,30,3.5152962195082895,12.115825615444672
1070010400,12,-518962607#1,36.98,0.0,36.98,36.98,1.0,576.0,632.0,29,4.216004860805168,11.913493571756515
1070010400,13,-518962607#0,7.85,0.0,7.85,7.85,1.0,634.0,662.0,15,7.32737304380477,15.493016817581479
1070010400,14,-518962606#2,1.36,0.0,1.36,1.36,1.0,664.0,682.0,10,9.217791276590201,14.817842368400402
1070010400,15,-518962606#1,53.62,0.0,53.62,53.62,1.0,684.0,746.0,32,6.50826522490641,8.995604449002364
1070010400,16,-518962606#0,42.99,0.0,42.99,42.99,1.0,748.0,802.0,28,5.859867443601528,7.8736030276212805
1070010400,17,-563109707#2,28.7,0.0,28.7,28.7,1.0,804.0,846.0,22,6.016506781453472,8.835618422105217
1070010400,18,-563109707#1,15.27,0.0,15.27,15.27,1.0,848.0,872.0,13,6.979956105969541,8.386630349705625
1070010400,19,-563109707#0,9.6,0.0,9.6,9.6,1.0,874.0,892.0,10,8.458574838011163,11.012549577202996
1070010400,20,-573169794#3,24.29,0.0,24.29,24.29,1.0,894.0,932.0,20,8.685345952235197,11.744633752809374
1070010400,21,-573169794#2,65.08,0.0,65.08,65.08,1.0,934.0,1008.0,38,4.296176134282185,9.649080699941095
1070010400,22,-573169794#1,5.58,0.0,5.58,5.58,1.0,1010.0,1024.0,8,3.5163612823133783,7.0802716881042125
1070010400,23,-573169794#0,42.08,0.0,42.08,42.08,1.0,1026.0,1080.0,28,2.8787894220756014,7.761304166036664
1070010400,24,-573169793,12.22,0.0,12.22,12.22,1.0,1082.0,1106.0,13,5.103448836178573,7.626821998835583
1070010400,25,-573169790#1,27.14,0.0,27.14,27.14,1.0,1108.0,1144.0,19,2.4903749942597835,7.819170284789018
1070010400,26,-573169790#0,18.41,0.0,18.41,18.41,1.0,1146.0,1182.0,19,3.557180500525229,14.451714918063017
1070010400,27,-448704565,9.56,0.0,6.822671518654896,6.822671518654896,0.7136685688969556,1184.0,1204.837012044498,12,5.920541668308974,15.116137929927648
1070010500,0,820363545#1,23.53,15.019868620262145,23.53,8.510131379737857,0.36167154185031264,0.0,12.0,7,3.8332982924152965,5.868208121115753
1070010500,1,820363545#2,506.2,0.0,506.2,506.2,1.0,14.0,534.0,261,1.4281992220090538,5.971694706406639
1070010500,2,820363545#3,184.72,0.0,184.72,184.72,1.0,536.0,736.0,101,1.0268918112949355,8.069772725066775
1070010500,3,820363545#4,116.44,0.0,116.44,116.44,1.0,738.0,870.0,67,1.9145503446295924,7.644216123648306
1070010500,4,820363545#5,270.0,0.0,270.0,270.0,1.0,872.0,1160.0,145,1.438018940832584,9.79033228806728
1070010500,5,820363545#6,127.3,0.0,127.3,127.3,1.0,1162.0,1309.4265008432062,75,1.7486560142457865,9.419303483665944
1070010600,0,-820363545#6,122.01,0.0,122.01,122.01,1.0,0.0,136.0,69,2.303404378072475,9.466586421425127
1070010600,1,-820363545#5,267.81,0.0,267.81,267.81,1.0,138.0,424.0,144,1.3334073061823395,9.326311152429271
1070010600,2,-820363545#4,114.57,0.0,114.57,114.57,1.0,426.0,556.0,66,1.5799017719835955,8.4577690319104
1070010600,3,-820363545#3,184.44,0.0,184.44,184.44,1.0,558.0,756.0,100,0.7338447414834312,7.320887768217443
1070010600,4,-820363545#2,508.5,0.0,508.5,508.5,1.0,758.0,1282.0,263,1.2964762222903934,6.640117820711839
1070010600,5,-820363545#1,23.53,0.0,8.507155778519778,8.507155778519778,0.36154508196004154,1284.0,1295.7060744114801,7,2.591341775512474,4.8678051095077475
1070010700,0,-635356835#0,16.05,15.056380476149894,16.05,0.9936195238501071,0.061907758495333774,0.0,6.0,4,9.87124755900467,11.920049111374235
1070010700,1,-1419371349#3,19.72,0.0,19.72,19.72,1.0,8.0,36.0,15,5.085331465000617,7.361811134427973
1070010700,2,-1419371349#2,25.06,0.0,25.06,25.06,1.0,38.0,72.0,18,3.685702001686236,7.108773474282267
1070010700,3,-1419371349#1,189.9,0.0,189.9,189.9,1.0,74.0,280.0,104,3.2952626473602704,6.274557639446887
1070010700,4,-1419371349#0,32.4,0.0,32.14728587939081,32.14728587939081,0.9922001814626793,282.0,316.0,18,0.9782490215742217,4.565734025746217
1070010700,5,-1419371350,54.84,0.0,54.84,54.84,1.0,318.0,372.0,28,0.6165798434904332,0.6345915460685642
1070010700,6,-820363545#12,215.82,0.32920256609371834,215.82,215.49079743390627,0.9984746429149581,374.0,598.0,113,1.5972163978728888,7.701561200545175
1070010700,7,-820363545#11,13.52,0.0,13.52,13.52,1.0,600.0,626.0,14,4.548794387294602,7.357749070224086
1070010700,8,-820363545#10,37.19,0.0,37.19,37.19,1.0,628.0,676.0,25,3.5281193108847253,7.295259737287317
1070010700,9,-820363545#9,145.67,0.0,145.67,145.67,1.0,678.0,834.0,79,1.4428974905708847,7.714105942538016
1070010700,10,-820363545#8,108.16,0.0,108.16,108.16,1.0,836.0,960.0,63,1.906814810755563,8.998154922066565
1070010700,11,-820363545#7,406.94,0.0,405.44120534122266,405.44120534122266,0.9963169148798905,962.0,1372.8726841295847,207,1.3346057666638538,5.013595106826182
1070010800,0,820363545#7,403.2,0.0,403.2,403.2,1.0,0.0,408.0,205,1.3541085716168462,4.788672700086316
1070010800,1,820363545#8,103.37,0.0,103.37,103.37,1.0,410.0,524.0,58,1.4769576596715592,9.810852974148629
1070010800,2,820363545#9,149.08,0.0,149.08,149.08,1.0,526.0,688.0,82,0.980814597554438,8.820054954684242
1070010800,3,820363545#10,39.51,0.0,39.51,39.51,1.0,690.0,742.0,27,1.7188342554743332,6.629044921307887
1070010800,4,820363545#11,13.52,0.0,13.52,13.52,1.0,744.0,770.0,14,2.436012113857301,6.698688823829995
1070010800,5,820363545#12,211.37,0.0,211.37,211.37,1.0,772.0,990.0,110,1.002275852561847,6.572680594971386
1070010800,6,1419371350,54.84,0.23473868271360554,54.223312810481495,53.98857412776789,0.984474364109553,992.0,1044.0,27,1.532978801002055,1.9085990552067935
1070010800,7,1419371349#0,34.81,0.0,34.81,34.81,1.0,1046.0,1084.0,20,1.3596232132944683,4.32801757498324
1070010800,8,1419371349#1,183.43,0.0,183.43,183.43,1.0,1086.0,1280.0,98,3.001213797346562,8.052094621675876
1070010800,9,1419371349#2,25.06,0.0,25.06,25.06,1.0,1282.0,1316.0,18,5.509935347487712,8.77112710972531
1070010800,10,1419371349#3,19.59,0.0,19.59,19.59,1.0,1318.0,1348.0,16,4.114348819553076,7.457674410405367
1070010800,11,-635356833#3,0.2,0.0,0.2,0.2,1.0,1350.0,1357.8919310512013,5,5.388880647614721,7.582812823820197
1070010900,0,635356833#3,0.2,0.0,0.2,0.2,1.0,0.0,10.0,6,4.712101362750139,7.389416427709593
1070010900,1,635356834#0,200.66,0.0,200.66,200.66,1.0,12.0,222.0,106,1.8687792062563644,7.446366373882184
1070010900,2,635356834#1,50.25,0.0,50.25,50.25,1.0,224.0,284.0,31,4.94517542139345,8.218850299159909
1070010900,3,635356834#2,105.89,0.0,105.89,105.89,1.0,286.0,404.0,60,3.899898433033835,8.535698236414794
1070010900,4,635356834#3,39.02,0.0,39.02,39.02,1.0,406.0,456.0,26,5.57450999181301,8.097465084131704
1070010900,5,635356834#4,45.19,0.0,45.19,45.19,1.0,458.0,516.0,30,3.704053190097005,7.638023936987571
1070010900,6,635356834#5,13.92,0.0,13.92,13.92,1.0,518.0,544.0,14,3.8293314438996005,7.474212674237244
1070010900,7,635356834#6,30.87,0.0,30.87,30.87,1.0,546.0,590.0,23,4.835298857348783,8.422798606956086
1070010900,8,635356834#7,39.35,0.0,39.35,39.35,1.0,592.0,646.0,28,6.96538333550575,13.316143505171333
1070010900,9,1530928390#0,66.86,0.0,66.86,66.86,1.0,648.0,734.0,44,3.112054456880431,14.803708783365268
1070010900,10,-1530928392,10.42,0.0,10.42,10.42,1.0,736.0,762.0,14,4.514741680594586,7.44711076512093
1070010900,11,183521068#0,1.98,0.0,1.0,1.0,0.5050505050505051,764.0,776.7886414761446,8,7.775464161251351,9.793967043299029
1070011000,0,37400588#4,15.53,,,0.0,0.0,,,0,,
1070011000,1,37400588#5,11.61,9.111367714935579,11.577391919866992,2.466024204931413,0.21240518560994084,0.0,18.0,10,4.998323958597958,9.291236686606622
1070011000,2,1530928392,10.42,0.0,10.42,10.42,1.0,20.0,42.0,12,7.325155950817735,9.341636998918311
1070011000,3,183521067#1,23.12,0.0,23.12,23.12,1.0,44.0,78.0,18,4.109816685591468,10.094524123341436
1070011000,4,183521067#2,27.67,0.0,27.67,27.67,1.0,80.0,112.0,17,1.8297765124653524,4.741975977024477
1070011000,5,183521067#3,0.2,0.0,0.2,0.2,1.0,114.0,124.0,6,3.615373615334036,7.909284865349056
1070011000,6,-635356834#7,40.04,0.0,40.04,40.04,1.0,126.0,178.0,27,3.2874470848613164,7.115708404949777
1070011000,7,-635356834#6,30.72,0.0,30.72,30.72,1.0,180.0,224.0,23,5.530898955284804,8.887090075341078
1070011000,8,-635356834#5,13.92,0.0,13.92,13.92,1.0,226.0,252.0,14,6.6603723585881065,9.058429356077358
1070011000,9,-635356834#4,44.8,0.0,44.8,44.8,1.0,254.0,310.0,29,5.900457145136039,8.770027964381665
1070011000,10,-635356834#3,39.08,0.0,39.08,39.08,1.0,312.0,364.0,27,4.09005834084074,7.635384021690319
1070011000,11,-635356834#2,105.27,0.0,105.27,105.27,1.0,366.0,478.0,57,5.012589025933363,6.457387211874556
1070011000,12,-635356834#1,50.2,0.0,50.2,50.2,1.0,480.0,540.0,31,4.358712152210701,7.203858816064641
1070011000,13,-635356834#0,200.56,0.0,200.56,200.56,1.0,542.0,764.545068818802,113,9.385439347817389,17.364985102434407
1070011100,0,664389978,38.48,28.760343002749433,38.48,9.719656997250564,0.25258983880588787,0.0,12.0,7,1.4521812330381072,3.4377588427636425
1070011100,1,801428774#0,0.35,0.0,0.35,0.35,1.0,14.0,20.0,4,2.1930516099490758,3.443375712777413
1070011100,2,801428774#1,40.98,0.0,40.98,40.98,1.0,22.0,68.0,24,1.3159998438711091,4.441371084504711
1070011100,3,536149452,46.26,0.0,46.26,46.26,1.0,70.0,116.0,24,1.5533481347065417,2.6938637348983816
1070011100,4,37400588#0,51.34,0.0,51.34,51.34,1.0,118.0,172.0,28,0.9080097902627606,3.528775238560349
1070011100,5,37400588#1,34.79,0.0,34.79,34.79,1.0,174.0,212.0,20,0.8461479528932886,2.6324692110821197
1070011100,6,37400588#2,89.75,0.0,89.75,89.75,1.0,214.0,312.0,50,2.8177332464947056,7.061286781837843
1070011100,7,37400588#3,28.69,0.0,28.69,28.69,1.0,314.0,352.0,20,3.9257304399211272,7.051066511885648
1070011100,8,37400588#4,15.53,0.0,15.53,15.53,1.0,354.0,376.0,12,4.042020171959732,5.640443569636982
1070011100,9,37400588#5,11.61,0.0,11.61,11.61,1.0,378.0,396.19245813638906,11,4.062214830156667,5.279406942681242
1070011200,0,1539122301#0,152.67,136.08348430066826,152.67,16.586515699331727,0.1086429272242859,0.0,16.0,9,5.18141102517755,5.891469820778594
1070011200,1,1539122301#1,24.56,0.0,24.56,24.56,1.0,18.0,48.0,16,1.8418809250041406,4.525870338628785
1070011200,2,1069458452#3,21.57,0.0,21.57,21.57,1.0,50.0,100.0,26,8.80295692053932,26.29455575137978
1070011200,3,1069458452#4,109.24,0.0,109.24,109.24,1.0,102.0,242.0,71,4.000656127919898,25.340558972860215
1070011200,4,1069458452#5,40.66,0.0,40.66,40.66,1.0,244.0,290.0,24,2.6458027057859734,6.228471311850505
1070011200,5,1069458452#6,62.35,0.0,62.35,62.35,1.0,292.0,358.0,34,0.34790813329916537,2.1833485675533892
1070011200,6,1069458452#7,21.93,0.0,21.612385188649245,21.612385188649245,0.9855168804673619,360.0,380.0,11,1.1972626541525218,1.223867330858291
1070011200,7,1069458453,45.93,0.0,13.247375424381648,13.247375424381648,0.288425330380615,382.0,394.21917472778614,8,0.9688732573703391,1.212564710061289
1070011700,0,183272440#3,24.52,0.0,24.52,24.52,1.0,0.0,30.0,16,3.4126636270950206,6.5012000810068145
1070011700,1,183272438-AddedOnRampEdge,97.54,0.0,96.61346212671346,96.61346212671346,0.9905009445018808,32.0,130.0,50,2.2706765898672447,4.9353919444107595
1070011700,2,183272438,60.5,0.0,56.99028038305595,56.99028038305595,0.9419881055050571,132.0,188.0,29,5.781394013471129,7.4337069016012505
1070011700,3,37402127#0,30.16,0.0,30.16,30.16,1.0,190.0,224.0,18,7.125691083922321,9.14720745044043
1070011700,4,37402127#1,0.21,0.0,0.21,0.21,1.0,226.0,228.0,2,6.7946069634147435,7.319213521643346
1070011700,5,1028953202,4.18,0.6068212165042295,4.18,3.57317878349577,0.8548274601664522,230.0,237.63100721917803,5,3.924449787754251,5.265991819077262
1070011800,0,219054277#0,0.45,0.0,0.45,0.45,1.0,0.0,14.0,8,5.184628868614196,9.306613530218582
1070011800,1,219054277#1,0.82,0.0,0.82,0.82,1.0,16.0,28.0,7,4.111384856620036,9.187948379725452
1070011800,2,704467806#0,9.96,0.0,9.96,9.96,1.0,30.0,46.0,9,1.190049660224896,3.9774715412832546
1070011800,3,704467806#1,16.72,0.0,16.72,16.72,1.0,48.0,68.0,11,2.7229015546530624,4.994190086666481
1070011800,4,219054276,39.27,0.0,39.27,39.27,1.0,70.0,114.0,23,4.391882263066425,5.658939553053133
1070011800,5,1534267660,13.42,0.0,13.42,13.42,1.0,116.0,140.0,13,3.2263863300933275,6.434060544053347
1070011800,6,535722777,12.28,0.0,12.28,12.28,1.0,142.0,162.0,11,3.6751115107802352,5.3463503007778534
1070011800,7,779506247,0.2,0.0,0.2,0.2,1.0,164.0,172.0,5,3.846693910192593,5.116502274062853
1070011800,8,1534267661,30.33,0.0,25.347780676894388,25.347780676894388,0.835732960003112,174.0,201.5078720279289,15,3.3728430698439054,4.579356441483825
1070012100,0,628899677#0,19.61,18.611234025425137,19.61,0.9987659745748623,0.050931462242471304,0.0,16.0,9,14.817442272943019,17.68136432042363
1070012100,1,-700433853#0,11.68,0.0,11.68,11.68,1.0,18.0,50.0,17,6.22653236761627,16.336407139928138
1070012100,2,-976309329,41.58,0.0,41.58,41.58,1.0,52.0,104.0,27,2.8018293533849654,6.401193131548958
1070012100,3,-635356835#5,0.28,0.0,0.28,0.28,1.0,106.0,114.0,5,3.971990508165851,7.894575681950497
1070012100,4,-635356835#4,24.82,0.4233872593049455,24.82,24.396612740695055,0.9829416897943213,116.0,148.0,17,2.673669507942815,9.041687643747368
1070012100,5,-635356835#3,66.9,0.0,66.9,66.9,1.0,150.0,232.0,42,3.5042514864271754,9.939726534927827
1070012100,6,-635356835#2,10.18,0.0,10.18,10.18,1.0,234.0,254.0,11,5.42515214644621,9.589312964103051
1070012100,7,-635356835#1,32.75,0.0,32.75,32.75,1.0,256.0,292.0,19,4.056763995464844,6.185322906755872
1070012100,8,-635356835#0,16.05,0.0,16.05,16.05,1.0,294.0,322.0,15,3.3554099190139985,7.018210859643716
1070012100,9,-1419371349#3,19.72,0.0,1.0,1.0,0.05070993914807303,324.0,331.6815046784929,5,7.930311836517932,9.538153445505792
1070012200,0,635356835#0,18.62,0.0,18.62,18.62,1.0,0.0,42.0,22,4.689139498989351,17.224484025605648
1070012200,1,635356835#1,34.77,0.0,34.77,34.77,1.0,44.0,84.0,21,1.6127871083940526,4.797010093929765
1070012200,2,635356835#2,11.57,0.0,11.57,11.57,1.0,86.0,108.0,12,3.5139102571443885,9.366750937007014
1070012200,3,635356835#3,71.2,0.0,71.2,71.2,1.0,110.0,198.0,45,3.017278966109459,9.77524697339004
1070012200,4,635356835#4,22.3,0.0,22.3,22.3,1.0,200.0,228.0,15,4.605975117841229,8.071223644124835
1070012200,5,635356835#5,0.28,0.0,0.28,0.28,1.0,230.0,236.0,4,4.935887980904665,7.452568072474809
1070012200,6,976309329,41.58,0.0,41.58,41.58,1.0,238.0,290.0,27,1.8042920209291755,6.204617146930022
1070012200,7,700433853#0,11.7,0.0,11.7,11.7,1.0,292.0,314.0,12,3.329902054278667,7.958029990029657
1070012200,8,1389567234#0,22.44,0.0,1.0,1.0,0.044563279857397504,316.0,340.16107491102855,14,13.076844639627575,21.1802642403546
1070012300,0,400120973#2,2512.29,1144.036900135509,1964.588393669283,820.551493533774,0.3266149582786119,0.0,823.0414752211021,413,4.284549931567737,11.832199129074493
1070012400,0,399174157#1,1551.01,558.2673568623608,1379.406766887857,821.1394100254962,0.5294223828508495,0.0,821.8629325765171,412,3.617397887180153,12.506917197492399
1070012600,0,415336553,38.56,37.56057183185978,38.56,0.99942816814022,0.02591878029409284,0.0,6.0,4,9.117247896655426,11.10847955526042
1070012600,1,518796200#0,60.44,0.0,60.44,60.44,1.0,8.0,82.0,38,2.5526155328267235,8.391414425789195
1070012600,2,518796200#1,15.34,0.0,15.34,15.34,1.0,84.0,116.0,17,6.836237695592478,12.692141057487168
1070012600,3,537813376,12.25,0.0,10.452427558506336,10.452427558506336,0.8532593925311295,118.0,140.0,12,10.279400386555016,14.270893024539614
1070012600,4,669609356,6.67,,,0.0,0.0,,,0,,
1070012600,5,1211909480#7,0.2,,,0.0,0.0,,,0,,
1070012600,6,1211909480#8,7.96,6.9657077526102595,7.96,0.9942922473897404,0.12491108635549503,142.0,178.43825905300884,20,11.099414121736515,22.059383767996408
1070012700,0,1069458450,0.2,0.0,0.2,0.2,1.0,0.0,12.0,7,6.888224248275171,11.862324609761645
1070012700,1,1455540413#0,3.21,0.0,3.21,3.21,1.0,14.0,24.0,6,3.2818280092902,5.338243676799187
1070012700,2,1455540413#1,0.2,0.0,0.2,0.2,1.0,26.0,32.0,4,2.444613450526011,4.934762588023337
1070012700,3,183521063#0,16.52,0.0,16.52,16.52,1.0,34.0,58.0,13,1.4037494244750282,7.013538255301794
1070012700,4,183521063#1,86.47,0.0,86.47,86.47,1.0,60.0,154.0,48,4.163456899729691,5.9558124682155
1070012700,5,183521063#2,0.66,0.0,0.66,0.66,1.0,156.0,162.0,4,3.6340003252778272,4.340383902560789
1070012700,6,183521063#3,80.07,0.0,80.07,80.07,1.0,164.0,254.0,46,0.8417697744090781,5.1621185036266
1070012700,7,518780122#0,78.47,0.0,78.47,78.47,1.0,256.0,346.0,46,0.7028733401885671,6.499219455145089
1070012700,8,518780122#1,0.2,0.0,0.2,0.2,1.0,348.0,358.0,6,2.898073120571771,5.635869678883793
1070012700,9,616217914#0,1.39,0.0,1.39,1.39,1.0,360.0,366.0,4,2.6774795289955136,4.756805839152274
1070012700,10,616217914#1,1.73,0.0,1.73,1.73,1.0,368.0,374.0,4,1.290694071122716,2.480724657615758
1070012700,11,664389978,38.48,0.0,31.740101705637176,31.740101705637176,0.8248467179219641,376.0,410.25377960318934,19,1.0060405447268856,3.5138089333012763
1070012800,0,1069458453,45.93,11.247375424381648,45.24626917658175,33.998893752200104,0.7402328271761399,0.0,32.0,17,0.6401659194637247,0.7732059842899075
1070012800,1,1209313353#0-AddedOnRampEdge,25.37,0.0,25.37,25.37,1.0,34.0,62.0,15,0.9025789839724269,2.561932113960087
1070012800,2,1209313353#0,7.18,0.0,7.18,7.18,1.0,64.0,102.0,20,10.155559504299598,26.947260210387675
1070012800,3,1069458443#0,114.57,0.0,114.57,114.57,1.0,104.0,246.0,72,5.550809252976121,26.708129581173136
1070012800,4,1069458443#1,17.39,0.0,17.39,17.39,1.0,248.0,268.0,11,0.8930899610169072,2.542545911034803
1070012800,5,1209313353#4,94.65,0.0,94.65,94.65,1.0,270.0,370.0,51,1.2384276262025913,2.7854973579314435
1070012800,6,1209313353#5,12.04,0.0,12.04,12.04,1.0,372.0,392.0,11,2.856358658178475,7.306350856983578
1070012800,7,1069458450,0.2,0.0,0.2,0.2,1.0,394.0,402.0856188365815,6,11.729070933491661,13.980561536797412
1070012900,0,1209313353#5,12.04,11.03748961577873,12.04,1.002510384221269,0.08326498207817849,0.0,10.0,6,11.369659759740287,14.4115968213678
1070012900,1,-573169795#4,2.6,0.0,2.6,2.6,1.0,12.0,24.0,7,3.7187924679037034,8.54590956545363
1070012900,2,-573169795#3,7.1,0.0,7.1,7.1,1.0,26.0,40.0,8,2.361314757776629,4.907443488072383
1070012900,3,-573169795#2,5.41,0.0,5.41,5.41,1.0,42.0,56.0,8,3.6024822261817504,5.3740805550267
1070012900,4,-573169795#1,39.88,0.0,39.88,39.88,1.0,58.0,106.0,25,5.613659605672981,9.115759174522552
1070012900,5,218655245#0,138.46,0.0,5.724503853489187,5.724503853489187,0.04134409832073658,108.0,122.96808219257628,9,4.397020852946021,10.224507578790684
1070013000,0,219095464#4,17.65,16.650384202617253,17.65,0.9996157973827451,0.056635455942365166,0.0,6.0,4,11.968665140008861,14.964317099978238
1070013000,1,573169795#1,39.88,0.0,39.88,39.88,1.0,8.0,68.0,31,4.681325075505464,16.522432960996024
1070013000,2,1069458451#0,25.84,0.0,25.84,25.84,1.0,70.0,98.0,15,1.737705774650074,3.444646645047636
1070013000,3,1069458451#1,6.43,0.0,6.43,6.43,1.0,100.0,123.82570262336583,13,7.993913088668809,17.79215562077653
1070013100,0,400120973#2,2512.29,966.0456451166963,1144.7549655708615,178.7093204541652,0.07113403327409065,0.0,176.27046536323297,90,3.5125625581219015,5.710839166584586
1070013200,0,399174157#1,1551.01,1376.132415814962,1551.01,174.8775841850379,0.11275077799952155,0.0,174.4632688353015,89,2.3828272293557196,3.736403045474113
1070013300,0,976309330#4,205.52,27.11371744540183,205.52,178.4062825545982,0.8680726087709137,0.0,176.0,89,3.842043585760393,7.27787028181957
1070013300,1,976309330#5,0.2,0.0,0.2,0.2,1.0,178.0,188.0,6,10.590042174160168,13.860199950483358
1070013300,2,976309330#6,35.22,0.0,35.22,35.22,1.0,190.0,238.0,25,19.540505351023672,22.294346355496117
1070013300,3,976309330#7,21.39,0.0,21.39,21.39,1.0,240.0,270.0,16,20.836457000848327,22.788559840188334
1070013300,4,976309330#8,83.37,0.0,83.37,83.37,1.0,272.0,370.0,50,16.817258717961554,19.509336749706446
1070013300,5,976312216#0,37.55,0.0,37.55,37.55,1.0,372.0,440.6169227590058,36,14.484324276390474,22.92942067299989
1070013400,0,1455063479#0,36.66,0.0,36.66,36.66,1.0,0.0,70.0,36,9.095757505475433,21.81485192987215
1070013400,1,1455063479#3,1.03,0.0,1.03,1.03,1.0,72.0,90.0,10,11.617440105448482,14.931614231022815
1070013400,2,1455063479#4,12.99,0.0,12.99,12.99,1.0,92.0,116.0,13,11.895527789178287,13.970694906380563
1070013400,3,1455063479#5,95.93,0.0,95.93,95.93,1.0,118.0,226.0,55,17.272860272292693,21.330199516626813
1070013400,4,1455063479#6,10.34,0.0,10.34,10.34,1.0,228.0,254.0,14,19.49587612964516,21.804880911365483
1070013400,5,1455063479#7,0.2,0.0,0.2,0.2,1.0,256.0,262.0,4,15.378886167583989,17.28631911001215
1070013400,6,1455063479#8,159.79,0.0,159.79,159.79,1.0,264.0,439.4930507265664,89,3.2503500482889187,12.293086004506222
1070013700,0,617286974,0.2,0.0,0.2,0.2,1.0,0.0,4.0,3,1.8917101797301878,3.1597636806467775
1070013700,1,1528761960,0.2,0.0,0.2,0.2,1.0,6.0,22.0,9,10.264615108077171,17.562814587534504
1070013700,2,519304013#0,9.36,0.0,9.36,9.36,1.0,24.0,52.0,15,8.816122573005675,19.260079024933113
1070013700,3,519304013#1,2.61,0.7046693612195183,2.61,1.9053306387804816,0.7300117389963532,54.0,58.0,3,4.287641493773079,4.918796250785899
1070013700,4,519304013#2,20.31,0.0,20.31,20.31,1.0,60.0,88.0,15,3.867617421518775,6.49127896303343
1070013700,5,519304013#3,112.18,0.0,112.18,112.18,1.0,90.0,214.0,63,2.672437350447038,6.58304711208905
1070013700,6,519304013#4,89.98,0.0,89.98,89.98,1.0,216.0,314.0,50,3.383722972194558,5.436641635564019
1070013700,7,519304013#5,0.2,0.0,0.2,0.2,1.0,316.0,330.0,8,5.784387049766448,11.35786531065966
1070013700,8,-183521196#5,65.51,0.0,65.51,65.51,1.0,332.0,414.0,42,3.1123322377776423,10.164126831727168
1070013700,9,-183521196#4,44.67,0.0,44.67,44.67,1.0,416.0,468.0,27,1.5766317435581476,6.431009686138952
1070013700,10,-183521196#3,10.96,0.0,10.96,10.96,1.0,470.0,490.0,11,1.5987844387506298,6.498794988659456
1070013700,11,-183521196#2,26.54,0.0,26.54,26.54,1.0,492.0,532.0,21,1.6220310844194952,7.293098732745016
1070013700,12,-183521196#1,21.47,0.0,21.47,21.47,1.0,534.0,572.0,20,2.247526176127967,9.758241375816542
1070013700,13,-539134822,26.29,0.0,26.29,26.29,1.0,574.0,618.0,23,2.5598011417713438,11.602859038783318
1070013700,14,-573169792,2.3,0.0,2.3,2.3,1.0,620.0,640.0,11,6.382826699056582,12.304102930135166
1070013700,15,448704565,9.56,0.0,5.42525916559493,5.42525916559493,0.5674957286187166,642.0,660.1963054482904,11,7.106086486211667,14.194434094714662
1070013800,0,-448704565,9.56,3.864634921481816,9.56,5.695365078518185,0.5957494852006469,0.0,18.0,10,5.516577480199766,13.379493843216514
1070013800,1,573169792,2.3,0.0,2.3,2.3,1.0,20.0,40.0,11,5.319030275205227,11.95421434989645
1070013800,2,539134822,26.31,0.0,26.31,26.31,1.0,42.0,86.0,23,2.6871197077613114,10.934958698570382
1070013800,3,183521196#1,21.72,0.0,21.72,21.72,1.0,88.0,126.0,20,3.522002977213771,9.755851060755749
1070013800,4,183521196#2,26.54,0.0,26.54,26.54,1.0,128.0,168.0,21,2.9047642815050994,7.598180748203238
1070013800,5,183521196#3,11.49,0.0,11.49,11.49,1.0,170.0,190.0,11,3.1871840766592054,6.732136950135228
1070013800,6,183521196#4,44.67,0.0,44.67,44.67,1.0,192.0,244.0,27,3.907898918470702,7.28673582195385
1070013800,7,183521196#5,65.51,0.0,65.51,65.51,1.0,246.0,328.0,42,5.600014518061867,11.124448243080304
1070013800,8,1528761963#0,0.2,0.0,0.2,0.2,1.0,330.0,342.0,7,7.598061087128126,12.250622442270085
1070013800,9,1528761963#1,0.2,0.0,0.2,0.2,1.0,344.0,354.0,6,3.883874032864707,6.798123274216987
1070013800,10,1528761963#2,205.74,0.0,205.74,205.74,1.0,356.0,582.0,114,3.494884944748005,15.618544558008356
1070013800,11,1528761963#5,20.97,0.0,20.97,20.97,1.0,584.0,624.0,21,5.889433127372804,17.420934117153568
1070013800,12,1528761963#6,0.2,,,0.0,0.0,,,0,,
1070013800,13,1528761963#7,0.2,0.0,0.2,0.2,1.0,626.0,644.0,10,9.299933533188211,17.56266074984327
1070013800,14,617286974,0.2,0.0,0.2,0.2,1.0,646.0,658.9711077357229,8,13.310172410247704,17.113178929513627
1070013900,0,617286974,0.2,0.0,0.2,0.2,1.0,0.0,14.0,8,5.536203560955788,9.627476537624103
1070013900,1,1455541230#0,18.45,0.0,18.45,18.45,1.0,16.0,56.0,21,5.162619191134887,11.690060456812953
1070013900,2,1455541230#1,32.84,0.0,32.84,32.84,1.0,58.0,102.0,23,2.668286235053924,11.65731684407796
1070013900,3,1455541230#2,3.25,0.3872876241684662,3.25,2.862712375831534,0.8808345771789335,104.0,106.0,2,1.226386558547253,1.2293557951622323
1070013900,4,519304014#0,85.23,0.0,85.23,85.23,1.0,108.0,196.0,45,0.5613209148923336,2.2241280447657306
1070013900,5,519304014#1,29.71,0.0,29.71,29.71,1.0,198.0,248.0,26,4.014757708121395,17.87956086122894
1070013900,6,1539122286#0,7.84,0.0,7.84,7.84,1.0,250.0,276.0,14,8.892782070793627,17.284519692332506
1070013900,7,1539122286#1,104.01,0.0,103.80641887711587,103.80641887711587,0.9980426774071327,278.0,380.0,52,7.317182543983666,8.732104344881035
1070013900,8,1539122286#2,7.48,0.0,7.48,7.48,1.0,382.0,390.0,5,0.7602522138616886,1.3425745455654958
1070013900,9,37400589#0,8.07,0.0,8.07,8.07,1.0,392.0,402.0,6,0.7183171498947054,1.161373418927476
1070013900,10,37400589#1,33.48,0.0,33.48,33.48,1.0,404.0,446.0,22,1.1063521084566288,5.48653691168568
1070013900,11,37400589#2,6.1,0.0,6.1,6.1,1.0,448.0,468.0,11,3.042420833991257,7.216336189788469
1070013900,12,37400589#3,34.45,0.0,34.45,34.45,1.0,470.0,516.0,24,1.3990059591180888,6.402329609322501
1070013900,13,37400589#4,63.44,0.0,63.44,63.44,1.0,518.0,594.0,39,2.8668459001865627,6.965697025220006
1070013900,14,37400589#5,9.24,0.0,9.24,9.24,1.0,596.0,618.0,12,4.318317836269667,7.349046673317361
1070013900,15,37400589#6,71.94,0.0,71.94,71.94,1.0,620.0,710.3568601231503,47,4.997920981970067,13.277510537993061
1070014000,0,1069458451#0,25.84,,,0.0,0.0,,,0,,
1070014000,1,1069458451#1,6.43,5.422434079260729,6.43,1.007565920739271,0.15669765485836254,0.0,0.0,1,14.279916112947902,14.279916112947902
1070014000,2,1069452218#1,30.21,0.0,30.21,30.21,1.0,2.0,54.0,27,6.751309942300271,13.060807219800129
1070014000,3,1069452218#2,54.82,0.0,54.82,54.82,1.0,56.0,128.0,37,7.5215474067135615,11.567120367891485
1070014000,4,1069452218#3,25.05,0.0,25.05,25.05,1.0,130.0,194.0,33,10.208646766663692,29.759649409095513
1070014000,5,1539122287#0,75.86,0.0,75.86,75.86,1.0,196.0,304.0,55,7.968713181211886,28.71347362867703
1070014000,6,1539122287#1,46.93,0.0,46.93,46.93,1.0,306.0,358.0,27,2.256733755444299,5.561095253923512
1070014000,7,1069452218#7,70.26,0.0,70.26,70.26,1.0,360.0,434.0,38,1.2467320420844963,3.241768323377953
1070014000,8,1069452218#8,14.68,0.0,14.68,14.68,1.0,436.0,458.0,12,1.1535324133577916,5.537173806033789
1070014000,9,1069452218#9,80.49,0.0,80.49,80.49,1.0,460.0,558.0,50,2.8789342377682066,11.680179792653677
1070014000,10,1069452218#10,22.38,0.0,22.38,22.38,1.0,560.0,590.0,16,6.777646330312738,10.322052527774591
1070014000,11,1069452218#11,41.46,0.17692493734016956,38.16986411788281,37.99293918054264,0.9163757641230739,592.0,628.0,19,5.944690787591571,6.167408485431681
1070014000,12,1539122285#0,31.9,0.0,31.11825724880235,31.11825724880235,0.975493957642707,630.0,664.0,18,1.9922304608710992,4.2911339965813164
1070014000,13,1539122285#1,20.57,0.0,20.57,20.57,1.0,666.0,692.0,14,5.632287386981182,8.741963459983715
1070014000,14,1528761960,0.2,0.0,0.2,0.2,1.0,694.0,702.0,5,8.845830096630573,10.060673463334293
1070014000,15,617286974,0.2,0.0,0.2,0.2,1.0,704.0,711.1389450733069,5,9.355332596873565,10.156989365934772
1070014700,0,37402584#6,6.83,0.0,6.83,6.83,1.0,0.0,28.0,15,7.0690545527518625,14.191738249610271
1070014700,1,976309330#1,4.14,,,0.0,0.0,,,0,,
1070014700,2,976309330#2,261.02,3.0867840333624734,261.02,257.93321596663753,0.9881741474470828,30.0,308.0,140,14.158702903725981,23.254795787792297
1070014700,3,976309330#3,2.18,0.0,2.18,2.18,1.0,310.0,326.0,9,4.510605082243432,9.70189258160603
1070014700,4,976309330#4,205.52,0.0,28.46002371336812,28.46002371336812,0.13847812238890678,328.0,359.1742811689443,17,1.7896488525938037,3.881297153277423
1070014800,0,1455063477,33.33,4.830074873244128,33.33,28.49992512675587,0.855083262128889,0.0,30.0,16,1.2087499149882743,2.6987135992367515
1070014800,1,1455063478,0.2,0.0,0.2,0.2,1.0,32.0,42.0,6,4.34004720925166,6.89005496661186
1070014800,2,37402584#0,7.0,0.0,7.0,7.0,1.0,44.0,58.0,8,6.849982901420435,8.444932797227716
1070014800,3,37402584#1,22.08,0.0,22.08,22.08,1.0,60.0,92.0,17,3.360449662775263,7.695867180153464
1070014800,4,37402584#2,110.0,0.0,110.0,110.0,1.0,94.0,212.0,60,8.140354408538338,11.940181307997456
1070014800,5,37402584#3,17.07,0.0,17.07,17.07,1.0,214.0,240.0,14,8.454147674781048,9.860267397553754
1070014800,6,37402584#4,19.07,0.0,19.07,19.07,1.0,242.0,272.0,16,8.943109003434403,10.29312102404679
1070014800,7,37402584#5,57.68,0.0,57.68,57.68,1.0,274.0,342.0,35,4.643316891634115,9.266650674781813
1070014800,8,37402584#6,6.83,0.0,6.83,6.83,1.0,344.0,354.0,6,3.790516395679641,4.212446506419407
1070014800,9,-518709394#9,6.65,0.0,1.0,1.0,0.15037593984962405,356.0,367.0552704531625,7,7.204803871274357,10.98153315506662
1070014900,0,219054274#0,21.2,0.0,21.2,21.2,1.0,0.0,42.0,22,5.509725088556703,14.228118689698915
1070014900,1,219054274#1,33.51,0.0,33.51,33.51,1.0,44.0,90.0,24,5.176691338461733,8.82831987627438
1070014900,2,219054274#2,10.61,0.0,10.61,10.61,1.0,92.0,116.0,13,6.702436599342945,9.227270018395796
1070014900,3,219054274#3,78.81,0.0,78.81,78.81,1.0,118.0,206.0,45,4.958150014940537,8.40844274171398
1070014900,4,219054274#4,33.61,0.0,33.61,33.61,1.0,208.0,252.0,23,4.396646905772061,6.798463791259554
1070014900,5,219054274#5,0.2,0.0,0.2,0.2,1.0,254.0,266.0,7,5.413906192931897,7.306825765870796
1070014900,6,219054274#6,69.05,0.0,69.05,69.05,1.0,268.0,348.0,41,4.139672690877216,6.890232230829141
1070014900,7,219054274#7,11.03,0.0,11.03,11.03,1.0,350.0,376.0,14,5.237338049682419,8.766200659138338
1070014900,8,219054274#8,103.02,0.0,103.02,103.02,1.0,378.0,494.0,59,2.0358358698492887,7.16526167377629
1070014900,9,219054274#9,24.48,0.0,24.48,24.48,1.0,496.0,532.0,19,1.6056002786370407,6.088382957437255
1070014900,10,219054274#10,41.16,0.0,41.16,41.16,1.0,534.0,586.0,27,2.6140375391025343,6.644953161803598
1070014900,11,219054274#11,12.99,0.0,12.99,12.99,1.0,588.0,608.0,11,3.1830653504144477,4.834147561056524
1070014900,12,219054274#12,3.32,0.0,3.32,3.32,1.0,610.0,626.0,9,4.981116763932035,9.500734290442537
1070014900,13,219054274#13,103.06,0.0,103.06,103.06,1.0,628.0,754.0,64,2.8125753405448415,12.848127967893479
1070014900,14,219054274#15,15.06,0.0,15.06,15.06,1.0,756.0,790.0,18,6.645524656628373,13.870326085671733
1070014900,15,219054274#16,15.8,0.0,15.8,15.8,1.0,792.0,822.0,16,3.2130747324244386,7.889905406413476
1070014900,16,219054274#17,6.51,0.0,6.51,6.51,1.0,824.0,842.0,10,2.5311887647947593,6.06710190411892
1070014900,17,219054274#18,2.82,0.0,2.82,2.82,1.0,844.0,856.0,7,4.511140902913241,8.024975083681595
1070014900,18,914621831#0,0.62,0.0,0.62,0.62,1.0,858.0,864.0,4,3.3415754186544806,3.9487009738519228
1070014900,19,914621831#1,0.97,0.0,0.97,0.97,1.0,866.0,872.0,4,1.5885676920733727,2.5602137686404567
1070014900,20,914621831#2,24.25,0.0,24.25,24.25,1.0,874.0,902.330347786582,16,0.9822878553965855,3.570796849809598
1070015000,0,914604025#0,26.23,0.0,26.23,26.23,1.0,0.0,34.0,18,1.8312024861894045,6.299358554567536
1070015000,1,914604025#1,0.2,0.0,0.2,0.2,1.0,36.0,48.0,7,6.7383769910472,11.3144910707638
1070015000,2,-219054274#19,0.2,0.0,0.2,0.2,1.0,50.0,64.0,8,4.738745510798838,9.447230729898502
1070015000,3,-219054274#18,2.82,0.0,2.82,2.82,1.0,66.0,78.0,7,4.523204519846594,8.13066122893662
1070015000,4,-219054274#17,6.51,0.0,6.51,6.51,1.0,80.0,100.0,11,5.918420001382763,8.496611298776521
1070015000,5,-219054274#16,15.57,0.0,15.57,15.57,1.0,102.0,130.0,15,4.23732769936562,7.377523218816935
1070015000,6,-219054274#15,14.75,0.0,14.75,14.75,1.0,132.0,164.0,17,3.3298773086194395,11.85370517017084
1070015000,7,-219054274#13,103.42,0.0,103.42,103.42,1.0,166.0,292.0,64,6.383361656232081,13.009409513885528
1070015000,8,-219054274#12,3.32,0.0,3.32,3.32,1.0,294.0,312.0,10,9.93650626321434,13.516768095702794
1070015000,9,-219054274#11,12.99,0.0,12.99,12.99,1.0,314.0,334.0,11,8.438107799689485,9.023472737209163
1070015000,10,-219054274#10,41.16,0.0,41.16,41.16,1.0,336.0,388.0,27,7.658215897146516,9.604449362665134
1070015000,11,-219054274#9,24.48,0.0,24.48,24.48,1.0,390.0,426.0,19,6.299744384593488,8.401580816493945
1070015000,12,-219054274#8,102.96,0.0,102.96,102.96,1.0,428.0,544.0,59,3.971752042411801,8.602672279125194
1070015000,13,-219054274#7,11.03,0.0,11.03,11.03,1.0,546.0,570.0,13,3.0642939924075203,7.7626835625726365
1070015000,14,-219054274#6,69.05,0.0,69.05,69.05,1.0,572.0,654.0,42,2.0324656897436975,7.226141157217971
1070015000,15,-219054274#5,0.2,0.0,0.2,0.2,1.0,656.0,668.0,7,3.9041029046455153,6.579087711926009
1070015000,16,-219054274#4,33.61,0.0,33.61,33.61,1.0,670.0,712.0,22,1.890250956462389,5.513463517610933
1070015000,17,-219054274#3,78.78,0.0,78.78,78.78,1.0,714.0,804.0,46,1.1713913514797343,6.565715060965059
1070015000,18,-219054274#2,10.61,0.0,10.61,10.61,1.0,806.0,830.0,13,2.41562567110729,7.223363159785401
1070015000,19,-219054274#1,33.51,0.0,33.51,33.51,1.0,832.0,878.0,24,1.78251773417936,6.891419879588498
1070015000,20,-219054274#0,21.2,0.0,21.2,21.2,1.0,880.0,923.610500517982,23,5.026828243524811,15.686076239246928
1070015100,0,37402584#7,6.95,0.0,6.95,6.95,1.0,0.0,22.0,12,6.765739770248287,9.42383886230958
1070015100,1,37402584#8,47.42,0.0,47.42,47.42,1.0,24.0,78.0,28,7.660475074972198,8.357517403783154
1070015100,2,37402584#9,111.33,0.0,111.33,111.33,1.0,80.0,201.64670944072523,62,6.115730563952334,9.86265353892572
1070015200,0,538108333#1,34.85,0.0,34.85,34.85,1.0,0.0,44.0,23,20.9945983551462,24.46805976576648
1070015200,1,538108333#2,46.36,6.467081919399022,46.36,39.89291808060098,0.860502978442644,46.0,84.0,20,25.440108703357716,25.878022399344065
1070015200,2,538108333#3,93.58,0.0,93.58,93.58,1.0,86.0,176.0,46,22.46854919434261,25.305375922478557
1070015200,3,976309330#0,11.09,0.0,11.09,11.09,1.0,178.0,206.27184853085691,16,14.595166597723603,18.113109549471233
1070015300,0,535711085#17,5.89,4.884165191427692,5.89,1.005834808572308,0.17076991656575688,0.0,14.0,8,6.129019705647078,9.312427209594295
1070015300,1,520307307#1,73.08,0.0,73.08,73.08,1.0,16.0,102.0,44,4.529335791496309,8.08480366320598
1070015300,2,520307307#2,11.25,0.0,11.25,11.25,1.0,104.0,136.0,17,6.895166199242142,13.928242294346452
1070015300,3,218799087#1,16.67,0.0,16.67,16.67,1.0,138.0,172.0,18,5.854839366909216,12.417462690232693
1070015300,4,218799087#2,24.08,0.0,24.08,24.08,1.0,174.0,212.0,20,5.357104479621039,8.697286862920985
1070015300,5,218799087#3,17.25,0.0,17.25,17.25,1.0,214.0,244.0,16,5.691939769911203,8.532640117303528
1070015300,6,218799087#4,3.85,0.0,3.85,3.85,1.0,246.0,262.0,9,6.2987600240846096,8.426804626624905
1070015300,7,218799087#5,33.71,0.0,33.71,33.71,1.0,264.0,318.0,28,6.932721621631641,15.258051897672365
1070015300,8,218799087#7,2.19,0.0,2.19,2.19,1.0,320.0,342.0,12,8.816231801096007,14.950712580201229
1070015300,9,218799087#8,8.39,0.0,8.39,8.39,1.0,344.0,366.0,12,7.177651578104331,9.687318165379395
1070015300,10,218799087#9,50.78,0.0,50.78,50.78,1.0,368.0,442.0,38,7.799977921407593,18.945180176225676
1070015300,11,218799087#11,18.79,0.0,18.79,18.79,1.0,444.0,486.0,22,8.506493571074225,17.55000063617471
1070015300,12,218799087#12,16.29,0.0,16.29,16.29,1.0,488.0,516.0,15,6.808623133996433,8.786882945572936
1070015300,13,218799087#13,14.21,0.0,14.21,14.21,1.0,518.0,544.0,14,6.852891915284247,8.922758303396074
1070015300,14,218799087#14,26.65,0.0,26.65,26.65,1.0,546.0,589.7341095527055,23,7.1699889599491655,11.970388307353685
1070015400,0,-37401320#0,23.53,22.522433828140706,23.53,1.0075661718592954,0.04282049179172526,0.0,4.0,3,4.998162372653751,5.450515454518794
1070015400,1,-218799087#14,26.65,0.0,26.65,26.65,1.0,6.0,44.0,20,2.7016950991599384,7.155043164121201
1070015400,2,-218799087#13,14.21,0.0,14.21,14.21,1.0,46.0,72.0,14,3.146107790818248,6.609716150839237
1070015400,3,-218799087#12,16.29,0.0,16.29,16.29,1.0,74.0,102.0,15,3.1551595072957994,6.53233131163343
1070015400,4,-218799087#11,18.79,0.0,18.79,18.79,1.0,104.0,146.0,22,5.465295680651859,16.493290750879
1070015400,5,-218799087#9,50.78,0.0,50.78,50.78,1.0,148.0,224.0,39,4.666483975307365,18.076737317689496
1070015400,6,-218799087#8,8.39,0.0,8.39,8.39,1.0,226.0,246.0,11,3.9375461407925885,6.833547026775653
1070015400,7,-218799087#7,2.19,0.0,2.19,2.19,1.0,248.0,270.0,12,6.7194220433464436,13.946007923567652
1070015400,8,-218799087#5,33.71,0.0,33.71,33.71,1.0,272.0,326.0,28,5.114982166175692,14.547048497281835
1070015400,9,-218799087#4,3.85,0.0,3.85,3.85,1.0,328.0,344.0,9,5.1210467165416995,7.6376426432758855
1070015400,10,-218799087#3,17.25,0.0,17.25,17.25,1.0,346.0,376.0,16,4.860581872166869,7.970660520054189
1070015400,11,-218799087#2,24.08,0.0,24.08,24.08,1.0,378.0,416.0,20,5.11701243272102,8.639001414547877
1070015400,12,-218799087#1,16.67,0.0,16.67,16.67,1.0,418.0,452.0,18,6.197725296049843,12.573851599313171
1070015400,13,-520307307#2,11.25,0.0,11.25,11.25,1.0,454.0,486.0,17,6.631966526571647,13.804539818392424
1070015400,14,-520307307#1,73.08,0.0,73.08,73.08,1.0,488.0,574.0,44,4.916627149617242,8.06422477080828
1070015400,15,219054275#1,118.51,0.0,1.0,1.0,0.00843810648890389,576.0,590.5065954493818,9,8.105884954341853,10.327188467894038
1070015500,0,1127921499#4,16.62,15.624230509840011,16.62,0.9957694901599901,0.05991392840914501,0.0,8.0,5,16.596356079295408,19.240788672006587
1070015500,1,1127921505,46.98,0.0,46.98,46.98,1.0,10.0,68.0,30,5.332948592956294,13.385822181563782
1070015500,2,-1127921498#1,40.13,0.0,40.13,40.13,1.0,70.0,114.0,23,4.5270939961237415,7.027339466586669
1070015500,3,-1127921498#0,106.15,0.0,106.15,106.15,1.0,116.0,230.0,58,4.732836748553266,6.34542674106819
1070015500,4,-801008456#3,110.89,0.0,110.89,110.89,1.0,232.0,350.2889560803461,61,4.376267159294211,7.250348615043546
1070015600,0,801008456#3,110.91,0.0,110.91,110.91,1.0,0.0,118.0,60,4.57990568715948,7.231629209797115
1070015600,1,1127921498#0,106.26,0.0,106.26,106.26,1.0,120.0,236.0,59,4.245909518162801,7.648369273004881
1070015600,2,1127921498#1,40.36,0.0,40.36,40.36,1.0,238.0,284.0,24,4.584985590939758,6.255770817669631
1070015600,3,1127921504,44.02,0.0,44.02,44.02,1.0,286.0,330.0,23,7.222522932494368,10.984627232581957
1070015600,4,1127921499#6,17.14,0.0,14.37664840469281,14.37664840469281,0.8387776198770601,332.0,351.2873683412438,11,4.927217969935131,9.811099699315703
1070015700,0,-518709822#4,50.13,0.0,50.13,50.13,1.0,0.0,68.0,35,2.6801368242767776,11.557787885834163
1070015700,1,-518709822#3,16.0,0.0,16.0,16.0,1.0,70.0,104.0,18,5.785161882303488,14.006008205315752
1070015700,2,-518709822#1,30.61,0.0,30.61,30.61,1.0,106.0,156.0,26,4.82473190042377,13.939691299750047
1070015700,3,-518709822#0,36.59,0.0,36.59,36.59,1.0,158.0,208.0,26,4.329589663257972,7.813775509505151
1070015700,4,-518709396#2,157.04,0.0,157.04,157.04,1.0,210.0,382.0,87,2.215561769913297,7.879628463879366
1070015700,5,-518709396#1,127.32,0.0,127.32,127.32,1.0,384.0,524.0,71,3.084056456250258,7.128837084132986
1070015700,6,-518709396#0,15.23,0.0,15.23,15.23,1.0,526.0,552.0,14,3.816287083127931,7.062042545875635
1070015700,7,-617286516#8,138.03,0.0,138.03,138.03,1.0,554.0,704.0,76,1.8237910367898231,7.528205600342359
1070015700,8,-617286516#7,63.81,0.0,63.81,63.81,1.0,706.0,780.0,38,1.1982701378012155,5.633745688149977
1070015700,9,-617286516#6,28.37,0.0,28.37,28.37,1.0,782.0,820.0,20,1.4254147091673857,6.654455920275148
1070015700,10,-617286516#5,32.27,0.0,32.27,32.27,1.0,822.0,866.0,23,1.2862493596065698,5.971754208830246
1070015700,11,-617286516#4,23.67,0.0,23.67,23.67,1.0,868.0,902.0,18,1.6190910762386688,6.449918056374882
1070015700,12,-617286516#3,13.89,0.0,13.89,13.89,1.0,904.0,926.0,12,1.9969903039424188,6.291362870960973
1070015700,13,-617286516#2,0.11,0.0,0.11,0.11,1.0,928.0,940.0,7,3.571515510417881,6.214642553340187
1070015700,14,-617286516#1,10.16,0.0,10.16,10.16,1.0,942.0,966.0,13,2.6909139498158208,7.958302947402616
1070015700,15,-617286516#0,5.64,0.0,5.64,5.64,1.0,968.0,988.0,11,3.63614257656784,8.380393782760452
1070015700,16,1455063479#0,36.66,0.0,1.0,1.0,0.02727768685215494,990.0,1004.6508120225104,9,13.068091035160137,17.811998962700898
1070015800,0,1389567236#5,0.2,0.0,0.2,0.2,1.0,0.0,6.0,4,16.6802748331695,19.204374944757856
1070015800,1,617286516#0,5.64,0.0,5.64,5.64,1.0,8.0,38.0,16,9.855472162831255,18.882232258295232
1070015800,2,617286516#1,10.16,0.0,10.16,10.16,1.0,40.0,64.0,13,6.614414384530243,10.014674127290247
1070015800,3,617286516#2,0.11,0.0,0.11,0.11,1.0,66.0,78.0,7,5.899150636693213,7.700539297730756
1070015800,4,617286516#3,14.1,0.0,14.1,14.1,1.0,80.0,104.0,13,4.985476548023284,8.062989302639808
1070015800,5,617286516#4,23.67,0.0,23.67,23.67,1.0,106.0,138.0,17,5.2519816624181,7.722294351756694
1070015800,6,617286516#5,32.27,0.0,32.27,32.27,1.0,140.0,186.0,24,6.797252710324844,9.944744025771726
1070015800,7,617286516#6,28.0,0.0,28.0,28.0,1.0,188.0,226.0,20,7.041714705973417,9.337709845135658
1070015800,8,617286516#7,63.18,0.0,63.18,63.18,1.0,228.0,302.0,38,5.584657196825287,7.826656329283586
1070015800,9,617286516#8,137.94,0.0,137.94,137.94,1.0,304.0,452.0,75,4.6660708804329545,7.575874001744533
1070015800,10,518709396#0,15.2,0.0,15.2,15.2,1.0,454.0,480.0,14,6.532183033343288,8.693041136520048
1070015800,11,518709396#1,126.89,0.0,126.89,126.89,1.0,482.0,622.0,71,6.3458912488958275,10.920071307509021
1070015800,12,518709396#2,157.59,0.0,157.59,157.59,1.0,624.0,798.0,88,7.350189067340102,10.370987046726755
1070015800,13,518709822#0,36.59,0.0,36.59,36.59,1.0,800.0,850.0,26,5.775484947190771,8.99441645284843
1070015800,14,518709822#1,30.61,0.0,30.61,30.61,1.0,852.0,902.0,26,7.149656633714144,15.486876955433619
1070015800,15,518709822#3,16.99,0.0,16.99,16.99,1.0,904.0,942.0,20,6.825280605634854,14.591450506677273
1070015800,16,518709822#4,50.59,0.0,41.61070887757523,41.61070887757523,0.8225085763505678,944.0,992.0,25,10.119297165189625,11.469383931576465
1070015800,17,183521120#0,24.41,0.5267662694664277,9.738678389779745,9.211912120313317,0.37738271693213093,994.0,1014.0164750018064,12,5.331545349488329,9.660837327982751
1070015900,0,518807040#15,6.76,0.0,6.76,6.76,1.0,0.0,16.0,9,2.7171697874265526,5.095957291875141
1070015900,1,518807040#16,18.13,0.0,18.13,18.13,1.0,18.0,52.0,18,5.871605785252859,14.462474774162457
1070015900,2,518807040#18,56.06,0.0,56.06,56.06,1.0,54.0,134.0,41,5.880997860520204,15.009734923140213
1070015900,3,518807040#20,43.24,0.0,43.24,43.24,1.0,136.0,194.0,30,4.642603497660588,9.08587854751807
1070015900,4,518807040#21,43.31,0.0,43.31,43.31,1.0,196.0,258.0,32,5.484832668364323,12.817815724246742
1070015900,5,518807040#22,3.87,0.0,3.87,3.87,1.0,260.0,278.0,10,7.878920572559449,14.337307883862534
1070015900,6,518807040#23,92.22,0.0,92.22,92.22,1.0,280.0,384.0,53,4.361862121661551,9.71440339978778
1070015900,7,518807040#24,13.53,0.0,13.53,13.53,1.0,386.0,418.0,17,3.903498213764156,11.311243330938725
1070015900,8,518807040#25,60.78,0.0,60.78,60.78,1.0,420.0,490.0,36,0.8336205736761003,6.955594586694707
1070015900,9,518807040#26,15.89,0.0,15.89,15.89,1.0,492.0,516.4391541566108,14,2.847855995131165,8.137834111221112
1070016000,0,-518807040#26,15.93,0.0,15.93,15.93,1.0,0.0,26.0,14,7.702570059398499,10.354424074237352
1070016000,1,-518807040#25,61.42,0.0,61.42,61.42,1.0,28.0,100.0,37,8.402039870257422,10.465081753300018
1070016000,2,-518807040#24,13.58,0.0,13.58,13.58,1.0,102.0,132.0,16,7.9702401475609905,10.944648560871823
1070016000,3,-518807040#23,93.92,0.0,93.92,93.92,1.0,134.0,238.0,53,5.082627556740219,11.299029355556497
1070016000,4,-518807040#22,3.87,0.0,3.87,3.87,1.0,240.0,260.0,11,7.311697895824121,14.26537451591867
1070016000,5,-518807040#21,43.34,0.0,43.34,43.34,1.0,262.0,324.0,32,5.411583517496369,12.584032464611754
1070016000,6,-518807040#20,43.13,0.0,43.13,43.13,1.0,326.0,384.0,30,5.453316976640538,9.806287011651653
1070016000,7,-518807040#18,56.06,0.0,56.06,56.06,1.0,386.0,466.0,41,5.60027821362293,14.721372552365874
1070016000,8,-518807040#16,18.38,0.0,18.38,18.38,1.0,468.0,504.0,19,6.853888319022906,14.389925642359964
1070016000,9,-518807040#15,6.76,0.0,1.0,1.0,0.14792899408284024,506.0,508.0,2,7.294299207099611,7.514309514096958
1070016000,10,-37400306#9,6.91,0.0,1.0,1.0,0.1447178002894356,510.0,519.4795468923564,6,4.8035994727620634,6.770967429865327
1070016100,0,629055193#0,7.12,0.0,7.12,7.12,1.0,0.0,14.0,8,1.966102499340612,6.1639737529676335
1070016100,1,629055193#1,13.27,0.0,13.27,13.27,1.0,16.0,34.0,10,1.840300258028277,3.1144945755366513
1070016100,2,629055193#2,165.88,0.0,165.88,165.88,1.0,36.0,218.0,92,3.7677450432211277,18.644910970190423
1070016100,3,629055193#3,118.57,0.0,118.57,118.57,1.0,220.0,378.0,80,15.325042942763341,30.317064764206055
1070016100,4,538108338#0,92.94,0.0,92.94,92.94,1.0,380.0,512.0,67,8.960635355370332,29.034653712886268
1070016100,5,1530928434,3.38,0.0,3.38,3.38,1.0,514.0,534.0,11,8.294961874196172,11.946848877413974
1070016100,6,629055193#5,7.25,,,0.0,0.0,,,0,,
1070016100,7,629055193#6,0.18,,,0.0,0.0,,,0,,
1070016100,8,629055193#7,146.96,,,0.0,0.0,,,0,,
1070016100,9,538108333#0,1.3,,,0.0,0.0,,,0,,
1070016100,10,628900161#1,0.2,,,0.0,0.0,,,0,,
1070016100,11,37402584#11,166.68,0.0,166.68,166.68,1.0,536.0,724.385492806075,96,2.5978150694672912,11.498846833202014
1070016200,0,37402584#11,166.68,0.0,166.68,166.68,1.0,0.0,178.0,90,7.048913529856884,11.865581879406385
1070016200,1,37402584#12,17.61,0.0,17.61,17.61,1.0,180.0,210.0,16,8.947471015287165,13.085136571086938
1070016200,2,37402584#13,7.71,0.0,7.71,7.71,1.0,212.0,232.0,11,8.544372209271943,13.065576870898408
1070016200,3,37402584#13-AddedOffRampEdge,92.77,0.0,92.77,92.77,1.0,234.0,334.0,51,4.153845762273707,6.923135261806549
1070016200,4,37402584#14,28.26,0.0,28.26,28.26,1.0,336.0,366.0,16,1.7200694703914117,3.1293962023965753
1070016200,5,1455063474#0,5.39,0.0,5.39,5.39,1.0,368.0,378.0,6,2.260261132249212,5.062342593719269
1070016200,6,1455063474#1,96.16,0.0,96.16,96.16,1.0,380.0,488.0,55,6.177024707781307,14.29175745184154
1070016200,7,37402584#17,165.13,0.0,165.13,165.13,1.0,490.0,666.0,89,4.262811232369244,13.915100570224306
1070016200,8,1471626821#0,34.69,0.0,34.69,34.69,1.0,668.0,706.0,20,1.5120427726936325,2.3438315674469403
1070016200,9,1471626821#1,2.44,0.0,2.44,2.44,1.0,708.0,722.9034951600834,9,5.182011473200247,10.918946484528755
1070016301,0,-518807041#3,51.73,0.0,51.73,51.73,1.0,0.0,68.0,35,3.9120470399580287,12.266928113209955
1070016301,1,-518807041#1,8.76,0.0,8.76,8.76,1.0,70.0,96.0,14,6.013935913069295,12.65972246300722
1070016301,2,-414896138,0.2,0.0,0.2,0.2,1.0,98.0,110.0,7,4.0479956924536795,7.699765144475808
1070016301,3,414896139#1,13.31,0.0,13.31,13.31,1.0,112.0,136.0,13,3.5864715977853043,6.522614478995917
1070016301,4,414896139#2,12.21,0.0,12.21,12.21,1.0,138.0,164.0,14,4.369897138741395,7.723852673034581
1070016301,5,414896139#3,21.05,0.0,21.05,21.05,1.0,166.0,200.0,18,3.966294816463984,8.556839971017649
1070016301,6,542790323#0,137.5,0.0,1.0,1.0,0.007272727272727273,202.0,213.31865325022935,7,8.631220383523955,10.056381278002267
1070016302,0,-218647396#0,60.35,59.35182267338678,60.35,0.9981773266132237,0.0165398065718844,0.0,6.0,4,5.028083193400232,8.004700456285262
1070016302,1,-518807041#13,91.99,0.0,91.99,91.99,1.0,8.0,108.0,51,4.061729061492111,7.981567941350912
1070016302,2,-518807041#12,18.79,0.0,18.79,18.79,1.0,110.0,142.0,17,3.251656376150497,7.486734715398777
1070016302,3,-518807041#11,88.3,0.0,88.3,88.3,1.0,144.0,244.0,51,3.975168782176471,7.38636256654217
1070016302,4,-518807041#10,31.76,0.0,31.76,31.76,1.0,246.0,290.0,23,5.06042421179536,7.9484403780976844
1070016302,5,-518807041#9,67.89,0.0,67.89,67.89,1.0,292.0,374.0,42,4.943797338477501,8.712135901769397
1070016302,6,-518807041#8,22.68,0.0,22.68,22.68,1.0,376.0,416.0,21,6.018205232733362,10.371993553026394
1070016302,7,-518807041#7,24.82,0.0,24.82,24.82,1.0,418.0,458.0,21,6.407247465627854,10.21113965253342
1070016302,8,-518807041#6,50.91,0.0,50.91,50.91,1.0,460.0,526.0,34,6.14498020737217,10.585884388962242
1070016302,9,-518807041#5,60.74,0.0,60.74,60.74,1.0,528.0,602.0,38,6.257945525883474,10.159673158320764
1070016302,10,-518807041#4,30.81,0.0,30.81,30.81,1.0,604.0,644.0,21,4.040978672265103,8.132416491308591
1070016302,11,-518796239#1,233.9,0.0,1.0,1.0,0.004275331338178708,646.0,665.5349121198662,11,8.100954047021599,16.195555437170103
1070016401,0,518807043#1,29.0,28.000558615309213,29.0,0.9994413846907868,0.034463496023820234,0.0,12.0,7,3.7497375508455044,7.250806667094869
1070016401,1,183272432#1,73.24,0.0,73.24,73.24,1.0,14.0,94.0,41,3.44402791269893,6.178345382019289
1070016401,2,518807041#0,0.2,0.0,0.2,0.2,1.0,96.0,108.0,7,5.829404322229207,8.316578298053699
1070016401,3,518807041#1,8.76,0.0,8.76,8.76,1.0,110.0,138.0,15,7.055963978955748,13.163050048693208
1070016401,4,518807041#3,51.69,0.0,51.69,51.69,1.0,140.0,207.74937644489904,35,6.521899813521954,13.265398281563833
1070016402,0,-260067415#0,142.74,136.49390292052723,142.74,6.246097079472776,0.043758561576802406,0.0,28.0,15,8.881744543294966,21.285301503100236
1070016402,1,518807041#4,30.81,5.8262314770623345,30.81,24.983768522937666,0.8108980370963216,30.0,60.0,16,5.443679805689618,7.780920694586593
1070016402,2,518807041#5,60.79,0.0,60.79,60.79,1.0,62.0,136.0,38,3.36698427395439,8.2401967373888
1070016402,3,518807041#6,50.49,0.0,50.49,50.49,1.0,138.0,200.0,32,3.3265213969889027,6.764549078792422
1070016402,4,518807041#7,24.82,0.0,24.82,24.82,1.0,202.0,242.0,21,4.046622008011595,8.942877638364246
1070016402,5,518807041#8,22.48,0.0,22.48,22.48,1.0,244.0,284.0,21,5.094555716081828,9.648470965424984
1070016402,6,518807041#9,67.89,0.0,67.89,67.89,1.0,286.0,368.0,42,4.462002131739686,8.389838536330245
1070016402,7,518807041#10,31.79,0.0,31.79,31.79,1.0,370.0,414.0,23,4.422265072383039,7.798568116575338
1070016402,8,518807041#11,88.8,0.0,88.8,88.8,1.0,416.0,518.0,52,5.5366338382899,9.74728869547303
1070016402,9,518807041#12,18.79,0.0,18.79,18.79,1.0,520.0,552.0,17,7.478804574724741,9.688820240220174
1070016402,10,518807041#13,92.29,0.0,92.29,92.29,1.0,554.0,658.0,53,5.156736040722665,9.890702169352709
1070016402,11,-37402533#6,13.91,0.0,1.0,1.0,0.07189072609633357,660.0,668.3655472839306,6,8.433765639182486,11.45688621213572
1070016500,0,219054273#0,36.9,0.0,36.9,36.9,1.0,0.0,44.0,23,7.076735979698195,9.276429865585145
1070016500,1,219054273#1,9.63,0.0,9.63,9.63,1.0,46.0,70.0,13,8.454414937254736,10.70353306262471
1070016500,2,219054273#2,6.55,0.0,6.55,6.55,1.0,72.0,96.0,13,10.016005303413445,14.767916881527446
1070016500,3,219054273#3,0.24,0.0,0.24,0.24,1.0,98.0,122.0,13,11.64261791062133,16.327820670057292
1070016500,4,219054273#4,40.37,0.0,40.37,40.37,1.0,124.0,184.0,31,9.664765287958259,16.550867999694177
1070016500,5,1528761966#0,22.14,0.0,22.14,22.14,1.0,186.0,214.0,15,7.831959038980997,9.47894165302383
1070016500,6,1528761966#1,64.38,0.0,64.38,64.38,1.0,216.0,286.0,36,3.1640362175859327,7.62795440735366
1070016500,7,1528761966#2,0.79,0.0,0.79,0.79,1.0,288.0,288.0,1,1.2078194281426478,1.2078194281426478
1070016500,8,1528761962#0,1.43,0.0,1.43,1.43,1.0,290.0,296.0,4,3.4442604728630113,4.957677340796591
1070016500,9,1528761962#1,0.48,0.0,0.48,0.48,1.0,298.0,304.0,4,3.8516729850200675,4.498023015760094
1070016500,10,617286974,0.2,0.0,0.2,0.2,1.0,320.0,322.556858586501,3,7.7237966372846545,8.974283663151937
1070016500,11,1528761960,0.2,,,0.0,0.0,,,0,,
1070016500,12,518780124#0,0.2,0.0,0.2,0.2,1.0,306.0,318.0,7,3.7311320847175486,6.994311229356031
1070016600,0,1528761962#1,0.48,0.0,0.48,0.48,1.0,10.0,28.0,10,10.374821134363536,14.67655266631239
1070016600,1,617286974,0.2,0.0,0.2,0.2,1.0,0.0,8.0,5,11.434139169690672,14.603901562659642
1070016600,2,1528761960,0.2,,,0.0,0.0,,,0,,
1070016600,3,1528761965#0,0.2,,,0.0,0.0,,,0,,
1070016600,4,1528761965#1,114.81,4.3927023418273325,114.81,110.41729765817267,0.961739375125622,30.0,140.0,56,9.608569179818582,10.78322722922036
1070016600,5,-219054273#4,40.37,0.0,40.37,40.37,1.0,142.0,198.0,29,7.353097449349433,14.295572266469412
1070016600,6,-219054273#3,0.18,0.0,0.18,0.18,1.0,200.0,226.0,14,9.997300832880793,15.976750095053502
1070016600,7,-219054273#2,6.55,0.0,6.55,6.55,1.0,228.0,252.0,13,7.535126764725924,12.8060709429019
1070016600,8,-219054273#1,9.63,0.0,9.63,9.63,1.0,254.0,276.0,12,5.765927983885802,8.279916904230856
1070016600,9,-219054273#0,37.98,0.0,37.98,37.98,1.0,278.0,323.38728247696685,24,4.564238057906729,8.209048635344448
1070016900,0,-183521076,14.12,9.971040419414166,14.12,4.148959580585833,0.29383566434743863,0.0,14.0,8,3.7547110333829408,7.675037095036756
1070016900,1,-538081779,5.95,3.884246011720947,5.884246011720947,2.0,0.3361344537815126,16.0,16.0,1,5.829053545331396,5.829053545331396
1070016900,2,-415667973#1,28.0,0.0,28.0,28.0,1.0,18.0,54.0,19,5.573294183565785,9.481045792870615
1070016900,3,-415667973#0,45.5,0.0,45.5,45.5,1.0,56.0,108.0,27,3.4080603673622365,8.15187573488549
1070016900,4,-415667974,44.57,0.37155067552841947,43.983531875812744,43.611981200284326,0.9785052995352104,110.0,152.0,22,1.7746655895423977,2.524289547143966
1070016900,5,-393793274#1,1.0,0.0,1.0,1.0,1.0,154.0,162.0,5,3.1753387096217756,6.821128026303
1070016900,6,-393793274#0,20.28,0.0,20.28,20.28,1.0,164.0,200.0,19,3.650308737778662,9.455089908908345
1070016900,7,518709394#0,93.39,0.0,93.39,93.39,1.0,202.0,312.0,56,2.3917507730640444,8.97761828164167
1070016900,8,518709394#1,63.99,0.0,63.99,63.99,1.0,314.0,388.0,38,0.8819599830955432,6.430598529158975
1070016900,9,518709394#2,18.39,0.0,18.39,18.39,1.0,390.0,420.0,16,1.9535319246294174,6.038591234004469
1070016900,10,518709394#3,25.33,0.0,25.33,25.33,1.0,422.0,458.0,19,1.382210894143669,6.36208567016561
1070016900,11,518709394#4,53.39,0.0,53.39,53.39,1.0,460.0,524.0,33,1.1588640003400104,6.340481713449676
1070016900,12,518709394#5,48.72,0.0,48.72,48.72,1.0,526.0,588.0,32,2.625339638658338,7.2374584176023316
1070016900,13,518709394#6,5.61,0.0,5.61,5.61,1.0,590.0,608.0,10,3.6746991702340877,7.269344239991585
1070016900,14,518709394#7,19.59,0.0,19.59,19.59,1.0,610.0,646.0,19,3.0154145855022834,9.79808576043025
1070016900,15,518709394#8,29.06,0.0,29.06,29.06,1.0,648.0,688.0,21,2.453219656613632,9.208173566872405
1070016900,16,518709394#9,6.65,0.0,6.65,6.65,1.0,690.0,712.5105075613873,13,5.818219722726067,13.907382567150595
1070017000,0,-518709394#9,6.65,0.0,6.65,6.65,1.0,0.0,18.0,10,3.9203542861801446,9.819806943493386
1070017000,1,-518709394#8,29.02,0.0,29.02,29.02,1.0,20.0,60.0,21,2.520808722040133,9.409901296081475
1070017000,2,-518709394#7,19.59,0.0,19.59,19.59,1.0,62.0,98.0,19,3.434149567827343,9.696527344765027
1070017000,3,-518709394#6,5.61,0.0,5.61,5.61,1.0,100.0,118.0,10,3.0661144484605516,7.37664803628799
1070017000,4,-518709394#5,49.74,0.0,49.74,49.74,1.0,120.0,184.0,33,1.5195426892347328,7.428858968209303
1070017000,5,-518709394#4,53.93,0.0,53.93,53.93,1.0,186.0,252.0,34,2.430026168030515,6.339682229681161
1070017000,6,-518709394#3,25.33,0.0,25.33,25.33,1.0,254.0,290.0,19,2.978743782772535,7.289337139162577
1070017000,7,-518709394#2,18.39,0.0,18.39,18.39,1.0,292.0,320.0,15,2.685633791944346,5.855118274025794
1070017000,8,-518709394#1,63.98,0.0,63.98,63.98,1.0,322.0,396.0,38,2.745609268338849,6.8003985630588915
1070017000,9,-518709394#0,93.5,0.0,93.5,93.5,1.0,398.0,508.0,56,4.1349425375034,10.062567530002992
1070017000,10,393793274#0,18.81,0.0,18.81,18.81,1.0,510.0,540.0,16,6.3176897272830885,9.468144095893805
1070017000,11,393793274#1,1.0,0.0,1.0,1.0,1.0,542.0,550.0,5,6.727609212526049,9.254695237229592
1070017000,12,415667974,44.3,0.7528671744041364,44.3,43.54713282559586,0.9830052556567915,552.0,594.0,22,3.5909577817279983,4.84891949741664
1070017000,13,415667973#0,45.42,0.5875839703039321,45.42,44.83241602969607,0.9870633207771041,596.0,648.0,27,3.182990818356555,8.360633878989386
1070017000,14,415667973#1,28.0,0.0,27.612104241610833,27.612104241610833,0.9861465800575298,650.0,684.0,18,1.5111468902369074,7.496155559749258
1070017000,15,538081779,5.95,0.0,5.95,5.95,1.0,686.0,707.1403817668734,12,6.611054644766367,15.70330766584716
1070017400,0,37400589#6,71.94,70.94211148147559,71.94,0.9978885185244053,0.013871122025638106,0.0,10.0,6,6.114910106928176,7.4264293920871935
1070017400,1,37401109#0,70.23,0.0,70.23,70.23,1.0,12.0,94.0,42,6.447479212790892,9.273116420317272
1070017400,2,37401109#1,62.46,0.0,62.46,62.46,1.0,96.0,172.0,39,4.95495642946002,10.183649087801028
1070017400,3,37401109#2,66.9,0.0,66.9,66.9,1.0,174.0,252.0,40,3.6052924942282103,7.091543690557221
1070017400,4,37401109#3,41.52,0.0,41.52,41.52,1.0,254.0,308.0,28,3.0161518880207336,6.9618290340679465
1070017400,5,37401109#4,74.65,0.0,74.65,74.65,1.0,310.0,398.0,45,2.4194320680492254,7.105793494594515
1070017400,6,37401109#5,110.06,0.0,110.06,110.06,1.0,400.0,522.0,62,2.063289442809834,6.837708337243158
1070017400,7,37401109#6,130.98,0.0,130.98,130.98,1.0,524.0,668.0,73,3.516937642281229,8.099340763402381
1070017400,8,37401109#7,146.37,0.0,146.37,146.37,1.0,670.0,832.0,82,4.388332973481155,10.600943041097159
1070017400,9,37401109#8,109.87,0.0,109.87,109.87,1.0,834.0,962.0,65,2.4345033412008217,11.68985105108962
1070017400,10,37401109#9,27.86,0.0,27.86,27.86,1.0,964.0,1004.0,21,3.742655118564708,7.515711560988542
1070017400,11,37401109#10,144.25,0.0,144.25,144.25,1.0,1006.0,1162.0,79,3.458593965049156,7.0736068526746605
1070017400,12,519304016#0,133.61,0.0,133.61,133.61,1.0,1164.0,1310.0,74,3.5067305418867627,8.001519472917444
1070017400,13,519304016#1,47.82,0.0,47.82,47.82,1.0,1312.0,1374.0,32,4.308786822755256,8.457048825031304
1070017400,14,519304016#2,266.48,0.0,266.48,266.48,1.0,1376.0,1656.0,141,4.4308360182500985,9.22058795817578
1070017400,15,519304016#3,4.28,0.0,4.28,4.28,1.0,1658.0,1672.0,8,5.962752407076017,8.603851774173744
1070017400,16,519304016#4,8.79,0.0,8.79,8.79,1.0,1674.0,1690.0,9,5.429568111714594,7.650273573647484
1070017400,17,519304016#5,31.74,0.0,28.115100196448658,28.115100196448658,0.8857939570399703,1692.0,1726.0,18,5.689168916856944,8.494597967578697
1070017400,18,218681381#0,69.31,0.0,4.35355481519186,4.35355481519186,0.06281279490970797,1728.0,1745.7118496715225,10,5.3824370313248675,12.30488505896992
1070017700,0,219054275#9,11.19,10.184077968254604,11.19,1.0059220317453956,0.08989473027215332,0.0,12.0,7,6.410694777833212,9.809299038995416
1070017700,1,518807040#7,0.42,0.0,0.42,0.42,1.0,14.0,20.0,4,2.6869255493204913,4.663681824879606
1070017700,2,518807040#8,33.71,0.0,33.71,33.71,1.0,22.0,64.0,22,2.0691351258324087,6.417163722236101
1070017700,3,518807040#9,19.57,0.0,19.57,19.57,1.0,66.0,98.0,17,2.5989196842836377,7.091031399119433
1070017700,4,518807040#10,4.55,0.0,4.55,4.55,1.0,100.0,118.0,10,3.462580162574324,7.080573084728922
1070017700,5,518807040#11,63.01,0.0,63.01,63.01,1.0,120.0,196.0,39,1.378622567912741,7.868773078242377
1070017700,6,518807040#12,18.05,0.0,18.05,18.05,1.0,198.0,230.0,17,1.9632315419152366,7.142987911890577
1070017700,7,518807040#13,5.18,0.0,5.18,5.18,1.0,232.0,248.0,9,2.7666102631040053,7.727704096421696
1070017700,8,518807040#14,1.95,0.0,1.95,1.95,1.0,250.0,267.84949893014027,10,6.485887367205153,14.757201825070233
1070017800,0,216881807#7,5.22,4.213722278756573,5.22,1.0062777212434266,0.1927735098167484,0.0,12.0,7,7.745838487211188,9.618759517773633
1070017800,1,-518807040#14,1.95,0.0,1.95,1.95,1.0,14.0,20.0,4,8.859804353346854,9.223188391151522
1070017800,2,-518807040#13,5.18,0.0,5.18,5.18,1.0,22.0,36.0,8,9.540346763596801,11.695235625201573
1070017800,3,-518807040#12,18.05,0.0,18.05,18.05,1.0,38.0,68.0,16,9.022152666964562,11.155236481773786
1070017800,4,-518807040#11,63.01,0.0,63.01,63.01,1.0,70.0,148.0,40,8.155571699725124,10.986794378246527
1070017800,5,-518807040#10,4.55,0.0,4.55,4.55,1.0,150.0,168.0,10,8.333204512590468,10.120233906952594
1070017800,6,-518807040#9,19.57,0.0,19.57,19.57,1.0,170.0,202.0,17,7.771288023477681,9.942083609604357
1070017800,7,-518807040#8,33.71,0.0,33.71,33.71,1.0,204.0,246.0,22,7.761095116758842,9.626904170601009
1070017800,8,-518807040#7,0.42,0.0,0.42,0.42,1.0,248.0,250.0,2,8.08828449938818,8.130976367988554
1070017800,9,518807022#0,13.38,0.6544381780806507,3.608002583069005,2.953564404988354,0.22074472384068414,252.0,267.99332093671194,9,4.644368668109122,9.856246444748779
1070017900,0,-37402533#1,67.41,66.41134140841991,67.41,0.9986585915800816,0.0148146950241816,0.0,4.0,3,4.079547334581165,4.707125022988671
1070017900,1,-37400153#4,238.92,0.0,238.92,238.92,1.0,6.0,254.0,125,4.0760273063116434,8.31951062179932
1070017900,2,-37400153#3,130.33,0.0,130.33,130.33,1.0,256.0,400.0,73,4.863445544158665,8.712440401703887
1070017900,3,-37400153#2,39.14,0.0,39.14,39.14,1.0,402.0,454.0,27,4.198836769505719,7.687359424930739
1070017900,4,-37400153#1,15.44,0.0,15.44,15.44,1.0,456.0,484.0,15,4.6501966753672015,7.91535011541516
1070017900,5,183272409#0,6.09,0.0,1.0,1.0,0.16420361247947454,486.0,496.12899962172753,7,4.509027178766915,6.128460605070755
1070018000,0,518807039#6,105.69,104.6971602069184,105.69,0.9928397930816004,0.009393885827245723,0.0,8.0,5,8.036143521155008,9.398322222419225
1070018000,1,37400153#1,15.48,0.0,15.48,15.48,1.0,10.0,40.0,16,5.951418193948245,9.92041920713727
1070018000,2,37400153#2,39.14,0.0,39.14,39.14,1.0,42.0,94.0,27,5.519107265758204,8.55618461462199
1070018000,3,37400153#3,130.38,0.0,130.38,130.38,1.0,96.0,240.0,73,4.4634263744010365,8.829963079663214
1070018000,4,37400153#4,239.4,0.0,239.4,239.4,1.0,242.0,488.0,124,4.954421139869735,8.023734709259054
1070018000,5,-37402533#0,76.15,0.0,1.0,1.0,0.013131976362442547,490.0,496.12897971749703,5,2.2599430206490867,3.5218386925225307
1070018200,0,1127921501,12.93,0.0,12.93,12.93,1.0,0.0,30.0,16,8.912284845101528,15.856808578283141
1070018200,1,801008455#0,5.72,0.0,5.72,5.72,1.0,32.0,44.0,7,6.729537472839545,7.2962078262692875
1070018200,2,801008455#1,232.17,0.0,232.17,232.17,1.0,46.0,288.0,122,5.566996658906369,8.88125861636989
1070018200,3,801008455#2,15.86,0.0,15.86,15.86,1.0,290.0,318.0,15,5.832407742449911,8.206267210747429
1070018200,4,801008455#3,20.97,0.0,20.97,20.97,1.0,320.0,372.0,27,9.059637467796058,25.429571462156684
1070018200,5,801008455#7,35.49,0.0,35.49,35.49,1.0,374.0,442.0,35,8.796363597413437,25.952876112810518
1070018200,6,801008455#8,18.72,0.0,18.72,18.72,1.0,444.0,484.0,21,7.311235423813185,13.998896316514648
1070018200,7,519943894#1,3.14,0.0,3.14,3.14,1.0,486.0,504.0,10,9.219443801325621,15.288478430575696
1070018200,8,519943894#2,37.72,0.0,37.72,37.72,1.0,506.0,547.8772849767743,22,6.425448033252862,6.953856384920302
1070018400,0,1539122285#2,0.2,0.0,0.2,0.2,1.0,0.0,20.0,11,6.80712508705472,11.805073600701693
1070018400,1,518780124#1,182.68,0.0,182.68,182.68,1.0,22.0,222.0,101,2.5756946521168245,9.866997484052124
1070018400,2,518780124#2,112.68,0.0,112.68,112.68,1.0,224.0,350.0,64,2.631539146217802,8.00147820821219
1070018400,3,921278983#0,42.32,0.0,42.32,42.32,1.0,352.0,406.0,28,4.782834081470009,8.03909987078066
1070018400,4,921278983#1,3.87,0.0,3.87,3.87,1.0,408.0,422.0,8,5.397314741041248,6.973796854289211
1070018400,5,921278983#2,3.96,0.0,3.96,3.96,1.0,424.0,434.0,6,4.7158411124549735,5.362344089537123
1070018400,6,518780123#0,11.99,0.0,11.99,11.99,1.0,436.0,452.0,9,4.326143422453346,5.245207454298053
1070018400,7,518780123#1,30.73,0.0,30.73,30.73,1.0,454.0,488.0,18,3.586285337422261,4.6230854830602235
1070018400,8,518780123#2,9.48,0.0,9.48,9.48,1.0,490.0,504.0,8,2.96110721459494,3.6812003972440923
1070018400,9,518780123#3,84.0,0.0,84.0,84.0,1.0,506.0,638.0,67,11.75506871367872,45.29381375126842
1070018400,10,1069861682#0,0.2,,,0.0,0.0,,,0,,
1070018400,11,1069861682#2,9.29,0.0,9.29,9.29,1.0,640.0,696.0,29,21.132536423339864,46.851773850386984
1070018400,12,921278985,112.77,0.7485046293981565,112.77,112.02149537060184,0.9933625553835403,698.0,824.0,64,5.565018045210161,15.261982373280272
1070018400,13,519304020#1,35.64,0.0,35.64,35.64,1.0,826.0,893.3320903993617,35,5.589183022183962,17.087590754973945
1070018500,0,-37400153#5,20.53,18.846021675144446,20.53,1.6839783248555555,0.08202524719218487,0.0,10.0,6,3.1860884905358104,5.388062560811194
1070018500,1,37402533#1,66.33,1.372986760607379,66.33,64.95701323939262,0.9793006669590325,12.0,80.0,35,4.799694639876211,8.149023941531622
1070018500,2,37402533#2,124.68,0.0,124.68,124.68,1.0,82.0,220.0,70,5.558248433254833,9.171303480972497
1070018500,3,37402533#3,58.84,0.0,58.83971108359075,58.83971108359075,0.9999950897958998,222.0,284.0,32,6.328798018807515,8.560523541144956
1070018500,4,37402533#4,21.6,0.0,21.6,21.6,1.0,286.0,312.0,14,5.0708735207792275,7.5539107736577
1070018500,5,37402533#5,43.55,0.0,43.55,43.55,1.0,314.0,370.0,29,6.416135386052653,8.77484013391083
1070018500,6,37402533#6,13.91,0.0,13.91,13.91,1.0,372.0,403.1065253095178,17,5.953466032243257,11.376231073789556
1070018600,0,518807041#13,92.29,90.56913399956545,92.29,1.7208660004345546,0.018646288876742384,0.0,8.0,5,2.423962498583755,4.120961142011842
1070018600,1,-37402533#6,13.91,0.0,13.91,13.91,1.0,10.0,30.0,11,4.897178304360389,7.657240512495124
1070018600,2,-37402533#5,44.34,0.0,44.34,44.34,1.0,32.0,88.0,29,3.24394799999685,6.516048132901723
1070018600,3,-37402533#4,21.9,0.0,21.148893949771313,21.148893949771313,0.965702920080882,90.0,118.0,15,4.666597087416815,8.24167321058005
1070018600,4,-37402533#3,59.75,0.0,59.75,59.75,1.0,120.0,186.0,34,3.4255815317312863,7.157276637551897
1070018600,5,-37402533#2,124.55,0.0,124.55,124.55,1.0,188.0,324.0,69,3.476086985598361,7.397953717096198
1070018600,6,-37402533#1,67.41,0.0,67.41,67.41,1.0,326.0,411.4664176370693,44,4.657628007990729,10.346768649606798
1070018700,0,-218647397#0,26.03,25.029953693581746,26.03,1.0000463064182554,0.038418989873924524,0.0,4.0,3,7.471513317679651,9.15948402225407
1070018700,1,218647396#0,61.14,0.0,61.14,61.14,1.0,6.0,78.0,37,4.46107078983201,7.548912414349083
1070018700,2,218647396#1,33.85,0.0,33.85,33.85,1.0,80.0,126.0,24,4.947105659324779,7.971735873145652
1070018700,3,218647396#2,39.7,0.0,39.7,39.7,1.0,128.0,182.0,28,4.390184561209836,8.20850927576007
1070018700,4,218647396#3,22.32,0.0,22.32,22.32,1.0,184.0,222.0,20,3.9712942286481914,8.603910125362324
1070018700,5,218647396#4,36.28,0.0,36.28,36.28,1.0,224.0,274.0,26,4.299825624119356,8.181204222938442
1070018700,6,218647396#5,11.6,0.0,11.6,11.6,1.0,276.0,310.0,18,7.6710953795159105,16.295651381168064
1070018700,7,218647396#7,39.99,0.0,39.99,39.99,1.0,312.0,378.0,34,6.372855110864085,14.786030967485848
1070018700,8,218647396#9,29.95,0.0,29.95,29.95,1.0,380.0,428.0,25,5.622738941988886,13.431554002253193
1070018700,9,218647396#10,11.06,0.0,11.06,11.06,1.0,430.0,454.0,13,5.115816530853935,8.187614050237881
1070018700,10,218647396#11,49.68,0.0,49.68,49.68,1.0,456.0,528.0,37,5.5867487725530225,16.405441275256745
1070018700,11,218647396#13,41.01,0.0,41.01,41.01,1.0,530.0,594.0,33,6.161974420852733,17.61142184150385
1070018700,12,218647396#14,11.17,0.0,11.17,11.17,1.0,596.0,620.0,13,6.148650475356275,8.412040472725943
1070018700,13,218647396#15,17.05,0.0,17.05,17.05,1.0,622.0,658.0,19,7.200839172422036,14.104674237100227
1070018700,14,218647396#17,6.53,0.0,6.53,6.53,1.0,660.0,684.0,13,7.708788605844334,12.951581216511144
1070018700,15,518958915#0,19.04,0.0,19.04,19.04,1.0,686.0,718.0,17,6.929162224204049,9.055998986550321
1070018700,16,518958915#1,16.51,0.0,16.51,16.51,1.0,720.0,750.0,16,6.159217121308098,9.010686577448611
1070018700,17,518958915#2,11.57,0.0,11.57,11.57,1.0,752.0,782.0,16,6.55015854927179,12.34792110867934
1070018700,18,518958915#3,41.03,0.0,41.03,41.03,1.0,784.0,844.0,31,6.354805379902309,11.089396340564923
1070018700,19,518958915#4,13.46,0.0,13.46,13.46,1.0,846.0,882.0,19,7.085316502944636,15.740443746661583
1070018700,20,518958915#6,0.89,0.0,0.89,0.89,1.0,884.0,904.0,11,8.269993907482862,15.171924178756617
1070018700,21,518958915#7,17.64,0.0,17.64,17.64,1.0,906.0,932.0,14,4.977257036957369,7.237218965604204
1070018700,22,518958915#8,14.27,0.0,14.27,14.27,1.0,934.0,962.0,15,5.1772110672299245,8.124990796665125
1070018700,23,518958915#9,51.3,0.0,51.3,51.3,1.0,964.0,1028.0,33,5.755234426372915,9.598013225262477
1070018700,24,518958915#11,9.67,0.0,9.67,9.67,1.0,1030.0,1052.0,12,7.413252553272432,9.951731855793325
1070018700,25,518958915#12,29.88,0.0,29.88,29.88,1.0,1054.0,1092.0,20,6.034096666386839,7.99117675124794
1070018700,26,518958915#13,13.67,0.0,10.236842004925002,10.236842004925002,0.7488545724158743,1094.0,1108.0,8,5.385149368430341,7.644278140038112
1070018700,27,-519292263#2,47.67,0.0,3.618455399846949,3.618455399846949,0.07590634360912416,1110.0,1125.8894536830423,9,5.831029073415334,12.221149363603496
1070018800,0,-518958915#13,13.67,0.0,13.67,13.67,1.0,0.0,32.0,17,6.117685767350878,12.966358733321536
1070018800,1,-518958915#12,29.88,0.0,29.88,29.88,1.0,34.0,76.0,22,3.4614664793986734,7.101711186219193
1070018800,2,-518958915#11,9.9,0.0,9.9,9.9,1.0,78.0,100.0,12,3.493112067970451,7.943709498329436
1070018800,3,-518958915#9,51.3,0.0,51.3,51.3,1.0,102.0,166.0,33,4.029362923411235,7.798601337006416
1070018800,4,-518958915#8,14.27,0.0,14.27,14.27,1.0,168.0,194.0,14,5.647276760651587,8.117536169331926
1070018800,5,-518958915#7,17.7,0.0,17.7,17.7,1.0,196.0,224.0,15,5.316673563363888,8.523188731191548
1070018800,6,-518958915#6,0.89,0.0,0.89,0.89,1.0,226.0,246.0,11,8.533364001273194,15.743452846086782
1070018800,7,-518958915#4,13.46,0.0,13.46,13.46,1.0,248.0,282.0,18,7.363715468646798,15.3430098483349
1070018800,8,-518958915#3,41.25,0.0,41.25,41.25,1.0,284.0,342.0,30,4.619246135644392,10.87633105813162
1070018800,9,-518958915#2,11.71,0.0,11.71,11.71,1.0,344.0,370.0,14,5.290460593888921,9.971136330109365
1070018800,10,-518958915#1,16.51,0.0,16.51,16.51,1.0,372.0,400.0,15,3.962789956283233,7.45965864072224
1070018800,11,-518958915#0,19.04,0.0,19.04,19.04,1.0,402.0,432.0,16,2.6662155112732187,6.0247177103691065
1070018800,12,-218647396#17,6.53,0.0,6.53,6.53,1.0,434.0,460.0,14,5.554320049382464,12.963370511458614
1070018800,13,-218647396#15,17.05,0.0,17.05,17.05,1.0,462.0,498.0,19,4.860584936056772,12.062633290665032
1070018800,14,-218647396#14,11.17,0.0,11.17,11.17,1.0,500.0,522.0,12,4.067342981987007,6.497128850666055
1070018800,15,-218647396#13,41.01,0.0,41.01,41.01,1.0,524.0,590.0,34,6.5241466229380745,18.976717462100087
1070018800,16,-218647396#11,49.63,0.0,49.63,49.63,1.0,592.0,666.0,38,6.300418755371568,17.868697131083376
1070018800,17,-218647396#10,11.06,0.0,11.06,11.06,1.0,668.0,690.0,12,5.315004418695192,7.276948010550141
1070018800,18,-218647396#9,29.95,0.0,29.95,29.95,1.0,692.0,742.0,26,5.912586113395641,13.970391336297457
1070018800,19,-218647396#7,39.99,0.0,39.99,39.99,1.0,744.0,810.0,34,5.966601401931749,15.111519339961934
1070018800,20,-218647396#5,11.44,0.0,11.44,11.44,1.0,812.0,844.0,17,6.610964850468276,15.470138987976808
1070018800,21,-218647396#4,36.28,0.0,36.28,36.28,1.0,846.0,896.0,26,5.658086462922086,9.545927128154492
1070018800,22,-218647396#3,22.32,0.0,22.32,22.32,1.0,898.0,936.0,20,6.865244071548396,10.001913350466735
1070018800,23,-218647396#2,39.7,0.0,39.7,39.7,1.0,938.0,992.0,28,5.641188231537841,9.39280372475846
1070018800,24,-218647396#1,33.85,0.0,33.85,33.85,1.0,994.0,1040.0,24,4.907566012893391,7.710630717361693
1070018800,25,-218647396#0,60.35,0.0,60.35,60.35,1.0,1042.0,1117.671772636294,39,5.582524973353772,13.225612759508307
1070018900,0,183521095#0,1528.28,83.40821276809592,352.89401954928167,269.4858067811857,0.17633274451094413,0.0,269.79602340559444,136,3.7251077957301,9.58891965622302
1070019000,0,183521097#1,1445.99,1084.0173741863366,1351.4761771131882,267.4588029268516,0.18496587315738808,0.0,266.8209820346201,135,3.6456410259138448,8.504299910405622
1070019100,0,-1479671379#1,43.2,36.385835717377944,43.2,6.814164282622059,0.15773528431995507,0.0,10.0,6,12.69888914200611,14.999057550461401
1070019100,1,-1479671379#0,0.2,0.0,0.2,0.2,1.0,12.0,22.0,6,8.053812031363464,10.054078636284848
1070019100,2,-736707764,0.2,0.0,0.2,0.2,1.0,24.0,32.0,5,4.181336329353907,6.790587481570015
1070019100,3,-168369487,23.55,0.0,23.55,23.55,1.0,34.0,62.0,15,4.943631101967643,9.500800800269491
1070019100,4,1479671378,25.82,0.0,25.82,25.82,1.0,64.0,102.0,20,3.3489230834569406,9.539387102913755
1070019100,5,1479671380,15.53,0.0,15.53,15.53,1.0,104.0,122.0,10,5.268001829125688,6.096433692228766
1070019100,6,-518958916,198.08,0.7047830911858395,198.08,197.37521690881417,0.9964419270436902,124.0,320.0,99,3.2463822660114277,4.778715395861753
1070019100,7,518807040#0,60.18,0.20519816936893487,60.18,59.974801830631066,0.9965902597313238,322.0,388.0,34,3.5580212594054332,8.153967355618974
1070019100,8,518807040#1,134.97,0.0,134.97,134.97,1.0,390.0,536.0,74,4.268446022973841,7.696446254844576
1070019100,9,518807040#2,46.12,0.0,46.12,46.12,1.0,538.0,598.0,31,5.783750861877776,8.944663217841612
1070019100,10,518807040#3,7.18,0.0,7.18,7.18,1.0,600.0,622.0,12,5.975809617928102,10.017325591370518
1070019100,11,518807040#5,6.01,0.0,6.01,6.01,1.0,624.0,653.032978731983,16,6.278504439603566,12.287725183457113
1070019200,0,183521249#3,14.48,11.960012729740537,13.98644572922715,2.0264329994866124,0.1399470303512854,0.0,10.0,6,3.356715508589494,7.0701570063391355
1070019200,1,-518807040#5,6.01,0.0,6.01,6.01,1.0,12.0,28.0,9,8.326125699036414,12.225812005419419
1070019200,2,-518807040#3,7.18,0.0,7.18,7.18,1.0,30.0,54.0,13,6.461441734907175,11.023727942626243
1070019200,3,-518807040#2,46.12,0.0,46.12,46.12,1.0,56.0,114.0,30,4.0325574921675225,7.107353671067347
1070019200,4,-518807040#1,134.86,0.0,134.86,134.86,1.0,116.0,264.0,75,4.829001510899851,7.925213928453895
1070019200,5,-518807040#0,60.13,0.0,60.13,60.13,1.0,266.0,332.0,34,5.655956003263465,7.7745026132216095
1070019200,6,518958916,197.92,0.348854246541054,197.92,197.57114575345892,0.9982373977034101,334.0,530.0,99,5.638143889173016,6.144843412237989
1070019200,7,-1479671380,15.53,0.3088068914210449,15.53,15.221193108578955,0.9801154609516392,532.0,550.0,10,3.930707702435477,5.107687755803692
1070019200,8,-1479671378,27.02,0.0,27.02,27.02,1.0,552.0,586.0,18,8.185854167921594,15.02145406510067
1070019200,9,168369487,22.29,5.181483685888738,22.29,17.108516314111263,0.7675422303324928,588.0,606.0,10,11.55267160623929,14.664909374724136
1070019200,10,736707764,0.2,0.0,0.2,0.2,1.0,608.0,616.0,5,7.012757705525134,8.231753376578096
1070019200,11,1479671379#0,0.2,0.0,0.2,0.2,1.0,618.0,626.0,5,3.7039142208727527,6.320111871967239
1070019200,12,1479671379#1,42.8,0.0,12.956339701752395,12.956339701752395,0.30271821733066345,628.0,645.0083522979855,10,4.349201871324539,7.994655230848789
1070019301,0,380291625#8,20.4,19.398495807202178,20.4,1.001504192797821,0.04909334278420691,0.0,6.0,4,2.2974344892210805,3.5517242342185895
1070019301,1,-218647397#8,40.53,0.0,40.53,40.53,1.0,8.0,58.0,26,5.872424018901963,9.564899988029818
1070019301,2,-218647397#7,11.24,0.0,11.24,11.24,1.0,60.0,86.0,14,6.153077318318823,8.84178216524795
1070019301,3,-218647397#6,13.72,0.0,13.72,13.72,1.0,88.0,114.0,14,4.693340333532573,7.428719503025001
1070019301,4,-218647397#5,16.06,0.0,16.06,16.06,1.0,116.0,148.0,17,4.498815526027365,9.684331437083667
1070019301,5,-218647397#4,9.63,0.0,9.63,9.63,1.0,150.0,176.0,14,6.113577987101945,9.941385634976692
1070019301,6,-218647397#2,16.67,0.0,16.67,16.67,1.0,178.0,210.0,17,4.301872483871892,9.570947325061185
1070019301,7,-218647397#1,18.76,0.0,18.76,18.76,1.0,212.0,246.0,18,3.4173324607361053,9.541455059315409
1070019301,8,-218647397#0,26.03,0.0,26.03,26.03,1.0,248.0,288.62109260660867,22,5.539055960419035,9.745913948111038
1070019302,0,-218779908#0,15.03,11.246333331729254,13.557361040928452,2.311027709199198,0.15376099196268783,0.0,10.0,6,3.3992268318871735,7.1991319203052955
1070019302,1,-218647397#11,24.38,3.290817180528421,24.38,21.089182819471578,0.8650198039159794,12.0,40.0,15,7.0392023300459945,9.520788436079387
1070019302,2,-218647397#10,9.49,0.0,9.49,9.49,1.0,42.0,64.0,12,6.171968686014876,8.660515065074048
1070019302,3,-218647397#9,28.88,0.0,28.88,28.88,1.0,66.0,109.52366019923345,23,5.920120301607509,9.206160212981407
1070019401,0,218647397#0,25.53,0.0,25.53,25.53,1.0,0.0,42.0,22,5.54734712074734,10.014954360382657
1070019401,1,218647397#1,18.76,0.0,18.76,18.76,1.0,44.0,78.0,18,7.373932025550167,11.271743976652735
1070019401,2,218647397#2,16.67,0.0,16.67,16.67,1.0,80.0,112.0,17,6.464657900532585,10.189396408845123
1070019401,3,218647397#4,9.63,0.0,9.63,9.63,1.0,114.0,140.0,14,5.427466327600352,9.959570586359263
1070019401,4,218647397#5,14.79,0.0,14.79,14.79,1.0,142.0,170.0,15,6.636161256264758,9.803006911179823
1070019401,5,218647397#6,13.79,0.0,13.79,13.79,1.0,172.0,198.0,14,5.660884615976238,8.214886003041917
1070019401,6,218647397#7,10.75,0.0,10.75,10.75,1.0,200.0,224.0,13,4.792715323569345,8.623456502140563
1070019401,7,218647397#8,38.98,0.0,38.98,38.98,1.0,226.0,279.2907140529002,28,3.887990971393722,8.995857809338977
1070019402,0,380270711#6,18.12,17.115726019846846,18.12,1.0042739801531546,0.055423508838474314,0.0,4.0,3,2.899198696469328,3.693513977881199
1070019402,1,218647397#9,28.6,0.0,28.6,28.6,1.0,6.0,42.0,19,3.4123498514363506,6.962990261617605
1070019402,2,218647397#10,9.49,0.0,9.49,9.49,1.0,44.0,66.0,12,4.5399412329641855,7.1709031204420635
1070019402,3,218647397#11,24.38,0.0,24.38,24.38,1.0,68.0,108.21508520836957,22,3.4353730105724143,8.242159651072601
1070019500,0,218647397#11,24.38,23.381964646023782,24.38,0.998035353976217,0.040936642903044176,0.0,10.0,6,3.257215270087879,5.449442853195456
1070019500,1,-37400153#19,0.2,0.0,0.2,0.2,1.0,12.0,16.0,3,5.33112199437597,5.740805443781282
1070019500,2,-37400153#18,7.66,0.0,7.66,7.66,1.0,18.0,34.0,9,5.593032035956133,7.741394435196819
1070019500,3,-37400153#17,7.85,0.0,7.85,7.85,1.0,36.0,58.0,12,6.170377800560794,9.131888082394836
1070019500,4,-37400153#16,12.66,0.0,12.66,12.66,1.0,60.0,86.0,14,4.980543400790016,7.828513004545341
1070019500,5,-37400153#15,33.52,0.0,33.52,33.52,1.0,88.0,134.0,24,3.966607624374308,7.538018401094281
1070019500,6,-37400153#14,0.54,0.0,0.54,0.54,1.0,136.0,150.0,8,5.548418656214277,7.977931566017747
1070019500,7,-37400153#13,0.16,0.0,0.16,0.16,1.0,152.0,166.0,8,5.583901394315301,8.803347433824417
1070019500,8,-37400153#12,51.54,0.0,51.54,51.54,1.0,168.0,232.0,33,2.5181418333079906,7.093686926067881
1070019500,9,-37400153#11,23.56,0.0,23.56,23.56,1.0,234.0,272.0,20,2.6427273119574304,9.313541207858249
1070019500,10,-37400153#10,38.97,0.0,38.97,38.97,1.0,274.0,328.0,28,2.716015702406345,7.906037345884435
1070019500,11,-37400153#9,31.01,0.0,31.01,31.01,1.0,330.0,372.0,22,2.2467287416519635,6.276368831389951
1070019500,12,-37400153#8,0.2,0.0,0.2,0.2,1.0,374.0,392.0,10,5.408315432848056,11.229529045652832
1070019500,13,-37400153#6,7.1,0.0,7.1,7.1,1.0,394.0,418.0,13,5.105620748737644,11.223634576869317
1070019500,14,-37400153#5,20.53,0.0,20.53,20.53,1.0,420.0,455.0113297653892,19,3.832213538878907,8.400503058856815
1070019600,0,37402533#0,76.07,75.07165220685016,76.07,0.9983477931498328,0.013124067216377454,0.0,4.0,3,3.228775265901765,5.145057853431581
1070019600,1,37400153#5,20.42,0.0,20.42,20.42,1.0,6.0,34.0,15,5.860019318983812,7.663306383373532
1070019600,2,37400153#6,7.55,0.0,7.55,7.55,1.0,36.0,62.0,14,7.433585948538992,12.976226476981392
1070019600,3,37400153#8,0.2,0.0,0.2,0.2,1.0,64.0,80.0,9,8.841668944580709,12.391437304209768
1070019600,4,37400153#9,31.13,0.0,31.13,31.13,1.0,82.0,126.0,23,7.178037335470385,9.857248752483937
1070019600,5,37400153#10,38.85,0.0,38.85,38.85,1.0,128.0,182.0,28,7.170784075464206,10.346191058797872
1070019600,6,37400153#11,23.89,0.0,23.89,23.89,1.0,184.0,222.0,20,7.922145071597609,10.385324192791384
1070019600,7,37400153#12,51.7,0.0,51.7,51.7,1.0,224.0,288.0,33,6.9714219973488065,9.800780211206188
1070019600,8,37400153#13,0.16,0.0,0.16,0.16,1.0,290.0,304.0,8,6.801186197789151,8.800051704174084
1070019600,9,37400153#14,0.64,0.0,0.64,0.64,1.0,306.0,320.0,8,6.5422204824775925,8.896949209899883
1070019600,10,37400153#15,33.52,0.0,33.52,33.52,1.0,322.0,368.0,24,5.806855155555598,8.764520952221757
1070019600,11,37400153#16,12.66,0.0,12.66,12.66,1.0,370.0,396.0,14,5.754803840991443,8.838380637267257
1070019600,12,37400153#17,8.04,0.0,8.04,8.04,1.0,398.0,418.0,11,4.881802862903924,7.574429195922144
1070019600,13,37400153#18,7.66,0.0,7.66,7.66,1.0,420.0,438.0,10,4.822455050632645,7.975802546853569
1070019600,14,37400153#19,0.2,0.0,0.2,0.2,1.0,440.0,455.6206379759276,9,7.9729636632610505,14.152012087751247
1070019700,0,-1479671378,27.02,26.01805377767942,27.02,1.00194622232058,0.03708165145523982,0.0,8.0,5,5.546035909437412,6.5714516105956235
1070019700,1,-803506243,0.2,0.0,0.2,0.2,1.0,10.0,22.0,7,4.630196923936494,6.646217572641348
1070019700,2,937503408#0,46.64,0.0,46.64,46.64,1.0,24.0,84.0,31,5.315376338834658,7.6324977375956236
1070019700,3,937503408#1,75.28,0.0,75.28,75.28,1.0,86.0,176.0,46,4.818926283868823,8.144150169654994
1070019700,4,937503408#2,60.15,0.0,60.15,60.15,1.0,178.0,248.0,36,5.043337998818732,8.839822955663234
1070019700,5,937503408#3,21.58,0.0,21.58,21.58,1.0,250.0,284.0,18,5.57540454338373,8.577843451373077
1070019700,6,937503408#4,34.42,0.0,34.42,34.42,1.0,286.0,330.0,23,6.420861460150905,9.262826020831787
1070019700,7,37402533#0,76.07,0.0,76.07,76.07,1.0,332.0,419.0368346359952,45,5.916521183046056,8.354522995534925
1070019800,0,37400153#4,239.4,238.40891372400554,239.4,0.9910862759944621,0.004139875839575865,0.0,4.0,3,2.3303963406268857,2.7514626787610164
1070019800,1,-37402533#0,76.15,0.0,76.15,76.15,1.0,6.0,86.0,41,3.2663390960442795,4.121480536471684
1070019800,2,-937503408#4,34.36,0.0,34.36,34.36,1.0,88.0,132.0,23,3.217567050546873,6.361852475917216
1070019800,3,-937503408#3,21.58,0.0,21.58,21.58,1.0,134.0,170.0,19,5.022819619199006,8.292503035771384
1070019800,4,-937503408#2,61.86,0.0,61.86,61.86,1.0,172.0,248.0,39,4.361074938864231,8.078898026653151
1070019800,5,-937503408#1,74.63,0.0,74.63,74.63,1.0,250.0,336.0,44,4.2732694621542695,7.430653719555927
1070019800,6,-937503408#0,45.55,0.0,45.55,45.55,1.0,338.0,396.0,30,4.334978186356911,8.720687800129555
1070019800,7,803506243,0.2,0.0,0.2,0.2,1.0,398.0,406.0,5,7.754771762516029,9.399137576778662
1070019800,8,1479671378,25.82,2.8351244445807504,8.20071555257908,5.36559110799833,0.20780755646778967,408.0,417.31799395690837,6,2.691479521816696,5.204332269164507
1070020100,0,-824655022#6,30.57,0.0,30.57,30.57,1.0,0.0,40.0,21,0.926065417922989,6.4096874680204765
1070020100,1,-824655022#5,46.47,0.0,46.47,46.47,1.0,42.0,100.0,30,1.0438780491781687,7.1648987121420324
1070020100,2,-824655022#4,58.84,0.0,58.84,58.84,1.0,102.0,192.0,46,4.502445587945172,26.110109950557355
1070020100,3,-824655022#1,29.85,0.0,29.85,29.85,1.0,194.0,252.0,30,6.933913597936223,24.34602076336072
1070020100,4,-824655022#0,138.22,0.0,138.22,138.22,1.0,254.0,404.0,76,2.1825581563384606,6.771566051526798
1070020100,5,-518709393,56.14,0.0,56.14,56.14,1.0,406.0,480.0,38,4.884840450377911,14.173729668365906
1070020100,6,-538081780#5,132.77,0.0,132.77,132.77,1.0,482.0,632.0,76,4.6202928827850505,14.701686279588577
1070020100,7,-538081780#4,1.74,0.0,1.74,1.74,1.0,634.0,644.0,6,4.479553440205472,6.793111641756504
1070020100,8,-538081780#3,93.81,0.0,93.81,93.81,1.0,646.0,752.0,54,5.895888175108342,9.088754919256004
1070020100,9,-538081780#2,142.06,0.0,142.06,142.06,1.0,754.0,906.0,77,5.744754888490646,8.649260577259463
1070020100,10,-538081780#1,9.62,0.0,9.62,9.62,1.0,908.0,926.0,10,8.584867682369632,9.61744300900399
1070020100,11,-538081780#0,126.32,0.0,125.92138217224351,125.92138217224351,0.9968443807175706,928.0,1060.0,67,3.3189171854784827,10.212757161574219
1070020100,12,-183521076,14.12,0.0,14.12,14.12,1.0,1062.0,1083.2809269299428,12,2.171837040119707,7.796660620063758
1070020200,0,-183521120#0,23.75,21.214120099032918,23.75,2.535879900967082,0.10677389056703503,0.0,4.0,3,7.2949962175852265,9.124996559792555
1070020200,1,183521076,14.12,0.0,14.12,14.12,1.0,6.0,20.0,8,9.215040753756986,10.171473842008835
1070020200,2,538081780#0,124.21,0.0,124.21,124.21,1.0,22.0,146.0,63,5.632436577360459,8.104686663188433
1070020200,3,538081780#1,9.62,0.0,9.62,9.62,1.0,148.0,164.0,9,1.3785500412540603,3.343231665724838
1070020200,4,538081780#2,142.79,0.0,142.79,142.79,1.0,166.0,322.0,79,3.4725632717802295,8.923469093469544
1070020200,5,538081780#3,94.4,0.0,94.4,94.4,1.0,324.0,436.0,57,3.5311595652056984,10.669565007597495
1070020200,6,538081780#4,2.11,0.0,2.11,2.11,1.0,438.0,450.0,7,6.134767109501899,7.086174368640183
1070020200,7,538081780#5,132.94,0.0,132.94,132.94,1.0,452.0,604.0,77,5.180614339667578,14.540387114941847
1070020200,8,518709393,56.14,0.0,56.14,56.14,1.0,606.0,680.0,38,6.317875435214489,14.603803645711137
1070020200,9,824655022#0,137.63,0.0,137.63,137.63,1.0,682.0,832.0,76,6.831424607543859,8.322950957728846
1070020200,10,824655022#1,30.86,0.0,30.86,30.86,1.0,834.0,896.0,32,6.744600261262854,24.721904267940406
1070020200,11,824655022#4,57.68,0.0,57.68,57.68,1.0,898.0,986.0,45,6.111056536592891,25.574969324587244
1070020200,12,824655022#5,46.38,0.0,46.38,46.38,1.0,988.0,1046.0,30,4.466065703480597,7.989342784496439
1070020200,13,824655022#6,30.57,0.0,30.57,30.57,1.0,1048.0,1088.8202230785594,22,5.034964168989284,8.674715434184805
1070020400,0,183521120#0,24.41,0.0,24.41,24.41,1.0,0.0,34.0,18,2.661112810217011,5.74524869822285
1070020400,1,183521120#1,76.73,0.0,76.73,76.73,1.0,36.0,122.0,44,4.493476468005626,7.802074656720431
1070020400,2,415667972#0,29.35,0.0,29.35,29.35,1.0,124.0,166.0,22,3.9658743596295922,8.967913161702155
1070020400,3,415667972#1,0.2,0.0,0.2,0.2,1.0,168.0,172.0,3,3.959950438615279,4.886673904976667
1070020400,4,415667971#0,4.17,0.9270291656929557,4.17,3.2429708343070445,0.7776908475556462,174.0,182.0,5,4.745815586229408,6.977437486092245
1070020400,5,415667971#1,143.8,0.0,143.3130460687701,143.3130460687701,0.9966136722445763,184.0,334.0,76,4.378407544749357,8.405805548581174
1070020400,6,481779209#0,3.73,0.0,3.73,3.73,1.0,336.0,344.0,5,8.756788052695331,9.893323704328006
1070020400,7,481779209#1,67.82,0.0,67.82,67.82,1.0,346.0,428.0,42,8.688793894110466,12.307354994456833
1070020400,8,481779209#2,42.1,0.0,42.1,42.1,1.0,430.0,490.0,31,4.160798975673736,12.439240603842764
1070020400,9,481779209#3,63.08,0.0,63.08,63.08,1.0,492.0,564.0,37,4.487189599683239,8.15927495865284
1070020400,10,481779209#4,22.67,0.0,21.95647938590851,21.95647938590851,0.9685257779403841,566.0,588.0,12,4.998281926188057,5.858992192759238
1070020400,11,536369056,160.04,0.0,159.2959841304137,159.2959841304137,0.9953510630493233,590.0,746.0,79,2.1784280693698546,4.456987780545757
1070020400,12,380312333,109.89,0.0,109.89,109.89,1.0,748.0,870.0,62,2.814139726990844,13.04232667329015
1070020400,13,481779210#1,132.31,0.0,132.31,132.31,1.0,872.0,1020.0,75,5.375538725974188,12.901340110262277
1070020400,14,519313935,5.82,0.0,5.82,5.82,1.0,1022.0,1035.839535950886,8,5.413112842744072,7.440620269317021
1070020600,0,218779908#0,15.08,0.0,15.08,15.08,1.0,0.0,24.0,13,4.365013312923941,7.031156492865137
1070020600,1,218779908#1,79.89,0.0,79.89,79.89,1.0,26.0,120.0,48,4.335563920010371,8.606382671006012
1070020600,2,218779908#2,21.44,0.0,21.44,21.44,1.0,122.0,156.0,18,4.732647971684132,7.684014751823145
1070020600,3,218779908#3,55.86,0.0,55.86,55.86,1.0,158.0,226.0,35,4.431343061303349,7.562023403139992
1070020600,4,218779908#4,49.47,0.0,49.47,49.47,1.0,228.0,290.0,32,4.54598164170127,7.857785257790979
1070020600,5,518959786#0,41.26,0.0,41.26,41.26,1.0,292.0,348.0,29,4.828016364387126,8.912811846263404
1070020600,6,518959786#1,145.13,0.0,145.13,145.13,1.0,350.0,508.4204245001198,81,1.9714930761308371,8.622404452718845
1070020701,0,-916055955#3,0.2,0.0,0.2,0.2,1.0,0.0,12.0,7,9.318331381110312,10.576157017617774
1070020701,1,-916055955#2,26.47,0.0,26.47,26.47,1.0,14.0,54.0,21,8.637349879207397,11.148952945832766
1070020701,2,-916055955#1,41.94,0.0,40.72515817820101,40.72515817820101,0.971033814454006,56.0,102.0,24,8.129365225984857,10.207735523492268
1070020701,3,1517880569#1,281.17,0.0,2.685039931866318,2.685039931866318,0.009549524955956602,104.0,122.14313459468761,11,5.8476601815751,11.235675704081268
1070020702,0,-218779910#1,7.48,0.0,5.169404467915534,5.169404467915534,0.6910968539994029,0.0,14.0,8,8.624347268352114,11.959122663674775
1070020702,1,1389983443#0,12.26,0.9964820132871555,3.6571012171267085,2.660619203839553,0.21701624827402552,16.0,39.20319505217745,13,7.460489113182691,16.361059062220058
1070020703,0,218779911,68.02,20.468396968798082,68.02,47.551603031201914,0.6990826673214042,0.0,54.0,28,3.6110197986244494,8.389485159842204
1070020703,1,-218779910#3,207.07,0.0,207.07,207.07,1.0,56.0,276.0,111,5.01632595327569,8.746678599568394
1070020703,2,-218779910#2,75.1,0.0,75.1,75.1,1.0,278.0,364.1899644343555,45,6.459979623906934,8.482847907369235
1070020801,0,-37400153#19,0.2,0.0,0.2,0.2,1.0,0.0,4.0,3,7.508221888832391,7.846485243874647
1070020801,1,1517880569#0,0.2,0.0,0.2,0.2,1.0,6.0,10.0,3,7.887928075522318,8.069813634477756
1070020801,2,916055955#1,41.94,0.0,41.94,41.94,1.0,12.0,66.0,28,1.212454992214507,6.260946275502649
1070020801,3,916055955#2,26.47,0.0,26.47,26.47,1.0,68.0,108.0,21,1.7166588397598415,6.936673902638665
1070020801,4,916055955#3,0.2,0.0,0.2,0.2,1.0,110.0,122.91432385109603,8,3.823257116331502,6.763471153361271
1070020802,0,218779910#0,0.2,0.0,0.2,0.2,1.0,0.0,14.0,8,4.230481187184507,8.95689601876522
1070020802,1,218779910#1,7.53,0.0,7.53,7.53,1.0,16.0,38.41737568045403,13,3.853904796704576,9.408110325923998
1070020803,0,218779910#2,75.1,0.0,75.1,75.1,1.0,0.0,86.0,44,2.6471112204946348,6.455957594565322
1070020803,1,218779910#3,207.04,0.0,207.04,207.04,1.0,88.0,310.0,112,4.040644253631927,8.893049452994605
1070020803,2,-218779911,68.02,0.0,47.169676831157986,47.169676831157986,0.6934677570002644,312.0,364.2035666095406,28,5.1272269608286765,7.4063610460307885
1070020900,0,505438085#11,594.73,67.5671653444182,402.89550463657304,335.32833929215485,0.5638328977723586,0.0,363.66678995032413,183,18.39985385327515,56.1328479242802
1070021000,0,-505438085#11,594.44,183.19805899364098,531.6257184692656,348.42765947562464,0.5861443702907352,0.0,377.30925587101785,190,10.370171902424179,48.98498297943123
1070021200,0,1479671379#1,42.8,5.126126123523104,42.8,37.67387387647689,0.8802306980485255,0.0,44.0,23,3.565075846367072,7.917012063313544
1070021200,1,-1286495051,0.2,,,0.0,0.0,,,0,,
1070021200,2,-1286495052,34.35,0.0,34.35,34.35,1.0,46.0,90.0,22,2.982942897979136,7.254565681165642
1070021200,3,-518959782,0.2,0.0,0.2,0.2,1.0,84.0,84.0,1,1.451607607495209,1.451607607495209
1070021200,4,414744248,0.72,0.0,0.72,0.72,1.0,92.0,104.0,7,3.7614711028769396,6.520614805932399
1070021200,5,915035148#0,33.4,0.0,33.4,33.4,1.0,106.0,152.0,24,2.5406744777627535,7.139073455476841
1070021200,6,915035148#1,6.35,0.0,6.35,6.35,1.0,154.0,174.0,11,3.953839431272028,7.1825665024340175
1070021200,7,915035148#2,29.53,0.0,29.53,29.53,1.0,176.0,222.0,24,3.5861772263067544,11.061733028265923
1070021200,8,915035148#4,71.17,0.0,71.17,71.17,1.0,224.0,314.0,46,4.168916861828053,11.71305749647779
1070021200,9,915035148#5,1.12,0.0,1.12,1.12,1.0,316.0,328.0,7,4.993460661558479,6.665395965629941
1070021200,10,915035148#6,52.88,0.0,52.88,52.88,1.0,330.0,396.0,34,4.086142044767645,7.760690191469021
1070021200,11,915035148#7,33.13,0.0,33.13,33.13,1.0,398.0,444.0,24,4.764837123849635,8.866862645633113
1070021200,12,37399354#0,14.61,0.0,14.61,14.61,1.0,446.0,472.0,14,5.532119735065712,8.528493009083093
1070021200,13,37399354#1,8.45,0.0,8.45,8.45,1.0,474.0,500.0,14,7.977852074917359,14.485084731188373
1070021200,14,37399354#3,16.68,0.0,16.68,16.68,1.0,502.0,538.0,19,6.570764504495109,13.49757684342366
1070021200,15,37399354#4,18.87,0.0,18.87,18.87,1.0,540.0,570.0,16,5.038414825492287,7.707505505293819
1070021200,16,37399354#5,13.34,0.0,13.34,13.34,1.0,572.0,596.0,13,6.148867054184006,8.350621102144318
1070021200,17,37399354#6,49.51,0.0,49.51,49.51,1.0,598.0,660.0,32,4.489273906240365,8.410733599758215
1070021200,18,37399354#7,21.43,0.0,21.43,21.43,1.0,662.0,696.6462520821864,19,5.9815010669414725,10.581002948861618
1070021300,0,-219055002#5,31.66,0.0,31.66,31.66,1.0,0.0,42.0,22,4.5291689056596915,7.03546361863505
1070021300,1,-219055002#4,114.57,0.0,114.57,114.57,1.0,44.0,168.0,63,3.296374787946304,6.225851900188366
1070021300,2,-219055002#3,5.1,0.0,5.1,5.1,1.0,170.0,188.0,10,3.259784770205033,6.850516301672218
1070021300,3,-219055002#2,44.81,0.0,44.81,44.81,1.0,190.0,248.0,30,2.495035983011777,7.096438149311874
1070021300,4,-219055002#1,62.03,0.0,62.03,62.03,1.0,250.0,324.0,38,2.631123241288507,6.987037992143037
1070021300,5,-219055002#0,289.01,0.0,253.1910452679113,253.1910452679113,0.8760632686339964,326.0,588.0,132,13.63835596015895,35.96033129825623
1070021300,6,-218779911,68.02,34.82649870278792,39.48162027227078,4.6551215694828585,0.06843754145079181,590.0,624.7686572792959,19,17.372895324808315,35.26341750872502
1070021400,0,218779911,68.02,16.62436882513744,21.21633289553211,4.591964070394667,0.06750902779174753,0.0,42.0,22,20.20032368801965,41.09959518913747
1070021400,1,219055002#0,289.28,47.42781574228778,289.28,241.8521842577122,0.8360487564218481,44.0,296.0,127,21.3369961307407,42.496906138175085
1070021400,2,219055002#1,62.03,0.0,62.03,62.03,1.0,298.0,372.0,38,6.866032084424643,9.214704576833388
1070021400,3,219055002#2,44.81,0.0,44.81,44.81,1.0,374.0,432.0,30,7.2823475269652285,9.988714409384839
1070021400,4,219055002#3,5.1,0.0,5.1,5.1,1.0,434.0,452.0,10,8.420627567122958,10.048354833092432
1070021400,5,219055002#4,114.57,0.0,114.57,114.57,1.0,454.0,580.0,64,5.689419452052132,10.39343661237832
1070021400,6,219055002#5,31.66,0.0,31.66,31.66,1.0,582.0,622.5933285085124,22,4.478665178109778,7.934650944544004
1070021500,0,-219055003#0,22.14,21.131249399887572,22.14,1.0087506001124282,0.045562357728655294,0.0,4.0,3,3.286327285375789,3.858752139558122
1070021500,1,-519319010#3,19.86,0.0,19.86,19.86,1.0,6.0,36.0,16,3.6972289243633805,8.527406186189321
1070021500,2,-519319010#1,134.92,0.0,134.92,134.92,1.0,38.0,188.0,76,3.8469535698677255,10.28063146302379
1070021500,3,-519319010#0,154.12,0.0,154.12,154.12,1.0,190.0,360.0,86,3.861315974561182,9.120277544852428
1070021500,4,-481573080,114.45,0.0,114.45,114.45,1.0,362.0,492.0,66,2.8349478594207573,10.295576695475813
1070021500,5,-518959776#2,130.53,0.0,130.53,130.53,1.0,494.0,640.0,74,2.7815910527093477,8.971199513662556
1070021500,6,-518959776#0,23.51,0.0,23.51,23.51,1.0,642.0,687.1422782789056,24,5.257212172077015,12.282863564467512
1070021800,0,219055002#5,31.66,30.489030457365256,31.66,1.1709695426347437,0.03698577203520985,0.0,6.0,4,2.671152721928384,5.249629012773941
1070021800,1,665555263,12.48,1.042696651859731,12.48,11.437303348140269,0.9164505887932908,8.0,20.0,7,5.5104345090330975,5.76485109229192
1070021800,2,414740177,38.65,0.0,38.65,38.65,1.0,22.0,62.0,21,5.672149789659197,6.572238434950023
1070021800,3,414740176#0,0.3,0.0,0.3,0.3,1.0,64.0,70.0,4,5.440537636734536,7.295846257268323
1070021800,4,414740176#1,51.33,0.0,51.33,51.33,1.0,72.0,138.0,34,3.36427504087984,8.473247508491804
1070021800,5,518959777,118.44,0.0,118.44,118.44,1.0,140.0,270.0,66,3.117838741843009,7.715842407778057
1070021800,6,518959784#0,65.85,0.0,65.85,65.85,1.0,272.0,348.0,39,4.4990197275429935,7.248922686734064
1070021800,7,518959784#1,339.43,0.0,339.43,339.43,1.0,350.0,700.7978782864145,177,4.8228431221417445,9.837536114117347
1070022000,0,-665555263,12.48,11.352170325159726,12.48,1.1278296748402745,0.0903709675352784,0.0,8.0,5,2.607795363253275,5.0425658233731445
1070022000,1,219055003#0,22.14,0.0,22.14,22.14,1.0,10.0,34.0,13,6.529457501696503,7.308639684622479
1070022000,2,219055003#1,280.42,0.0,280.42,280.42,1.0,36.0,326.0,146,6.399082232611342,9.108505430665298
1070022000,3,519304023#0,306.05,0.0,306.05,306.05,1.0,328.0,644.0,159,5.552766282009662,8.854742255570313
1070022000,4,519304023#1,59.03,0.0,59.03,59.03,1.0,646.0,711.2509131254232,34,4.793830702613892,7.180128006384186
1080000900,0,380249127#1,73.2,67.32154484633786,69.38543241510526,2.0638875687673988,0.028195185365674846,0.0,32.0,17,10.058442114212763,23.284790269352502
1080000900,1,219054278#1,19.27,4.061452903699982,19.27,15.208547096300018,0.7892344108095495,34.0,54.0,11,10.771876151971725,12.090608952822757
1080000900,2,219054278#2,0.2,0.0,0.2,0.2,1.0,56.0,64.0,5,10.96702354219848,11.325069947580472
1080000900,3,219054278#3,0.93,0.0,0.93,0.93,1.0,66.0,78.0,7,11.276412476818745,12.525336998387713
1080000900,4,219054278#4,16.05,0.0,16.05,16.05,1.0,80.0,108.0,15,11.070904865341364,12.387727121800191
1080000900,5,219054278#5,11.93,0.0,11.93,11.93,1.0,110.0,134.0,13,11.225091045326874,12.5554409066516
1080000900,6,219054278#6,18.76,0.0,16.663680137756998,16.663680137756998,0.8882558708825691,136.0,158.0,12,10.316071088201783,12.523124853930439
1080000900,7,37401477#0,24.41,0.0,1.0,1.0,0.04096681687832855,160.0,176.11415642447938,10,5.692327693411121,9.320193989344023
1080001000,0,-219054273#0,37.98,36.97290385180674,37.98,1.0070961481932557,0.026516486261012526,0.0,6.0,4,5.055716051289062,7.376461057942192
1080001000,1,-219054278#6,18.76,0.0,18.76,18.76,1.0,8.0,40.0,17,2.1908113023440743,7.552296578100525
1080001000,2,-219054278#5,11.93,0.0,11.93,11.93,1.0,42.0,66.0,13,3.0224579126056907,6.785514570527046
1080001000,3,-219054278#4,16.05,0.0,16.05,16.05,1.0,68.0,96.0,15,2.738022294295002,6.267318903554173
1080001000,4,-219054278#3,0.93,0.0,0.93,0.93,1.0,98.0,110.0,7,3.6388198673127854,6.56265086362134
1080001000,5,-219054278#2,0.2,0.0,0.2,0.2,1.0,112.0,120.0,5,3.017784293422568,4.421886884976227
1080001000,6,-219054278#1,19.27,0.0,19.27,19.27,1.0,122.0,154.0,17,2.820182847142181,7.336245499749845
1080001000,7,-219054278#0,4.52,0.0,4.52,4.52,1.0,156.0,175.28213209685765,11,4.472810632702669,9.665964546672763
1080001100,0,218647394#0,96.06,0.0,96.06,96.06,1.0,0.0,108.0,55,5.974381207332758,12.036912157210693
1080001100,1,218647394#1,20.28,0.0,20.28,20.28,1.0,110.0,144.0,18,10.946423907120344,12.877788251168417
1080001100,2,218647394#2,50.56,0.0,50.56,50.56,1.0,146.0,208.85244395137477,33,10.555391701832086,12.079470468343569
1080001200,0,-218647394#2,50.52,0.0,50.52,50.52,1.0,0.0,64.0,33,2.5714377176357,7.034369299523296
1080001200,1,-218647394#1,20.28,0.0,20.28,20.28,1.0,66.0,98.0,17,3.0313794916968893,6.42800680165601
1080001200,2,-218647394#0,96.33,0.0,96.33,96.33,1.0,100.0,208.85298928541053,56,3.56136296332687,9.07263153482223
1080001400,0,37401477#0,24.41,0.0,24.41,24.41,1.0,0.0,48.0,25,5.035260837180897,12.365262922540126
1080001400,1,37401477#1,24.05,0.0,24.05,24.05,1.0,50.0,90.0,21,8.508958392413557,11.349621385421457
1080001400,2,37401477#2,182.76,0.0,182.76,182.76,1.0,92.0,288.0,99,8.664878182036366,10.977084728224353
1080001400,3,37401477#3,65.57,0.0,65.57,65.57,1.0,290.0,366.0,39,6.7995212774621585,9.217113821411129
1080001400,4,415395382#0,41.53,0.0,41.53,41.53,1.0,368.0,424.0,29,7.560505081312357,13.57643556802602
1080001400,5,415395382#2,71.76,0.0,71.76,71.76,1.0,426.0,520.0,48,5.599173092887245,13.720791105274834
1080001400,6,415395382#3,99.33,0.0,99.33,99.33,1.0,522.0,632.0,56,4.774894626254077,8.868377154125167
1080001400,7,415395382#4,17.16,0.0,17.16,17.16,1.0,634.0,664.0,16,5.343281351118816,7.952035905864904
1080001400,8,415395382#5,90.67,0.0,90.67,90.67,1.0,666.0,776.0,56,5.454334516612087,11.784176676337035
1080001400,9,518796234#0,17.28,0.0,17.28,17.28,1.0,778.0,810.0,17,7.220800472757361,10.616358530750983
1080001400,10,518796234#1,8.6,0.0,8.6,8.6,1.0,812.0,828.0,9,6.33017574095805,9.065373279038154
1080001400,11,518796234#2,23.96,0.0,23.96,23.96,1.0,830.0,870.0,21,6.587525895068172,10.732381416648211
1080001400,12,519219577#0,6.35,0.0,1.0,1.0,0.15748031496062992,872.0,883.0353521263945,7,6.492295147617875,9.594209373200826
1080001600,0,-518796208#16,16.95,0.0,16.95,16.95,1.0,0.0,24.0,13,5.088826177725441,7.973140509351207
1080001600,1,-518796208#15,16.11,0.0,16.11,16.11,1.0,26.0,60.0,18,5.826298281072395,12.385074559693912
1080001600,2,-518796208#13,16.6,0.0,16.6,16.6,1.0,62.0,98.0,19,4.9428649082691365,13.073905684264279
1080001600,3,-518796208#12,10.07,0.0,10.07,10.07,1.0,100.0,122.0,12,3.746531997710001,6.696486168394198
1080001600,4,-518796208#11,46.4,0.0,46.4,46.4,1.0,124.0,186.0,32,4.2709240707809855,9.729864730818635
1080001600,5,-518796208#10,12.03,0.0,12.03,12.03,1.0,188.0,218.0,16,5.848245171922596,11.227243214900097
1080001600,6,-518796208#9,21.72,0.0,21.72,21.72,1.0,220.0,258.0,20,4.809047300613387,9.116609730273002
1080001600,7,-518796208#8,20.45,0.0,20.45,20.45,1.0,260.0,298.0,20,4.221088639745546,9.370571112604384
1080001600,8,-518796208#7,17.31,0.0,17.31,17.31,1.0,300.0,332.0,17,5.443581887750914,8.541310556978319
1080001600,9,-518796208#6,32.01,0.0,32.01,32.01,1.0,334.0,386.0,27,6.19003041353552,15.514335877220928
1080001600,10,-518796208#4,14.3,0.0,14.3,14.3,1.0,388.0,422.0,18,6.918173389963664,14.257814856908615
1080001600,11,-518796208#3,2.78,0.0,2.78,2.78,1.0,424.0,440.0,9,6.126368797938043,8.610309243205231
1080001600,12,-518796208#2,16.4,0.0,16.4,16.4,1.0,442.0,470.0,15,5.666895241217171,8.067930095272065
1080001600,13,-518796208#1,11.71,0.0,11.71,11.71,1.0,472.0,496.0,13,6.694991882694096,8.65969166697532
1080001600,14,-518796208#0,57.18,0.0,57.18,57.18,1.0,498.0,569.9140114766567,37,6.207743789276344,9.591604372111446
1080001800,0,518958915#13,13.67,0.0,13.67,13.67,1.0,0.0,30.0,16,5.078123777103621,12.854736766276533
1080001800,1,-519292263#2,47.67,16.80555760310133,47.67,30.86444239689867,0.6474605075917489,32.0,70.0,20,6.908735900401386,7.9844774388679225
1080001800,2,-519292263#1,20.58,0.0,20.58,20.58,1.0,72.0,102.0,16,3.639117863109821,8.21505932020899
1080001800,3,-519292263#0,14.9,0.0,14.9,14.9,1.0,104.0,128.0,13,3.20848033035011,6.334848637587853
1080001800,4,-218748689#15,24.66,0.0,24.66,24.66,1.0,130.0,168.0,20,4.592676366179282,7.994555852127826
1080001800,5,-218748689#14,16.44,0.0,16.44,16.44,1.0,170.0,200.0,16,5.577130915218648,8.79540667734502
1080001800,6,-218748689#13,20.84,0.0,20.84,20.84,1.0,202.0,232.0,16,5.312971894415431,7.286788943912191
1080001800,7,-218748689#12,18.82,0.0,18.82,18.82,1.0,234.0,262.0,15,5.073842588010993,7.167714135469268
1080001800,8,-218748689#11,279.96,0.0,279.96,279.96,1.0,264.0,558.0,148,3.187330514804944,8.501927988381185
1080001800,9,-218748689#10,115.63,0.0,115.63,115.63,1.0,560.0,686.0,64,5.450541151622463,7.258990996140882
1080001800,10,-218748689#9,87.84,0.0,87.84,87.84,1.0,688.0,784.0,49,4.328722114131981,8.406459382303908
1080001800,11,-218748689#8,5.36,0.0,5.36,5.36,1.0,786.0,800.0,8,4.528049858943781,7.6134128981885505
1080001800,12,-218748689#6,23.39,0.0,23.39,23.39,1.0,802.0,834.0,17,4.663593129432819,8.025730952551347
1080001800,13,-218748689#5,6.67,0.0,6.67,6.67,1.0,836.0,846.0,6,5.195056815288711,5.568499428448662
1080001800,14,-218748689#4,53.5,0.0,53.5,53.5,1.0,848.0,912.0,33,6.159531774312148,10.46814992299122
1080001800,15,-218748689#2,64.41,0.0,64.41,64.41,1.0,914.0,988.0,38,7.433691976374082,10.383168025730622
1080001800,16,-218748689#1,2.72,0.0,2.72,2.72,1.0,990.0,1002.0,7,6.776280032495925,9.143447375326613
1080001800,17,37402215,24.13,0.0,24.13,24.13,1.0,1004.0,1034.9699507705625,17,5.553283560109783,7.597969903240285
