RUN C:\Users\guild\.conda\envs\tsp\python.exe -m scripts.k_sweep_multiseed --n-bins 84 --target-total-demand-kg 11700.0 --hours 4 11 19 --vehicles 6 7 8 9 10 11 12 13 14 --base-seeds 7 17 27 37 47 57 67 77 87 97 --parallel-jobs 3 --methods proposed nn aco pso ga --confidence-level 0.95 --bootstrap-draws 2000 --output C:\Users\guild\Dropbox\research\code\TSP_new_new\TSP-FactorGraph\results\k_sweep\monte_carlo\k_sweep_mc_runs.csv --figure-dir C:\Users\guild\Dropbox\research\code\TSP_new_new\TSP-FactorGraph\figures\k_sweep --max-rounds 32 --assignment-rounds 24 --damping 0.5 --tolerance 0.001 --improvement-tolerance 1e-09 --exact-global-limit 14 --maximum-exact-trellis-bins 84 --stagnation-patience 8 --oracle-slots 3 --hypercube-radii 1 2 4 8 12 16 24 32 --ga-population 100 --ga-generations 500 --pso-particles 60 --pso-iterations 200 --aco-ants 60 --aco-iterations 150 --focus-seeds 107 117 127 137 147 157 167 177 187 197 --focus-vehicles 6 7 8 --bootstrap-csv C:\Users\guild\Dropbox\research\code\TSP_new_new\TSP-FactorGraph\results\k_sweep\k_sweep_3h_all_methods.csv --resume
FIGURES UPDATED (56/360 instances): k_sweep_mc_energy_ieee.pdf, k_sweep_mc_energy_ieee.png, k_sweep_mc_makespan_ieee.pdf, k_sweep_mc_makespan_ieee.png, k_sweep_mc_normalized_energy_ieee.pdf, k_sweep_mc_normalized_energy_ieee.png, k_sweep_mc_normalized_makespan_ieee.pdf, k_sweep_mc_normalized_makespan_ieee.png
SKIP seed=7, hour=04, K=6 (all methods complete)
SKIP seed=7, hour=04, K=7 (all methods complete)
SKIP seed=7, hour=04, K=8 (all methods complete)
SKIP seed=7, hour=04, K=9 (all methods complete)
SKIP seed=7, hour=04, K=10 (all methods complete)
SKIP seed=7, hour=04, K=11 (all methods complete)
SKIP seed=7, hour=04, K=12 (all methods complete)
SKIP seed=7, hour=04, K=13 (all methods complete)
SKIP seed=7, hour=04, K=14 (all methods complete)
SKIP seed=7, hour=11, K=6 (all methods complete)
SKIP seed=7, hour=11, K=7 (all methods complete)
SKIP seed=7, hour=11, K=8 (all methods complete)
SKIP seed=7, hour=11, K=9 (all methods complete)
SKIP seed=7, hour=11, K=10 (all methods complete)
SKIP seed=7, hour=11, K=11 (all methods complete)
SKIP seed=7, hour=11, K=12 (all methods complete)
SKIP seed=7, hour=11, K=13 (all methods complete)
SKIP seed=7, hour=11, K=14 (all methods complete)
SKIP seed=7, hour=19, K=6 (all methods complete)
SKIP seed=7, hour=19, K=7 (all methods complete)
SKIP seed=7, hour=19, K=8 (all methods complete)
SKIP seed=7, hour=19, K=9 (all methods complete)
SKIP seed=7, hour=19, K=10 (all methods complete)
SKIP seed=7, hour=19, K=11 (all methods complete)
SKIP seed=7, hour=19, K=12 (all methods complete)
SKIP seed=7, hour=19, K=13 (all methods complete)
SKIP seed=7, hour=19, K=14 (all methods complete)
SKIP seed=17, hour=04, K=10 (all methods complete)
SKIP seed=17, hour=04, K=12 (all methods complete)
SKIP seed=17, hour=04, K=13 (all methods complete)
SKIP seed=17, hour=11, K=10 (all methods complete)
SKIP seed=17, hour=19, K=13 (all methods complete)
SKIP seed=27, hour=04, K=14 (all methods complete)
SKIP seed=27, hour=11, K=10 (all methods complete)
SKIP seed=27, hour=19, K=11 (all methods complete)
SKIP seed=27, hour=19, K=13 (all methods complete)
SKIP seed=27, hour=19, K=14 (all methods complete)
SKIP seed=37, hour=11, K=12 (all methods complete)
SKIP seed=47, hour=04, K=12 (all methods complete)
SKIP seed=47, hour=04, K=14 (all methods complete)
SKIP seed=47, hour=19, K=14 (all methods complete)
SKIP seed=57, hour=04, K=11 (all methods complete)
SKIP seed=57, hour=04, K=13 (all methods complete)
SKIP seed=57, hour=19, K=12 (all methods complete)
SKIP seed=67, hour=11, K=14 (all methods complete)
SKIP seed=67, hour=19, K=13 (all methods complete)
SKIP seed=77, hour=04, K=13 (all methods complete)
SKIP seed=77, hour=04, K=14 (all methods complete)
SKIP seed=77, hour=11, K=13 (all methods complete)
SKIP seed=77, hour=19, K=13 (all methods complete)
SKIP seed=77, hour=19, K=14 (all methods complete)
SKIP seed=87, hour=04, K=14 (all methods complete)
SKIP seed=87, hour=11, K=12 (all methods complete)
SKIP seed=97, hour=11, K=12 (all methods complete)
SKIP seed=97, hour=11, K=13 (all methods complete)
SKIP seed=157, hour=04, K=8 (all methods complete)
PARALLEL execution with 3 worker processes; each completed (seed, hour, K) process refreshes all figures
DONE nn_n84_k6_h04_s17: E=98.264 kWh, solver=0.16 s, oracle=20.97 s, feasible=True
DONE nn_n84_k8_h04_s17: E=107.374 kWh, solver=0.22 s, oracle=20.54 s, feasible=True
DONE nn_n84_k7_h04_s17: E=96.236 kWh, solver=0.17 s, oracle=20.84 s, feasible=True
DONE aco_n84_k6_h04_s17: E=88.645 kWh, solver=25.68 s, oracle=20.97 s, feasible=True
DONE aco_n84_k8_h04_s17: E=80.642 kWh, solver=26.34 s, oracle=20.54 s, feasible=True
DONE pso_n84_k6_h04_s17: E=93.814 kWh, solver=9.67 s, oracle=20.97 s, feasible=True
DONE pso_n84_k8_h04_s17: E=104.980 kWh, solver=13.65 s, oracle=20.54 s, feasible=True
DONE ga_n84_k6_h04_s17: E=87.135 kWh, solver=16.62 s, oracle=20.97 s, feasible=True
DONE ga_n84_k8_h04_s17: E=88.873 kWh, solver=24.47 s, oracle=20.54 s, feasible=True
DONE nn_n84_k9_h04_s17: E=98.100 kWh, solver=0.23 s, oracle=17.91 s, feasible=True
DONE nn_n84_k11_h04_s17: E=110.656 kWh, solver=0.32 s, oracle=18.48 s, feasible=True
DONE aco_n84_k9_h04_s17: E=79.584 kWh, solver=27.85 s, oracle=17.91 s, feasible=True
DONE nn_n84_k14_h04_s17: E=112.446 kWh, solver=0.47 s, oracle=17.45 s, feasible=True
DONE pso_n84_k9_h04_s17: E=93.967 kWh, solver=13.29 s, oracle=17.91 s, feasible=True
DONE aco_n84_k11_h04_s17: E=82.817 kWh, solver=27.64 s, oracle=18.48 s, feasible=True
DONE ga_n84_k9_h04_s17: E=86.606 kWh, solver=26.16 s, oracle=17.91 s, feasible=True
DONE aco_n84_k14_h04_s17: E=87.696 kWh, solver=28.87 s, oracle=17.45 s, feasible=True
DONE pso_n84_k11_h04_s17: E=104.867 kWh, solver=17.94 s, oracle=18.48 s, feasible=True
DONE pso_n84_k14_h04_s17: E=104.146 kWh, solver=22.16 s, oracle=17.45 s, feasible=True
DONE ga_n84_k11_h04_s17: E=83.474 kWh, solver=30.83 s, oracle=18.48 s, feasible=True
DONE nn_n84_k6_h11_s17: E=201.829 kWh, solver=0.14 s, oracle=16.51 s, feasible=True
DONE ga_n84_k14_h04_s17: E=91.842 kWh, solver=32.62 s, oracle=17.45 s, feasible=True
DONE aco_n84_k6_h11_s17: E=175.342 kWh, solver=23.38 s, oracle=16.51 s, feasible=True
DONE nn_n84_k7_h11_s17: E=201.395 kWh, solver=0.19 s, oracle=16.56 s, feasible=True
DONE pso_n84_k6_h11_s17: E=190.942 kWh, solver=9.13 s, oracle=16.51 s, feasible=True
DONE ga_n84_k6_h11_s17: E=181.669 kWh, solver=16.98 s, oracle=16.51 s, feasible=True
DONE nn_n84_k8_h11_s17: E=206.300 kWh, solver=0.23 s, oracle=18.13 s, feasible=True
DONE aco_n84_k7_h11_s17: E=162.695 kWh, solver=28.43 s, oracle=16.56 s, feasible=True
DONE pso_n84_k7_h11_s17: E=193.172 kWh, solver=16.00 s, oracle=16.56 s, feasible=True
DONE aco_n84_k8_h11_s17: E=162.044 kWh, solver=27.86 s, oracle=18.13 s, feasible=True
DONE nn_n84_k9_h11_s17: E=205.815 kWh, solver=0.30 s, oracle=18.20 s, feasible=True
DONE ga_n84_k7_h11_s17: E=176.111 kWh, solver=20.10 s, oracle=16.56 s, feasible=True
DONE pso_n84_k8_h11_s17: E=199.570 kWh, solver=15.43 s, oracle=18.13 s, feasible=True
DONE aco_n84_k9_h11_s17: E=160.015 kWh, solver=29.83 s, oracle=18.20 s, feasible=True
DONE ga_n84_k8_h11_s17: E=173.924 kWh, solver=25.81 s, oracle=18.13 s, feasible=True
DONE pso_n84_k9_h11_s17: E=197.586 kWh, solver=16.42 s, oracle=18.20 s, feasible=True
DONE nn_n84_k11_h11_s17: E=210.438 kWh, solver=0.33 s, oracle=18.74 s, feasible=True
DONE ga_n84_k9_h11_s17: E=177.814 kWh, solver=24.22 s, oracle=18.20 s, feasible=True
DONE nn_n84_k12_h11_s17: E=214.521 kWh, solver=0.35 s, oracle=18.47 s, feasible=True
DONE aco_n84_k11_h11_s17: E=167.633 kWh, solver=29.98 s, oracle=18.74 s, feasible=True
DONE pso_n84_k11_h11_s17: E=199.973 kWh, solver=17.90 s, oracle=18.74 s, feasible=True
DONE aco_n84_k12_h11_s17: E=169.868 kWh, solver=29.57 s, oracle=18.47 s, feasible=True
DONE nn_n84_k13_h11_s17: E=206.177 kWh, solver=0.44 s, oracle=19.10 s, feasible=True
DONE ga_n84_k11_h11_s17: E=174.382 kWh, solver=28.90 s, oracle=18.74 s, feasible=True
DONE pso_n84_k12_h11_s17: E=206.276 kWh, solver=20.92 s, oracle=18.47 s, feasible=True
DONE aco_n84_k13_h11_s17: E=180.765 kWh, solver=29.06 s, oracle=19.10 s, feasible=True
DONE ga_n84_k12_h11_s17: E=180.778 kWh, solver=26.63 s, oracle=18.47 s, feasible=True
DONE pso_n84_k13_h11_s17: E=196.623 kWh, solver=18.69 s, oracle=19.10 s, feasible=True
DONE nn_n84_k14_h11_s17: E=217.634 kWh, solver=0.45 s, oracle=18.32 s, feasible=True
DONE ga_n84_k13_h11_s17: E=185.025 kWh, solver=27.42 s, oracle=19.10 s, feasible=True
DONE nn_n84_k6_h19_s17: E=128.932 kWh, solver=0.14 s, oracle=17.38 s, feasible=True
DONE aco_n84_k14_h11_s17: E=180.620 kWh, solver=27.62 s, oracle=18.32 s, feasible=True
DONE pso_n84_k14_h11_s17: E=207.912 kWh, solver=18.81 s, oracle=18.32 s, feasible=True
DONE aco_n84_k6_h19_s17: E=113.440 kWh, solver=23.90 s, oracle=17.38 s, feasible=True
DONE pso_n84_k6_h19_s17: E=125.826 kWh, solver=9.53 s, oracle=17.38 s, feasible=True
DONE nn_n84_k7_h19_s17: E=128.570 kWh, solver=0.18 s, oracle=17.81 s, feasible=True
DONE ga_n84_k14_h11_s17: E=185.339 kWh, solver=24.43 s, oracle=18.32 s, feasible=True
DONE ga_n84_k6_h19_s17: E=113.929 kWh, solver=13.13 s, oracle=17.38 s, feasible=True
DONE aco_n84_k7_h19_s17: E=107.440 kWh, solver=25.65 s, oracle=17.81 s, feasible=True
DONE pso_n84_k7_h19_s17: E=126.284 kWh, solver=12.85 s, oracle=17.81 s, feasible=True
DONE nn_n84_k8_h19_s17: E=129.283 kWh, solver=0.21 s, oracle=17.22 s, feasible=True
DONE nn_n84_k9_h19_s17: E=125.870 kWh, solver=0.27 s, oracle=17.36 s, feasible=True
DONE ga_n84_k7_h19_s17: E=114.645 kWh, solver=18.51 s, oracle=17.81 s, feasible=True
DONE aco_n84_k8_h19_s17: E=109.520 kWh, solver=24.79 s, oracle=17.22 s, feasible=True
DONE aco_n84_k9_h19_s17: E=108.403 kWh, solver=23.90 s, oracle=17.36 s, feasible=True
DONE pso_n84_k8_h19_s17: E=128.580 kWh, solver=14.59 s, oracle=17.22 s, feasible=True
DONE pso_n84_k9_h19_s17: E=121.601 kWh, solver=17.14 s, oracle=17.36 s, feasible=True
DONE nn_n84_k10_h19_s17: E=133.979 kWh, solver=0.32 s, oracle=17.47 s, feasible=True
DONE ga_n84_k8_h19_s17: E=119.619 kWh, solver=19.85 s, oracle=17.22 s, feasible=True
DONE ga_n84_k9_h19_s17: E=116.739 kWh, solver=23.67 s, oracle=17.36 s, feasible=True
DONE nn_n84_k11_h19_s17: E=130.049 kWh, solver=0.28 s, oracle=19.08 s, feasible=True
DONE nn_n84_k12_h19_s17: E=132.053 kWh, solver=0.31 s, oracle=18.12 s, feasible=True
DONE nn_n84_k14_h19_s17: E=136.484 kWh, solver=0.35 s, oracle=17.48 s, feasible=True
DONE aco_n84_k11_h19_s17: E=108.032 kWh, solver=27.87 s, oracle=19.08 s, feasible=True
DONE aco_n84_k12_h19_s17: E=113.528 kWh, solver=29.33 s, oracle=18.12 s, feasible=True
DONE pso_n84_k11_h19_s17: E=125.472 kWh, solver=18.42 s, oracle=19.08 s, feasible=True
DONE aco_n84_k14_h19_s17: E=117.012 kWh, solver=31.09 s, oracle=17.48 s, feasible=True
DONE pso_n84_k12_h19_s17: E=128.558 kWh, solver=19.51 s, oracle=18.12 s, feasible=True
DONE pso_n84_k14_h19_s17: E=132.637 kWh, solver=27.09 s, oracle=17.48 s, feasible=True
DONE ga_n84_k11_h19_s17: E=117.649 kWh, solver=33.86 s, oracle=19.08 s, feasible=True
DONE ga_n84_k12_h19_s17: E=120.552 kWh, solver=33.49 s, oracle=18.12 s, feasible=True
DONE ga_n84_k14_h19_s17: E=115.148 kWh, solver=40.81 s, oracle=17.48 s, feasible=True
DONE nn_n84_k6_h04_s27: E=96.765 kWh, solver=0.19 s, oracle=22.00 s, feasible=True
DONE nn_n84_k7_h04_s27: E=96.583 kWh, solver=0.21 s, oracle=22.55 s, feasible=True
DONE aco_n84_k6_h04_s27: E=85.022 kWh, solver=31.60 s, oracle=22.00 s, feasible=True
DONE nn_n84_k8_h04_s27: E=102.990 kWh, solver=0.28 s, oracle=21.51 s, feasible=True
DONE pso_n84_k6_h04_s27: E=92.657 kWh, solver=14.20 s, oracle=22.00 s, feasible=True
DONE aco_n84_k7_h04_s27: E=79.560 kWh, solver=34.93 s, oracle=22.55 s, feasible=True
DONE pso_n84_k7_h04_s27: E=93.655 kWh, solver=20.70 s, oracle=22.55 s, feasible=True
DONE ga_n84_k6_h04_s27: E=89.383 kWh, solver=23.57 s, oracle=22.00 s, feasible=True
DONE aco_n84_k8_h04_s27: E=78.670 kWh, solver=38.01 s, oracle=21.51 s, feasible=True
DONE pso_n84_k8_h04_s27: E=100.597 kWh, solver=23.09 s, oracle=21.51 s, feasible=True
DONE ga_n84_k7_h04_s27: E=82.670 kWh, solver=44.63 s, oracle=22.55 s, feasible=True
DONE nn_n84_k9_h04_s27: E=100.031 kWh, solver=0.39 s, oracle=23.88 s, feasible=True
DONE ga_n84_k8_h04_s27: E=86.986 kWh, solver=43.37 s, oracle=21.51 s, feasible=True
DONE aco_n84_k9_h04_s27: E=80.746 kWh, solver=36.45 s, oracle=23.88 s, feasible=True
DONE nn_n84_k10_h04_s27: E=97.239 kWh, solver=0.35 s, oracle=23.01 s, feasible=True
DONE pso_n84_k9_h04_s27: E=96.794 kWh, solver=19.42 s, oracle=23.88 s, feasible=True
DONE nn_n84_k11_h04_s27: E=101.507 kWh, solver=0.39 s, oracle=21.53 s, feasible=True
DONE aco_n84_k10_h04_s27: E=81.473 kWh, solver=35.52 s, oracle=23.01 s, feasible=True
DONE ga_n84_k9_h04_s27: E=87.658 kWh, solver=28.53 s, oracle=23.88 s, feasible=True
DONE pso_n84_k10_h04_s27: E=91.780 kWh, solver=18.58 s, oracle=23.01 s, feasible=True
DONE aco_n84_k11_h04_s27: E=82.183 kWh, solver=35.42 s, oracle=21.53 s, feasible=True
DONE pso_n84_k11_h04_s27: E=96.502 kWh, solver=24.81 s, oracle=21.53 s, feasible=True
DONE ga_n84_k10_h04_s27: E=84.839 kWh, solver=35.84 s, oracle=23.01 s, feasible=True
DONE nn_n84_k12_h04_s27: E=102.487 kWh, solver=0.58 s, oracle=24.49 s, feasible=True
DONE ga_n84_k11_h04_s27: E=85.770 kWh, solver=54.80 s, oracle=21.53 s, feasible=True
DONE aco_n84_k12_h04_s27: E=84.778 kWh, solver=42.77 s, oracle=24.49 s, feasible=True
DONE nn_n84_k13_h04_s27: E=103.855 kWh, solver=0.62 s, oracle=25.76 s, feasible=True
DONE pso_n84_k12_h04_s27: E=96.345 kWh, solver=34.11 s, oracle=24.49 s, feasible=True
DONE aco_n84_k13_h04_s27: E=83.445 kWh, solver=49.71 s, oracle=25.76 s, feasible=True
DONE nn_n84_k6_h11_s27: E=204.936 kWh, solver=0.24 s, oracle=26.15 s, feasible=True
DONE pso_n84_k13_h04_s27: E=93.852 kWh, solver=25.13 s, oracle=25.76 s, feasible=True
DONE ga_n84_k12_h04_s27: E=85.198 kWh, solver=51.18 s, oracle=24.49 s, feasible=True
DONE aco_n84_k6_h11_s27: E=176.544 kWh, solver=37.62 s, oracle=26.15 s, feasible=True
DONE pso_n84_k6_h11_s27: E=198.936 kWh, solver=13.94 s, oracle=26.15 s, feasible=True
DONE ga_n84_k13_h04_s27: E=87.379 kWh, solver=42.80 s, oracle=25.76 s, feasible=True
DONE ga_n84_k6_h11_s27: E=177.631 kWh, solver=23.40 s, oracle=26.15 s, feasible=True
DONE nn_n84_k7_h11_s27: E=203.519 kWh, solver=0.33 s, oracle=22.02 s, feasible=True
DONE aco_n84_k7_h11_s27: E=161.365 kWh, solver=39.24 s, oracle=22.02 s, feasible=True
DONE nn_n84_k8_h11_s27: E=198.623 kWh, solver=0.35 s, oracle=21.97 s, feasible=True
DONE nn_n84_k9_h11_s27: E=196.380 kWh, solver=0.39 s, oracle=22.14 s, feasible=True
DONE pso_n84_k7_h11_s27: E=198.792 kWh, solver=18.71 s, oracle=22.02 s, feasible=True
DONE aco_n84_k8_h11_s27: E=164.429 kWh, solver=37.32 s, oracle=21.97 s, feasible=True
DONE ga_n84_k7_h11_s27: E=179.156 kWh, solver=29.30 s, oracle=22.02 s, feasible=True
DONE aco_n84_k9_h11_s27: E=165.377 kWh, solver=37.75 s, oracle=22.14 s, feasible=True
DONE pso_n84_k8_h11_s27: E=195.428 kWh, solver=20.51 s, oracle=21.97 s, feasible=True
DONE pso_n84_k9_h11_s27: E=187.058 kWh, solver=24.11 s, oracle=22.14 s, feasible=True
DONE ga_n84_k8_h11_s27: E=182.112 kWh, solver=31.50 s, oracle=21.97 s, feasible=True
DONE nn_n84_k11_h11_s27: E=202.921 kWh, solver=0.47 s, oracle=22.62 s, feasible=True
DONE ga_n84_k9_h11_s27: E=176.799 kWh, solver=36.44 s, oracle=22.14 s, feasible=True
DONE aco_n84_k11_h11_s27: E=171.531 kWh, solver=38.37 s, oracle=22.62 s, feasible=True
DONE nn_n84_k12_h11_s27: E=204.588 kWh, solver=0.50 s, oracle=22.43 s, feasible=True
DONE pso_n84_k11_h11_s27: E=197.025 kWh, solver=23.55 s, oracle=22.62 s, feasible=True
DONE nn_n84_k13_h11_s27: E=206.999 kWh, solver=0.58 s, oracle=22.29 s, feasible=True
DONE aco_n84_k12_h11_s27: E=173.437 kWh, solver=40.02 s, oracle=22.43 s, feasible=True
DONE ga_n84_k11_h11_s27: E=183.843 kWh, solver=38.46 s, oracle=22.62 s, feasible=True
DONE aco_n84_k13_h11_s27: E=175.213 kWh, solver=38.09 s, oracle=22.29 s, feasible=True
DONE pso_n84_k12_h11_s27: E=197.420 kWh, solver=29.27 s, oracle=22.43 s, feasible=True
DONE pso_n84_k13_h11_s27: E=202.270 kWh, solver=22.08 s, oracle=22.29 s, feasible=True
DONE nn_n84_k14_h11_s27: E=210.092 kWh, solver=0.56 s, oracle=20.45 s, feasible=True
DONE ga_n84_k12_h11_s27: E=181.457 kWh, solver=45.22 s, oracle=22.43 s, feasible=True
DONE ga_n84_k13_h11_s27: E=182.854 kWh, solver=37.80 s, oracle=22.29 s, feasible=True
DONE aco_n84_k14_h11_s27: E=181.914 kWh, solver=36.56 s, oracle=20.45 s, feasible=True
DONE nn_n84_k6_h19_s27: E=134.195 kWh, solver=0.24 s, oracle=22.66 s, feasible=True
DONE pso_n84_k14_h11_s27: E=196.993 kWh, solver=27.01 s, oracle=20.45 s, feasible=True
DONE nn_n84_k7_h19_s27: E=127.698 kWh, solver=0.30 s, oracle=22.84 s, feasible=True
DONE aco_n84_k6_h19_s27: E=114.305 kWh, solver=35.42 s, oracle=22.66 s, feasible=True
DONE ga_n84_k14_h11_s27: E=188.162 kWh, solver=36.32 s, oracle=20.45 s, feasible=True
DONE aco_n84_k7_h19_s27: E=107.768 kWh, solver=37.02 s, oracle=22.84 s, feasible=True
DONE pso_n84_k6_h19_s27: E=128.558 kWh, solver=12.11 s, oracle=22.66 s, feasible=True
DONE pso_n84_k7_h19_s27: E=122.800 kWh, solver=18.00 s, oracle=22.84 s, feasible=True
DONE ga_n84_k6_h19_s27: E=123.746 kWh, solver=24.43 s, oracle=22.66 s, feasible=True
DONE ga_n84_k7_h19_s27: E=111.709 kWh, solver=30.01 s, oracle=22.84 s, feasible=True
DONE nn_n84_k8_h19_s27: E=128.267 kWh, solver=0.35 s, oracle=22.52 s, feasible=True
DONE nn_n84_k9_h19_s27: E=129.983 kWh, solver=0.36 s, oracle=21.93 s, feasible=True
DONE aco_n84_k8_h19_s27: E=109.795 kWh, solver=36.42 s, oracle=22.52 s, feasible=True
DONE nn_n84_k10_h19_s27: E=130.829 kWh, solver=0.38 s, oracle=22.49 s, feasible=True
DONE pso_n84_k8_h19_s27: E=126.114 kWh, solver=18.12 s, oracle=22.52 s, feasible=True
DONE aco_n84_k9_h19_s27: E=105.467 kWh, solver=36.40 s, oracle=21.93 s, feasible=True
DONE ga_n84_k8_h19_s27: E=112.313 kWh, solver=27.01 s, oracle=22.52 s, feasible=True
DONE aco_n84_k10_h19_s27: E=108.512 kWh, solver=34.73 s, oracle=22.49 s, feasible=True
DONE pso_n84_k9_h19_s27: E=125.568 kWh, solver=20.02 s, oracle=21.93 s, feasible=True
DONE pso_n84_k10_h19_s27: E=120.175 kWh, solver=21.79 s, oracle=22.49 s, feasible=True
DONE ga_n84_k9_h19_s27: E=110.251 kWh, solver=35.37 s, oracle=21.93 s, feasible=True
DONE nn_n84_k12_h19_s27: E=135.245 kWh, solver=0.51 s, oracle=20.57 s, feasible=True
DONE ga_n84_k10_h19_s27: E=112.064 kWh, solver=36.71 s, oracle=22.49 s, feasible=True
DONE aco_n84_k12_h19_s27: E=110.389 kWh, solver=35.78 s, oracle=20.57 s, feasible=True
DONE nn_n84_k6_h04_s37: E=94.708 kWh, solver=0.19 s, oracle=21.30 s, feasible=True
DONE pso_n84_k12_h19_s27: E=125.825 kWh, solver=23.24 s, oracle=20.57 s, feasible=True
DONE nn_n84_k7_h04_s37: E=101.096 kWh, solver=0.23 s, oracle=21.68 s, feasible=True
DONE aco_n84_k6_h04_s37: E=83.491 kWh, solver=33.46 s, oracle=21.30 s, feasible=True
DONE pso_n84_k6_h04_s37: E=90.741 kWh, solver=13.48 s, oracle=21.30 s, feasible=True
DONE aco_n84_k7_h04_s37: E=80.851 kWh, solver=33.75 s, oracle=21.68 s, feasible=True
DONE ga_n84_k12_h19_s27: E=111.183 kWh, solver=40.68 s, oracle=20.57 s, feasible=True
DONE ga_n84_k6_h04_s37: E=83.963 kWh, solver=22.47 s, oracle=21.30 s, feasible=True
DONE pso_n84_k7_h04_s37: E=98.486 kWh, solver=19.24 s, oracle=21.68 s, feasible=True
DONE ga_n84_k7_h04_s37: E=84.864 kWh, solver=30.00 s, oracle=21.68 s, feasible=True
DONE nn_n84_k8_h04_s37: E=98.231 kWh, solver=0.37 s, oracle=21.32 s, feasible=True
DONE nn_n84_k9_h04_s37: E=101.516 kWh, solver=0.34 s, oracle=21.96 s, feasible=True
DONE aco_n84_k8_h04_s37: E=79.399 kWh, solver=33.98 s, oracle=21.32 s, feasible=True
DONE nn_n84_k10_h04_s37: E=96.761 kWh, solver=0.42 s, oracle=20.95 s, feasible=True
DONE aco_n84_k9_h04_s37: E=80.163 kWh, solver=33.09 s, oracle=21.96 s, feasible=True
DONE pso_n84_k8_h04_s37: E=94.037 kWh, solver=19.48 s, oracle=21.32 s, feasible=True
DONE pso_n84_k9_h04_s37: E=95.992 kWh, solver=21.40 s, oracle=21.96 s, feasible=True
DONE aco_n84_k10_h04_s37: E=81.888 kWh, solver=34.75 s, oracle=20.95 s, feasible=True
DONE ga_n84_k8_h04_s37: E=84.188 kWh, solver=29.72 s, oracle=21.32 s, feasible=True
DONE ga_n84_k9_h04_s37: E=84.638 kWh, solver=33.43 s, oracle=21.96 s, feasible=True
DONE pso_n84_k10_h04_s37: E=89.945 kWh, solver=22.06 s, oracle=20.95 s, feasible=True
DONE nn_n84_k11_h04_s37: E=99.573 kWh, solver=0.50 s, oracle=24.37 s, feasible=True
DONE ga_n84_k10_h04_s37: E=83.629 kWh, solver=47.41 s, oracle=20.95 s, feasible=True
DONE nn_n84_k12_h04_s37: E=101.961 kWh, solver=0.45 s, oracle=23.84 s, feasible=True
DONE aco_n84_k11_h04_s37: E=82.632 kWh, solver=38.29 s, oracle=24.37 s, feasible=True
DONE aco_n84_k12_h04_s37: E=85.058 kWh, solver=39.33 s, oracle=23.84 s, feasible=True
DONE nn_n84_k13_h04_s37: E=103.639 kWh, solver=0.54 s, oracle=26.55 s, feasible=True
DONE pso_n84_k11_h04_s37: E=93.420 kWh, solver=28.07 s, oracle=24.37 s, feasible=True
DONE pso_n84_k12_h04_s37: E=98.632 kWh, solver=31.13 s, oracle=23.84 s, feasible=True
DONE aco_n84_k13_h04_s37: E=83.137 kWh, solver=43.27 s, oracle=26.55 s, feasible=True
DONE ga_n84_k11_h04_s37: E=87.201 kWh, solver=47.81 s, oracle=24.37 s, feasible=True
DONE ga_n84_k12_h04_s37: E=85.825 kWh, solver=52.10 s, oracle=23.84 s, feasible=True
DONE pso_n84_k13_h04_s37: E=94.576 kWh, solver=35.08 s, oracle=26.55 s, feasible=True
DONE nn_n84_k14_h04_s37: E=104.916 kWh, solver=0.63 s, oracle=22.67 s, feasible=True
DONE ga_n84_k13_h04_s37: E=86.895 kWh, solver=46.34 s, oracle=26.55 s, feasible=True
DONE nn_n84_k6_h11_s37: E=213.065 kWh, solver=0.25 s, oracle=23.04 s, feasible=True
DONE aco_n84_k14_h04_s37: E=87.346 kWh, solver=40.41 s, oracle=22.67 s, feasible=True
DONE aco_n84_k6_h11_s37: E=171.353 kWh, solver=36.81 s, oracle=23.04 s, feasible=True
DONE pso_n84_k6_h11_s37: E=207.120 kWh, solver=14.05 s, oracle=23.04 s, feasible=True
DONE pso_n84_k14_h04_s37: E=95.279 kWh, solver=30.92 s, oracle=22.67 s, feasible=True
DONE nn_n84_k7_h11_s37: E=209.856 kWh, solver=0.28 s, oracle=22.06 s, feasible=True
DONE ga_n84_k6_h11_s37: E=186.547 kWh, solver=31.10 s, oracle=23.04 s, feasible=True
DONE aco_n84_k7_h11_s37: E=164.025 kWh, solver=37.91 s, oracle=22.06 s, feasible=True
DONE ga_n84_k14_h04_s37: E=89.355 kWh, solver=43.62 s, oracle=22.67 s, feasible=True
DONE pso_n84_k7_h11_s37: E=193.840 kWh, solver=21.75 s, oracle=22.06 s, feasible=True
DONE nn_n84_k8_h11_s37: E=204.905 kWh, solver=0.30 s, oracle=22.03 s, feasible=True
DONE ga_n84_k7_h11_s37: E=183.352 kWh, solver=30.51 s, oracle=22.06 s, feasible=True
DONE nn_n84_k9_h11_s37: E=199.894 kWh, solver=0.40 s, oracle=22.41 s, feasible=True
DONE aco_n84_k8_h11_s37: E=169.928 kWh, solver=39.24 s, oracle=22.03 s, feasible=True
DONE aco_n84_k9_h11_s37: E=167.065 kWh, solver=38.03 s, oracle=22.41 s, feasible=True
DONE nn_n84_k10_h11_s37: E=207.667 kWh, solver=0.48 s, oracle=22.23 s, feasible=True
DONE pso_n84_k8_h11_s37: E=194.610 kWh, solver=21.84 s, oracle=22.03 s, feasible=True
DONE pso_n84_k9_h11_s37: E=191.712 kWh, solver=23.32 s, oracle=22.41 s, feasible=True
DONE ga_n84_k8_h11_s37: E=177.652 kWh, solver=32.86 s, oracle=22.03 s, feasible=True
DONE aco_n84_k10_h11_s37: E=170.527 kWh, solver=38.50 s, oracle=22.23 s, feasible=True
DONE ga_n84_k9_h11_s37: E=174.957 kWh, solver=33.43 s, oracle=22.41 s, feasible=True
DONE pso_n84_k10_h11_s37: E=199.886 kWh, solver=26.68 s, oracle=22.23 s, feasible=True
DONE nn_n84_k11_h11_s37: E=204.491 kWh, solver=0.40 s, oracle=23.65 s, feasible=True
DONE nn_n84_k13_h11_s37: E=201.362 kWh, solver=0.54 s, oracle=22.94 s, feasible=True
DONE ga_n84_k10_h11_s37: E=174.437 kWh, solver=44.06 s, oracle=22.23 s, feasible=True
DONE aco_n84_k11_h11_s37: E=169.057 kWh, solver=39.30 s, oracle=23.65 s, feasible=True
DONE aco_n84_k13_h11_s37: E=174.010 kWh, solver=36.63 s, oracle=22.94 s, feasible=True
DONE pso_n84_k11_h11_s37: E=194.324 kWh, solver=25.31 s, oracle=23.65 s, feasible=True
DONE nn_n84_k14_h11_s37: E=206.427 kWh, solver=0.52 s, oracle=23.00 s, feasible=True
DONE pso_n84_k13_h11_s37: E=191.694 kWh, solver=24.30 s, oracle=22.94 s, feasible=True
DONE ga_n84_k11_h11_s37: E=179.309 kWh, solver=40.40 s, oracle=23.65 s, feasible=True
DONE aco_n84_k14_h11_s37: E=177.668 kWh, solver=40.55 s, oracle=23.00 s, feasible=True
DONE ga_n84_k13_h11_s37: E=176.235 kWh, solver=42.48 s, oracle=22.94 s, feasible=True
DONE pso_n84_k14_h11_s37: E=197.070 kWh, solver=27.31 s, oracle=23.00 s, feasible=True
DONE nn_n84_k6_h19_s37: E=135.181 kWh, solver=0.21 s, oracle=20.68 s, feasible=True
DONE nn_n84_k7_h19_s37: E=127.276 kWh, solver=0.27 s, oracle=21.17 s, feasible=True
DONE ga_n84_k14_h11_s37: E=187.929 kWh, solver=40.62 s, oracle=23.00 s, feasible=True
DONE aco_n84_k6_h19_s37: E=113.903 kWh, solver=34.42 s, oracle=20.68 s, feasible=True
DONE aco_n84_k7_h19_s37: E=105.542 kWh, solver=35.61 s, oracle=21.17 s, feasible=True
DONE pso_n84_k6_h19_s37: E=132.802 kWh, solver=12.50 s, oracle=20.68 s, feasible=True
DONE pso_n84_k7_h19_s37: E=122.128 kWh, solver=20.43 s, oracle=21.17 s, feasible=True
DONE ga_n84_k6_h19_s37: E=123.008 kWh, solver=23.98 s, oracle=20.68 s, feasible=True
DONE nn_n84_k8_h19_s37: E=130.631 kWh, solver=0.31 s, oracle=22.39 s, feasible=True
DONE ga_n84_k7_h19_s37: E=109.299 kWh, solver=30.81 s, oracle=21.17 s, feasible=True
DONE aco_n84_k8_h19_s37: E=104.045 kWh, solver=35.56 s, oracle=22.39 s, feasible=True
DONE nn_n84_k9_h19_s37: E=130.289 kWh, solver=0.30 s, oracle=21.58 s, feasible=True
DONE pso_n84_k8_h19_s37: E=123.403 kWh, solver=20.25 s, oracle=22.39 s, feasible=True
DONE nn_n84_k10_h19_s37: E=132.976 kWh, solver=0.40 s, oracle=21.31 s, feasible=True
DONE aco_n84_k9_h19_s37: E=108.887 kWh, solver=34.32 s, oracle=21.58 s, feasible=True
DONE ga_n84_k8_h19_s37: E=112.518 kWh, solver=30.48 s, oracle=22.39 s, feasible=True
DONE pso_n84_k9_h19_s37: E=125.226 kWh, solver=18.90 s, oracle=21.58 s, feasible=True
DONE aco_n84_k10_h19_s37: E=106.923 kWh, solver=33.58 s, oracle=21.31 s, feasible=True
DONE pso_n84_k10_h19_s37: E=128.042 kWh, solver=21.74 s, oracle=21.31 s, feasible=True
DONE nn_n84_k11_h19_s37: E=127.645 kWh, solver=0.34 s, oracle=20.77 s, feasible=True
DONE ga_n84_k9_h19_s37: E=114.988 kWh, solver=38.83 s, oracle=21.58 s, feasible=True
DONE ga_n84_k10_h19_s37: E=114.567 kWh, solver=34.32 s, oracle=21.31 s, feasible=True
DONE aco_n84_k11_h19_s37: E=109.870 kWh, solver=35.24 s, oracle=20.77 s, feasible=True
DONE nn_n84_k12_h19_s37: E=131.157 kWh, solver=0.45 s, oracle=20.17 s, feasible=True
DONE pso_n84_k11_h19_s37: E=121.056 kWh, solver=23.90 s, oracle=20.77 s, feasible=True
DONE nn_n84_k13_h19_s37: E=133.325 kWh, solver=0.47 s, oracle=21.01 s, feasible=True
DONE aco_n84_k12_h19_s37: E=113.099 kWh, solver=36.97 s, oracle=20.17 s, feasible=True
DONE ga_n84_k11_h19_s37: E=117.654 kWh, solver=36.83 s, oracle=20.77 s, feasible=True
DONE aco_n84_k13_h19_s37: E=112.167 kWh, solver=38.93 s, oracle=21.01 s, feasible=True
DONE pso_n84_k12_h19_s37: E=123.523 kWh, solver=30.59 s, oracle=20.17 s, feasible=True
DONE pso_n84_k13_h19_s37: E=121.316 kWh, solver=28.78 s, oracle=21.01 s, feasible=True
DONE nn_n84_k14_h19_s37: E=135.185 kWh, solver=0.59 s, oracle=22.50 s, feasible=True
DONE ga_n84_k12_h19_s37: E=117.781 kWh, solver=51.27 s, oracle=20.17 s, feasible=True
DONE ga_n84_k13_h19_s37: E=116.682 kWh, solver=37.19 s, oracle=21.01 s, feasible=True
DONE aco_n84_k14_h19_s37: E=113.048 kWh, solver=38.20 s, oracle=22.50 s, feasible=True
DONE pso_n84_k14_h19_s37: E=122.570 kWh, solver=25.60 s, oracle=22.50 s, feasible=True
DONE nn_n84_k6_h04_s47: E=99.606 kWh, solver=0.24 s, oracle=22.68 s, feasible=True
DONE nn_n84_k7_h04_s47: E=102.798 kWh, solver=0.28 s, oracle=22.78 s, feasible=True
DONE ga_n84_k14_h19_s37: E=115.498 kWh, solver=41.60 s, oracle=22.50 s, feasible=True
DONE aco_n84_k6_h04_s47: E=86.116 kWh, solver=35.25 s, oracle=22.68 s, feasible=True
DONE aco_n84_k7_h04_s47: E=81.772 kWh, solver=37.23 s, oracle=22.78 s, feasible=True
DONE pso_n84_k6_h04_s47: E=96.993 kWh, solver=14.32 s, oracle=22.68 s, feasible=True
DONE pso_n84_k7_h04_s47: E=98.376 kWh, solver=21.25 s, oracle=22.78 s, feasible=True
DONE ga_n84_k6_h04_s47: E=90.827 kWh, solver=25.95 s, oracle=22.68 s, feasible=True
DONE nn_n84_k8_h04_s47: E=107.130 kWh, solver=0.36 s, oracle=21.87 s, feasible=True
DONE ga_n84_k7_h04_s47: E=86.611 kWh, solver=25.17 s, oracle=22.78 s, feasible=True
DONE aco_n84_k8_h04_s47: E=81.368 kWh, solver=33.90 s, oracle=21.87 s, feasible=True
DONE nn_n84_k9_h04_s47: E=96.948 kWh, solver=0.33 s, oracle=21.39 s, feasible=True
DONE pso_n84_k8_h04_s47: E=100.177 kWh, solver=21.97 s, oracle=21.87 s, feasible=True
DONE nn_n84_k10_h04_s47: E=101.106 kWh, solver=0.40 s, oracle=21.79 s, feasible=True
DONE aco_n84_k9_h04_s47: E=82.559 kWh, solver=33.96 s, oracle=21.39 s, feasible=True
DONE ga_n84_k8_h04_s47: E=87.971 kWh, solver=36.23 s, oracle=21.87 s, feasible=True
DONE aco_n84_k10_h04_s47: E=82.044 kWh, solver=34.62 s, oracle=21.79 s, feasible=True
DONE pso_n84_k9_h04_s47: E=91.982 kWh, solver=19.12 s, oracle=21.39 s, feasible=True
DONE pso_n84_k10_h04_s47: E=96.831 kWh, solver=22.45 s, oracle=21.79 s, feasible=True
DONE ga_n84_k9_h04_s47: E=81.687 kWh, solver=29.10 s, oracle=21.39 s, feasible=True
DONE nn_n84_k11_h04_s47: E=105.268 kWh, solver=0.42 s, oracle=23.98 s, feasible=True
DONE ga_n84_k10_h04_s47: E=85.128 kWh, solver=34.28 s, oracle=21.79 s, feasible=True
DONE nn_n84_k13_h04_s47: E=104.711 kWh, solver=0.48 s, oracle=22.18 s, feasible=True
DONE aco_n84_k11_h04_s47: E=84.647 kWh, solver=35.89 s, oracle=23.98 s, feasible=True
DONE nn_n84_k6_h11_s47: E=196.286 kWh, solver=0.20 s, oracle=20.37 s, feasible=True
DONE pso_n84_k11_h04_s47: E=97.723 kWh, solver=21.81 s, oracle=23.98 s, feasible=True
DONE aco_n84_k13_h04_s47: E=85.858 kWh, solver=35.37 s, oracle=22.18 s, feasible=True
DONE aco_n84_k6_h11_s47: E=179.850 kWh, solver=31.68 s, oracle=20.37 s, feasible=True
DONE pso_n84_k13_h04_s47: E=99.152 kWh, solver=22.22 s, oracle=22.18 s, feasible=True
DONE ga_n84_k11_h04_s47: E=89.921 kWh, solver=39.23 s, oracle=23.98 s, feasible=True
DONE pso_n84_k6_h11_s47: E=193.217 kWh, solver=12.62 s, oracle=20.37 s, feasible=True
DONE ga_n84_k6_h11_s47: E=177.945 kWh, solver=21.23 s, oracle=20.37 s, feasible=True
DONE ga_n84_k13_h04_s47: E=86.515 kWh, solver=38.83 s, oracle=22.18 s, feasible=True
DONE nn_n84_k7_h11_s47: E=189.271 kWh, solver=0.21 s, oracle=18.71 s, feasible=True
DONE nn_n84_k8_h11_s47: E=195.067 kWh, solver=0.26 s, oracle=18.53 s, feasible=True
DONE aco_n84_k7_h11_s47: E=165.320 kWh, solver=30.35 s, oracle=18.71 s, feasible=True
DONE nn_n84_k9_h11_s47: E=195.034 kWh, solver=0.34 s, oracle=18.88 s, feasible=True
DONE pso_n84_k7_h11_s47: E=182.238 kWh, solver=16.79 s, oracle=18.71 s, feasible=True
DONE aco_n84_k8_h11_s47: E=167.938 kWh, solver=32.66 s, oracle=18.53 s, feasible=True
DONE aco_n84_k9_h11_s47: E=167.475 kWh, solver=33.37 s, oracle=18.88 s, feasible=True
DONE pso_n84_k8_h11_s47: E=186.962 kWh, solver=14.68 s, oracle=18.53 s, feasible=True
DONE ga_n84_k7_h11_s47: E=170.088 kWh, solver=25.72 s, oracle=18.71 s, feasible=True
DONE pso_n84_k9_h11_s47: E=184.022 kWh, solver=18.48 s, oracle=18.88 s, feasible=True
DONE ga_n84_k8_h11_s47: E=170.006 kWh, solver=23.96 s, oracle=18.53 s, feasible=True
DONE ga_n84_k9_h11_s47: E=176.357 kWh, solver=25.66 s, oracle=18.88 s, feasible=True
DONE nn_n84_k10_h11_s47: E=197.753 kWh, solver=0.33 s, oracle=18.76 s, feasible=True
DONE nn_n84_k11_h11_s47: E=198.801 kWh, solver=0.43 s, oracle=18.76 s, feasible=True
DONE aco_n84_k10_h11_s47: E=169.861 kWh, solver=31.71 s, oracle=18.76 s, feasible=True
DONE nn_n84_k12_h11_s47: E=198.154 kWh, solver=0.46 s, oracle=19.12 s, feasible=True
DONE pso_n84_k10_h11_s47: E=188.716 kWh, solver=19.72 s, oracle=18.76 s, feasible=True
DONE aco_n84_k11_h11_s47: E=174.997 kWh, solver=32.69 s, oracle=18.76 s, feasible=True
DONE aco_n84_k12_h11_s47: E=172.167 kWh, solver=33.23 s, oracle=19.12 s, feasible=True
DONE pso_n84_k11_h11_s47: E=193.449 kWh, solver=18.86 s, oracle=18.76 s, feasible=True
DONE ga_n84_k10_h11_s47: E=181.532 kWh, solver=27.39 s, oracle=18.76 s, feasible=True
DONE pso_n84_k12_h11_s47: E=187.199 kWh, solver=21.01 s, oracle=19.12 s, feasible=True
DONE ga_n84_k11_h11_s47: E=186.041 kWh, solver=34.53 s, oracle=18.76 s, feasible=True
DONE ga_n84_k12_h11_s47: E=178.337 kWh, solver=33.94 s, oracle=19.12 s, feasible=True
DONE nn_n84_k13_h11_s47: E=200.540 kWh, solver=0.49 s, oracle=20.91 s, feasible=True
DONE nn_n84_k14_h11_s47: E=203.470 kWh, solver=0.53 s, oracle=21.61 s, feasible=True
DONE aco_n84_k13_h11_s47: E=179.639 kWh, solver=38.78 s, oracle=20.91 s, feasible=True
DONE nn_n84_k6_h19_s47: E=128.493 kWh, solver=0.20 s, oracle=22.10 s, feasible=True
DONE pso_n84_k13_h11_s47: E=190.700 kWh, solver=27.35 s, oracle=20.91 s, feasible=True
DONE aco_n84_k14_h11_s47: E=183.751 kWh, solver=38.94 s, oracle=21.61 s, feasible=True
DONE aco_n84_k6_h19_s47: E=117.133 kWh, solver=35.06 s, oracle=22.10 s, feasible=True
DONE pso_n84_k6_h19_s47: E=127.216 kWh, solver=13.93 s, oracle=22.10 s, feasible=True
DONE pso_n84_k14_h11_s47: E=191.014 kWh, solver=32.24 s, oracle=21.61 s, feasible=True
DONE ga_n84_k13_h11_s47: E=182.629 kWh, solver=42.04 s, oracle=20.91 s, feasible=True
DONE ga_n84_k6_h19_s47: E=120.002 kWh, solver=25.09 s, oracle=22.10 s, feasible=True
DONE ga_n84_k14_h11_s47: E=189.775 kWh, solver=43.70 s, oracle=21.61 s, feasible=True
DONE nn_n84_k7_h19_s47: E=124.387 kWh, solver=0.27 s, oracle=22.57 s, feasible=True
DONE nn_n84_k8_h19_s47: E=125.148 kWh, solver=0.31 s, oracle=22.34 s, feasible=True
DONE nn_n84_k9_h19_s47: E=128.827 kWh, solver=0.41 s, oracle=21.84 s, feasible=True
DONE aco_n84_k7_h19_s47: E=105.522 kWh, solver=37.16 s, oracle=22.57 s, feasible=True
DONE aco_n84_k8_h19_s47: E=110.524 kWh, solver=36.91 s, oracle=22.34 s, feasible=True
DONE pso_n84_k7_h19_s47: E=120.519 kWh, solver=21.44 s, oracle=22.57 s, feasible=True
DONE pso_n84_k8_h19_s47: E=122.597 kWh, solver=17.88 s, oracle=22.34 s, feasible=True
DONE aco_n84_k9_h19_s47: E=109.200 kWh, solver=36.13 s, oracle=21.84 s, feasible=True
DONE ga_n84_k7_h19_s47: E=114.954 kWh, solver=30.60 s, oracle=22.57 s, feasible=True
DONE pso_n84_k9_h19_s47: E=124.755 kWh, solver=21.27 s, oracle=21.84 s, feasible=True
DONE ga_n84_k8_h19_s47: E=113.354 kWh, solver=30.92 s, oracle=22.34 s, feasible=True
DONE ga_n84_k9_h19_s47: E=113.429 kWh, solver=35.82 s, oracle=21.84 s, feasible=True
DONE nn_n84_k10_h19_s47: E=128.569 kWh, solver=0.43 s, oracle=21.82 s, feasible=True
DONE nn_n84_k11_h19_s47: E=129.862 kWh, solver=0.48 s, oracle=21.96 s, feasible=True
DONE aco_n84_k10_h19_s47: E=109.097 kWh, solver=36.77 s, oracle=21.82 s, feasible=True
DONE nn_n84_k12_h19_s47: E=131.992 kWh, solver=0.48 s, oracle=21.86 s, feasible=True
DONE aco_n84_k11_h19_s47: E=111.903 kWh, solver=36.80 s, oracle=21.96 s, feasible=True
DONE pso_n84_k10_h19_s47: E=123.669 kWh, solver=20.10 s, oracle=21.82 s, feasible=True
DONE pso_n84_k11_h19_s47: E=124.594 kWh, solver=23.39 s, oracle=21.96 s, feasible=True
DONE aco_n84_k12_h19_s47: E=113.162 kWh, solver=38.40 s, oracle=21.86 s, feasible=True
DONE ga_n84_k10_h19_s47: E=116.705 kWh, solver=33.14 s, oracle=21.82 s, feasible=True
DONE pso_n84_k12_h19_s47: E=128.687 kWh, solver=24.24 s, oracle=21.86 s, feasible=True
DONE ga_n84_k11_h19_s47: E=122.196 kWh, solver=39.37 s, oracle=21.96 s, feasible=True
DONE ga_n84_k12_h19_s47: E=116.391 kWh, solver=37.18 s, oracle=21.86 s, feasible=True
DONE nn_n84_k13_h19_s47: E=136.982 kWh, solver=0.50 s, oracle=21.79 s, feasible=True
DONE nn_n84_k6_h04_s57: E=96.146 kWh, solver=0.24 s, oracle=21.91 s, feasible=True
DONE aco_n84_k13_h19_s47: E=113.291 kWh, solver=36.39 s, oracle=21.79 s, feasible=True
DONE nn_n84_k7_h04_s57: E=99.033 kWh, solver=0.27 s, oracle=22.01 s, feasible=True
DONE aco_n84_k6_h04_s57: E=81.764 kWh, solver=33.50 s, oracle=21.91 s, feasible=True
DONE pso_n84_k13_h19_s47: E=127.883 kWh, solver=26.16 s, oracle=21.79 s, feasible=True
DONE pso_n84_k6_h04_s57: E=93.685 kWh, solver=14.32 s, oracle=21.91 s, feasible=True
DONE aco_n84_k7_h04_s57: E=80.868 kWh, solver=35.21 s, oracle=22.01 s, feasible=True
DONE ga_n84_k6_h04_s57: E=90.438 kWh, solver=25.75 s, oracle=21.91 s, feasible=True
DONE ga_n84_k13_h19_s47: E=120.562 kWh, solver=34.26 s, oracle=21.79 s, feasible=True
DONE pso_n84_k7_h04_s57: E=95.561 kWh, solver=20.67 s, oracle=22.01 s, feasible=True
DONE ga_n84_k7_h04_s57: E=85.340 kWh, solver=32.57 s, oracle=22.01 s, feasible=True
DONE nn_n84_k8_h04_s57: E=100.550 kWh, solver=0.35 s, oracle=23.27 s, feasible=True
DONE nn_n84_k9_h04_s57: E=101.531 kWh, solver=0.35 s, oracle=23.24 s, feasible=True
DONE aco_n84_k8_h04_s57: E=80.948 kWh, solver=33.68 s, oracle=23.27 s, feasible=True
DONE nn_n84_k10_h04_s57: E=98.606 kWh, solver=0.35 s, oracle=21.21 s, feasible=True
DONE aco_n84_k9_h04_s57: E=81.078 kWh, solver=34.45 s, oracle=23.24 s, feasible=True
DONE pso_n84_k8_h04_s57: E=94.813 kWh, solver=19.14 s, oracle=23.27 s, feasible=True
DONE pso_n84_k9_h04_s57: E=96.069 kWh, solver=19.31 s, oracle=23.24 s, feasible=True
DONE aco_n84_k10_h04_s57: E=81.483 kWh, solver=33.61 s, oracle=21.21 s, feasible=True
DONE ga_n84_k8_h04_s57: E=91.075 kWh, solver=29.94 s, oracle=23.27 s, feasible=True
DONE pso_n84_k10_h04_s57: E=92.277 kWh, solver=21.75 s, oracle=21.21 s, feasible=True
DONE ga_n84_k9_h04_s57: E=84.358 kWh, solver=45.10 s, oracle=23.24 s, feasible=True
DONE ga_n84_k10_h04_s57: E=83.463 kWh, solver=36.43 s, oracle=21.21 s, feasible=True
DONE nn_n84_k12_h04_s57: E=105.392 kWh, solver=0.49 s, oracle=22.69 s, feasible=True
DONE nn_n84_k14_h04_s57: E=107.197 kWh, solver=0.56 s, oracle=22.64 s, feasible=True
DONE aco_n84_k12_h04_s57: E=83.486 kWh, solver=37.79 s, oracle=22.69 s, feasible=True
DONE nn_n84_k6_h11_s57: E=203.240 kWh, solver=0.26 s, oracle=21.32 s, feasible=True
DONE aco_n84_k14_h04_s57: E=86.702 kWh, solver=38.10 s, oracle=22.64 s, feasible=True
DONE pso_n84_k12_h04_s57: E=100.426 kWh, solver=22.28 s, oracle=22.69 s, feasible=True
DONE aco_n84_k6_h11_s57: E=176.638 kWh, solver=34.93 s, oracle=21.32 s, feasible=True
DONE pso_n84_k14_h04_s57: E=96.935 kWh, solver=29.66 s, oracle=22.64 s, feasible=True
DONE pso_n84_k6_h11_s57: E=197.776 kWh, solver=11.32 s, oracle=21.32 s, feasible=True
DONE ga_n84_k12_h04_s57: E=86.095 kWh, solver=40.39 s, oracle=22.69 s, feasible=True
DONE ga_n84_k6_h11_s57: E=180.038 kWh, solver=23.38 s, oracle=21.32 s, feasible=True
DONE ga_n84_k14_h04_s57: E=89.800 kWh, solver=40.25 s, oracle=22.64 s, feasible=True
DONE nn_n84_k7_h11_s57: E=201.413 kWh, solver=0.29 s, oracle=20.92 s, feasible=True
DONE nn_n84_k8_h11_s57: E=199.898 kWh, solver=0.28 s, oracle=21.11 s, feasible=True
DONE nn_n84_k9_h11_s57: E=197.029 kWh, solver=0.33 s, oracle=21.40 s, feasible=True
DONE aco_n84_k7_h11_s57: E=162.750 kWh, solver=37.34 s, oracle=20.92 s, feasible=True
DONE aco_n84_k8_h11_s57: E=163.236 kWh, solver=37.57 s, oracle=21.11 s, feasible=True
DONE pso_n84_k7_h11_s57: E=192.747 kWh, solver=18.50 s, oracle=20.92 s, feasible=True
DONE aco_n84_k9_h11_s57: E=166.262 kWh, solver=36.89 s, oracle=21.40 s, feasible=True
DONE pso_n84_k8_h11_s57: E=195.491 kWh, solver=21.73 s, oracle=21.11 s, feasible=True
DONE ga_n84_k7_h11_s57: E=179.412 kWh, solver=28.02 s, oracle=20.92 s, feasible=True
DONE pso_n84_k9_h11_s57: E=186.345 kWh, solver=22.73 s, oracle=21.40 s, feasible=True
DONE ga_n84_k8_h11_s57: E=181.611 kWh, solver=29.44 s, oracle=21.11 s, feasible=True
DONE ga_n84_k9_h11_s57: E=176.593 kWh, solver=30.06 s, oracle=21.40 s, feasible=True
DONE nn_n84_k10_h11_s57: E=205.528 kWh, solver=0.43 s, oracle=20.97 s, feasible=True
DONE nn_n84_k11_h11_s57: E=202.825 kWh, solver=0.45 s, oracle=21.05 s, feasible=True
DONE nn_n84_k12_h11_s57: E=204.108 kWh, solver=0.46 s, oracle=21.18 s, feasible=True
DONE aco_n84_k10_h11_s57: E=165.488 kWh, solver=38.00 s, oracle=20.97 s, feasible=True
DONE aco_n84_k11_h11_s57: E=171.845 kWh, solver=36.83 s, oracle=21.05 s, feasible=True
DONE pso_n84_k10_h11_s57: E=197.315 kWh, solver=20.11 s, oracle=20.97 s, feasible=True
DONE aco_n84_k12_h11_s57: E=170.540 kWh, solver=38.88 s, oracle=21.18 s, feasible=True
DONE pso_n84_k11_h11_s57: E=193.021 kWh, solver=21.53 s, oracle=21.05 s, feasible=True
DONE ga_n84_k10_h11_s57: E=180.058 kWh, solver=31.66 s, oracle=20.97 s, feasible=True
DONE pso_n84_k12_h11_s57: E=190.584 kWh, solver=28.05 s, oracle=21.18 s, feasible=True
DONE ga_n84_k11_h11_s57: E=184.377 kWh, solver=38.78 s, oracle=21.05 s, feasible=True
DONE ga_n84_k12_h11_s57: E=178.682 kWh, solver=38.35 s, oracle=21.18 s, feasible=True
DONE nn_n84_k13_h11_s57: E=206.414 kWh, solver=0.51 s, oracle=19.82 s, feasible=True
DONE nn_n84_k14_h11_s57: E=209.183 kWh, solver=0.50 s, oracle=19.75 s, feasible=True
DONE aco_n84_k13_h11_s57: E=175.903 kWh, solver=35.87 s, oracle=19.82 s, feasible=True
DONE nn_n84_k6_h19_s57: E=129.353 kWh, solver=0.22 s, oracle=20.86 s, feasible=True
DONE pso_n84_k13_h11_s57: E=195.316 kWh, solver=23.43 s, oracle=19.82 s, feasible=True
DONE aco_n84_k14_h11_s57: E=175.040 kWh, solver=35.01 s, oracle=19.75 s, feasible=True
DONE aco_n84_k6_h19_s57: E=110.286 kWh, solver=31.97 s, oracle=20.86 s, feasible=True
DONE pso_n84_k14_h11_s57: E=194.991 kWh, solver=25.27 s, oracle=19.75 s, feasible=True
DONE ga_n84_k13_h11_s57: E=185.215 kWh, solver=32.95 s, oracle=19.82 s, feasible=True
DONE pso_n84_k6_h19_s57: E=127.139 kWh, solver=12.06 s, oracle=20.86 s, feasible=True
DONE ga_n84_k6_h19_s57: E=122.196 kWh, solver=24.15 s, oracle=20.86 s, feasible=True
DONE ga_n84_k14_h11_s57: E=186.885 kWh, solver=33.45 s, oracle=19.75 s, feasible=True
DONE nn_n84_k7_h19_s57: E=129.166 kWh, solver=0.28 s, oracle=20.22 s, feasible=True
DONE nn_n84_k8_h19_s57: E=129.333 kWh, solver=0.24 s, oracle=20.26 s, feasible=True
DONE nn_n84_k9_h19_s57: E=133.184 kWh, solver=0.35 s, oracle=20.24 s, feasible=True
DONE aco_n84_k7_h19_s57: E=106.527 kWh, solver=32.73 s, oracle=20.22 s, feasible=True
DONE pso_n84_k7_h19_s57: E=126.964 kWh, solver=15.71 s, oracle=20.22 s, feasible=True
DONE aco_n84_k9_h19_s57: E=108.700 kWh, solver=33.30 s, oracle=20.24 s, feasible=True
DONE aco_n84_k8_h19_s57: E=106.462 kWh, solver=34.20 s, oracle=20.26 s, feasible=True
DONE ga_n84_k7_h19_s57: E=115.374 kWh, solver=27.24 s, oracle=20.22 s, feasible=True
DONE pso_n84_k8_h19_s57: E=127.464 kWh, solver=17.90 s, oracle=20.26 s, feasible=True
DONE pso_n84_k9_h19_s57: E=130.448 kWh, solver=21.90 s, oracle=20.24 s, feasible=True
DONE ga_n84_k8_h19_s57: E=112.603 kWh, solver=33.06 s, oracle=20.26 s, feasible=True
DONE ga_n84_k9_h19_s57: E=113.963 kWh, solver=40.27 s, oracle=20.24 s, feasible=True
DONE nn_n84_k10_h19_s57: E=128.616 kWh, solver=0.37 s, oracle=21.52 s, feasible=True
DONE nn_n84_k11_h19_s57: E=129.822 kWh, solver=0.40 s, oracle=20.75 s, feasible=True
DONE aco_n84_k10_h19_s57: E=108.809 kWh, solver=35.50 s, oracle=21.52 s, feasible=True
DONE nn_n84_k13_h19_s57: E=133.695 kWh, solver=0.55 s, oracle=20.37 s, feasible=True
DONE pso_n84_k10_h19_s57: E=124.150 kWh, solver=17.09 s, oracle=21.52 s, feasible=True
DONE aco_n84_k11_h19_s57: E=107.912 kWh, solver=34.86 s, oracle=20.75 s, feasible=True
DONE aco_n84_k13_h19_s57: E=114.243 kWh, solver=34.04 s, oracle=20.37 s, feasible=True
DONE ga_n84_k10_h19_s57: E=118.718 kWh, solver=30.32 s, oracle=21.52 s, feasible=True
DONE pso_n84_k11_h19_s57: E=126.355 kWh, solver=20.60 s, oracle=20.75 s, feasible=True
DONE pso_n84_k13_h19_s57: E=128.510 kWh, solver=25.48 s, oracle=20.37 s, feasible=True
DONE ga_n84_k11_h19_s57: E=118.937 kWh, solver=36.47 s, oracle=20.75 s, feasible=True
DONE nn_n84_k14_h19_s57: E=135.886 kWh, solver=0.59 s, oracle=22.04 s, feasible=True
DONE ga_n84_k13_h19_s57: E=119.066 kWh, solver=40.04 s, oracle=20.37 s, feasible=True
DONE aco_n84_k14_h19_s57: E=111.521 kWh, solver=37.44 s, oracle=22.04 s, feasible=True
DONE nn_n84_k6_h04_s67: E=109.262 kWh, solver=0.23 s, oracle=21.91 s, feasible=True
DONE nn_n84_k7_h04_s67: E=102.287 kWh, solver=0.28 s, oracle=22.17 s, feasible=True
DONE pso_n84_k14_h19_s57: E=130.464 kWh, solver=23.21 s, oracle=22.04 s, feasible=True
DONE aco_n84_k6_h04_s67: E=82.575 kWh, solver=33.98 s, oracle=21.91 s, feasible=True
DONE pso_n84_k6_h04_s67: E=105.620 kWh, solver=12.58 s, oracle=21.91 s, feasible=True
DONE aco_n84_k7_h04_s67: E=80.518 kWh, solver=35.14 s, oracle=22.17 s, feasible=True
DONE ga_n84_k14_h19_s57: E=117.121 kWh, solver=43.01 s, oracle=22.04 s, feasible=True
DONE ga_n84_k6_h04_s67: E=92.396 kWh, solver=24.44 s, oracle=21.91 s, feasible=True
DONE pso_n84_k7_h04_s67: E=96.511 kWh, solver=21.13 s, oracle=22.17 s, feasible=True
DONE ga_n84_k7_h04_s67: E=85.664 kWh, solver=31.05 s, oracle=22.17 s, feasible=True
DONE nn_n84_k8_h04_s67: E=103.163 kWh, solver=0.29 s, oracle=22.51 s, feasible=True
DONE nn_n84_k9_h04_s67: E=102.261 kWh, solver=0.34 s, oracle=22.37 s, feasible=True
DONE aco_n84_k8_h04_s67: E=79.418 kWh, solver=34.90 s, oracle=22.51 s, feasible=True
DONE nn_n84_k10_h04_s67: E=99.721 kWh, solver=0.42 s, oracle=22.40 s, feasible=True
DONE aco_n84_k9_h04_s67: E=79.821 kWh, solver=35.88 s, oracle=22.37 s, feasible=True
DONE pso_n84_k8_h04_s67: E=95.289 kWh, solver=20.77 s, oracle=22.51 s, feasible=True
DONE pso_n84_k9_h04_s67: E=98.232 kWh, solver=21.56 s, oracle=22.37 s, feasible=True
DONE aco_n84_k10_h04_s67: E=81.036 kWh, solver=35.65 s, oracle=22.40 s, feasible=True
DONE ga_n84_k8_h04_s67: E=90.274 kWh, solver=30.15 s, oracle=22.51 s, feasible=True
DONE pso_n84_k10_h04_s67: E=95.198 kWh, solver=23.14 s, oracle=22.40 s, feasible=True
DONE ga_n84_k9_h04_s67: E=83.840 kWh, solver=36.40 s, oracle=22.37 s, feasible=True
DONE ga_n84_k10_h04_s67: E=86.934 kWh, solver=32.45 s, oracle=22.40 s, feasible=True
DONE nn_n84_k11_h04_s67: E=102.442 kWh, solver=0.45 s, oracle=22.40 s, feasible=True
DONE nn_n84_k12_h04_s67: E=105.870 kWh, solver=0.47 s, oracle=22.50 s, feasible=True
DONE aco_n84_k11_h04_s67: E=82.857 kWh, solver=35.80 s, oracle=22.40 s, feasible=True
DONE nn_n84_k13_h04_s67: E=108.809 kWh, solver=0.54 s, oracle=22.36 s, feasible=True
DONE aco_n84_k12_h04_s67: E=84.512 kWh, solver=36.10 s, oracle=22.50 s, feasible=True
DONE pso_n84_k11_h04_s67: E=99.061 kWh, solver=22.22 s, oracle=22.40 s, feasible=True
DONE pso_n84_k12_h04_s67: E=100.858 kWh, solver=24.71 s, oracle=22.50 s, feasible=True
DONE aco_n84_k13_h04_s67: E=86.215 kWh, solver=36.02 s, oracle=22.36 s, feasible=True
DONE ga_n84_k11_h04_s67: E=86.914 kWh, solver=35.21 s, oracle=22.40 s, feasible=True
DONE pso_n84_k13_h04_s67: E=102.708 kWh, solver=24.36 s, oracle=22.36 s, feasible=True
DONE ga_n84_k12_h04_s67: E=86.767 kWh, solver=41.17 s, oracle=22.50 s, feasible=True
DONE nn_n84_k14_h04_s67: E=110.428 kWh, solver=0.47 s, oracle=21.43 s, feasible=True
DONE ga_n84_k13_h04_s67: E=85.820 kWh, solver=48.69 s, oracle=22.36 s, feasible=True
DONE nn_n84_k6_h11_s67: E=204.800 kWh, solver=0.22 s, oracle=19.51 s, feasible=True
DONE aco_n84_k14_h04_s67: E=85.673 kWh, solver=32.85 s, oracle=21.43 s, feasible=True
DONE aco_n84_k6_h11_s67: E=179.344 kWh, solver=30.27 s, oracle=19.51 s, feasible=True
DONE nn_n84_k7_h11_s67: E=194.048 kWh, solver=0.23 s, oracle=19.31 s, feasible=True
DONE pso_n84_k14_h04_s67: E=103.567 kWh, solver=24.43 s, oracle=21.43 s, feasible=True
DONE pso_n84_k6_h11_s67: E=200.755 kWh, solver=10.84 s, oracle=19.51 s, feasible=True
DONE ga_n84_k6_h11_s67: E=176.924 kWh, solver=22.73 s, oracle=19.51 s, feasible=True
DONE aco_n84_k7_h11_s67: E=159.409 kWh, solver=32.55 s, oracle=19.31 s, feasible=True
DONE ga_n84_k14_h04_s67: E=90.270 kWh, solver=38.63 s, oracle=21.43 s, feasible=True
DONE pso_n84_k7_h11_s67: E=185.487 kWh, solver=18.38 s, oracle=19.31 s, feasible=True
DONE ga_n84_k7_h11_s67: E=174.206 kWh, solver=24.29 s, oracle=19.31 s, feasible=True
DONE nn_n84_k8_h11_s67: E=194.506 kWh, solver=0.31 s, oracle=19.14 s, feasible=True
DONE nn_n84_k9_h11_s67: E=194.452 kWh, solver=0.30 s, oracle=19.42 s, feasible=True
DONE aco_n84_k8_h11_s67: E=166.447 kWh, solver=31.61 s, oracle=19.14 s, feasible=True
DONE aco_n84_k9_h11_s67: E=171.184 kWh, solver=32.52 s, oracle=19.42 s, feasible=True
DONE nn_n84_k10_h11_s67: E=203.494 kWh, solver=0.37 s, oracle=19.03 s, feasible=True
DONE pso_n84_k8_h11_s67: E=188.160 kWh, solver=16.85 s, oracle=19.14 s, feasible=True
DONE pso_n84_k9_h11_s67: E=189.660 kWh, solver=16.64 s, oracle=19.42 s, feasible=True
DONE ga_n84_k8_h11_s67: E=171.378 kWh, solver=25.40 s, oracle=19.14 s, feasible=True
DONE aco_n84_k10_h11_s67: E=171.229 kWh, solver=33.13 s, oracle=19.03 s, feasible=True
DONE ga_n84_k9_h11_s67: E=173.147 kWh, solver=26.66 s, oracle=19.42 s, feasible=True
DONE pso_n84_k10_h11_s67: E=197.807 kWh, solver=19.52 s, oracle=19.03 s, feasible=True
DONE nn_n84_k11_h11_s67: E=202.738 kWh, solver=0.38 s, oracle=19.09 s, feasible=True
DONE ga_n84_k10_h11_s67: E=178.463 kWh, solver=27.84 s, oracle=19.03 s, feasible=True
DONE nn_n84_k12_h11_s67: E=204.015 kWh, solver=0.42 s, oracle=19.17 s, feasible=True
DONE aco_n84_k11_h11_s67: E=168.989 kWh, solver=32.19 s, oracle=19.09 s, feasible=True
DONE aco_n84_k12_h11_s67: E=176.044 kWh, solver=32.42 s, oracle=19.17 s, feasible=True
DONE nn_n84_k13_h11_s67: E=206.196 kWh, solver=0.49 s, oracle=19.13 s, feasible=True
DONE pso_n84_k11_h11_s67: E=193.868 kWh, solver=22.37 s, oracle=19.09 s, feasible=True
DONE pso_n84_k12_h11_s67: E=193.331 kWh, solver=22.24 s, oracle=19.17 s, feasible=True
DONE ga_n84_k11_h11_s67: E=177.511 kWh, solver=29.42 s, oracle=19.09 s, feasible=True
DONE aco_n84_k13_h11_s67: E=183.683 kWh, solver=32.64 s, oracle=19.13 s, feasible=True
DONE ga_n84_k12_h11_s67: E=184.552 kWh, solver=32.03 s, oracle=19.17 s, feasible=True
DONE pso_n84_k13_h11_s67: E=196.777 kWh, solver=20.39 s, oracle=19.13 s, feasible=True
DONE nn_n84_k6_h19_s67: E=136.580 kWh, solver=0.24 s, oracle=19.51 s, feasible=True
DONE ga_n84_k13_h11_s67: E=185.720 kWh, solver=29.22 s, oracle=19.13 s, feasible=True
DONE nn_n84_k7_h19_s67: E=127.739 kWh, solver=0.24 s, oracle=19.39 s, feasible=True
DONE aco_n84_k6_h19_s67: E=110.111 kWh, solver=29.56 s, oracle=19.51 s, feasible=True
DONE pso_n84_k6_h19_s67: E=131.712 kWh, solver=11.61 s, oracle=19.51 s, feasible=True
DONE aco_n84_k7_h19_s67: E=106.739 kWh, solver=31.23 s, oracle=19.39 s, feasible=True
DONE nn_n84_k8_h19_s67: E=130.983 kWh, solver=0.25 s, oracle=19.77 s, feasible=True
DONE ga_n84_k6_h19_s67: E=117.280 kWh, solver=20.11 s, oracle=19.51 s, feasible=True
DONE pso_n84_k7_h19_s67: E=124.313 kWh, solver=15.30 s, oracle=19.39 s, feasible=True
DONE aco_n84_k8_h19_s67: E=106.104 kWh, solver=31.09 s, oracle=19.77 s, feasible=True
DONE ga_n84_k7_h19_s67: E=112.068 kWh, solver=25.27 s, oracle=19.39 s, feasible=True
DONE pso_n84_k8_h19_s67: E=129.667 kWh, solver=17.39 s, oracle=19.77 s, feasible=True
DONE nn_n84_k9_h19_s67: E=132.936 kWh, solver=0.38 s, oracle=19.80 s, feasible=True
DONE ga_n84_k8_h19_s67: E=119.822 kWh, solver=24.59 s, oracle=19.77 s, feasible=True
DONE nn_n84_k10_h19_s67: E=134.942 kWh, solver=0.40 s, oracle=19.84 s, feasible=True
DONE aco_n84_k9_h19_s67: E=109.430 kWh, solver=32.06 s, oracle=19.80 s, feasible=True
DONE pso_n84_k9_h19_s67: E=124.322 kWh, solver=17.61 s, oracle=19.80 s, feasible=True
DONE aco_n84_k10_h19_s67: E=106.440 kWh, solver=31.80 s, oracle=19.84 s, feasible=True
DONE nn_n84_k11_h19_s67: E=135.979 kWh, solver=0.35 s, oracle=19.65 s, feasible=True
DONE pso_n84_k10_h19_s67: E=130.899 kWh, solver=15.59 s, oracle=19.84 s, feasible=True
DONE ga_n84_k9_h19_s67: E=114.553 kWh, solver=32.52 s, oracle=19.80 s, feasible=True
DONE aco_n84_k11_h19_s67: E=111.287 kWh, solver=31.29 s, oracle=19.65 s, feasible=True
DONE ga_n84_k10_h19_s67: E=121.532 kWh, solver=29.18 s, oracle=19.84 s, feasible=True
DONE pso_n84_k11_h19_s67: E=132.071 kWh, solver=19.39 s, oracle=19.65 s, feasible=True
DONE nn_n84_k12_h19_s67: E=139.415 kWh, solver=0.41 s, oracle=19.60 s, feasible=True
DONE ga_n84_k11_h19_s67: E=116.664 kWh, solver=32.39 s, oracle=19.65 s, feasible=True
DONE nn_n84_k14_h19_s67: E=136.382 kWh, solver=0.51 s, oracle=19.87 s, feasible=True
DONE aco_n84_k12_h19_s67: E=108.625 kWh, solver=32.25 s, oracle=19.60 s, feasible=True
DONE pso_n84_k12_h19_s67: E=135.933 kWh, solver=19.64 s, oracle=19.60 s, feasible=True
DONE aco_n84_k14_h19_s67: E=113.809 kWh, solver=33.72 s, oracle=19.87 s, feasible=True
DONE nn_n84_k6_h04_s77: E=92.167 kWh, solver=0.19 s, oracle=20.66 s, feasible=True
DONE pso_n84_k14_h19_s67: E=132.534 kWh, solver=20.44 s, oracle=19.87 s, feasible=True
DONE ga_n84_k12_h19_s67: E=120.439 kWh, solver=30.14 s, oracle=19.60 s, feasible=True
DONE aco_n84_k6_h04_s77: E=81.349 kWh, solver=29.34 s, oracle=20.66 s, feasible=True
DONE pso_n84_k6_h04_s77: E=90.072 kWh, solver=10.40 s, oracle=20.66 s, feasible=True
DONE ga_n84_k14_h19_s67: E=119.549 kWh, solver=37.11 s, oracle=19.87 s, feasible=True
DONE ga_n84_k6_h04_s77: E=82.615 kWh, solver=16.86 s, oracle=20.66 s, feasible=True
DONE nn_n84_k7_h04_s77: E=101.652 kWh, solver=0.20 s, oracle=20.36 s, feasible=True
DONE nn_n84_k8_h04_s77: E=100.353 kWh, solver=0.34 s, oracle=20.47 s, feasible=True
DONE aco_n84_k7_h04_s77: E=80.867 kWh, solver=31.41 s, oracle=20.36 s, feasible=True
DONE nn_n84_k9_h04_s77: E=95.376 kWh, solver=0.31 s, oracle=20.43 s, feasible=True
DONE pso_n84_k7_h04_s77: E=98.718 kWh, solver=16.64 s, oracle=20.36 s, feasible=True
DONE aco_n84_k8_h04_s77: E=79.949 kWh, solver=31.78 s, oracle=20.47 s, feasible=True
DONE aco_n84_k9_h04_s77: E=79.635 kWh, solver=31.04 s, oracle=20.43 s, feasible=True
DONE ga_n84_k7_h04_s77: E=88.444 kWh, solver=23.59 s, oracle=20.36 s, feasible=True
DONE pso_n84_k8_h04_s77: E=98.066 kWh, solver=17.03 s, oracle=20.47 s, feasible=True
DONE pso_n84_k9_h04_s77: E=91.265 kWh, solver=17.48 s, oracle=20.43 s, feasible=True
DONE ga_n84_k8_h04_s77: E=85.037 kWh, solver=26.25 s, oracle=20.47 s, feasible=True
DONE ga_n84_k9_h04_s77: E=85.947 kWh, solver=23.43 s, oracle=20.43 s, feasible=True
DONE nn_n84_k10_h04_s77: E=96.080 kWh, solver=0.29 s, oracle=20.53 s, feasible=True
DONE aco_n84_k10_h04_s77: E=79.923 kWh, solver=32.98 s, oracle=20.53 s, feasible=True
DONE nn_n84_k11_h04_s77: E=101.633 kWh, solver=0.33 s, oracle=21.09 s, feasible=True
DONE nn_n84_k12_h04_s77: E=103.294 kWh, solver=0.43 s, oracle=20.72 s, feasible=True
DONE pso_n84_k10_h04_s77: E=89.904 kWh, solver=20.53 s, oracle=20.53 s, feasible=True
DONE aco_n84_k11_h04_s77: E=83.619 kWh, solver=31.62 s, oracle=21.09 s, feasible=True
DONE aco_n84_k12_h04_s77: E=83.254 kWh, solver=31.32 s, oracle=20.72 s, feasible=True
DONE ga_n84_k10_h04_s77: E=83.649 kWh, solver=29.91 s, oracle=20.53 s, feasible=True
DONE pso_n84_k11_h04_s77: E=96.572 kWh, solver=21.59 s, oracle=21.09 s, feasible=True
DONE pso_n84_k12_h04_s77: E=96.785 kWh, solver=18.32 s, oracle=20.72 s, feasible=True
DONE ga_n84_k11_h04_s77: E=82.368 kWh, solver=28.77 s, oracle=21.09 s, feasible=True
DONE ga_n84_k12_h04_s77: E=85.931 kWh, solver=29.25 s, oracle=20.72 s, feasible=True
DONE nn_n84_k6_h11_s77: E=200.540 kWh, solver=0.23 s, oracle=19.08 s, feasible=True
DONE aco_n84_k6_h11_s77: E=175.847 kWh, solver=30.11 s, oracle=19.08 s, feasible=True
DONE nn_n84_k7_h11_s77: E=206.506 kWh, solver=0.25 s, oracle=19.87 s, feasible=True
DONE nn_n84_k8_h11_s77: E=207.156 kWh, solver=0.29 s, oracle=19.87 s, feasible=True
DONE pso_n84_k6_h11_s77: E=192.722 kWh, solver=10.80 s, oracle=19.08 s, feasible=True
DONE ga_n84_k6_h11_s77: E=179.424 kWh, solver=15.89 s, oracle=19.08 s, feasible=True
DONE aco_n84_k7_h11_s77: E=161.400 kWh, solver=31.36 s, oracle=19.87 s, feasible=True
DONE aco_n84_k8_h11_s77: E=165.835 kWh, solver=31.75 s, oracle=19.87 s, feasible=True
DONE pso_n84_k7_h11_s77: E=198.244 kWh, solver=18.10 s, oracle=19.87 s, feasible=True
DONE pso_n84_k8_h11_s77: E=197.654 kWh, solver=18.54 s, oracle=19.87 s, feasible=True
DONE ga_n84_k7_h11_s77: E=180.334 kWh, solver=24.27 s, oracle=19.87 s, feasible=True
DONE nn_n84_k9_h11_s77: E=217.583 kWh, solver=0.34 s, oracle=20.03 s, feasible=True
DONE ga_n84_k8_h11_s77: E=178.846 kWh, solver=24.11 s, oracle=19.87 s, feasible=True
DONE aco_n84_k9_h11_s77: E=159.006 kWh, solver=31.92 s, oracle=20.03 s, feasible=True
DONE nn_n84_k10_h11_s77: E=200.475 kWh, solver=0.33 s, oracle=19.91 s, feasible=True
DONE pso_n84_k9_h11_s77: E=211.263 kWh, solver=18.27 s, oracle=20.03 s, feasible=True
DONE nn_n84_k11_h11_s77: E=200.688 kWh, solver=0.42 s, oracle=20.18 s, feasible=True
DONE aco_n84_k10_h11_s77: E=169.759 kWh, solver=36.76 s, oracle=19.91 s, feasible=True
DONE ga_n84_k9_h11_s77: E=177.932 kWh, solver=36.79 s, oracle=20.03 s, feasible=True
DONE aco_n84_k11_h11_s77: E=167.300 kWh, solver=37.42 s, oracle=20.18 s, feasible=True
DONE pso_n84_k11_h11_s77: E=198.035 kWh, solver=17.70 s, oracle=20.18 s, feasible=True
DONE pso_n84_k10_h11_s77: E=196.179 kWh, solver=22.04 s, oracle=19.91 s, feasible=True
DONE ga_n84_k11_h11_s77: E=180.083 kWh, solver=30.22 s, oracle=20.18 s, feasible=True
DONE ga_n84_k10_h11_s77: E=179.944 kWh, solver=32.27 s, oracle=19.91 s, feasible=True
DONE nn_n84_k12_h11_s77: E=200.067 kWh, solver=0.43 s, oracle=20.66 s, feasible=True
DONE aco_n84_k12_h11_s77: E=170.459 kWh, solver=37.82 s, oracle=20.66 s, feasible=True
DONE nn_n84_k14_h11_s77: E=205.513 kWh, solver=0.54 s, oracle=21.08 s, feasible=True
DONE nn_n84_k6_h19_s77: E=131.202 kWh, solver=0.20 s, oracle=21.49 s, feasible=True
DONE pso_n84_k12_h11_s77: E=192.136 kWh, solver=21.83 s, oracle=20.66 s, feasible=True
DONE aco_n84_k6_h19_s77: E=113.368 kWh, solver=33.32 s, oracle=21.49 s, feasible=True
DONE aco_n84_k14_h11_s77: E=176.713 kWh, solver=36.53 s, oracle=21.08 s, feasible=True
DONE ga_n84_k12_h11_s77: E=182.339 kWh, solver=32.32 s, oracle=20.66 s, feasible=True
DONE pso_n84_k6_h19_s77: E=128.323 kWh, solver=12.53 s, oracle=21.49 s, feasible=True
DONE pso_n84_k14_h11_s77: E=194.937 kWh, solver=26.74 s, oracle=21.08 s, feasible=True
DONE ga_n84_k6_h19_s77: E=117.313 kWh, solver=19.89 s, oracle=21.49 s, feasible=True
DONE ga_n84_k14_h11_s77: E=187.116 kWh, solver=29.30 s, oracle=21.08 s, feasible=True
DONE nn_n84_k7_h19_s77: E=129.086 kWh, solver=0.25 s, oracle=20.13 s, feasible=True
DONE nn_n84_k8_h19_s77: E=128.172 kWh, solver=0.27 s, oracle=19.58 s, feasible=True
DONE aco_n84_k7_h19_s77: E=107.676 kWh, solver=32.22 s, oracle=20.13 s, feasible=True
DONE pso_n84_k7_h19_s77: E=127.104 kWh, solver=15.95 s, oracle=20.13 s, feasible=True
DONE nn_n84_k9_h19_s77: E=135.083 kWh, solver=0.33 s, oracle=19.97 s, feasible=True
DONE aco_n84_k8_h19_s77: E=105.635 kWh, solver=33.65 s, oracle=19.58 s, feasible=True
DONE ga_n84_k7_h19_s77: E=111.617 kWh, solver=25.32 s, oracle=20.13 s, feasible=True
DONE pso_n84_k8_h19_s77: E=127.073 kWh, solver=15.15 s, oracle=19.58 s, feasible=True
DONE aco_n84_k9_h19_s77: E=107.982 kWh, solver=33.45 s, oracle=19.97 s, feasible=True
DONE pso_n84_k9_h19_s77: E=131.142 kWh, solver=17.42 s, oracle=19.97 s, feasible=True
DONE ga_n84_k8_h19_s77: E=116.574 kWh, solver=25.66 s, oracle=19.58 s, feasible=True
DONE nn_n84_k10_h19_s77: E=137.755 kWh, solver=0.38 s, oracle=19.76 s, feasible=True
DONE ga_n84_k9_h19_s77: E=124.041 kWh, solver=26.43 s, oracle=19.97 s, feasible=True
DONE nn_n84_k11_h19_s77: E=136.812 kWh, solver=0.37 s, oracle=20.33 s, feasible=True
DONE aco_n84_k10_h19_s77: E=106.219 kWh, solver=33.72 s, oracle=19.76 s, feasible=True
DONE pso_n84_k10_h19_s77: E=134.563 kWh, solver=16.57 s, oracle=19.76 s, feasible=True
DONE nn_n84_k12_h19_s77: E=137.561 kWh, solver=0.44 s, oracle=19.78 s, feasible=True
DONE aco_n84_k11_h19_s77: E=108.681 kWh, solver=33.72 s, oracle=20.33 s, feasible=True
DONE ga_n84_k10_h19_s77: E=114.416 kWh, solver=30.76 s, oracle=19.76 s, feasible=True
DONE pso_n84_k11_h19_s77: E=131.586 kWh, solver=19.36 s, oracle=20.33 s, feasible=True
DONE aco_n84_k12_h19_s77: E=110.214 kWh, solver=35.21 s, oracle=19.78 s, feasible=True
DONE pso_n84_k12_h19_s77: E=132.332 kWh, solver=20.59 s, oracle=19.78 s, feasible=True
DONE ga_n84_k11_h19_s77: E=119.730 kWh, solver=30.56 s, oracle=20.33 s, feasible=True
DONE nn_n84_k6_h04_s87: E=96.783 kWh, solver=0.18 s, oracle=19.39 s, feasible=True
DONE ga_n84_k12_h19_s77: E=116.269 kWh, solver=38.20 s, oracle=19.78 s, feasible=True
DONE aco_n84_k6_h04_s87: E=86.217 kWh, solver=26.72 s, oracle=19.39 s, feasible=True
DONE nn_n84_k7_h04_s87: E=93.435 kWh, solver=0.23 s, oracle=19.32 s, feasible=True
DONE pso_n84_k6_h04_s87: E=92.769 kWh, solver=11.17 s, oracle=19.39 s, feasible=True
DONE ga_n84_k6_h04_s87: E=87.649 kWh, solver=17.36 s, oracle=19.39 s, feasible=True
DONE aco_n84_k7_h04_s87: E=80.655 kWh, solver=29.33 s, oracle=19.32 s, feasible=True
DONE nn_n84_k8_h04_s87: E=93.401 kWh, solver=0.24 s, oracle=19.39 s, feasible=True
DONE pso_n84_k7_h04_s87: E=89.118 kWh, solver=16.25 s, oracle=19.32 s, feasible=True
DONE aco_n84_k8_h04_s87: E=80.950 kWh, solver=28.76 s, oracle=19.39 s, feasible=True
DONE ga_n84_k7_h04_s87: E=80.455 kWh, solver=24.27 s, oracle=19.32 s, feasible=True
DONE nn_n84_k9_h04_s87: E=100.133 kWh, solver=0.33 s, oracle=19.39 s, feasible=True
DONE pso_n84_k8_h04_s87: E=89.400 kWh, solver=16.31 s, oracle=19.39 s, feasible=True
DONE ga_n84_k8_h04_s87: E=83.670 kWh, solver=20.79 s, oracle=19.39 s, feasible=True
DONE aco_n84_k9_h04_s87: E=80.882 kWh, solver=29.12 s, oracle=19.39 s, feasible=True
DONE nn_n84_k10_h04_s87: E=104.936 kWh, solver=0.34 s, oracle=19.39 s, feasible=True
DONE pso_n84_k9_h04_s87: E=96.047 kWh, solver=15.97 s, oracle=19.39 s, feasible=True
DONE aco_n84_k10_h04_s87: E=82.509 kWh, solver=29.73 s, oracle=19.39 s, feasible=True
DONE ga_n84_k9_h04_s87: E=82.676 kWh, solver=25.77 s, oracle=19.39 s, feasible=True
DONE nn_n84_k11_h04_s87: E=108.062 kWh, solver=0.33 s, oracle=19.28 s, feasible=True
DONE pso_n84_k10_h04_s87: E=99.732 kWh, solver=19.05 s, oracle=19.39 s, feasible=True
DONE aco_n84_k11_h04_s87: E=83.864 kWh, solver=29.25 s, oracle=19.28 s, feasible=True
DONE ga_n84_k10_h04_s87: E=85.020 kWh, solver=25.43 s, oracle=19.39 s, feasible=True
DONE nn_n84_k12_h04_s87: E=104.962 kWh, solver=0.38 s, oracle=19.42 s, feasible=True
DONE pso_n84_k11_h04_s87: E=102.346 kWh, solver=20.03 s, oracle=19.28 s, feasible=True
DONE aco_n84_k12_h04_s87: E=83.392 kWh, solver=30.11 s, oracle=19.42 s, feasible=True
DONE ga_n84_k11_h04_s87: E=89.050 kWh, solver=31.50 s, oracle=19.28 s, feasible=True
DONE nn_n84_k13_h04_s87: E=107.281 kWh, solver=0.42 s, oracle=19.55 s, feasible=True
DONE pso_n84_k12_h04_s87: E=98.955 kWh, solver=20.94 s, oracle=19.42 s, feasible=True
DONE aco_n84_k13_h04_s87: E=86.373 kWh, solver=29.27 s, oracle=19.55 s, feasible=True
DONE ga_n84_k12_h04_s87: E=87.505 kWh, solver=26.34 s, oracle=19.42 s, feasible=True
DONE nn_n84_k6_h11_s87: E=215.612 kWh, solver=0.15 s, oracle=18.20 s, feasible=True
DONE pso_n84_k13_h04_s87: E=101.146 kWh, solver=19.50 s, oracle=19.55 s, feasible=True
DONE aco_n84_k6_h11_s87: E=167.850 kWh, solver=26.91 s, oracle=18.20 s, feasible=True
DONE pso_n84_k6_h11_s87: E=203.696 kWh, solver=10.84 s, oracle=18.20 s, feasible=True
DONE ga_n84_k13_h04_s87: E=91.316 kWh, solver=27.58 s, oracle=19.55 s, feasible=True
DONE nn_n84_k7_h11_s87: E=194.276 kWh, solver=0.21 s, oracle=18.23 s, feasible=True
DONE ga_n84_k6_h11_s87: E=192.697 kWh, solver=15.97 s, oracle=18.20 s, feasible=True
DONE aco_n84_k7_h11_s87: E=160.261 kWh, solver=30.26 s, oracle=18.23 s, feasible=True
DONE nn_n84_k8_h11_s87: E=197.632 kWh, solver=0.24 s, oracle=18.31 s, feasible=True
DONE pso_n84_k7_h11_s87: E=189.675 kWh, solver=14.55 s, oracle=18.23 s, feasible=True
DONE nn_n84_k9_h11_s87: E=201.105 kWh, solver=0.25 s, oracle=18.44 s, feasible=True
DONE ga_n84_k7_h11_s87: E=170.479 kWh, solver=19.87 s, oracle=18.23 s, feasible=True
DONE aco_n84_k8_h11_s87: E=167.217 kWh, solver=29.89 s, oracle=18.31 s, feasible=True
DONE aco_n84_k9_h11_s87: E=164.619 kWh, solver=29.78 s, oracle=18.44 s, feasible=True
DONE pso_n84_k8_h11_s87: E=190.949 kWh, solver=15.51 s, oracle=18.31 s, feasible=True
DONE pso_n84_k9_h11_s87: E=191.555 kWh, solver=18.14 s, oracle=18.44 s, feasible=True
DONE ga_n84_k8_h11_s87: E=172.864 kWh, solver=22.35 s, oracle=18.31 s, feasible=True
DONE nn_n84_k10_h11_s87: E=201.076 kWh, solver=0.33 s, oracle=18.09 s, feasible=True
DONE ga_n84_k9_h11_s87: E=177.651 kWh, solver=22.15 s, oracle=18.44 s, feasible=True
DONE aco_n84_k10_h11_s87: E=166.204 kWh, solver=29.35 s, oracle=18.09 s, feasible=True
DONE nn_n84_k11_h11_s87: E=196.194 kWh, solver=0.36 s, oracle=17.89 s, feasible=True
DONE pso_n84_k10_h11_s87: E=189.911 kWh, solver=16.38 s, oracle=18.09 s, feasible=True
DONE nn_n84_k13_h11_s87: E=199.865 kWh, solver=0.39 s, oracle=18.14 s, feasible=True
DONE ga_n84_k10_h11_s87: E=175.492 kWh, solver=24.99 s, oracle=18.09 s, feasible=True
DONE aco_n84_k11_h11_s87: E=171.213 kWh, solver=29.60 s, oracle=17.89 s, feasible=True
DONE pso_n84_k11_h11_s87: E=191.234 kWh, solver=15.22 s, oracle=17.89 s, feasible=True
DONE aco_n84_k13_h11_s87: E=172.583 kWh, solver=29.89 s, oracle=18.14 s, feasible=True
DONE pso_n84_k13_h11_s87: E=190.327 kWh, solver=20.10 s, oracle=18.14 s, feasible=True
DONE ga_n84_k11_h11_s87: E=178.278 kWh, solver=25.79 s, oracle=17.89 s, feasible=True
DONE nn_n84_k14_h11_s87: E=202.895 kWh, solver=0.46 s, oracle=18.07 s, feasible=True
DONE ga_n84_k13_h11_s87: E=183.638 kWh, solver=25.47 s, oracle=18.14 s, feasible=True
DONE aco_n84_k14_h11_s87: E=183.048 kWh, solver=30.58 s, oracle=18.07 s, feasible=True
DONE pso_n84_k14_h11_s87: E=191.116 kWh, solver=19.88 s, oracle=18.07 s, feasible=True
DONE nn_n84_k7_h19_s87: E=124.655 kWh, solver=0.19 s, oracle=18.75 s, feasible=True
DONE ga_n84_k14_h11_s87: E=187.812 kWh, solver=28.56 s, oracle=18.07 s, feasible=True
DONE nn_n84_k8_h19_s87: E=123.952 kWh, solver=0.28 s, oracle=18.63 s, feasible=True
DONE aco_n84_k7_h19_s87: E=106.633 kWh, solver=29.00 s, oracle=18.75 s, feasible=True
DONE pso_n84_k7_h19_s87: E=122.031 kWh, solver=13.61 s, oracle=18.75 s, feasible=True
DONE aco_n84_k8_h19_s87: E=108.783 kWh, solver=29.40 s, oracle=18.63 s, feasible=True
DONE nn_n84_k9_h19_s87: E=132.151 kWh, solver=0.27 s, oracle=18.72 s, feasible=True
DONE ga_n84_k7_h19_s87: E=117.117 kWh, solver=20.45 s, oracle=18.75 s, feasible=True
DONE pso_n84_k8_h19_s87: E=120.697 kWh, solver=14.76 s, oracle=18.63 s, feasible=True
DONE aco_n84_k9_h19_s87: E=106.930 kWh, solver=28.76 s, oracle=18.72 s, feasible=True
DONE ga_n84_k8_h19_s87: E=113.649 kWh, solver=24.95 s, oracle=18.63 s, feasible=True
DONE pso_n84_k9_h19_s87: E=124.967 kWh, solver=15.67 s, oracle=18.72 s, feasible=True
DONE nn_n84_k10_h19_s87: E=128.689 kWh, solver=0.35 s, oracle=18.27 s, feasible=True
DONE ga_n84_k9_h19_s87: E=113.145 kWh, solver=23.32 s, oracle=18.72 s, feasible=True
DONE aco_n84_k10_h19_s87: E=109.887 kWh, solver=29.44 s, oracle=18.27 s, feasible=True
DONE nn_n84_k11_h19_s87: E=130.017 kWh, solver=0.33 s, oracle=18.79 s, feasible=True
DONE pso_n84_k10_h19_s87: E=124.226 kWh, solver=16.90 s, oracle=18.27 s, feasible=True
DONE aco_n84_k11_h19_s87: E=109.884 kWh, solver=30.44 s, oracle=18.79 s, feasible=True
DONE nn_n84_k12_h19_s87: E=132.137 kWh, solver=0.52 s, oracle=18.71 s, feasible=True
DONE ga_n84_k10_h19_s87: E=119.906 kWh, solver=25.18 s, oracle=18.27 s, feasible=True
DONE pso_n84_k11_h19_s87: E=125.308 kWh, solver=17.66 s, oracle=18.79 s, feasible=True
DONE aco_n84_k12_h19_s87: E=112.092 kWh, solver=30.62 s, oracle=18.71 s, feasible=True
DONE ga_n84_k11_h19_s87: E=114.704 kWh, solver=25.88 s, oracle=18.79 s, feasible=True
DONE pso_n84_k12_h19_s87: E=127.747 kWh, solver=18.09 s, oracle=18.71 s, feasible=True
DONE nn_n84_k13_h19_s87: E=133.889 kWh, solver=0.43 s, oracle=18.58 s, feasible=True
DONE ga_n84_k12_h19_s87: E=118.219 kWh, solver=27.06 s, oracle=18.71 s, feasible=True
DONE aco_n84_k13_h19_s87: E=113.201 kWh, solver=31.18 s, oracle=18.58 s, feasible=True
DONE nn_n84_k14_h19_s87: E=135.980 kWh, solver=0.50 s, oracle=18.69 s, feasible=True
DONE pso_n84_k13_h19_s87: E=128.125 kWh, solver=20.54 s, oracle=18.58 s, feasible=True
DONE aco_n84_k14_h19_s87: E=114.750 kWh, solver=30.27 s, oracle=18.69 s, feasible=True
DONE nn_n84_k6_h04_s97: E=93.896 kWh, solver=0.19 s, oracle=19.46 s, feasible=True
DONE ga_n84_k13_h19_s87: E=121.568 kWh, solver=28.27 s, oracle=18.58 s, feasible=True
DONE pso_n84_k14_h19_s87: E=130.537 kWh, solver=20.64 s, oracle=18.69 s, feasible=True
DONE aco_n84_k6_h04_s97: E=86.557 kWh, solver=27.64 s, oracle=19.46 s, feasible=True
DONE pso_n84_k6_h04_s97: E=91.481 kWh, solver=10.29 s, oracle=19.46 s, feasible=True
DONE ga_n84_k14_h19_s87: E=120.859 kWh, solver=30.43 s, oracle=18.69 s, feasible=True
DONE nn_n84_k7_h04_s97: E=97.240 kWh, solver=0.24 s, oracle=19.60 s, feasible=True
DONE ga_n84_k6_h04_s97: E=84.797 kWh, solver=21.89 s, oracle=19.46 s, feasible=True
DONE aco_n84_k7_h04_s97: E=80.592 kWh, solver=29.57 s, oracle=19.60 s, feasible=True
DONE nn_n84_k8_h04_s97: E=104.665 kWh, solver=0.22 s, oracle=19.89 s, feasible=True
DONE pso_n84_k7_h04_s97: E=92.447 kWh, solver=16.15 s, oracle=19.60 s, feasible=True
DONE nn_n84_k9_h04_s97: E=100.813 kWh, solver=0.33 s, oracle=20.17 s, feasible=True
DONE aco_n84_k8_h04_s97: E=80.279 kWh, solver=29.90 s, oracle=19.89 s, feasible=True
DONE ga_n84_k7_h04_s97: E=82.962 kWh, solver=23.02 s, oracle=19.60 s, feasible=True
DONE aco_n84_k9_h04_s97: E=81.312 kWh, solver=29.18 s, oracle=20.17 s, feasible=True
DONE pso_n84_k8_h04_s97: E=100.768 kWh, solver=18.29 s, oracle=19.89 s, feasible=True
DONE pso_n84_k9_h04_s97: E=95.319 kWh, solver=19.58 s, oracle=20.17 s, feasible=True
DONE ga_n84_k8_h04_s97: E=84.394 kWh, solver=27.91 s, oracle=19.89 s, feasible=True
DONE nn_n84_k10_h04_s97: E=99.253 kWh, solver=0.33 s, oracle=20.00 s, feasible=True
DONE ga_n84_k9_h04_s97: E=84.999 kWh, solver=27.90 s, oracle=20.17 s, feasible=True
DONE aco_n84_k10_h04_s97: E=82.337 kWh, solver=28.73 s, oracle=20.00 s, feasible=True
DONE nn_n84_k11_h04_s97: E=104.186 kWh, solver=0.32 s, oracle=19.58 s, feasible=True
DONE pso_n84_k10_h04_s97: E=93.199 kWh, solver=18.76 s, oracle=20.00 s, feasible=True
DONE nn_n84_k12_h04_s97: E=103.751 kWh, solver=0.42 s, oracle=19.71 s, feasible=True
DONE aco_n84_k11_h04_s97: E=83.593 kWh, solver=30.01 s, oracle=19.58 s, feasible=True
DONE ga_n84_k10_h04_s97: E=83.329 kWh, solver=28.32 s, oracle=20.00 s, feasible=True
DONE aco_n84_k12_h04_s97: E=83.959 kWh, solver=30.46 s, oracle=19.71 s, feasible=True
DONE pso_n84_k11_h04_s97: E=96.370 kWh, solver=18.19 s, oracle=19.58 s, feasible=True
DONE pso_n84_k12_h04_s97: E=96.689 kWh, solver=24.65 s, oracle=19.71 s, feasible=True
DONE ga_n84_k11_h04_s97: E=87.582 kWh, solver=29.47 s, oracle=19.58 s, feasible=True
DONE nn_n84_k13_h04_s97: E=105.586 kWh, solver=0.40 s, oracle=20.42 s, feasible=True
DONE ga_n84_k12_h04_s97: E=87.984 kWh, solver=36.98 s, oracle=19.71 s, feasible=True
DONE aco_n84_k13_h04_s97: E=84.894 kWh, solver=30.98 s, oracle=20.42 s, feasible=True
DONE nn_n84_k14_h04_s97: E=107.335 kWh, solver=0.43 s, oracle=19.79 s, feasible=True
DONE pso_n84_k13_h04_s97: E=95.814 kWh, solver=20.77 s, oracle=20.42 s, feasible=True
DONE nn_n84_k6_h11_s97: E=208.120 kWh, solver=0.18 s, oracle=18.78 s, feasible=True
DONE aco_n84_k14_h04_s97: E=86.819 kWh, solver=31.41 s, oracle=19.79 s, feasible=True
DONE ga_n84_k13_h04_s97: E=86.811 kWh, solver=30.79 s, oracle=20.42 s, feasible=True
DONE pso_n84_k14_h04_s97: E=98.715 kWh, solver=22.86 s, oracle=19.79 s, feasible=True
DONE aco_n84_k6_h11_s97: E=177.111 kWh, solver=28.70 s, oracle=18.78 s, feasible=True
DONE pso_n84_k6_h11_s97: E=202.324 kWh, solver=11.22 s, oracle=18.78 s, feasible=True
DONE nn_n84_k7_h11_s97: E=191.905 kWh, solver=0.18 s, oracle=18.79 s, feasible=True
DONE ga_n84_k6_h11_s97: E=186.479 kWh, solver=19.88 s, oracle=18.78 s, feasible=True
DONE ga_n84_k14_h04_s97: E=89.026 kWh, solver=39.45 s, oracle=19.79 s, feasible=True
DONE aco_n84_k7_h11_s97: E=161.995 kWh, solver=29.45 s, oracle=18.79 s, feasible=True
DONE pso_n84_k7_h11_s97: E=185.223 kWh, solver=14.23 s, oracle=18.79 s, feasible=True
DONE nn_n84_k8_h11_s97: E=197.730 kWh, solver=0.29 s, oracle=18.55 s, feasible=True
DONE nn_n84_k9_h11_s97: E=191.448 kWh, solver=0.27 s, oracle=18.56 s, feasible=True
DONE ga_n84_k7_h11_s97: E=166.676 kWh, solver=21.02 s, oracle=18.79 s, feasible=True
DONE aco_n84_k8_h11_s97: E=156.757 kWh, solver=29.53 s, oracle=18.55 s, feasible=True
DONE aco_n84_k9_h11_s97: E=160.575 kWh, solver=29.47 s, oracle=18.56 s, feasible=True
DONE pso_n84_k8_h11_s97: E=187.784 kWh, solver=15.51 s, oracle=18.55 s, feasible=True
DONE pso_n84_k9_h11_s97: E=181.655 kWh, solver=17.85 s, oracle=18.56 s, feasible=True
DONE nn_n84_k10_h11_s97: E=199.539 kWh, solver=0.31 s, oracle=18.68 s, feasible=True
DONE ga_n84_k8_h11_s97: E=177.529 kWh, solver=27.02 s, oracle=18.55 s, feasible=True
DONE ga_n84_k9_h11_s97: E=171.880 kWh, solver=22.90 s, oracle=18.56 s, feasible=True
DONE aco_n84_k10_h11_s97: E=163.466 kWh, solver=30.29 s, oracle=18.68 s, feasible=True
DONE pso_n84_k10_h11_s97: E=187.279 kWh, solver=18.97 s, oracle=18.68 s, feasible=True
DONE nn_n84_k11_h11_s97: E=196.966 kWh, solver=0.39 s, oracle=18.74 s, feasible=True
DONE nn_n84_k14_h11_s97: E=202.407 kWh, solver=0.44 s, oracle=18.64 s, feasible=True
DONE ga_n84_k10_h11_s97: E=184.021 kWh, solver=23.55 s, oracle=18.68 s, feasible=True
DONE aco_n84_k11_h11_s97: E=168.243 kWh, solver=29.90 s, oracle=18.74 s, feasible=True
DONE aco_n84_k14_h11_s97: E=176.914 kWh, solver=30.36 s, oracle=18.64 s, feasible=True
DONE pso_n84_k11_h11_s97: E=193.507 kWh, solver=17.15 s, oracle=18.74 s, feasible=True
DONE pso_n84_k14_h11_s97: E=193.626 kWh, solver=19.99 s, oracle=18.64 s, feasible=True
DONE nn_n84_k6_h19_s97: E=136.395 kWh, solver=0.17 s, oracle=19.05 s, feasible=True
DONE ga_n84_k11_h11_s97: E=177.235 kWh, solver=26.16 s, oracle=18.74 s, feasible=True
DONE ga_n84_k14_h11_s97: E=185.441 kWh, solver=26.70 s, oracle=18.64 s, feasible=True
DONE aco_n84_k6_h19_s97: E=117.168 kWh, solver=28.00 s, oracle=19.05 s, feasible=True
DONE pso_n84_k6_h19_s97: E=133.126 kWh, solver=9.78 s, oracle=19.05 s, feasible=True
DONE ga_n84_k6_h19_s97: E=116.656 kWh, solver=17.01 s, oracle=19.05 s, feasible=True
DONE nn_n84_k7_h19_s97: E=131.180 kWh, solver=0.21 s, oracle=19.16 s, feasible=True
DONE nn_n84_k8_h19_s97: E=132.047 kWh, solver=0.22 s, oracle=19.40 s, feasible=True
DONE aco_n84_k7_h19_s97: E=107.626 kWh, solver=29.38 s, oracle=19.16 s, feasible=True
DONE aco_n84_k8_h19_s97: E=106.805 kWh, solver=29.06 s, oracle=19.40 s, feasible=True
DONE nn_n84_k9_h19_s97: E=136.984 kWh, solver=0.36 s, oracle=19.02 s, feasible=True
DONE pso_n84_k7_h19_s97: E=123.878 kWh, solver=13.32 s, oracle=19.16 s, feasible=True
DONE pso_n84_k8_h19_s97: E=130.131 kWh, solver=15.87 s, oracle=19.40 s, feasible=True
DONE ga_n84_k7_h19_s97: E=110.496 kWh, solver=22.13 s, oracle=19.16 s, feasible=True
DONE aco_n84_k9_h19_s97: E=108.135 kWh, solver=30.27 s, oracle=19.02 s, feasible=True
DONE ga_n84_k8_h19_s97: E=114.610 kWh, solver=23.18 s, oracle=19.40 s, feasible=True
DONE pso_n84_k9_h19_s97: E=129.458 kWh, solver=17.52 s, oracle=19.02 s, feasible=True
DONE nn_n84_k10_h19_s97: E=136.419 kWh, solver=0.31 s, oracle=19.13 s, feasible=True
DONE ga_n84_k9_h19_s97: E=118.499 kWh, solver=29.14 s, oracle=19.02 s, feasible=True
DONE nn_n84_k11_h19_s97: E=138.625 kWh, solver=0.38 s, oracle=19.06 s, feasible=True
DONE aco_n84_k10_h19_s97: E=106.776 kWh, solver=30.02 s, oracle=19.13 s, feasible=True
DONE aco_n84_k11_h19_s97: E=110.187 kWh, solver=29.32 s, oracle=19.06 s, feasible=True
DONE pso_n84_k10_h19_s97: E=131.253 kWh, solver=19.05 s, oracle=19.13 s, feasible=True
DONE nn_n84_k12_h19_s97: E=138.404 kWh, solver=0.50 s, oracle=19.00 s, feasible=True
DONE pso_n84_k11_h19_s97: E=133.992 kWh, solver=18.66 s, oracle=19.06 s, feasible=True
DONE ga_n84_k10_h19_s97: E=113.403 kWh, solver=30.97 s, oracle=19.13 s, feasible=True
DONE ga_n84_k11_h19_s97: E=116.025 kWh, solver=27.57 s, oracle=19.06 s, feasible=True
DONE aco_n84_k12_h19_s97: E=109.850 kWh, solver=30.94 s, oracle=19.00 s, feasible=True
DONE pso_n84_k12_h19_s97: E=127.243 kWh, solver=18.67 s, oracle=19.00 s, feasible=True
DONE nn_n84_k13_h19_s97: E=135.314 kWh, solver=0.39 s, oracle=18.84 s, feasible=True
DONE nn_n84_k14_h19_s97: E=137.274 kWh, solver=0.46 s, oracle=18.96 s, feasible=True
DONE ga_n84_k12_h19_s97: E=110.189 kWh, solver=35.51 s, oracle=19.00 s, feasible=True
DONE aco_n84_k13_h19_s97: E=114.134 kWh, solver=30.34 s, oracle=18.84 s, feasible=True
DONE aco_n84_k14_h19_s97: E=114.164 kWh, solver=30.38 s, oracle=18.96 s, feasible=True
DONE pso_n84_k13_h19_s97: E=128.838 kWh, solver=19.81 s, oracle=18.84 s, feasible=True
DONE pso_n84_k14_h19_s97: E=131.556 kWh, solver=20.13 s, oracle=18.96 s, feasible=True
DONE nn_n84_k6_h04_s107: E=96.162 kWh, solver=0.17 s, oracle=19.82 s, feasible=True
DONE ga_n84_k13_h19_s97: E=118.970 kWh, solver=30.27 s, oracle=18.84 s, feasible=True
DONE ga_n84_k14_h19_s97: E=120.833 kWh, solver=31.40 s, oracle=18.96 s, feasible=True
DONE aco_n84_k6_h04_s107: E=87.979 kWh, solver=27.54 s, oracle=19.82 s, feasible=True
DONE pso_n84_k6_h04_s107: E=93.778 kWh, solver=10.70 s, oracle=19.82 s, feasible=True
DONE ga_n84_k6_h04_s107: E=85.617 kWh, solver=15.95 s, oracle=19.82 s, feasible=True
DONE nn_n84_k7_h04_s107: E=95.544 kWh, solver=0.24 s, oracle=20.08 s, feasible=True
DONE nn_n84_k8_h04_s107: E=93.629 kWh, solver=0.29 s, oracle=20.38 s, feasible=True
DONE aco_n84_k7_h04_s107: E=79.877 kWh, solver=29.49 s, oracle=20.08 s, feasible=True
DONE nn_n84_k6_h11_s107: E=218.479 kWh, solver=0.18 s, oracle=18.60 s, feasible=True
DONE aco_n84_k8_h04_s107: E=81.229 kWh, solver=28.45 s, oracle=20.38 s, feasible=True
DONE pso_n84_k7_h04_s107: E=92.171 kWh, solver=16.16 s, oracle=20.08 s, feasible=True
DONE pso_n84_k8_h04_s107: E=90.977 kWh, solver=15.88 s, oracle=20.38 s, feasible=True
DONE aco_n84_k6_h11_s107: E=174.189 kWh, solver=27.50 s, oracle=18.60 s, feasible=True
DONE ga_n84_k7_h04_s107: E=82.181 kWh, solver=21.84 s, oracle=20.08 s, feasible=True
DONE pso_n84_k6_h11_s107: E=207.586 kWh, solver=12.19 s, oracle=18.60 s, feasible=True
DONE ga_n84_k8_h04_s107: E=80.480 kWh, solver=21.48 s, oracle=20.38 s, feasible=True
DONE ga_n84_k6_h11_s107: E=174.769 kWh, solver=15.84 s, oracle=18.60 s, feasible=True
DONE nn_n84_k7_h11_s107: E=200.587 kWh, solver=0.26 s, oracle=18.40 s, feasible=True
DONE nn_n84_k8_h11_s107: E=208.579 kWh, solver=0.25 s, oracle=18.42 s, feasible=True
DONE nn_n84_k6_h19_s107: E=126.941 kWh, solver=0.20 s, oracle=18.50 s, feasible=True
DONE aco_n84_k7_h11_s107: E=161.911 kWh, solver=30.02 s, oracle=18.40 s, feasible=True
DONE aco_n84_k8_h11_s107: E=161.729 kWh, solver=29.66 s, oracle=18.42 s, feasible=True
DONE pso_n84_k7_h11_s107: E=193.294 kWh, solver=12.29 s, oracle=18.40 s, feasible=True
DONE aco_n84_k6_h19_s107: E=110.318 kWh, solver=27.74 s, oracle=18.50 s, feasible=True
DONE pso_n84_k8_h11_s107: E=199.784 kWh, solver=18.41 s, oracle=18.42 s, feasible=True
DONE pso_n84_k6_h19_s107: E=121.531 kWh, solver=9.64 s, oracle=18.50 s, feasible=True
DONE ga_n84_k7_h11_s107: E=183.157 kWh, solver=20.19 s, oracle=18.40 s, feasible=True
DONE ga_n84_k6_h19_s107: E=113.394 kWh, solver=14.57 s, oracle=18.50 s, feasible=True
DONE ga_n84_k8_h11_s107: E=175.158 kWh, solver=23.09 s, oracle=18.42 s, feasible=True
DONE nn_n84_k7_h19_s107: E=136.759 kWh, solver=0.24 s, oracle=18.75 s, feasible=True
DONE nn_n84_k8_h19_s107: E=132.327 kWh, solver=0.23 s, oracle=18.90 s, feasible=True
DONE nn_n84_k6_h04_s117: E=94.457 kWh, solver=0.19 s, oracle=20.00 s, feasible=True
DONE aco_n84_k7_h19_s107: E=105.136 kWh, solver=29.45 s, oracle=18.75 s, feasible=True
DONE aco_n84_k8_h19_s107: E=105.312 kWh, solver=29.23 s, oracle=18.90 s, feasible=True
DONE aco_n84_k6_h04_s117: E=83.904 kWh, solver=27.32 s, oracle=20.00 s, feasible=True
DONE pso_n84_k7_h19_s107: E=132.949 kWh, solver=15.86 s, oracle=18.75 s, feasible=True
DONE pso_n84_k6_h04_s117: E=90.916 kWh, solver=10.73 s, oracle=20.00 s, feasible=True
DONE pso_n84_k8_h19_s107: E=130.059 kWh, solver=14.70 s, oracle=18.90 s, feasible=True
DONE ga_n84_k7_h19_s107: E=118.633 kWh, solver=21.99 s, oracle=18.75 s, feasible=True
DONE ga_n84_k6_h04_s117: E=84.682 kWh, solver=17.36 s, oracle=20.00 s, feasible=True
DONE ga_n84_k8_h19_s107: E=113.296 kWh, solver=22.31 s, oracle=18.90 s, feasible=True
DONE nn_n84_k7_h04_s117: E=97.387 kWh, solver=0.23 s, oracle=19.89 s, feasible=True
DONE nn_n84_k8_h04_s117: E=99.550 kWh, solver=0.27 s, oracle=19.90 s, feasible=True
DONE nn_n84_k6_h11_s117: E=209.856 kWh, solver=0.18 s, oracle=18.64 s, feasible=True
DONE aco_n84_k7_h04_s117: E=80.128 kWh, solver=29.30 s, oracle=19.89 s, feasible=True
DONE aco_n84_k8_h04_s117: E=80.265 kWh, solver=29.42 s, oracle=19.90 s, feasible=True
DONE aco_n84_k6_h11_s117: E=176.265 kWh, solver=27.52 s, oracle=18.64 s, feasible=True
DONE pso_n84_k6_h11_s117: E=201.532 kWh, solver=10.32 s, oracle=18.64 s, feasible=True
DONE pso_n84_k7_h04_s117: E=95.052 kWh, solver=18.06 s, oracle=19.89 s, feasible=True
DONE pso_n84_k8_h04_s117: E=94.280 kWh, solver=17.21 s, oracle=19.90 s, feasible=True
DONE ga_n84_k6_h11_s117: E=186.400 kWh, solver=19.86 s, oracle=18.64 s, feasible=True
DONE ga_n84_k7_h04_s117: E=88.330 kWh, solver=23.15 s, oracle=19.89 s, feasible=True
DONE ga_n84_k8_h04_s117: E=86.660 kWh, solver=25.72 s, oracle=19.90 s, feasible=True
DONE nn_n84_k7_h11_s117: E=207.708 kWh, solver=0.19 s, oracle=18.31 s, feasible=True
DONE nn_n84_k8_h11_s117: E=197.670 kWh, solver=0.24 s, oracle=18.91 s, feasible=True
DONE nn_n84_k6_h19_s117: E=125.374 kWh, solver=0.21 s, oracle=18.99 s, feasible=True
DONE aco_n84_k7_h11_s117: E=163.823 kWh, solver=28.79 s, oracle=18.31 s, feasible=True
DONE aco_n84_k8_h11_s117: E=167.693 kWh, solver=29.23 s, oracle=18.91 s, feasible=True
DONE aco_n84_k6_h19_s117: E=116.500 kWh, solver=27.34 s, oracle=18.99 s, feasible=True
DONE pso_n84_k7_h11_s117: E=195.605 kWh, solver=15.02 s, oracle=18.31 s, feasible=True
DONE pso_n84_k6_h19_s117: E=124.652 kWh, solver=10.60 s, oracle=18.99 s, feasible=True
DONE pso_n84_k8_h11_s117: E=181.918 kWh, solver=15.78 s, oracle=18.91 s, feasible=True
DONE ga_n84_k7_h11_s117: E=181.472 kWh, solver=22.80 s, oracle=18.31 s, feasible=True
DONE ga_n84_k6_h19_s117: E=117.026 kWh, solver=17.73 s, oracle=18.99 s, feasible=True
DONE ga_n84_k8_h11_s117: E=175.938 kWh, solver=23.19 s, oracle=18.91 s, feasible=True
DONE nn_n84_k7_h19_s117: E=122.634 kWh, solver=0.22 s, oracle=19.13 s, feasible=True
DONE nn_n84_k8_h19_s117: E=126.151 kWh, solver=0.30 s, oracle=19.57 s, feasible=True
DONE nn_n84_k6_h04_s127: E=99.134 kWh, solver=0.17 s, oracle=20.15 s, feasible=True
DONE aco_n84_k7_h19_s117: E=104.423 kWh, solver=29.22 s, oracle=19.13 s, feasible=True
DONE aco_n84_k8_h19_s117: E=107.867 kWh, solver=29.55 s, oracle=19.57 s, feasible=True
DONE aco_n84_k6_h04_s127: E=85.769 kWh, solver=27.11 s, oracle=20.15 s, feasible=True
DONE pso_n84_k7_h19_s117: E=120.015 kWh, solver=13.18 s, oracle=19.13 s, feasible=True
DONE pso_n84_k8_h19_s117: E=124.142 kWh, solver=15.57 s, oracle=19.57 s, feasible=True
DONE pso_n84_k6_h04_s127: E=95.118 kWh, solver=10.40 s, oracle=20.15 s, feasible=True
DONE ga_n84_k7_h19_s117: E=111.955 kWh, solver=21.89 s, oracle=19.13 s, feasible=True
DONE ga_n84_k8_h19_s117: E=112.113 kWh, solver=24.50 s, oracle=19.57 s, feasible=True
DONE ga_n84_k6_h04_s127: E=93.567 kWh, solver=32.01 s, oracle=20.15 s, feasible=True
DONE nn_n84_k7_h04_s127: E=99.135 kWh, solver=0.23 s, oracle=19.75 s, feasible=True
DONE nn_n84_k8_h04_s127: E=105.371 kWh, solver=0.25 s, oracle=20.24 s, feasible=True
DONE nn_n84_k6_h11_s127: E=203.261 kWh, solver=0.22 s, oracle=18.58 s, feasible=True
DONE aco_n84_k7_h04_s127: E=81.334 kWh, solver=28.76 s, oracle=19.75 s, feasible=True
DONE aco_n84_k8_h04_s127: E=80.579 kWh, solver=29.24 s, oracle=20.24 s, feasible=True
DONE aco_n84_k6_h11_s127: E=186.372 kWh, solver=27.49 s, oracle=18.58 s, feasible=True
DONE pso_n84_k7_h04_s127: E=94.647 kWh, solver=17.04 s, oracle=19.75 s, feasible=True
DONE pso_n84_k8_h04_s127: E=101.401 kWh, solver=18.66 s, oracle=20.24 s, feasible=True
DONE pso_n84_k6_h11_s127: E=200.448 kWh, solver=12.39 s, oracle=18.58 s, feasible=True
DONE ga_n84_k7_h04_s127: E=81.078 kWh, solver=28.12 s, oracle=19.75 s, feasible=True
DONE ga_n84_k6_h11_s127: E=181.270 kWh, solver=24.47 s, oracle=18.58 s, feasible=True
DONE ga_n84_k8_h04_s127: E=84.338 kWh, solver=29.50 s, oracle=20.24 s, feasible=True
DONE nn_n84_k7_h11_s127: E=197.908 kWh, solver=0.21 s, oracle=20.80 s, feasible=True
DONE nn_n84_k8_h11_s127: E=192.789 kWh, solver=0.31 s, oracle=20.47 s, feasible=True
DONE nn_n84_k6_h19_s127: E=132.812 kWh, solver=0.18 s, oracle=19.97 s, feasible=True
DONE aco_n84_k7_h11_s127: E=166.537 kWh, solver=29.50 s, oracle=20.80 s, feasible=True
DONE aco_n84_k8_h11_s127: E=163.273 kWh, solver=29.89 s, oracle=20.47 s, feasible=True
DONE aco_n84_k6_h19_s127: E=114.425 kWh, solver=27.94 s, oracle=19.97 s, feasible=True
DONE pso_n84_k7_h11_s127: E=187.281 kWh, solver=17.34 s, oracle=20.80 s, feasible=True
DONE pso_n84_k6_h19_s127: E=130.523 kWh, solver=10.94 s, oracle=19.97 s, feasible=True
DONE pso_n84_k8_h11_s127: E=181.763 kWh, solver=18.08 s, oracle=20.47 s, feasible=True
DONE ga_n84_k7_h11_s127: E=171.992 kWh, solver=23.01 s, oracle=20.80 s, feasible=True
DONE ga_n84_k6_h19_s127: E=119.394 kWh, solver=21.98 s, oracle=19.97 s, feasible=True
DONE ga_n84_k8_h11_s127: E=174.857 kWh, solver=22.65 s, oracle=20.47 s, feasible=True
DONE nn_n84_k7_h19_s127: E=129.617 kWh, solver=0.23 s, oracle=19.02 s, feasible=True
DONE nn_n84_k8_h19_s127: E=130.941 kWh, solver=0.24 s, oracle=19.46 s, feasible=True
DONE nn_n84_k6_h04_s137: E=96.048 kWh, solver=0.18 s, oracle=20.38 s, feasible=True
DONE aco_n84_k7_h19_s127: E=107.442 kWh, solver=29.63 s, oracle=19.02 s, feasible=True
DONE aco_n84_k8_h19_s127: E=108.658 kWh, solver=30.06 s, oracle=19.46 s, feasible=True
DONE aco_n84_k6_h04_s137: E=84.731 kWh, solver=27.13 s, oracle=20.38 s, feasible=True
DONE pso_n84_k7_h19_s127: E=125.953 kWh, solver=13.89 s, oracle=19.02 s, feasible=True
DONE pso_n84_k6_h04_s137: E=94.716 kWh, solver=9.48 s, oracle=20.38 s, feasible=True
DONE pso_n84_k8_h19_s127: E=127.475 kWh, solver=15.69 s, oracle=19.46 s, feasible=True
DONE ga_n84_k7_h19_s127: E=112.326 kWh, solver=23.85 s, oracle=19.02 s, feasible=True
DONE ga_n84_k6_h04_s137: E=88.324 kWh, solver=24.79 s, oracle=20.38 s, feasible=True
DONE ga_n84_k8_h19_s127: E=113.531 kWh, solver=33.07 s, oracle=19.46 s, feasible=True
DONE nn_n84_k7_h04_s137: E=97.497 kWh, solver=0.23 s, oracle=19.77 s, feasible=True
DONE nn_n84_k8_h04_s137: E=103.781 kWh, solver=0.24 s, oracle=20.05 s, feasible=True
DONE nn_n84_k6_h11_s137: E=215.840 kWh, solver=0.20 s, oracle=18.70 s, feasible=True
DONE aco_n84_k7_h04_s137: E=78.628 kWh, solver=29.33 s, oracle=19.77 s, feasible=True
DONE aco_n84_k8_h04_s137: E=80.255 kWh, solver=29.52 s, oracle=20.05 s, feasible=True
DONE aco_n84_k6_h11_s137: E=174.187 kWh, solver=27.28 s, oracle=18.70 s, feasible=True
DONE pso_n84_k7_h04_s137: E=94.249 kWh, solver=16.75 s, oracle=19.77 s, feasible=True
DONE pso_n84_k8_h04_s137: E=100.644 kWh, solver=16.75 s, oracle=20.05 s, feasible=True
DONE pso_n84_k6_h11_s137: E=210.802 kWh, solver=11.02 s, oracle=18.70 s, feasible=True
DONE ga_n84_k6_h11_s137: E=198.158 kWh, solver=16.66 s, oracle=18.70 s, feasible=True
DONE ga_n84_k7_h04_s137: E=88.150 kWh, solver=24.29 s, oracle=19.77 s, feasible=True
DONE ga_n84_k8_h04_s137: E=85.248 kWh, solver=24.22 s, oracle=20.05 s, feasible=True
DONE nn_n84_k7_h11_s137: E=211.203 kWh, solver=0.24 s, oracle=18.77 s, feasible=True
DONE nn_n84_k8_h11_s137: E=207.606 kWh, solver=0.24 s, oracle=18.76 s, feasible=True
DONE nn_n84_k6_h19_s137: E=135.137 kWh, solver=0.16 s, oracle=19.28 s, feasible=True
DONE aco_n84_k7_h11_s137: E=167.200 kWh, solver=30.54 s, oracle=18.77 s, feasible=True
DONE aco_n84_k8_h11_s137: E=159.679 kWh, solver=28.88 s, oracle=18.76 s, feasible=True
DONE aco_n84_k6_h19_s137: E=111.946 kWh, solver=27.69 s, oracle=19.28 s, feasible=True
DONE pso_n84_k7_h11_s137: E=208.202 kWh, solver=13.69 s, oracle=18.77 s, feasible=True
DONE pso_n84_k6_h19_s137: E=131.554 kWh, solver=11.00 s, oracle=19.28 s, feasible=True
DONE pso_n84_k8_h11_s137: E=196.124 kWh, solver=15.14 s, oracle=18.76 s, feasible=True
DONE ga_n84_k7_h11_s137: E=187.315 kWh, solver=22.27 s, oracle=18.77 s, feasible=True
DONE ga_n84_k6_h19_s137: E=127.592 kWh, solver=23.98 s, oracle=19.28 s, feasible=True
DONE ga_n84_k8_h11_s137: E=177.708 kWh, solver=25.91 s, oracle=18.76 s, feasible=True
DONE nn_n84_k7_h19_s137: E=128.630 kWh, solver=0.26 s, oracle=19.31 s, feasible=True
DONE nn_n84_k8_h19_s137: E=129.141 kWh, solver=0.21 s, oracle=19.28 s, feasible=True
DONE nn_n84_k6_h04_s147: E=99.740 kWh, solver=0.16 s, oracle=20.15 s, feasible=True
DONE aco_n84_k7_h19_s137: E=105.756 kWh, solver=29.01 s, oracle=19.31 s, feasible=True
DONE aco_n84_k8_h19_s137: E=106.755 kWh, solver=29.25 s, oracle=19.28 s, feasible=True
DONE aco_n84_k6_h04_s147: E=87.049 kWh, solver=27.32 s, oracle=20.15 s, feasible=True
DONE pso_n84_k7_h19_s137: E=124.898 kWh, solver=15.40 s, oracle=19.31 s, feasible=True
DONE pso_n84_k6_h04_s147: E=97.645 kWh, solver=11.81 s, oracle=20.15 s, feasible=True
DONE pso_n84_k8_h19_s137: E=126.138 kWh, solver=14.48 s, oracle=19.28 s, feasible=True
DONE ga_n84_k6_h04_s147: E=92.922 kWh, solver=17.76 s, oracle=20.15 s, feasible=True
DONE ga_n84_k7_h19_s137: E=107.471 kWh, solver=22.83 s, oracle=19.31 s, feasible=True
DONE ga_n84_k8_h19_s137: E=110.758 kWh, solver=26.85 s, oracle=19.28 s, feasible=True
DONE nn_n84_k7_h04_s147: E=104.768 kWh, solver=0.23 s, oracle=19.76 s, feasible=True
DONE nn_n84_k8_h04_s147: E=102.985 kWh, solver=0.26 s, oracle=19.74 s, feasible=True
DONE nn_n84_k6_h11_s147: E=200.385 kWh, solver=0.23 s, oracle=18.33 s, feasible=True
DONE aco_n84_k7_h04_s147: E=79.591 kWh, solver=29.16 s, oracle=19.76 s, feasible=True
DONE aco_n84_k8_h04_s147: E=78.835 kWh, solver=29.29 s, oracle=19.74 s, feasible=True
DONE aco_n84_k6_h11_s147: E=173.008 kWh, solver=27.34 s, oracle=18.33 s, feasible=True
DONE pso_n84_k7_h04_s147: E=101.505 kWh, solver=16.62 s, oracle=19.76 s, feasible=True
DONE pso_n84_k6_h11_s147: E=196.475 kWh, solver=10.39 s, oracle=18.33 s, feasible=True
DONE pso_n84_k8_h04_s147: E=100.603 kWh, solver=16.71 s, oracle=19.74 s, feasible=True
DONE ga_n84_k6_h11_s147: E=180.376 kWh, solver=19.37 s, oracle=18.33 s, feasible=True
DONE ga_n84_k7_h04_s147: E=87.329 kWh, solver=28.27 s, oracle=19.76 s, feasible=True
DONE ga_n84_k8_h04_s147: E=87.379 kWh, solver=29.74 s, oracle=19.74 s, feasible=True
DONE nn_n84_k7_h11_s147: E=208.469 kWh, solver=0.19 s, oracle=18.29 s, feasible=True
DONE nn_n84_k8_h11_s147: E=210.859 kWh, solver=0.30 s, oracle=18.52 s, feasible=True
DONE nn_n84_k6_h19_s147: E=136.830 kWh, solver=0.17 s, oracle=19.02 s, feasible=True
DONE aco_n84_k7_h11_s147: E=161.547 kWh, solver=29.66 s, oracle=18.29 s, feasible=True
DONE aco_n84_k8_h11_s147: E=164.330 kWh, solver=29.02 s, oracle=18.52 s, feasible=True
DONE aco_n84_k6_h19_s147: E=113.015 kWh, solver=27.61 s, oracle=19.02 s, feasible=True
DONE pso_n84_k7_h11_s147: E=203.791 kWh, solver=13.82 s, oracle=18.29 s, feasible=True
DONE pso_n84_k6_h19_s147: E=135.856 kWh, solver=9.14 s, oracle=19.02 s, feasible=True
DONE pso_n84_k8_h11_s147: E=206.103 kWh, solver=17.41 s, oracle=18.52 s, feasible=True
DONE ga_n84_k6_h19_s147: E=124.430 kWh, solver=21.83 s, oracle=19.02 s, feasible=True
DONE ga_n84_k7_h11_s147: E=186.440 kWh, solver=28.68 s, oracle=18.29 s, feasible=True
DONE ga_n84_k8_h11_s147: E=178.833 kWh, solver=27.51 s, oracle=18.52 s, feasible=True
DONE nn_n84_k7_h19_s147: E=124.910 kWh, solver=0.21 s, oracle=18.96 s, feasible=True
DONE nn_n84_k8_h19_s147: E=126.978 kWh, solver=0.27 s, oracle=18.73 s, feasible=True
DONE nn_n84_k6_h04_s157: E=99.774 kWh, solver=0.20 s, oracle=19.80 s, feasible=True
DONE aco_n84_k7_h19_s147: E=107.137 kWh, solver=28.73 s, oracle=18.96 s, feasible=True
DONE aco_n84_k8_h19_s147: E=106.834 kWh, solver=29.97 s, oracle=18.73 s, feasible=True
DONE aco_n84_k6_h04_s157: E=85.727 kWh, solver=27.99 s, oracle=19.80 s, feasible=True
DONE pso_n84_k7_h19_s147: E=121.809 kWh, solver=14.86 s, oracle=18.96 s, feasible=True
DONE pso_n84_k8_h19_s147: E=123.768 kWh, solver=18.23 s, oracle=18.73 s, feasible=True
DONE pso_n84_k6_h04_s157: E=94.506 kWh, solver=10.99 s, oracle=19.80 s, feasible=True
DONE ga_n84_k7_h19_s147: E=108.679 kWh, solver=25.07 s, oracle=18.96 s, feasible=True
DONE ga_n84_k6_h04_s157: E=84.636 kWh, solver=18.37 s, oracle=19.80 s, feasible=True
DONE ga_n84_k8_h19_s147: E=110.446 kWh, solver=26.69 s, oracle=18.73 s, feasible=True
DONE nn_n84_k7_h04_s157: E=96.548 kWh, solver=0.25 s, oracle=19.68 s, feasible=True
DONE nn_n84_k6_h11_s157: E=201.182 kWh, solver=0.17 s, oracle=18.53 s, feasible=True
DONE nn_n84_k7_h11_s157: E=191.907 kWh, solver=0.20 s, oracle=18.61 s, feasible=True
DONE aco_n84_k6_h11_s157: E=174.280 kWh, solver=27.45 s, oracle=18.53 s, feasible=True
DONE aco_n84_k7_h04_s157: E=80.636 kWh, solver=29.05 s, oracle=19.68 s, feasible=True
DONE aco_n84_k7_h11_s157: E=163.235 kWh, solver=29.27 s, oracle=18.61 s, feasible=True
DONE pso_n84_k6_h11_s157: E=197.988 kWh, solver=10.23 s, oracle=18.53 s, feasible=True
DONE pso_n84_k7_h04_s157: E=93.222 kWh, solver=14.76 s, oracle=19.68 s, feasible=True
DONE pso_n84_k7_h11_s157: E=187.467 kWh, solver=13.83 s, oracle=18.61 s, feasible=True
DONE ga_n84_k6_h11_s157: E=182.350 kWh, solver=18.69 s, oracle=18.53 s, feasible=True
DONE ga_n84_k7_h04_s157: E=83.033 kWh, solver=26.07 s, oracle=19.68 s, feasible=True
DONE ga_n84_k7_h11_s157: E=174.025 kWh, solver=22.94 s, oracle=18.61 s, feasible=True
DONE nn_n84_k8_h11_s157: E=201.967 kWh, solver=0.28 s, oracle=18.06 s, feasible=True
DONE nn_n84_k6_h19_s157: E=131.915 kWh, solver=0.18 s, oracle=19.13 s, feasible=True
DONE nn_n84_k7_h19_s157: E=139.848 kWh, solver=0.22 s, oracle=18.86 s, feasible=True
DONE aco_n84_k8_h11_s157: E=166.055 kWh, solver=30.25 s, oracle=18.06 s, feasible=True
DONE aco_n84_k6_h19_s157: E=110.648 kWh, solver=28.22 s, oracle=19.13 s, feasible=True
DONE aco_n84_k7_h19_s157: E=107.189 kWh, solver=29.74 s, oracle=18.86 s, feasible=True
DONE pso_n84_k8_h11_s157: E=189.437 kWh, solver=17.25 s, oracle=18.06 s, feasible=True
DONE pso_n84_k6_h19_s157: E=128.042 kWh, solver=10.27 s, oracle=19.13 s, feasible=True
DONE pso_n84_k7_h19_s157: E=135.199 kWh, solver=16.71 s, oracle=18.86 s, feasible=True
DONE ga_n84_k6_h19_s157: E=121.525 kWh, solver=17.49 s, oracle=19.13 s, feasible=True
DONE ga_n84_k8_h11_s157: E=177.079 kWh, solver=23.69 s, oracle=18.06 s, feasible=True
DONE ga_n84_k7_h19_s157: E=113.120 kWh, solver=25.22 s, oracle=18.86 s, feasible=True
DONE nn_n84_k8_h19_s157: E=138.374 kWh, solver=0.24 s, oracle=18.54 s, feasible=True
DONE nn_n84_k6_h04_s167: E=100.791 kWh, solver=0.19 s, oracle=19.37 s, feasible=True
DONE nn_n84_k7_h04_s167: E=97.313 kWh, solver=0.19 s, oracle=19.61 s, feasible=True
DONE aco_n84_k6_h04_s167: E=84.243 kWh, solver=27.57 s, oracle=19.37 s, feasible=True
DONE aco_n84_k8_h19_s157: E=107.789 kWh, solver=29.42 s, oracle=18.54 s, feasible=True
DONE pso_n84_k6_h04_s167: E=99.368 kWh, solver=11.15 s, oracle=19.37 s, feasible=True
DONE pso_n84_k8_h19_s157: E=133.254 kWh, solver=13.92 s, oracle=18.54 s, feasible=True
DONE aco_n84_k7_h04_s167: E=80.640 kWh, solver=28.59 s, oracle=19.61 s, feasible=True
DONE ga_n84_k6_h04_s167: E=92.318 kWh, solver=17.76 s, oracle=19.37 s, feasible=True
DONE pso_n84_k7_h04_s167: E=94.096 kWh, solver=17.11 s, oracle=19.61 s, feasible=True
DONE ga_n84_k8_h19_s157: E=115.531 kWh, solver=30.51 s, oracle=18.54 s, feasible=True
DONE ga_n84_k7_h04_s167: E=84.679 kWh, solver=23.21 s, oracle=19.61 s, feasible=True
DONE nn_n84_k8_h04_s167: E=100.011 kWh, solver=0.28 s, oracle=19.50 s, feasible=True
DONE nn_n84_k6_h11_s167: E=197.782 kWh, solver=0.21 s, oracle=18.25 s, feasible=True
DONE nn_n84_k7_h11_s167: E=198.258 kWh, solver=0.28 s, oracle=17.96 s, feasible=True
DONE aco_n84_k8_h04_s167: E=80.621 kWh, solver=29.53 s, oracle=19.50 s, feasible=True
DONE aco_n84_k6_h11_s167: E=180.908 kWh, solver=27.84 s, oracle=18.25 s, feasible=True
DONE pso_n84_k8_h04_s167: E=94.537 kWh, solver=16.03 s, oracle=19.50 s, feasible=True
DONE pso_n84_k6_h11_s167: E=195.637 kWh, solver=9.56 s, oracle=18.25 s, feasible=True
DONE aco_n84_k7_h11_s167: E=162.156 kWh, solver=29.87 s, oracle=17.96 s, feasible=True
DONE ga_n84_k6_h11_s167: E=184.344 kWh, solver=16.76 s, oracle=18.25 s, feasible=True
DONE ga_n84_k8_h04_s167: E=87.177 kWh, solver=24.00 s, oracle=19.50 s, feasible=True
DONE pso_n84_k7_h11_s167: E=195.102 kWh, solver=13.30 s, oracle=17.96 s, feasible=True
DONE ga_n84_k7_h11_s167: E=176.111 kWh, solver=21.20 s, oracle=17.96 s, feasible=True
DONE nn_n84_k8_h11_s167: E=204.291 kWh, solver=0.23 s, oracle=18.58 s, feasible=True
DONE nn_n84_k6_h19_s167: E=130.037 kWh, solver=0.22 s, oracle=19.14 s, feasible=True
DONE nn_n84_k7_h19_s167: E=130.371 kWh, solver=0.19 s, oracle=18.70 s, feasible=True
DONE aco_n84_k8_h11_s167: E=163.524 kWh, solver=28.98 s, oracle=18.58 s, feasible=True
DONE aco_n84_k6_h19_s167: E=118.506 kWh, solver=27.63 s, oracle=19.14 s, feasible=True
DONE pso_n84_k6_h19_s167: E=126.552 kWh, solver=10.17 s, oracle=19.14 s, feasible=True
DONE pso_n84_k8_h11_s167: E=192.059 kWh, solver=14.95 s, oracle=18.58 s, feasible=True
DONE aco_n84_k7_h19_s167: E=106.927 kWh, solver=28.85 s, oracle=18.70 s, feasible=True
DONE ga_n84_k6_h19_s167: E=119.973 kWh, solver=17.97 s, oracle=19.14 s, feasible=True
DONE ga_n84_k8_h11_s167: E=175.483 kWh, solver=22.86 s, oracle=18.58 s, feasible=True
DONE pso_n84_k7_h19_s167: E=128.782 kWh, solver=14.57 s, oracle=18.70 s, feasible=True
DONE ga_n84_k7_h19_s167: E=119.537 kWh, solver=22.38 s, oracle=18.70 s, feasible=True
DONE nn_n84_k8_h19_s167: E=127.273 kWh, solver=0.27 s, oracle=18.66 s, feasible=True
DONE nn_n84_k6_h04_s177: E=103.217 kWh, solver=0.17 s, oracle=19.72 s, feasible=True
DONE aco_n84_k8_h19_s167: E=104.342 kWh, solver=29.33 s, oracle=18.66 s, feasible=True
DONE nn_n84_k7_h04_s177: E=105.481 kWh, solver=0.20 s, oracle=19.47 s, feasible=True
DONE aco_n84_k6_h04_s177: E=86.692 kWh, solver=27.47 s, oracle=19.72 s, feasible=True
DONE pso_n84_k8_h19_s167: E=125.014 kWh, solver=14.69 s, oracle=18.66 s, feasible=True
DONE pso_n84_k6_h04_s177: E=98.846 kWh, solver=11.97 s, oracle=19.72 s, feasible=True
DONE aco_n84_k7_h04_s177: E=79.608 kWh, solver=29.15 s, oracle=19.47 s, feasible=True
DONE ga_n84_k6_h04_s177: E=85.430 kWh, solver=17.69 s, oracle=19.72 s, feasible=True
DONE ga_n84_k8_h19_s167: E=117.293 kWh, solver=24.43 s, oracle=18.66 s, feasible=True
DONE pso_n84_k7_h04_s177: E=101.494 kWh, solver=13.52 s, oracle=19.47 s, feasible=True
DONE ga_n84_k7_h04_s177: E=83.973 kWh, solver=23.36 s, oracle=19.47 s, feasible=True
DONE nn_n84_k6_h11_s177: E=202.360 kWh, solver=0.18 s, oracle=18.33 s, feasible=True
DONE nn_n84_k8_h04_s177: E=104.551 kWh, solver=0.20 s, oracle=19.74 s, feasible=True
DONE aco_n84_k6_h11_s177: E=182.100 kWh, solver=28.56 s, oracle=18.33 s, feasible=True
DONE aco_n84_k8_h04_s177: E=81.792 kWh, solver=29.62 s, oracle=19.74 s, feasible=True
DONE nn_n84_k7_h11_s177: E=200.211 kWh, solver=0.24 s, oracle=18.20 s, feasible=True
DONE pso_n84_k6_h11_s177: E=197.098 kWh, solver=10.10 s, oracle=18.33 s, feasible=True
DONE pso_n84_k8_h04_s177: E=98.077 kWh, solver=16.56 s, oracle=19.74 s, feasible=True
DONE ga_n84_k6_h11_s177: E=177.413 kWh, solver=15.65 s, oracle=18.33 s, feasible=True
DONE aco_n84_k7_h11_s177: E=160.201 kWh, solver=30.63 s, oracle=18.20 s, feasible=True
DONE ga_n84_k8_h04_s177: E=86.094 kWh, solver=25.62 s, oracle=19.74 s, feasible=True
DONE pso_n84_k7_h11_s177: E=188.640 kWh, solver=16.73 s, oracle=18.20 s, feasible=True
DONE nn_n84_k8_h11_s177: E=199.765 kWh, solver=0.24 s, oracle=17.97 s, feasible=True
DONE ga_n84_k7_h11_s177: E=174.195 kWh, solver=22.59 s, oracle=18.20 s, feasible=True
DONE nn_n84_k6_h19_s177: E=128.586 kWh, solver=0.21 s, oracle=19.09 s, feasible=True
DONE aco_n84_k8_h11_s177: E=159.893 kWh, solver=29.07 s, oracle=17.97 s, feasible=True
DONE pso_n84_k8_h11_s177: E=191.708 kWh, solver=15.92 s, oracle=17.97 s, feasible=True
DONE aco_n84_k6_h19_s177: E=115.580 kWh, solver=28.00 s, oracle=19.09 s, feasible=True
DONE nn_n84_k7_h19_s177: E=132.991 kWh, solver=0.21 s, oracle=18.67 s, feasible=True
DONE pso_n84_k6_h19_s177: E=126.988 kWh, solver=10.32 s, oracle=19.09 s, feasible=True
DONE ga_n84_k8_h11_s177: E=171.657 kWh, solver=24.83 s, oracle=17.97 s, feasible=True
DONE ga_n84_k6_h19_s177: E=118.452 kWh, solver=16.90 s, oracle=19.09 s, feasible=True
DONE aco_n84_k7_h19_s177: E=106.655 kWh, solver=29.85 s, oracle=18.67 s, feasible=True
DONE pso_n84_k7_h19_s177: E=127.689 kWh, solver=16.81 s, oracle=18.67 s, feasible=True
DONE nn_n84_k8_h19_s177: E=137.906 kWh, solver=0.23 s, oracle=18.70 s, feasible=True
DONE ga_n84_k7_h19_s177: E=118.607 kWh, solver=25.75 s, oracle=18.67 s, feasible=True
DONE nn_n84_k6_h04_s187: E=104.374 kWh, solver=0.20 s, oracle=19.71 s, feasible=True
DONE aco_n84_k8_h19_s177: E=108.317 kWh, solver=29.26 s, oracle=18.70 s, feasible=True
DONE aco_n84_k6_h04_s187: E=85.480 kWh, solver=27.85 s, oracle=19.71 s, feasible=True
DONE pso_n84_k8_h19_s177: E=131.283 kWh, solver=16.89 s, oracle=18.70 s, feasible=True
DONE pso_n84_k6_h04_s187: E=102.020 kWh, solver=12.09 s, oracle=19.71 s, feasible=True
DONE nn_n84_k7_h04_s187: E=103.320 kWh, solver=0.20 s, oracle=19.87 s, feasible=True
DONE ga_n84_k6_h04_s187: E=89.528 kWh, solver=19.87 s, oracle=19.71 s, feasible=True
DONE ga_n84_k8_h19_s177: E=118.139 kWh, solver=24.20 s, oracle=18.70 s, feasible=True
DONE aco_n84_k7_h04_s187: E=79.346 kWh, solver=28.79 s, oracle=19.87 s, feasible=True
DONE pso_n84_k7_h04_s187: E=99.451 kWh, solver=15.83 s, oracle=19.87 s, feasible=True
DONE nn_n84_k8_h04_s187: E=102.976 kWh, solver=0.26 s, oracle=19.46 s, feasible=True
DONE nn_n84_k6_h11_s187: E=204.947 kWh, solver=0.20 s, oracle=18.63 s, feasible=True
DONE ga_n84_k7_h04_s187: E=88.211 kWh, solver=26.06 s, oracle=19.87 s, feasible=True
DONE aco_n84_k8_h04_s187: E=79.192 kWh, solver=28.69 s, oracle=19.46 s, feasible=True
DONE aco_n84_k6_h11_s187: E=172.849 kWh, solver=26.95 s, oracle=18.63 s, feasible=True
DONE pso_n84_k6_h11_s187: E=201.320 kWh, solver=10.35 s, oracle=18.63 s, feasible=True
DONE pso_n84_k8_h04_s187: E=99.022 kWh, solver=17.40 s, oracle=19.46 s, feasible=True
DONE ga_n84_k6_h11_s187: E=190.107 kWh, solver=17.72 s, oracle=18.63 s, feasible=True
DONE nn_n84_k7_h11_s187: E=199.893 kWh, solver=0.23 s, oracle=18.50 s, feasible=True
DONE ga_n84_k8_h04_s187: E=87.143 kWh, solver=25.90 s, oracle=19.46 s, feasible=True
DONE aco_n84_k7_h11_s187: E=166.729 kWh, solver=29.59 s, oracle=18.50 s, feasible=True
DONE pso_n84_k7_h11_s187: E=188.602 kWh, solver=14.53 s, oracle=18.50 s, feasible=True
DONE nn_n84_k8_h11_s187: E=199.979 kWh, solver=0.26 s, oracle=18.26 s, feasible=True
DONE nn_n84_k6_h19_s187: E=145.460 kWh, solver=0.20 s, oracle=18.81 s, feasible=True
DONE ga_n84_k7_h11_s187: E=177.472 kWh, solver=26.73 s, oracle=18.50 s, feasible=True
DONE aco_n84_k8_h11_s187: E=163.516 kWh, solver=30.70 s, oracle=18.26 s, feasible=True
DONE aco_n84_k6_h19_s187: E=113.476 kWh, solver=27.50 s, oracle=18.81 s, feasible=True
DONE pso_n84_k8_h11_s187: E=196.091 kWh, solver=14.29 s, oracle=18.26 s, feasible=True
DONE pso_n84_k6_h19_s187: E=143.173 kWh, solver=10.78 s, oracle=18.81 s, feasible=True
DONE ga_n84_k8_h11_s187: E=175.568 kWh, solver=24.68 s, oracle=18.26 s, feasible=True
DONE ga_n84_k6_h19_s187: E=127.115 kWh, solver=19.13 s, oracle=18.81 s, feasible=True
DONE nn_n84_k7_h19_s187: E=130.049 kWh, solver=0.21 s, oracle=18.88 s, feasible=True
DONE aco_n84_k7_h19_s187: E=107.504 kWh, solver=30.45 s, oracle=18.88 s, feasible=True
DONE nn_n84_k8_h19_s187: E=134.339 kWh, solver=0.23 s, oracle=18.95 s, feasible=True
DONE nn_n84_k6_h04_s197: E=98.581 kWh, solver=0.19 s, oracle=19.89 s, feasible=True
DONE pso_n84_k7_h19_s187: E=127.474 kWh, solver=17.47 s, oracle=18.88 s, feasible=True
DONE ga_n84_k7_h19_s187: E=111.463 kWh, solver=23.24 s, oracle=18.88 s, feasible=True
DONE aco_n84_k8_h19_s187: E=106.410 kWh, solver=28.78 s, oracle=18.95 s, feasible=True
DONE aco_n84_k6_h04_s197: E=84.995 kWh, solver=27.42 s, oracle=19.89 s, feasible=True
DONE pso_n84_k6_h04_s197: E=95.266 kWh, solver=9.62 s, oracle=19.89 s, feasible=True
DONE pso_n84_k8_h19_s187: E=130.797 kWh, solver=15.99 s, oracle=18.95 s, feasible=True
DONE ga_n84_k6_h04_s197: E=90.954 kWh, solver=16.83 s, oracle=19.89 s, feasible=True
DONE ga_n84_k8_h19_s187: E=117.787 kWh, solver=24.71 s, oracle=18.95 s, feasible=True
DONE nn_n84_k7_h04_s197: E=102.733 kWh, solver=0.24 s, oracle=19.90 s, feasible=True
DONE aco_n84_k7_h04_s197: E=80.107 kWh, solver=28.63 s, oracle=19.90 s, feasible=True
DONE nn_n84_k8_h04_s197: E=101.936 kWh, solver=0.30 s, oracle=19.53 s, feasible=True
DONE nn_n84_k6_h11_s197: E=222.101 kWh, solver=0.17 s, oracle=18.25 s, feasible=True
DONE pso_n84_k7_h04_s197: E=99.274 kWh, solver=16.40 s, oracle=19.90 s, feasible=True
DONE aco_n84_k8_h04_s197: E=81.672 kWh, solver=29.64 s, oracle=19.53 s, feasible=True
DONE ga_n84_k7_h04_s197: E=89.324 kWh, solver=21.85 s, oracle=19.90 s, feasible=True
DONE aco_n84_k6_h11_s197: E=173.192 kWh, solver=27.95 s, oracle=18.25 s, feasible=True
DONE pso_n84_k8_h04_s197: E=100.033 kWh, solver=15.62 s, oracle=19.53 s, feasible=True
DONE pso_n84_k6_h11_s197: E=207.764 kWh, solver=12.76 s, oracle=18.25 s, feasible=True
DONE ga_n84_k6_h11_s197: E=194.552 kWh, solver=16.84 s, oracle=18.25 s, feasible=True
DONE ga_n84_k8_h04_s197: E=87.781 kWh, solver=25.28 s, oracle=19.53 s, feasible=True
DONE nn_n84_k7_h11_s197: E=204.480 kWh, solver=0.28 s, oracle=18.26 s, feasible=True
DONE aco_n84_k7_h11_s197: E=159.938 kWh, solver=28.90 s, oracle=18.26 s, feasible=True
DONE nn_n84_k8_h11_s197: E=195.739 kWh, solver=0.27 s, oracle=18.50 s, feasible=True
DONE nn_n84_k6_h19_s197: E=137.866 kWh, solver=0.14 s, oracle=19.22 s, feasible=True
DONE pso_n84_k7_h11_s197: E=195.713 kWh, solver=15.97 s, oracle=18.26 s, feasible=True
DONE aco_n84_k8_h11_s197: E=162.972 kWh, solver=28.98 s, oracle=18.50 s, feasible=True
DONE aco_n84_k6_h19_s197: E=112.253 kWh, solver=27.87 s, oracle=19.22 s, feasible=True
DONE ga_n84_k7_h11_s197: E=176.221 kWh, solver=22.10 s, oracle=18.26 s, feasible=True
DONE pso_n84_k6_h19_s197: E=136.388 kWh, solver=10.71 s, oracle=19.22 s, feasible=True
DONE pso_n84_k8_h11_s197: E=188.345 kWh, solver=18.34 s, oracle=18.50 s, feasible=True
DONE ga_n84_k6_h19_s197: E=123.706 kWh, solver=17.33 s, oracle=19.22 s, feasible=True
DONE ga_n84_k8_h11_s197: E=173.378 kWh, solver=21.94 s, oracle=18.50 s, feasible=True
DONE nn_n84_k7_h19_s197: E=127.731 kWh, solver=0.18 s, oracle=18.35 s, feasible=True
DONE nn_n84_k8_h19_s197: E=127.053 kWh, solver=0.25 s, oracle=17.83 s, feasible=True
DONE aco_n84_k7_h19_s197: E=106.682 kWh, solver=27.72 s, oracle=18.35 s, feasible=True
DONE pso_n84_k7_h19_s197: E=125.880 kWh, solver=12.95 s, oracle=18.35 s, feasible=True
DONE aco_n84_k8_h19_s197: E=106.441 kWh, solver=28.37 s, oracle=17.83 s, feasible=True
DONE ga_n84_k7_h19_s197: E=114.159 kWh, solver=21.72 s, oracle=18.35 s, feasible=True
DONE pso_n84_k8_h19_s197: E=125.485 kWh, solver=14.39 s, oracle=17.83 s, feasible=True
DONE ga_n84_k8_h19_s197: E=112.359 kWh, solver=21.56 s, oracle=17.83 s, feasible=True
