run_id,method,n_bins,vehicles,start_hour,seed,energy_kwh,battery_remaining_mean_kwh,battery_remaining_min_kwh,battery_remaining_total_kwh,oracle_prep_s,runtime_s,makespan_s,served_bins,served_demand_kg,active_vehicles,exact_coverage,capacity_feasible,battery_feasible,return_feasible,feasible,exact_global_factor_graph,rounds,converged,total_demand_kg,target_total_demand_kg,source_csv,demand_seed,solver_seed,total_runtime_s,wall_runtime_s,route_message_mode
aco_n84_k6_h04_s7,aco,84,6,4,7,82.274989765032,166.28750170582802,160.1485992649189,997.725010234968,32.931213499978185,47.09085180005059,3065.1156728842343,84,11700.0,6,True,True,True,True,True,,,,11700.0,11700.0,h04/k06/hourly.csv,7,7,80.02206530002877,47.09085180005059,
ga_n84_k6_h04_s7,ga,84,6,4,7,89.03634953192918,165.16060841134515,159.15367662170112,990.9636504680708,32.931213499978185,24.846641800017096,3148.662241798256,84,11700.0,6,True,True,True,True,True,,,,11700.0,11700.0,h04/k06/hourly.csv,7,7,57.77785529999528,24.846641800017096,
nn_n84_k6_h04_s7,nn,84,6,4,7,103.10504333226298,162.8158261112895,149.74378161469355,976.894956667737,32.931213499978185,0.2600737001048401,3500.7866688524487,84,11700.0,6,True,True,True,True,True,,,,11700.0,11700.0,h04/k06/hourly.csv,7,7,33.191287200083025,0.2600737001048401,
proposed_n84_k6_h04_s7,proposed,84,6,4,7,73.49055195497029,167.75157467417162,163.50610455255392,1006.5094480450298,32.931213499978185,6757.445216600085,2795.4682441767404,84,11700.0,6,True,True,True,True,True,False,55.0,True,11700.0,11700.0,h04/k06/hourly.csv,7,7,6790.376430100063,6757.445216600085,
pso_n84_k6_h04_s7,pso,84,6,4,7,97.30297498144712,163.78283750309214,149.74378161469355,982.6970250185528,32.931213499978185,15.263257200014776,3500.7866688524487,84,11700.0,6,True,True,True,True,True,,,,11700.0,11700.0,h04/k06/hourly.csv,7,7,48.19447069999296,15.263257200014776,
aco_n84_k6_h11_s7,aco,84,6,11,7,176.61528777176508,150.5641187047058,141.30425765759816,903.3847122282348,26.057738700066693,22.9225587999681,4216.114277049887,84,11700.0,6,True,True,True,True,True,,,,11700.0,11700.0,h11/k06/hourly.csv,7,7,48.9802975000348,22.9225587999681,
ga_n84_k6_h11_s7,ga,84,6,11,7,180.42910007615444,149.92848332064094,130.67174931435122,899.5708999238456,26.057738700066693,12.757424999959769,5163.894986578187,84,11700.0,6,True,True,True,True,True,,,,11700.0,11700.0,h11/k06/hourly.csv,7,7,38.81516370002646,12.757424999959769,
nn_n84_k6_h11_s7,nn,84,6,11,7,195.7575286058029,147.3737452323662,127.8833263368572,884.2424713941971,26.057738700066693,0.156213599955663,5236.728209689418,84,11700.0,6,True,True,True,True,True,,,,11700.0,11700.0,h11/k06/hourly.csv,7,7,26.21395230002236,0.156213599955663,
proposed_n84_k6_h11_s7,proposed,84,6,11,7,150.30643123322838,154.94892812779526,147.31133716479954,929.6935687667716,26.057738700066693,7956.180402799975,3652.532991795634,84,11700.0,6,True,True,True,True,True,False,59.0,False,11700.0,11700.0,h11/k06/hourly.csv,7,7,7982.238141500042,7956.180402799975,
pso_n84_k6_h11_s7,pso,84,6,11,7,192.97047298856623,147.83825450190565,128.77931582003131,887.0295270114339,26.057738700066693,7.789944099960849,5232.660802554429,84,11700.0,6,True,True,True,True,True,,,,11700.0,11700.0,h11/k06/hourly.csv,7,7,33.84768280002754,7.789944099960849,
aco_n84_k6_h19_s7,aco,84,6,19,7,114.04832919273672,160.9919451345439,154.97945273043732,965.9516708072632,33.24337080004625,67.55437309993431,3416.665959374729,84,11700.0,6,True,True,True,True,True,,,,11700.0,11700.0,h19/k06/hourly.csv,7,7,100.79774389998056,67.55437309993431,
ga_n84_k6_h19_s7,ga,84,6,19,7,118.95888814794009,160.17351864200998,148.077562901291,961.04111185206,33.24337080004625,31.90502239996568,3427.4837633336,84,11700.0,6,True,True,True,True,True,,,,11700.0,11700.0,h19/k06/hourly.csv,7,7,65.14839320001192,31.90502239996568,
nn_n84_k6_h19_s7,nn,84,6,19,7,126.70282727239056,158.88286212126823,143.64750326988795,953.2971727276094,33.24337080004625,0.4273991000372916,3649.776774722783,84,11700.0,6,True,True,True,True,True,,,,11700.0,11700.0,h19/k06/hourly.csv,7,7,33.67076990008354,0.4273991000372916,
proposed_n84_k6_h19_s7,proposed,84,6,19,7,97.50349778483094,163.7494170358615,158.6683289938158,982.4965022151692,33.24337080004625,8321.911920199986,2882.9428550113344,84,11700.0,6,True,True,True,True,True,False,64.0,False,11700.0,11700.0,h19/k06/hourly.csv,7,7,8355.155291000032,8321.911920199986,
pso_n84_k6_h19_s7,pso,84,6,19,7,126.13707813299573,158.9771536445007,143.71250133198689,953.8629218670044,33.24337080004625,21.24117789999582,3646.3486762490734,84,11700.0,6,True,True,True,True,True,,,,11700.0,11700.0,h19/k06/hourly.csv,7,7,54.48454870004207,21.24117789999582,
aco_n84_k6_h04_s17,aco,84,6,4,17,88.64474355451267,165.22587607424788,163.32905351778163,991.3552564454872,20.967054500011727,25.677378499880437,2971.605929498905,84,11700.0,6,True,True,True,True,True,,,,11700.0,11700.0,,17,17,46.64443299989216,25.6786076000426,
ga_n84_k6_h04_s17,ga,84,6,4,17,87.13520072091431,165.47746654651428,161.19689804290857,992.8647992790856,20.967054500011727,16.624252900015563,2978.3127536724205,84,11700.0,6,True,True,True,True,True,,,,11700.0,11700.0,,17,17,37.59130740002729,16.63298220001161,
nn_n84_k6_h04_s17,nn,84,6,4,17,98.26427319430712,163.62262113428213,154.0278341920223,981.7357268056928,20.967054500011727,0.1608869000338018,3467.327147362299,84,11700.0,6,True,True,True,True,True,,,,11700.0,11700.0,,17,17,21.12794140004553,0.1609165000263601,
proposed_n84_k6_h04_s17,proposed,84,6,4,17,72.35155021272305,167.9414082978795,163.69556117125023,1007.648449787277,21.59129249979742,4104.643746100133,2970.351866457445,84,11700.0,6,True,True,True,True,True,False,57.0,False,11700.0,11700.0,,17,17,4126.235038599931,4104.643874100177,dual_labeled_canonical_bundle_sova
pso_n84_k6_h04_s17,pso,84,6,4,17,93.81424624596806,164.36429229233866,155.08000887268065,986.185753754032,20.967054500011727,9.665037999860942,3306.2334097475064,84,11700.0,6,True,True,True,True,True,,,,11700.0,11700.0,,17,17,30.63209249987267,9.668919299962,
aco_n84_k6_h11_s17,aco,84,6,11,17,175.34210675757143,150.77631554040477,139.7067026343513,904.6578932424286,16.51079269987531,23.383066199952736,4451.714027668091,84,11700.0,6,True,True,True,True,True,,,,11700.0,11700.0,,17,17,39.89385889982805,23.384099799906835,
ga_n84_k6_h11_s17,ga,84,6,11,17,181.66889930589116,149.72185011568482,133.27538706873852,898.3311006941088,16.51079269987531,16.977390500018373,4288.268499070911,84,11700.0,6,True,True,True,True,True,,,,11700.0,11700.0,,17,17,33.48818319989368,16.98247990012169,
nn_n84_k6_h11_s17,nn,84,6,11,17,201.82854493146948,146.3619091780884,126.68312028292424,878.1714550685305,16.51079269987531,0.1393018998205661,4525.7800599967,84,11700.0,6,True,True,True,True,True,,,,11700.0,11700.0,,17,17,16.650094599695876,0.1393222999759018,
proposed_n84_k6_h11_s17,proposed,84,6,11,17,163.30890129361703,152.78184978439717,142.62064939186033,916.691098706383,19.117210099939257,3316.666512800148,3974.647278126838,84,11700.0,6,True,True,True,True,True,False,59.0,True,11700.0,11700.0,,17,17,3335.783722900087,3316.666612399975,dual_labeled_canonical_bundle_sova
pso_n84_k6_h11_s17,pso,84,6,11,17,190.94226222001785,148.17628962999703,133.9101591789535,889.0577377799822,16.51079269987531,9.131366800051184,4188.870477745257,84,11700.0,6,True,True,True,True,True,,,,11700.0,11700.0,,17,17,25.642159499926493,9.13575579994358,
aco_n84_k6_h19_s17,aco,84,6,19,17,113.4397804542655,161.09336992428908,156.75094183773913,966.5602195457344,17.378430099925026,23.898995300056413,3566.686330196064,84,11700.0,6,True,True,True,True,True,,,,11700.0,11700.0,,17,17,41.27742539998144,23.900168900145218,
ga_n84_k6_h19_s17,ga,84,6,19,17,113.92861729591884,161.01189711734688,150.8545147648702,966.0713827040812,17.378430099925026,13.126837400021031,3519.047982973957,84,11700.0,6,True,True,True,True,True,,,,11700.0,11700.0,,17,17,30.505267499946054,13.13036960014142,
nn_n84_k6_h19_s17,nn,84,6,19,17,128.93224312408088,158.51129281265318,136.18014102306174,951.0677568759191,17.378430099925026,0.1397592001594603,4084.492373755169,84,11700.0,6,True,True,True,True,True,,,,11700.0,11700.0,,17,17,17.518189300084487,0.1397818000987172,
proposed_n84_k6_h19_s17,proposed,84,6,19,17,102.57778520293178,162.90370246617803,156.4450013424671,977.4222147970682,16.67072769999504,4643.652481500059,3027.33466639478,84,11700.0,6,True,True,True,True,True,False,64.0,False,11700.0,11700.0,,17,17,4660.323209200054,4643.6527373001445,dual_labeled_canonical_bundle_sova
pso_n84_k6_h19_s17,pso,84,6,19,17,125.82638702417854,159.02893549597025,138.33513203007243,954.1736129758216,17.378430099925026,9.52827990008518,4120.356449720463,84,11700.0,6,True,True,True,True,True,,,,11700.0,11700.0,,17,17,26.906710000010207,9.531806299928576,
aco_n84_k6_h04_s27,aco,84,6,4,27,85.02210269839189,165.82964955026802,157.40551931691928,994.977897301608,21.99830269999802,31.60004389984533,3426.3136321659,84,11700.0,6,True,True,True,True,True,,,,11700.0,11700.0,,27,27,53.59834659984335,31.601428899914023,
ga_n84_k6_h04_s27,ga,84,6,4,27,89.38347524770357,165.10275412538277,155.53044614569893,990.6165247522964,21.99830269999802,23.56966299982741,3314.887984733226,84,11700.0,6,True,True,True,True,True,,,,11700.0,11700.0,,27,27,45.56796569982544,23.575329600134864,
nn_n84_k6_h04_s27,nn,84,6,4,27,96.7654865344506,163.8724189109249,150.0342956181139,983.2345134655494,21.99830269999802,0.1873912999872118,3495.0862343389263,84,11700.0,6,True,True,True,True,True,,,,11700.0,11700.0,,27,27,22.185693999985237,0.1874142000451684,
proposed_n84_k6_h04_s27,proposed,84,6,4,27,72.62059379575003,167.89656770070837,164.0481283291569,1007.37940620425,17.666915600188076,5741.282370100031,2903.367480957069,84,11700.0,6,True,True,True,True,True,False,64.0,False,11700.0,11700.0,,27,27,5758.949285700219,5741.282479100162,dual_labeled_canonical_bundle_sova
pso_n84_k6_h04_s27,pso,84,6,4,27,92.6569208280374,164.55717986199377,150.12591616931553,987.3430791719626,21.99830269999802,14.20420980011113,3492.905203749709,84,11700.0,6,True,True,True,True,True,,,,11700.0,11700.0,,27,27,36.20251250010915,14.209555099951103,
aco_n84_k6_h11_s27,aco,84,6,11,27,176.5439141535615,150.57601430773974,137.605943586703,903.4560858464384,26.15449919993989,37.6153894001618,4230.936933969186,84,11700.0,6,True,True,True,True,True,,,,11700.0,11700.0,,27,27,63.769888600101694,37.61699920007959,
ga_n84_k6_h11_s27,ga,84,6,11,27,177.63127514317614,150.3947874761373,134.0104711924862,902.368724856824,26.15449919993989,23.403072400018573,4733.963621220434,84,11700.0,6,True,True,True,True,True,,,,11700.0,11700.0,,27,27,49.55757159995847,23.408201899845157,
nn_n84_k6_h11_s27,nn,84,6,11,27,204.93601417988,145.84399763668668,116.11314292597942,875.06398582012,26.15449919993989,0.2426465000025928,5471.783770075543,84,11700.0,6,True,True,True,True,True,,,,11700.0,11700.0,,27,27,26.397145699942484,0.2426813000347465,
proposed_n84_k6_h11_s27,proposed,84,6,11,27,155.79086827347138,154.03485528775477,146.98746843133364,924.2091317265284,16.056278200121596,23124.45353109995,4053.9158173910846,84,11700.0,6,True,True,True,True,True,False,64.0,False,11700.0,11700.0,,27,27,23140.50980930007,23124.454070499865,dual_labeled_canonical_bundle_sova
pso_n84_k6_h11_s27,pso,84,6,11,27,198.935630526802,146.84406157886633,129.84333487689943,881.064369473198,26.15449919993989,13.936725800158456,4687.930557069196,84,11700.0,6,True,True,True,True,True,,,,11700.0,11700.0,,27,27,40.09122500009835,13.941746999975294,
aco_n84_k6_h19_s27,aco,84,6,19,27,114.30466068762996,160.94922321872835,150.70532434391015,965.69533931237,22.66225350019522,35.41707279998809,3373.080333816468,84,11700.0,6,True,True,True,True,True,,,,11700.0,11700.0,,27,27,58.07932630018331,35.418029699940234,
ga_n84_k6_h19_s27,ga,84,6,19,27,123.74630325477278,159.37561612420453,141.9507796000069,956.2536967452272,22.66225350019522,24.432538100052625,4059.845391791154,84,11700.0,6,True,True,True,True,True,,,,11700.0,11700.0,,27,27,47.094791600247845,24.44018530007452,
nn_n84_k6_h19_s27,nn,84,6,19,27,134.19548931557827,157.6340851140703,132.65567127017576,945.8045106844218,22.66225350019522,0.2360892000142485,4321.805016017136,84,11700.0,6,True,True,True,True,True,,,,11700.0,11700.0,,27,27,22.89834270020947,0.2361330999992787,
proposed_n84_k6_h19_s27,proposed,84,6,19,27,98.9365053410572,163.51058244315712,158.4574730220996,981.0634946589428,18.50802720012144,3733.466234399937,2980.739300019604,84,11700.0,6,True,True,True,True,True,False,64.0,False,11700.0,11700.0,,27,27,3751.9742616000585,3733.4663803998847,dual_labeled_canonical_bundle_sova
pso_n84_k6_h19_s27,pso,84,6,19,27,128.557541120309,158.57374314661516,136.15800350734267,951.442458879691,22.66225350019522,12.106270599877462,4194.063802501414,84,11700.0,6,True,True,True,True,True,,,,11700.0,11700.0,,27,27,34.76852410007268,12.110856299987065,
aco_n84_k6_h04_s37,aco,84,6,4,37,83.49113144254883,166.08481142624186,158.37007371161442,996.5088685574513,21.297436299966648,33.459079900057986,3190.5532591653337,84,11700.0,6,True,True,True,True,True,,,,11700.0,11700.0,,37,37,54.75651620002464,33.46055350010283,
ga_n84_k6_h04_s37,ga,84,6,4,37,83.96333356661867,166.00611107223023,163.64024786728277,996.0366664333814,21.297436299966648,22.4717246000655,3066.188242104442,84,11700.0,6,True,True,True,True,True,,,,11700.0,11700.0,,37,37,43.76916090003215,22.481644599931315,
nn_n84_k6_h04_s37,nn,84,6,4,37,94.70775581225068,164.21537403129156,153.5827793656296,985.2922441877494,21.297436299966648,0.1942958000581711,3639.788708056971,84,11700.0,6,True,True,True,True,True,,,,11700.0,11700.0,,37,37,21.49173210002482,0.1943334999959916,
proposed_n84_k6_h04_s37,proposed,84,6,4,37,75.07699738370802,167.48716710271535,160.05995508825652,1004.923002616292,16.34033909998834,5830.580753599992,3236.91272357514,84,11700.0,6,True,True,True,True,True,False,64.0,False,11700.0,11700.0,,37,37,5846.92109269998,5830.580968099879,dual_labeled_canonical_bundle_sova
pso_n84_k6_h04_s37,pso,84,6,4,37,90.74121512067272,164.87646414655455,154.0588110311734,989.2587848793272,21.297436299966648,13.48017459991388,3179.0802665908386,84,11700.0,6,True,True,True,True,True,,,,11700.0,11700.0,,37,37,34.77761089988053,13.483993399888275,
aco_n84_k6_h11_s37,aco,84,6,11,37,171.35342592974243,151.44109567837626,133.5015375141946,908.6465740702577,23.04090639995411,36.80515179992653,4570.428990656637,84,11700.0,6,True,True,True,True,True,,,,11700.0,11700.0,,37,37,59.846058199880645,36.80693749990314,
ga_n84_k6_h11_s37,ga,84,6,11,37,186.5466010264948,148.90889982891755,134.026730502168,893.4533989735053,23.04090639995411,31.10121909994632,4833.619600214229,84,11700.0,6,True,True,True,True,True,,,,11700.0,11700.0,,37,37,54.14212549990043,31.11159690003842,
nn_n84_k6_h11_s37,nn,84,6,11,37,213.0646302266624,144.48922829555627,126.86057264099853,866.9353697733377,23.04090639995411,0.2461905998643487,4577.709321919984,84,11700.0,6,True,True,True,True,True,,,,11700.0,11700.0,,37,37,23.28709699981846,0.2462280001491308,
proposed_n84_k6_h11_s37,proposed,84,6,11,37,155.9314893640016,154.01141843933306,143.860105060129,924.0685106359985,14.99436719994992,15866.478852899978,4425.46906309759,84,11700.0,6,True,True,True,True,True,False,59.0,False,11700.0,11700.0,,37,37,15881.473220099928,15866.478960200213,dual_labeled_canonical_bundle_sova
pso_n84_k6_h11_s37,pso,84,6,11,37,207.11974826648225,145.4800419555863,127.35728359790716,872.8802517335178,23.04090639995411,14.046205500140786,4413.40190751481,84,11700.0,6,True,True,True,True,True,,,,11700.0,11700.0,,37,37,37.0871119000949,14.05105650005862,
aco_n84_k6_h19_s37,aco,84,6,19,37,113.90251734561495,161.01624710906415,146.71730714047723,966.097482654385,20.675200500059876,34.4159334001597,4324.055192197132,84,11700.0,6,True,True,True,True,True,,,,11700.0,11700.0,,37,37,55.091133900219575,34.41714569996111,
ga_n84_k6_h19_s37,ga,84,6,19,37,123.00849532166906,159.49858411305516,150.4304582232122,956.9915046783308,20.675200500059876,23.978806799976155,4034.94657158117,84,11700.0,6,True,True,True,True,True,,,,11700.0,11700.0,,37,37,44.65400730003603,23.98656200012192,
nn_n84_k6_h19_s37,nn,84,6,19,37,135.1806094121609,157.46989843130652,132.4487305930868,944.819390587839,20.675200500059876,0.2145805000327527,4760.193711808464,84,11700.0,6,True,True,True,True,True,,,,11700.0,11700.0,,37,37,20.889781000092626,0.214608300011605,
proposed_n84_k6_h19_s37,proposed,84,6,19,37,98.2087507509416,163.63187487484308,156.7753183266491,981.7912492490584,16.386229899944738,7372.862139699981,3220.992671425752,84,11700.0,6,True,True,True,True,True,False,64.0,False,11700.0,11700.0,,37,37,7389.248369599925,7372.862323000096,dual_labeled_canonical_bundle_sova
pso_n84_k6_h19_s37,pso,84,6,19,37,132.80181836469418,157.8663636058843,139.25695607007958,947.1981816353058,20.675200500059876,12.496633799979463,4459.116136918969,84,11700.0,6,True,True,True,True,True,,,,11700.0,11700.0,,37,37,33.171834300039336,12.501215000171214,
aco_n84_k6_h04_s47,aco,84,6,4,47,86.11631074311043,165.6472815428149,161.0777231485803,993.8836892568896,22.678316300036386,35.24549740017392,3041.6483137813743,84,11700.0,6,True,True,True,True,True,,,,11700.0,11700.0,,47,47,57.9238137002103,35.24675830011256,
ga_n84_k6_h04_s47,ga,84,6,4,47,90.82728009465164,164.86211998422473,154.71036348540142,989.1727199053483,22.678316300036386,25.947831199970096,3244.4855333266,84,11700.0,6,True,True,True,True,True,,,,11700.0,11700.0,,47,47,48.62614750000648,25.955552199855447,
nn_n84_k6_h04_s47,nn,84,6,4,47,99.60572034389526,163.3990466093508,146.34739807750208,980.3942796561048,22.678316300036386,0.2390377998817712,3681.267874220906,84,11700.0,6,True,True,True,True,True,,,,11700.0,11700.0,,47,47,22.91735409991816,0.2390751999337226,
proposed_n84_k6_h04_s47,proposed,84,6,4,47,73.85852920765304,167.6902451320578,163.8622287995477,1006.1414707923468,16.45526219997555,5261.307798000053,2894.599761412423,84,11700.0,6,True,True,True,True,True,False,62.0,False,11700.0,11700.0,,47,47,5277.763060200028,5261.307906800183,dual_labeled_canonical_bundle_sova
pso_n84_k6_h04_s47,pso,84,6,4,47,96.992854312924,163.83452428117934,147.2461311254642,983.007145687076,22.678316300036386,14.317533900029956,3617.9538998325456,84,11700.0,6,True,True,True,True,True,,,,11700.0,11700.0,,47,47,36.99585020006634,14.32375629991293,
aco_n84_k6_h11_s47,aco,84,6,11,47,179.8501047105693,150.02498254823846,143.38719117621335,900.1498952894307,20.36956400005147,31.678919299971312,3824.976364140371,84,11700.0,6,True,True,True,True,True,,,,11700.0,11700.0,,47,47,52.04848330002278,31.67985129985027,
ga_n84_k6_h11_s47,ga,84,6,11,47,177.9448266526767,150.34252889122055,143.6615550535603,902.0551733473231,20.36956400005147,21.231683399993926,3458.02566884426,84,11700.0,6,True,True,True,True,True,,,,11700.0,11700.0,,47,47,41.6012474000454,21.238319899886847,
nn_n84_k6_h11_s47,nn,84,6,11,47,196.28616672463767,147.28563887922704,134.16087918951723,883.7138332753623,20.36956400005147,0.1980099000502377,4324.583011474812,84,11700.0,6,True,True,True,True,True,,,,11700.0,11700.0,,47,47,20.567573900101703,0.1980641998816281,
proposed_n84_k6_h11_s47,proposed,84,6,11,47,159.27451462785342,153.45424756202442,149.68254633354246,920.7254853721464,15.352712199790403,9817.256438000128,3495.73156109856,84,11700.0,6,True,True,True,True,True,False,64.0,False,11700.0,11700.0,,47,47,9832.609150199918,9817.25654930016,dual_labeled_canonical_bundle_sova
pso_n84_k6_h11_s47,pso,84,6,11,47,193.2172732368913,147.7971211271848,138.3054328331914,886.7827267631087,20.36956400005147,12.616425300017,4231.067907749791,84,11700.0,6,True,True,True,True,True,,,,11700.0,11700.0,,47,47,32.98598930006847,12.621216099942105,
aco_n84_k6_h19_s47,aco,84,6,19,47,117.13284235665546,160.47785960722408,154.31761520631906,962.8671576433444,22.10327719990164,35.058680600021034,3188.2159167806094,84,11700.0,6,True,True,True,True,True,,,,11700.0,11700.0,,47,47,57.16195779992268,35.060416999971494,
ga_n84_k6_h19_s47,ga,84,6,19,47,120.0016308911508,159.9997281848082,152.14852888391206,959.9983691088491,22.10327719990164,25.09185540000908,3792.504603892838,84,11700.0,6,True,True,True,True,True,,,,11700.0,11700.0,,47,47,47.19513259991072,25.09998059994541,
nn_n84_k6_h19_s47,nn,84,6,19,47,128.49323518354862,158.58446080274192,138.19355209076355,951.5067648164514,22.10327719990164,0.2040270001161843,4250.057777729936,84,11700.0,6,True,True,True,True,True,,,,11700.0,11700.0,,47,47,22.307304200017825,0.2040540999732911,
proposed_n84_k6_h19_s47,proposed,84,6,19,47,102.33652003690555,162.9439133271824,153.73565239379502,977.6634799630943,15.538097500102594,8444.565390600124,3528.103872597009,84,11700.0,6,True,True,True,True,True,False,57.0,False,11700.0,11700.0,,47,47,8460.103488100227,8444.565627100179,dual_labeled_canonical_bundle_sova
pso_n84_k6_h19_s47,pso,84,6,19,47,127.21629734205284,158.79728377632452,138.28401759723772,952.7837026579472,22.10327719990164,13.931604099925607,4245.623379947869,84,11700.0,6,True,True,True,True,True,,,,11700.0,11700.0,,47,47,36.03488129982725,13.937175899976864,
aco_n84_k6_h04_s57,aco,84,6,4,57,81.76382304054468,166.37269615990922,157.1480519110877,998.2361769594554,21.914498300058767,33.49552290001884,2909.180496884332,84,11700.0,6,True,True,True,True,True,,,,11700.0,11700.0,,57,57,55.41002120007761,33.4976081000641,
ga_n84_k6_h04_s57,ga,84,6,4,57,90.4376002725272,164.92706662124547,160.00336348921076,989.5623997274728,21.914498300058767,25.747774900170043,3606.006695968724,84,11700.0,6,True,True,True,True,True,,,,11700.0,11700.0,,57,57,47.66227320022881,25.753739400068294,
nn_n84_k6_h04_s57,nn,84,6,4,57,96.14637266767627,163.9756045553873,151.8705729597656,983.8536273323238,21.914498300058767,0.2376271998509764,3789.288276690886,84,11700.0,6,True,True,True,True,True,,,,11700.0,11700.0,,57,57,22.152125499909744,0.2376619998831302,
proposed_n84_k6_h04_s57,proposed,84,6,4,57,72.30057457670132,167.94990423721643,160.6353166149612,1007.6994254232986,16.465470799943432,4398.962595100049,3047.7230738333096,84,11700.0,6,True,True,True,True,True,False,60.0,True,11700.0,11700.0,,57,57,4415.428065899992,4398.962699699914,dual_labeled_canonical_bundle_sova
pso_n84_k6_h04_s57,pso,84,6,4,57,93.68453772343614,164.38591037942732,151.8705729597656,986.3154622765638,21.914498300058767,14.322549300035462,3442.803079832785,84,11700.0,6,True,True,True,True,True,,,,11700.0,11700.0,,57,57,36.23704760009423,14.32801799988374,
aco_n84_k6_h11_s57,aco,84,6,11,57,176.63803722018167,150.56032712996972,143.5783861996176,903.3619627798184,21.315284200012684,34.92562879994512,3650.576551013188,84,11700.0,6,True,True,True,True,True,,,,11700.0,11700.0,,57,57,56.2409129999578,34.92660599993542,
ga_n84_k6_h11_s57,ga,84,6,11,57,180.03821378379598,149.993631036034,135.71876341713386,899.961786216204,21.315284200012684,23.384454099927098,4300.039784885846,84,11700.0,6,True,True,True,True,True,,,,11700.0,11700.0,,57,57,44.69973829993978,23.390474600018933,
nn_n84_k6_h11_s57,nn,84,6,11,57,203.2403057225141,146.12661571291432,130.8097877701749,876.7596942774859,21.315284200012684,0.2568530000280589,4361.853846871556,84,11700.0,6,True,True,True,True,True,,,,11700.0,11700.0,,57,57,21.572137200040743,0.2568854000419378,
proposed_n84_k6_h11_s57,proposed,84,6,11,57,152.90161676137953,154.51639720643672,149.59254893723977,927.0983832386204,15.34453080012463,8322.677372199949,3252.617092511512,84,11700.0,6,True,True,True,True,True,False,64.0,False,11700.0,11700.0,,57,57,8338.021903000074,8322.677467099857,dual_labeled_canonical_bundle_sova
pso_n84_k6_h11_s57,pso,84,6,11,57,197.77602002235648,147.03732999627394,132.91136472907203,882.2239799776436,21.315284200012684,11.322009399998931,4407.833636165557,84,11700.0,6,True,True,True,True,True,,,,11700.0,11700.0,,57,57,32.63729360001162,11.326730499975383,
aco_n84_k6_h19_s57,aco,84,6,19,57,110.28625176669576,161.61895803888405,150.15338987664774,969.7137482333044,20.863187999930236,31.9703381001018,3668.761586592797,84,11700.0,6,True,True,True,True,True,,,,11700.0,11700.0,,57,57,52.83352610003203,31.971404900075868,
ga_n84_k6_h19_s57,ga,84,6,19,57,122.19596922128856,159.63400512978524,151.5219514689183,957.8040307787114,20.863187999930236,24.15140979993157,3261.639625606208,84,11700.0,6,True,True,True,True,True,,,,11700.0,11700.0,,57,57,45.01459779986181,24.157398200128227,
nn_n84_k6_h19_s57,nn,84,6,19,57,129.35263694739325,158.44122717543448,136.253486653494,950.6473630526068,20.863187999930236,0.216838699998334,4416.137356929814,84,11700.0,6,True,True,True,True,True,,,,11700.0,11700.0,,57,57,21.080026699928567,0.216862500179559,
proposed_n84_k6_h19_s57,proposed,84,6,19,57,102.70229926114796,162.882950123142,154.4333535088886,977.297700738852,15.52998450002633,6993.357858200092,3155.8399004120565,84,11700.0,6,True,True,True,True,True,False,64.0,False,11700.0,11700.0,,57,57,7008.887842700118,6993.357955500018,dual_labeled_canonical_bundle_sova
pso_n84_k6_h19_s57,pso,84,6,19,57,127.13857142333228,158.8102380961113,144.31479770246148,952.8614285766678,20.863187999930236,12.058004799997434,3888.635175165447,84,11700.0,6,True,True,True,True,True,,,,11700.0,11700.0,,57,57,32.92119279992767,12.063026299932972,
aco_n84_k6_h04_s67,aco,84,6,4,67,82.57470096644774,166.2375498389254,156.2106778660725,997.4252990335524,21.910866899881512,33.9750006000977,3297.9121419008243,84,11700.0,6,True,True,True,True,True,,,,11700.0,11700.0,,67,67,55.88586749997921,33.97602780000307,
ga_n84_k6_h04_s67,ga,84,6,4,67,92.39573605752948,164.60071065707842,159.4742288378321,987.6042639424704,21.910866899881512,24.436974399955943,3450.430247046159,84,11700.0,6,True,True,True,True,True,,,,11700.0,11700.0,,67,67,46.347841299837455,24.44316350016743,
nn_n84_k6_h04_s67,nn,84,6,4,67,109.2624095357152,161.78959841071415,145.97639317779473,970.7375904642848,21.910866899881512,0.2253598000388592,3645.422717012699,84,11700.0,6,True,True,True,True,True,,,,11700.0,11700.0,,67,67,22.13622669992037,0.2253837001044303,
proposed_n84_k6_h04_s67,proposed,84,6,4,67,74.0430376619742,167.65949372300432,158.95093382362342,1005.9569623380258,16.021857199957594,7629.376603499986,3074.1806635958533,84,11700.0,6,True,True,True,True,True,False,54.0,False,11700.0,11700.0,,67,67,7645.398460699944,7629.376692099962,dual_labeled_canonical_bundle_sova
pso_n84_k6_h04_s67,pso,84,6,4,67,105.61958101288836,162.39673649785195,146.807473491236,974.3804189871116,21.910866899881512,12.584463599836454,3494.4252124578547,84,11700.0,6,True,True,True,True,True,,,,11700.0,11700.0,,67,67,34.495330499717966,12.58922389987856,
aco_n84_k6_h11_s67,aco,84,6,11,67,179.34368387366737,150.10938602105543,139.65786050085703,900.6563161263326,19.50977270002477,30.27356279990636,3812.90313975226,84,11700.0,6,True,True,True,True,True,,,,11700.0,11700.0,,67,67,49.78333549993113,30.27513870014809,
ga_n84_k6_h11_s67,ga,84,6,11,67,176.92372955559358,150.5127117407344,136.69132663483626,903.0762704444064,19.50977270002477,22.730274900095537,3938.925093587856,84,11700.0,6,True,True,True,True,True,,,,11700.0,11700.0,,67,67,42.24004760012031,22.73669490008615,
nn_n84_k6_h11_s67,nn,84,6,11,67,204.80004754138355,145.86665874310273,121.3527270143004,875.1999524586164,19.50977270002477,0.2196693001314997,4744.655378098182,84,11700.0,6,True,True,True,True,True,,,,11700.0,11700.0,,67,67,19.72944200015627,0.2196912998333573,
proposed_n84_k6_h11_s67,proposed,84,6,11,67,158.51888812684768,153.58018531219204,144.26866057268924,921.4811118731524,15.178083900129424,5002.073550400091,3668.9351688877327,84,11700.0,6,True,True,True,True,True,False,62.0,True,11700.0,11700.0,,67,67,5017.251634300221,5002.073647100013,dual_labeled_canonical_bundle_sova
pso_n84_k6_h11_s67,pso,84,6,11,67,200.75476536543675,146.54087243909387,121.3527270143004,879.2452346345633,19.50977270002477,10.83881270000711,4744.655378098182,84,11700.0,6,True,True,True,True,True,,,,11700.0,11700.0,,67,67,30.34858540003188,10.84380910010077,
aco_n84_k6_h19_s67,aco,84,6,19,67,110.11064312803288,161.64822614532787,152.43380243910102,969.8893568719672,19.5102421999909,29.56040189997293,3357.24689404059,84,11700.0,6,True,True,True,True,True,,,,11700.0,11700.0,,67,67,49.07064409996383,29.56162039982155,
ga_n84_k6_h19_s67,ga,84,6,19,67,117.28017190135652,160.45330468310723,153.69339487728573,962.7198280986436,19.5102421999909,20.11211460013874,3522.542145104393,84,11700.0,6,True,True,True,True,True,,,,11700.0,11700.0,,67,67,39.62235680012964,20.11787820002064,
nn_n84_k6_h19_s67,nn,84,6,19,67,136.57960123029378,157.23673312828438,138.49547013959526,943.4203987697064,19.5102421999909,0.2423298999201506,3961.8263630046895,84,11700.0,6,True,True,True,True,True,,,,11700.0,11700.0,,67,67,19.75257209991105,0.2423696001060307,
proposed_n84_k6_h19_s67,proposed,84,6,19,67,98.40071256630236,163.59988123894962,158.16565455345514,981.5992874336976,16.41210850002244,10439.824692100054,2955.3075837680763,84,11700.0,6,True,True,True,True,True,False,60.0,True,11700.0,11700.0,,67,67,10456.236800600076,10439.824791799998,dual_labeled_canonical_bundle_sova
pso_n84_k6_h19_s67,pso,84,6,19,67,131.7119861727913,158.04800230453478,138.49547013959526,948.2880138272088,19.5102421999909,11.605517300078644,3961.8263630046895,84,11700.0,6,True,True,True,True,True,,,,11700.0,11700.0,,67,67,31.115759500069544,11.609933100175112,
aco_n84_k6_h04_s77,aco,84,6,4,77,81.34864805299473,166.44189199116755,163.47290754738586,998.6513519470052,20.660289000021294,29.34184110001661,3095.498959870656,84,11700.0,6,True,True,True,True,True,,,,11700.0,11700.0,,77,77,50.0021301000379,29.342683000024408,
ga_n84_k6_h04_s77,ga,84,6,4,77,82.61502203391734,166.2308296610138,163.71198458659472,997.3849779660828,20.660289000021294,16.86287540011108,3165.4681299423587,84,11700.0,6,True,True,True,True,True,,,,11700.0,11700.0,,77,77,37.52316440013237,16.86682840017602,
nn_n84_k6_h04_s77,nn,84,6,4,77,92.1667396858508,164.63887671902486,155.79111188739316,987.8332603141492,20.660289000021294,0.1918362998403608,3208.2971801713084,84,11700.0,6,True,True,True,True,True,,,,11700.0,11700.0,,77,77,20.85212529986165,0.1918607000261545,
proposed_n84_k6_h04_s77,proposed,84,6,4,77,73.8185104158257,167.69691493069573,160.57038934591748,1006.1814895841744,15.957029100041837,5442.291048200103,3029.500132395204,84,11700.0,6,True,True,True,True,True,False,64.0,False,11700.0,11700.0,,77,77,5458.248077300144,5442.291180099826,dual_labeled_canonical_bundle_sova
pso_n84_k6_h04_s77,pso,84,6,4,77,90.07168738268797,164.98805210288535,156.26565722170855,989.928312617312,20.660289000021294,10.396313299890608,3168.676193297289,84,11700.0,6,True,True,True,True,True,,,,11700.0,11700.0,,77,77,31.0566022999119,10.400282700080425,
aco_n84_k6_h11_s77,aco,84,6,11,77,175.84685266479386,150.69219122253435,139.3968074462693,904.153147335206,19.076744900085032,30.1129360999912,4330.452905137768,84,11700.0,6,True,True,True,True,True,,,,11700.0,11700.0,,77,77,49.18968100007624,30.113923100056127,
ga_n84_k6_h11_s77,ga,84,6,11,77,179.42385765172264,150.0960237247129,140.34374635806842,900.5761423482774,19.076744900085032,15.89022900001146,3837.3033854412697,84,11700.0,6,True,True,True,True,True,,,,11700.0,11700.0,,77,77,34.96697390009649,15.89401250006631,
nn_n84_k6_h11_s77,nn,84,6,11,77,200.53956138832152,146.57673976861307,127.1260086637941,879.4604386116785,19.076744900085032,0.2257713000290095,4068.366380586643,84,11700.0,6,True,True,True,True,True,,,,11700.0,11700.0,,77,77,19.30251620011404,0.2257927998434752,
proposed_n84_k6_h11_s77,proposed,84,6,11,77,151.14614813745987,154.80897531042334,148.9162656180406,928.85385186254,15.070953200105578,8093.275411599781,3777.699683962706,84,11700.0,6,True,True,True,True,True,False,64.0,False,11700.0,11700.0,,77,77,8108.346364799887,8093.2755032998975,dual_labeled_canonical_bundle_sova
pso_n84_k6_h11_s77,pso,84,6,11,77,192.72239735847128,147.8796004402548,130.58216387723053,887.2776026415288,19.076744900085032,10.803304400062189,4144.855335988484,84,11700.0,6,True,True,True,True,True,,,,11700.0,11700.0,,77,77,29.88004930014722,10.809186899801716,
aco_n84_k6_h19_s77,aco,84,6,19,77,113.36774229283516,161.10537628452747,153.55230659077853,966.6322577071649,21.493176500080157,33.31835100008175,3264.7581550145064,84,11700.0,6,True,True,True,True,True,,,,11700.0,11700.0,,77,77,54.8115275001619,33.31998739996925,
ga_n84_k6_h19_s77,ga,84,6,19,77,117.3131190764684,160.44781348725527,147.42938641312418,962.6868809235316,21.493176500080157,19.891288199927654,3574.0472153337955,84,11700.0,6,True,True,True,True,True,,,,11700.0,11700.0,,77,77,41.38446470000781,19.89762499998324,
nn_n84_k6_h19_s77,nn,84,6,19,77,131.20224837539342,158.1329586041011,147.79346768194767,948.7977516246066,21.493176500080157,0.2041905999649316,3694.1691746054257,84,11700.0,6,True,True,True,True,True,,,,11700.0,11700.0,,77,77,21.697367100045085,0.2042237999849021,
proposed_n84_k6_h19_s77,proposed,84,6,19,77,102.224731004142,162.962544832643,156.6973512342368,977.775268995858,15.307144099846482,5321.594611300156,2908.68724064548,84,11700.0,6,True,True,True,True,True,False,62.0,True,11700.0,11700.0,,77,77,5336.901755400002,5321.5947111998685,dual_labeled_canonical_bundle_sova
pso_n84_k6_h19_s77,pso,84,6,19,77,128.32287933849955,158.61285344358342,148.7721001728334,951.6771206615005,21.493176500080157,12.533264899859203,3586.416398059981,84,11700.0,6,True,True,True,True,True,,,,11700.0,11700.0,,77,77,34.02644139993936,12.53695090021938,
aco_n84_k6_h04_s87,aco,84,6,4,87,86.2168689237119,165.63052184604803,155.48931295678733,993.783131076288,19.39057289995253,26.72316010016948,3153.935318781835,84,11700.0,6,True,True,True,True,True,,,,11700.0,11700.0,,87,87,46.11373300012201,26.72391610010527,
ga_n84_k6_h04_s87,ga,84,6,4,87,87.64869975556238,165.39188337407293,158.58668096451092,992.3513002444377,19.39057289995253,17.361131600104272,3399.286656173488,84,11700.0,6,True,True,True,True,True,,,,11700.0,11700.0,,87,87,36.7517045000568,17.36796149984002,
nn_n84_k6_h04_s87,nn,84,6,4,87,96.78287561279856,163.86952073120025,156.02657268632612,983.2171243872016,19.39057289995253,0.1754385998938232,3391.0352061731905,84,11700.0,6,True,True,True,True,True,,,,11700.0,11700.0,,87,87,19.566011499846358,0.1754582999274134,
proposed_n84_k6_h04_s87,proposed,84,6,4,87,76.64618922872496,167.22563512854583,160.59648363592558,1003.353810771275,16.27080630022101,7865.015644099796,3027.839235880372,84,11700.0,6,True,True,True,True,True,False,56.0,True,11700.0,11700.0,,87,87,7881.286450400017,7865.015759300208,dual_labeled_canonical_bundle_sova
pso_n84_k6_h04_s87,pso,84,6,4,87,92.76917751218912,164.53847041463516,156.62542829893255,987.2308224878108,19.39057289995253,11.170419999863952,3432.1791040670582,84,11700.0,6,True,True,True,True,True,,,,11700.0,11700.0,,87,87,30.560992899816483,11.175989299779758,
aco_n84_k6_h11_s87,aco,84,6,11,87,167.8502106454992,152.02496489241682,143.1055524872229,912.1497893545009,18.196967199910432,26.91191849997267,3983.124622039432,84,11700.0,6,True,True,True,True,True,,,,11700.0,11700.0,,87,87,45.1088856998831,26.912994500016797,
ga_n84_k6_h11_s87,ga,84,6,11,87,192.69703368656693,147.8838277189055,137.4931164123762,887.302966313433,18.196967199910432,15.974042699905112,4421.171722681398,84,11700.0,6,True,True,True,True,True,,,,11700.0,11700.0,,87,87,34.171009899815544,15.978591399965808,
nn_n84_k6_h11_s87,nn,84,6,11,87,215.61166554291296,144.0647224095145,129.5360969787249,864.388334457087,18.196967199910432,0.1490090999286621,4421.171722681398,84,11700.0,6,True,True,True,True,True,,,,11700.0,11700.0,,87,87,18.34597629983909,0.1490324998740106,
proposed_n84_k6_h11_s87,proposed,84,6,11,87,156.90238416841729,153.84960263859713,145.27232506003585,923.0976158315827,14.790382199920714,17367.95910880016,4256.017710378648,84,11700.0,6,True,True,True,True,True,False,64.0,False,11700.0,11700.0,,87,87,17382.749491000082,17367.959213400027,dual_labeled_canonical_bundle_sova
pso_n84_k6_h11_s87,pso,84,6,11,87,203.69628372013327,146.05061937997775,137.4931164123762,876.3037162798666,18.196967199910432,10.843753699911758,4421.171722681398,84,11700.0,6,True,True,True,True,True,,,,11700.0,11700.0,,87,87,29.04072089982219,10.847302900161594,
aco_n84_k6_h19_s87,aco,84,6,19,87,110.73566225157757,161.5440562914037,152.12777730337953,969.2643377484223,18.702523099957038,26.49204349983484,3404.5038132614227,84,11700.0,6,True,True,True,True,True,,,,11700.0,11700.0,,87,87,45.19456659979187,26.492876699892804,
ga_n84_k6_h19_s87,ga,84,6,19,87,161.11321036323918,153.14779827279347,145.2311109219158,918.8867896367608,18.702523099957038,14.803737099980935,4802.569103766311,84,11700.0,6,True,True,True,True,True,,,,11700.0,11700.0,,87,87,33.50626019993797,14.808938600122929,
nn_n84_k6_h19_s87,nn,84,6,19,87,207.40817348920456,145.43197108513257,134.99652113649267,872.5918265107955,18.702523099957038,0.1491650999523699,6586.722503169603,84,11700.0,6,True,True,True,True,True,,,,11700.0,11700.0,,87,87,18.851688199909404,0.149221200030297,
proposed_n84_k6_h19_s87,proposed,84,6,19,87,101.08040608999822,163.15326565166697,155.28468454323863,978.9195939100018,15.0046302000992,6581.864753399976,3091.224095552005,84,11700.0,6,True,True,True,True,True,False,62.0,True,11700.0,11700.0,,87,87,6596.869383600075,6581.864855499938,dual_labeled_canonical_bundle_sova
pso_n84_k6_h19_s87,pso,84,6,19,87,204.4167701768868,145.93053830385222,135.7345868322071,875.5832298231132,18.702523099957038,8.579130499856547,6426.066750491367,84,11700.0,6,True,True,True,True,True,,,,11700.0,11700.0,,87,87,27.28165359981358,8.583098200149834,
aco_n84_k6_h04_s97,aco,84,6,4,97,86.5568908616101,165.57385152306497,161.7919178386632,993.44310913839,19.464442199794576,27.637583500007167,3259.2907569526137,84,11700.0,6,True,True,True,True,True,,,,11700.0,11700.0,,97,97,47.10202569980174,27.638592400122437,
ga_n84_k6_h04_s97,ga,84,6,4,97,84.79713001860027,165.86714499689995,160.20164893880454,995.2028699813998,19.464442199794576,21.892895800061524,3076.108182363754,84,11700.0,6,True,True,True,True,True,,,,11700.0,11700.0,,97,97,41.3573379998561,21.899223799817264,
nn_n84_k6_h04_s97,nn,84,6,4,97,93.89551120568994,164.350748132385,158.87399586570683,986.10448879431,19.464442199794576,0.192009299993515,3203.8169975477017,84,11700.0,6,True,True,True,True,True,,,,11700.0,11700.0,,97,97,19.65645149978809,0.1920377998612821,
proposed_n84_k6_h04_s97,proposed,84,6,4,97,74.60023686904259,167.5666271884929,162.9920392501514,1005.3997631309574,15.902130999835208,19253.34656159999,2791.8527709331856,84,11700.0,6,True,True,True,True,True,False,64.0,False,11700.0,11700.0,,97,97,19269.248692599824,19253.34682550002,dual_labeled_canonical_bundle_sova
pso_n84_k6_h04_s97,pso,84,6,4,97,91.48093810274987,164.75317698287503,158.73166220075046,988.51906189725,19.464442199794576,10.289942499948664,3541.626657986526,84,11700.0,6,True,True,True,True,True,,,,11700.0,11700.0,,97,97,29.75438469974324,10.29498999984935,
aco_n84_k6_h11_s97,aco,84,6,11,97,177.11070830175206,150.48154861637465,142.72773797882613,902.889291698248,18.780042900005355,28.699642499908805,4278.368184143036,84,11700.0,6,True,True,True,True,True,,,,11700.0,11700.0,,97,97,47.47968539991416,28.70067059993744,
ga_n84_k6_h11_s97,ga,84,6,11,97,186.47876625493947,148.92020562417676,143.372045353111,893.5212337450605,18.780042900005355,19.880788899958134,3782.356096708849,84,11700.0,6,True,True,True,True,True,,,,11700.0,11700.0,,97,97,38.66083179996349,19.88932940014638,
nn_n84_k6_h11_s97,nn,84,6,11,97,208.12045560331407,145.31325739944765,131.41851594627133,871.8795443966859,18.780042900005355,0.1780876000411808,4353.061318414737,84,11700.0,6,True,True,True,True,True,,,,11700.0,11700.0,,97,97,18.958130500046536,0.1781119999941438,
proposed_n84_k6_h11_s97,proposed,84,6,11,97,154.80480495495726,154.1991991741738,144.87757209686615,925.1951950450429,14.62211350002326,21334.67843819992,4600.302505057492,84,11700.0,6,True,True,True,True,True,False,64.0,False,11700.0,11700.0,,97,97,21349.30055169994,21334.67856630008,dual_labeled_canonical_bundle_sova
pso_n84_k6_h11_s97,pso,84,6,11,97,202.3239639111291,146.27933934814516,132.39670938536034,877.6760360888709,18.780042900005355,11.215170999988914,4293.029881349652,84,11700.0,6,True,True,True,True,True,,,,11700.0,11700.0,,97,97,29.99521389999427,11.220497800037265,
aco_n84_k6_h19_s97,aco,84,6,19,97,117.16764661908084,160.47205889681985,150.719131808549,962.8323533809192,19.04798120004125,28.000490499893203,3854.79418037178,84,11700.0,6,True,True,True,True,True,,,,11700.0,11700.0,,97,97,47.04847169993445,28.00155090005137,
ga_n84_k6_h19_s97,ga,84,6,19,97,116.65558049671549,160.55740325054742,152.4870680793549,963.3444195032844,19.04798120004125,17.010215000016615,3455.0326774627083,84,11700.0,6,True,True,True,True,True,,,,11700.0,11700.0,,97,97,36.05819620005786,17.01547950017266,
nn_n84_k6_h19_s97,nn,84,6,19,97,136.3950959684849,157.2674840052525,137.1293461010805,943.604904031515,19.04798120004125,0.1710117000620812,4118.279270658836,84,11700.0,6,True,True,True,True,True,,,,11700.0,11700.0,,97,97,19.21899290010333,0.1710355000104755,
proposed_n84_k6_h19_s97,proposed,84,6,19,97,101.87150692118637,163.0214155131356,157.43302622049566,978.1284930788136,15.239613699959593,7274.206975699868,3204.7926757996506,84,11700.0,6,True,True,True,True,True,False,64.0,False,11700.0,11700.0,,97,97,7289.446589399828,7274.207086199895,dual_labeled_canonical_bundle_sova
pso_n84_k6_h19_s97,pso,84,6,19,97,133.12586692872264,157.81235551187956,137.1293461010805,946.8741330712774,19.04798120004125,9.780812199926004,4118.279270658836,84,11700.0,6,True,True,True,True,True,,,,11700.0,11700.0,,97,97,28.828793399967253,9.78437150013633,
aco_n84_k6_h04_s107,aco,84,6,4,107,87.97891972978802,165.336846711702,154.03406189003744,992.021080270212,19.82326409989037,27.541280899895355,3502.357185983326,84,11700.0,6,True,True,True,True,True,,,,11700.0,11700.0,,107,107,47.36454499978572,27.542360299965367,
ga_n84_k6_h04_s107,ga,84,6,4,107,85.61733183101272,165.73044469483122,159.3921980278249,994.3826681689872,19.82326409989037,15.949656799901277,3043.928449052318,84,11700.0,6,True,True,True,True,True,,,,11700.0,11700.0,,107,107,35.77292089979164,15.954138200031592,
nn_n84_k6_h04_s107,nn,84,6,4,107,96.16211019924032,163.97298163345997,150.80153981952878,983.8378898007596,19.82326409989037,0.1660895000677555,3367.7682776056968,84,11700.0,6,True,True,True,True,True,,,,11700.0,11700.0,,107,107,19.98935359995812,0.1661149999126792,
proposed_n84_k6_h04_s107,proposed,84,6,4,107,74.91712470472197,167.513812549213,159.31029029506664,1005.082875295278,17.703302099835128,11366.436894000042,3335.9628976195395,84,11700.0,6,True,True,True,True,True,False,64.0,False,11700.0,11700.0,,107,107,11384.140196099876,11366.436997999905,dual_labeled_canonical_bundle_sova
pso_n84_k6_h04_s107,pso,84,6,4,107,93.777906877854,164.370348853691,151.79448337717955,986.222093122146,19.82326409989037,10.699257500004023,3328.757057008306,84,11700.0,6,True,True,True,True,True,,,,11700.0,11700.0,,107,107,30.52252159989439,10.704540600068867,
aco_n84_k6_h11_s107,aco,84,6,11,107,174.18892451342856,150.96851258109524,137.75526606865745,905.8110754865714,18.60008540004492,27.496065399842337,3808.322701380285,84,11700.0,6,True,True,True,True,True,,,,11700.0,11700.0,,107,107,46.096150799887255,27.496974400011823,
ga_n84_k6_h11_s107,ga,84,6,11,107,174.76884497211145,150.87185917131475,140.28341651863195,905.2311550278886,18.60008540004492,15.843211199855432,4128.429984583576,84,11700.0,6,True,True,True,True,True,,,,11700.0,11700.0,,107,107,34.44329659990035,15.848013499984518,
nn_n84_k6_h11_s107,nn,84,6,11,107,218.478900554512,143.58684990758135,128.89614911594566,861.5210994454881,18.60008540004492,0.1762945000082254,4439.473301130922,84,11700.0,6,True,True,True,True,True,,,,11700.0,11700.0,,107,107,18.776379900053144,0.1763168999459594,
proposed_n84_k6_h11_s107,proposed,84,6,11,107,153.7464103013095,154.37559828311507,146.52955242547483,926.2535896986903,15.802136200014502,8679.843933499884,3730.177776055523,84,11700.0,6,True,True,True,True,True,False,64.0,False,11700.0,11700.0,,107,107,8695.646069699898,8679.844039399875,dual_labeled_canonical_bundle_sova
pso_n84_k6_h11_s107,pso,84,6,11,107,207.58572888173256,145.40237851971122,129.8226973932956,872.4142711182674,18.60008540004492,12.188316699815914,4641.229755750122,84,11700.0,6,True,True,True,True,True,,,,11700.0,11700.0,,107,107,30.788402099860832,12.19403379992582,
aco_n84_k6_h19_s107,aco,84,6,19,107,110.31755906771772,161.61374015538038,152.94488880375445,969.6824409322822,18.49766739993356,27.74458989989944,3714.350356759429,84,11700.0,6,True,True,True,True,True,,,,11700.0,11700.0,,107,107,46.242257299833,27.745858400128785,
ga_n84_k6_h19_s107,ga,84,6,19,107,113.39368261276664,161.10105289787222,147.42028854560965,966.6063173872332,18.49766739993356,14.566180399851874,3444.2412480308803,84,11700.0,6,True,True,True,True,True,,,,11700.0,11700.0,,107,107,33.063847799785435,14.570397000061348,
nn_n84_k6_h19_s107,nn,84,6,19,107,126.94064958065528,158.8432250698908,137.6738919957614,953.0593504193448,18.49766739993356,0.203894899925217,3336.0334383458926,84,11700.0,6,True,True,True,True,True,,,,11700.0,11700.0,,107,107,18.70156229985878,0.2039207001216709,
proposed_n84_k6_h19_s107,proposed,84,6,19,107,102.38428190131935,162.93595301644677,153.5478760064474,977.6157180986806,15.799366400111468,6237.805135299917,3195.598180683792,84,11700.0,6,True,True,True,True,True,False,59.0,False,11700.0,11700.0,,107,107,6253.604501700029,6237.805230299942,dual_labeled_canonical_bundle_sova
pso_n84_k6_h19_s107,pso,84,6,19,107,121.53131288554546,159.74478118574245,142.16928415731667,958.4686871144544,18.49766739993356,9.64311710000038,3204.0701770839296,84,11700.0,6,True,True,True,True,True,,,,11700.0,11700.0,,107,107,28.140784499933943,9.646419700002298,
aco_n84_k6_h04_s117,aco,84,6,4,117,83.90380529271809,166.01603245121365,159.53938256183417,996.096194707282,19.998587999958545,27.322014099918302,3153.114042629808,84,11700.0,6,True,True,True,True,True,,,,11700.0,11700.0,,117,117,47.32060209987685,27.32299289992079,
ga_n84_k6_h04_s117,ga,84,6,4,117,84.68246351596028,165.8862560806733,158.97213753151274,995.3175364840396,19.998587999958545,17.362829599995166,3274.9326571973243,84,11700.0,6,True,True,True,True,True,,,,11700.0,11700.0,,117,117,37.36141759995371,17.367450800025836,
nn_n84_k6_h04_s117,nn,84,6,4,117,94.45683435720122,164.2571942737998,151.62925761618283,985.5431656427988,19.998587999958545,0.1874760999344289,4333.863496389401,84,11700.0,6,True,True,True,True,True,,,,11700.0,11700.0,,117,117,20.18606409989297,0.1875150001142174,
proposed_n84_k6_h04_s117,proposed,84,6,4,117,74.70767681300757,167.5487205311654,162.11568797928769,1005.2923231869923,16.580302800051868,3201.687968400074,2910.833199735135,84,11700.0,6,True,True,True,True,True,False,64.0,False,11700.0,11700.0,,117,117,3218.268271200126,3201.688066799892,dual_labeled_canonical_bundle_sova
pso_n84_k6_h04_s117,pso,84,6,4,117,90.91639206268,164.84726798955333,152.62564955154212,989.08360793732,19.998587999958545,10.726807000115514,4272.089828403015,84,11700.0,6,True,True,True,True,True,,,,11700.0,11700.0,,117,117,30.72539500007406,10.73041610000655,
aco_n84_k6_h11_s117,aco,84,6,11,117,176.2647488902122,150.6225418516313,133.33598439313215,903.7352511097878,18.637884600088,27.52008390007541,4433.389037323174,84,11700.0,6,True,True,True,True,True,,,,11700.0,11700.0,,117,117,46.157968500163406,27.52147940010764,
ga_n84_k6_h11_s117,ga,84,6,11,117,186.40021053338907,148.93329824443515,134.99637209153676,893.5997894666109,18.637884600088,19.861755299847573,4379.092488703937,84,11700.0,6,True,True,True,True,True,,,,11700.0,11700.0,,117,117,38.49963989993557,19.869361200137064,
nn_n84_k6_h11_s117,nn,84,6,11,117,209.85569931696148,145.02405011383976,132.81022914760703,870.1443006830385,18.637884600088,0.177190100075677,4395.780689333174,84,11700.0,6,True,True,True,True,True,,,,11700.0,11700.0,,117,117,18.81507470016368,0.1772144001442939,
proposed_n84_k6_h11_s117,proposed,84,6,11,117,159.2448114228488,153.45919809619187,146.88920504833413,920.7551885771512,15.488829700043423,4731.000047500012,3607.684942191724,84,11700.0,6,True,True,True,True,True,False,64.0,False,11700.0,11700.0,,117,117,4746.488877200056,4731.000199800124,dual_labeled_canonical_bundle_sova
pso_n84_k6_h11_s117,pso,84,6,11,117,201.53239943981325,146.4112667600311,134.9462696310045,878.4676005601867,18.637884600088,10.320868799928576,4347.725280943229,84,11700.0,6,True,True,True,True,True,,,,11700.0,11700.0,,117,117,28.958753400016576,10.324191199848428,
aco_n84_k6_h19_s117,aco,84,6,19,117,116.50042072833496,160.58326321194417,151.5726972416246,963.499579271665,18.994093000190333,27.344544500112534,3714.215009446338,84,11700.0,6,True,True,True,True,True,,,,11700.0,11700.0,,117,117,46.33863750030287,27.345709800021723,
ga_n84_k6_h19_s117,ga,84,6,19,117,117.0262520725238,160.49562465457936,150.9086817285566,962.9737479274762,18.994093000190333,17.73448979994282,3370.812647052126,84,11700.0,6,True,True,True,True,True,,,,11700.0,11700.0,,117,117,36.728582800133154,17.738951600156724,
nn_n84_k6_h19_s117,nn,84,6,19,117,125.37408689513938,159.1043188508101,145.45381969382495,954.6259131048606,18.994093000190333,0.2144105997867882,3725.7966373571408,84,11700.0,6,True,True,True,True,True,,,,11700.0,11700.0,,117,117,19.20850359997712,0.2144333999603986,
proposed_n84_k6_h19_s117,proposed,84,6,19,117,104.4002836459924,162.59995272566792,153.34172443279675,975.5997163540076,16.02699809987098,4555.165481499862,3166.772589620152,84,11700.0,6,True,True,True,True,True,False,58.0,True,11700.0,11700.0,,117,117,4571.192479599733,4555.165583500173,dual_labeled_canonical_bundle_sova
pso_n84_k6_h19_s117,pso,84,6,19,117,124.65246960864243,159.2245883985596,145.45381969382495,955.3475303913576,18.994093000190333,10.596156400162728,3725.7966373571408,84,11700.0,6,True,True,True,True,True,,,,11700.0,11700.0,,117,117,29.59024940035306,10.6009452000726,
aco_n84_k6_h04_s127,aco,84,6,4,127,85.76937499341834,165.7051041677636,154.90131565362051,994.2306250065816,20.149160499917343,27.106010500108823,3301.047698669411,84,11700.0,6,True,True,True,True,True,,,,11700.0,11700.0,,127,127,47.255171000026166,27.107181000057608,
ga_n84_k6_h04_s127,ga,84,6,4,127,93.56739390508436,164.4054343491526,158.43765886399845,986.4326060949156,20.149160499917343,32.01202030014247,3336.1180092208187,84,11700.0,6,True,True,True,True,True,,,,11700.0,11700.0,,127,127,52.16118080005981,32.02749580005184,
nn_n84_k6_h04_s127,nn,84,6,4,127,99.13374583279922,163.47770902786678,154.63799200569295,980.8662541672009,20.149160499917343,0.1679738000966608,3359.4890634289154,84,11700.0,6,True,True,True,True,True,,,,11700.0,11700.0,,127,127,20.317134300014004,0.1680097000207752,
proposed_n84_k6_h04_s127,proposed,84,6,4,127,73.7192040007323,167.71346599987794,163.67575005214815,1006.2807959992676,16.49457999994047,16172.115477599902,3168.7009003796247,84,11700.0,6,True,True,True,True,True,False,64.0,False,11700.0,11700.0,,127,127,16188.610057599844,16172.115587999811,dual_labeled_canonical_bundle_sova
pso_n84_k6_h04_s127,pso,84,6,4,127,95.11794307647592,164.14700948725402,154.7044682651516,984.882056923524,20.149160499917343,10.401208699913695,3280.706764324537,84,11700.0,6,True,True,True,True,True,,,,11700.0,11700.0,,127,127,30.55036919983104,10.406404899898916,
aco_n84_k6_h11_s127,aco,84,6,11,127,186.3720326230404,148.9379945628266,138.63011811755558,893.6279673769595,18.58117059990764,27.48516070004553,4250.267114084297,84,11700.0,6,True,True,True,True,True,,,,11700.0,11700.0,,127,127,46.06633129995316,27.486555400071666,
ga_n84_k6_h11_s127,ga,84,6,11,127,181.27008002476208,149.788319995873,139.3703438168487,898.729919975238,18.58117059990764,24.465557900024574,4358.051528060889,84,11700.0,6,True,True,True,True,True,,,,11700.0,11700.0,,127,127,43.046728499932215,24.47424609982409,
nn_n84_k6_h11_s127,nn,84,6,11,127,203.26144901277135,146.1230918312048,136.00057646723144,876.7385509872287,18.58117059990764,0.2183306999504566,4346.574171219418,84,11700.0,6,True,True,True,True,True,,,,11700.0,11700.0,,127,127,18.799501299858093,0.218353500124067,
proposed_n84_k6_h11_s127,proposed,84,6,11,127,159.54915207240632,153.40847465459896,144.55419353939908,920.4508479275936,15.425022199982775,10258.73407630017,3817.3961117138538,84,11700.0,6,True,True,True,True,True,False,63.0,True,11700.0,11700.0,,127,127,10274.159098500151,10258.734267499996,dual_labeled_canonical_bundle_sova
pso_n84_k6_h11_s127,pso,84,6,11,127,200.44756253565373,146.5920729107244,136.00057646723144,879.5524374643463,18.58117059990764,12.385273599997165,4346.574171219418,84,11700.0,6,True,True,True,True,True,,,,11700.0,11700.0,,127,127,30.9664441999048,12.389051999896765,
aco_n84_k6_h19_s127,aco,84,6,19,127,114.42479921154523,160.92920013140915,154.61041391569594,965.5752007884548,19.973881999962032,27.936367500107732,3424.965761411413,84,11700.0,6,True,True,True,True,True,,,,11700.0,11700.0,,127,127,47.91024950006977,27.93784339982085,
ga_n84_k6_h19_s127,ga,84,6,19,127,119.39419884805228,160.10096685865796,149.40438813349394,960.6058011519476,19.973881999962032,21.984046599827707,3646.6478854894167,84,11700.0,6,True,True,True,True,True,,,,11700.0,11700.0,,127,127,41.95792859978974,21.992330400040373,
nn_n84_k6_h19_s127,nn,84,6,19,127,132.81192172987002,157.86467971168832,141.80505799348842,947.18807827013,19.973881999962032,0.1844083999749273,3588.680474008548,84,11700.0,6,True,True,True,True,True,,,,11700.0,11700.0,,127,127,20.15829039993696,0.1844339999370277,
proposed_n84_k6_h19_s127,proposed,84,6,19,127,104.42182030893171,162.5963632818447,156.71687123791963,975.5781796910684,15.93978470005095,6999.597216499969,3619.806634971989,84,11700.0,6,True,True,True,True,True,False,64.0,False,11700.0,11700.0,,127,127,7015.53700120002,6999.597333299927,dual_labeled_canonical_bundle_sova
pso_n84_k6_h19_s127,pso,84,6,19,127,130.52287742706366,158.24618709548938,141.80505799348842,949.4771225729364,19.973881999962032,10.937710700090976,3617.191971612343,84,11700.0,6,True,True,True,True,True,,,,11700.0,11700.0,,127,127,30.911592700053006,10.94115690002218,
aco_n84_k6_h04_s137,aco,84,6,4,137,84.73066246106485,165.87822292315585,154.39504693806524,995.2693375389352,20.380293699912727,27.129012499935925,3139.512739016765,84,11700.0,6,True,True,True,True,True,,,,11700.0,11700.0,,137,137,47.50930619984865,27.12999609997496,
ga_n84_k6_h04_s137,ga,84,6,4,137,88.32422750304998,165.27929541615833,161.20127443843867,991.67577249695,20.380293699912727,24.791430099867284,3208.703624914933,84,11700.0,6,True,True,True,True,True,,,,11700.0,11700.0,,137,137,45.17172379978001,24.803187699988484,
nn_n84_k6_h04_s137,nn,84,6,4,137,96.04787455913151,163.9920209068114,147.76792089338173,983.9521254408684,20.380293699912727,0.1783457999117672,3573.4897918749434,84,11700.0,6,True,True,True,True,True,,,,11700.0,11700.0,,137,137,20.55863949982449,0.178372599883005,
proposed_n84_k6_h04_s137,proposed,84,6,4,137,73.3985337198812,167.76691104668646,158.87224056980585,1006.6014662801188,16.77682220004499,6626.377766699996,3074.1806635958533,84,11700.0,6,True,True,True,True,True,False,53.0,True,11700.0,11700.0,,137,137,6643.154588900041,6626.37790740002,dual_labeled_canonical_bundle_sova
pso_n84_k6_h04_s137,pso,84,6,4,137,94.715955551246,164.21400740812567,147.76792089338173,985.284044448754,20.380293699912727,9.481596699915826,3506.116481040964,84,11700.0,6,True,True,True,True,True,,,,11700.0,11700.0,,137,137,29.861890399828557,9.485245699994266,
aco_n84_k6_h11_s137,aco,84,6,11,137,174.18735940632592,150.968773432279,131.55169463750798,905.812640593674,18.702312200097367,27.279280100017782,4640.771878796722,84,11700.0,6,True,True,True,True,True,,,,11700.0,11700.0,,137,137,45.98159230011515,27.280189600074664,
ga_n84_k6_h11_s137,ga,84,6,11,137,198.1584621019869,146.97358964966884,124.32139352244124,881.841537898013,18.702312200097367,16.65790930017829,4559.126039420914,84,11700.0,6,True,True,True,True,True,,,,11700.0,11700.0,,137,137,35.36022150027566,16.663684299914166,
nn_n84_k6_h11_s137,nn,84,6,11,137,215.8403582910228,144.02660695149618,113.37815633187788,864.1596417089771,18.702312200097367,0.19745590002276,5434.33089191451,84,11700.0,6,True,True,True,True,True,,,,11700.0,11700.0,,137,137,18.899768100120127,0.1974786000791937,
proposed_n84_k6_h11_s137,proposed,84,6,11,137,155.93181758470726,154.01136373588213,149.58597425003913,924.0681824152928,15.771753400098532,7875.811671599979,3454.284790785713,84,11700.0,6,True,True,True,True,True,False,55.0,False,11700.0,11700.0,,137,137,7891.583425000077,7875.811769899912,dual_labeled_canonical_bundle_sova
pso_n84_k6_h11_s137,pso,84,6,11,137,210.8015124181774,144.86641459697043,112.22025471323006,869.1984875818226,18.702312200097367,11.020641699898988,5709.542659611195,84,11700.0,6,True,True,True,True,True,,,,11700.0,11700.0,,137,137,29.722953899996355,11.02405699994415,
aco_n84_k6_h19_s137,aco,84,6,19,137,111.94554857383103,161.34240857102816,153.6334683854749,968.054451426169,19.275781400036067,27.6855593000073,3696.3697850366566,84,11700.0,6,True,True,True,True,True,,,,11700.0,11700.0,,137,137,46.961340700043365,27.68651449983008,
ga_n84_k6_h19_s137,ga,84,6,19,137,127.59158656883491,158.73473557186085,151.07852153968895,952.4084134311652,19.275781400036067,23.97876979992725,3637.249763946119,84,11700.0,6,True,True,True,True,True,,,,11700.0,11700.0,,137,137,43.25455119996332,23.987265599891543,
nn_n84_k6_h19_s137,nn,84,6,19,137,135.13651485037684,157.47724752493718,132.90666873473745,944.8634851496232,19.275781400036067,0.1593285000417381,4322.137873255897,84,11700.0,6,True,True,True,True,True,,,,11700.0,11700.0,,137,137,19.435109900077805,0.1593519998714327,
proposed_n84_k6_h19_s137,proposed,84,6,19,137,100.60936575843398,163.23177237359434,154.47437633423365,979.390634241566,16.12296719988808,4714.315209600143,2977.055958212911,84,11700.0,6,True,True,True,True,True,False,64.0,False,11700.0,11700.0,,137,137,4730.438176800031,4714.315324600088,dual_labeled_canonical_bundle_sova
pso_n84_k6_h19_s137,pso,84,6,19,137,131.55418268487483,158.0743028858542,137.2406550286666,948.4458173151252,19.275781400036067,10.9951083001215,4164.287466519792,84,11700.0,6,True,True,True,True,True,,,,11700.0,11700.0,,137,137,30.270889700157568,10.998616999946536,
aco_n84_k6_h04_s147,aco,84,6,4,147,87.0487084567024,165.49188192388291,159.2580582992422,992.9512915432975,20.15364110004157,27.321741400053725,3050.935896095917,84,11700.0,6,True,True,True,True,True,,,,11700.0,11700.0,,147,147,47.47538250009529,27.32275260007009,
ga_n84_k6_h04_s147,ga,84,6,4,147,92.92185329507852,164.51302445082024,159.51031586963794,987.0781467049214,20.15364110004157,17.762909800047055,3708.248527109857,84,11700.0,6,True,True,True,True,True,,,,11700.0,11700.0,,147,147,37.91655090008862,17.770650799851865,
nn_n84_k6_h04_s147,nn,84,6,4,147,99.7401438950236,163.37664268416273,148.04775000279815,980.2598561049764,20.15364110004157,0.1555621998850256,3707.494000661889,84,11700.0,6,True,True,True,True,True,,,,11700.0,11700.0,,147,147,20.309203299926597,0.1555913998745381,
proposed_n84_k6_h04_s147,proposed,84,6,4,147,72.66501725316189,167.88916379113968,163.683353964032,1007.334982746838,16.393520300043747,5188.232685500057,2936.3196380467703,84,11700.0,6,True,True,True,True,True,False,64.0,False,11700.0,11700.0,,147,147,5204.626205800101,5188.232784199994,dual_labeled_canonical_bundle_sova
pso_n84_k6_h04_s147,pso,84,6,4,147,97.64483029549912,163.72586161741685,148.04775000279815,982.3551697045008,20.15364110004157,11.809881000081075,3395.3593198633585,84,11700.0,6,True,True,True,True,True,,,,11700.0,11700.0,,147,147,31.963522100122645,11.813947499962524,
aco_n84_k6_h11_s147,aco,84,6,11,147,173.00811315780194,151.16531447369968,136.85542846655383,906.991886842198,18.32804940012284,27.34223329997621,4600.407444851582,84,11700.0,6,True,True,True,True,True,,,,11700.0,11700.0,,147,147,45.67028270009905,27.34311809996143,
ga_n84_k6_h11_s147,ga,84,6,11,147,180.37604572646848,149.93732571225527,137.64282858429596,899.6239542735316,18.32804940012284,19.36919820006005,4333.030437248644,84,11700.0,6,True,True,True,True,True,,,,11700.0,11700.0,,147,147,37.69724760018289,19.37433259980753,
nn_n84_k6_h11_s147,nn,84,6,11,147,200.3848725709818,146.60252123816971,116.62968001403212,879.6151274290182,18.32804940012284,0.2270088999066501,5221.7621313406535,84,11700.0,6,True,True,True,True,True,,,,11700.0,11700.0,,147,147,18.555058300029486,0.2270378000102937,
proposed_n84_k6_h11_s147,proposed,84,6,11,147,153.9792064200773,154.3367989299871,151.129000581922,926.0207935799228,15.31974760000594,8114.232869000174,3482.57941740776,84,11700.0,6,True,True,True,True,True,False,64.0,False,11700.0,11700.0,,147,147,8129.55261660018,8114.233021799941,dual_labeled_canonical_bundle_sova
pso_n84_k6_h11_s147,pso,84,6,11,147,196.4746482355021,147.254225294083,118.7458999205108,883.5253517644979,18.32804940012284,10.387817400041968,5297.766162927611,84,11700.0,6,True,True,True,True,True,,,,11700.0,11700.0,,147,147,28.715866800164804,10.390998899936676,
aco_n84_k6_h19_s147,aco,84,6,19,147,113.01510638692358,161.1641489355127,153.1466025603249,966.9848936130765,19.020019499817863,27.60925449989736,3565.4905719104268,84,11700.0,6,True,True,True,True,True,,,,11700.0,11700.0,,147,147,46.62927399971522,27.61070340010337,
ga_n84_k6_h19_s147,ga,84,6,19,147,124.43019710845404,159.26163381525765,143.66519851405332,955.569802891546,19.020019499817863,21.83000029996037,3611.944709494264,84,11700.0,6,True,True,True,True,True,,,,11700.0,11700.0,,147,147,40.85001979977824,21.83590569999069,
nn_n84_k6_h19_s147,nn,84,6,19,147,136.83014384785972,157.1949760253567,130.15899404925236,943.1698561521404,19.020019499817863,0.167036399943754,4208.120183093764,84,11700.0,6,True,True,True,True,True,,,,11700.0,11700.0,,147,147,19.187055899761617,0.1670615999028086,
proposed_n84_k6_h19_s147,proposed,84,6,19,147,101.9381945295372,163.0103009117438,152.16861981442673,978.0618054704628,15.933125599985942,4779.017275799997,3363.9037443502034,84,11700.0,6,True,True,True,True,True,False,61.0,True,11700.0,11700.0,,147,147,4794.950401399983,4779.017413200112,dual_labeled_canonical_bundle_sova
pso_n84_k6_h19_s147,pso,84,6,19,147,135.85649085257563,157.35725152457073,130.15899404925236,944.1435091474244,19.020019499817863,9.14355539996177,4208.120183093764,84,11700.0,6,True,True,True,True,True,,,,11700.0,11700.0,,147,147,28.163574899779636,9.148153600050136,
aco_n84_k6_h04_s157,aco,84,6,4,157,85.72740086074775,165.71209985654204,160.77390155974618,994.2725991392522,19.80323290009983,27.986571799963716,3276.3355369095398,84,11700.0,6,True,True,True,True,True,,,,11700.0,11700.0,,157,157,47.78980470006354,27.98770110006444,
ga_n84_k6_h04_s157,ga,84,6,4,157,84.63612298129677,165.8939795031172,161.8231936910058,995.3638770187032,19.80323290009983,18.368191400077198,3158.1549666342344,84,11700.0,6,True,True,True,True,True,,,,11700.0,11700.0,,157,157,38.17142430017702,18.37305729999207,
nn_n84_k6_h04_s157,nn,84,6,4,157,99.77355006146064,163.37107498975658,148.66973832017666,980.2264499385394,19.80323290009983,0.2007788999471813,3699.0543773407617,84,11700.0,6,True,True,True,True,True,,,,11700.0,11700.0,,157,157,20.00401180004701,0.2008008998818695,
proposed_n84_k6_h04_s157,proposed,84,6,4,157,73.07538954850993,167.82076840858167,163.35206778158803,1006.92461045149,16.91941779991612,8197.720519999973,2869.2065663421413,84,11700.0,6,True,True,True,True,True,False,63.0,False,11700.0,11700.0,,157,157,8214.63993779989,8197.720704500098,dual_labeled_canonical_bundle_sova
pso_n84_k6_h04_s157,pso,84,6,4,157,94.50586720371746,164.24902213271375,149.84673531380173,985.4941327962824,19.80323290009983,10.990193499950692,3603.970991248448,84,11700.0,6,True,True,True,True,True,,,,11700.0,11700.0,,157,157,30.79342640005052,10.993557800073177,
aco_n84_k6_h11_s157,aco,84,6,11,157,174.28019510260302,150.95330081623283,143.49562526562588,905.719804897397,18.529285399941728,27.450111099984497,4095.6625635606288,84,11700.0,6,True,True,True,True,True,,,,11700.0,11700.0,,157,157,45.979396499926224,27.451662400038916,
ga_n84_k6_h11_s157,ga,84,6,11,157,182.35001006471887,149.6083316558802,138.2536557163295,897.6499899352812,18.529285399941728,18.687730300007388,3757.607634797372,84,11700.0,6,True,True,True,True,True,,,,11700.0,11700.0,,157,157,37.21701569994912,18.69354599993676,
nn_n84_k6_h11_s157,nn,84,6,11,157,201.18196103856204,146.4696731602397,125.60725117751063,878.818038961438,18.529285399941728,0.169464600039646,4204.410740291166,84,11700.0,6,True,True,True,True,True,,,,11700.0,11700.0,,157,157,18.698749999981374,0.1694896998815238,
proposed_n84_k6_h11_s157,proposed,84,6,11,157,163.61044286727733,152.73159285545378,146.63831584221032,916.3895571327226,15.5863352001179,5250.238887900021,4068.880030364274,84,11700.0,6,True,True,True,True,True,False,64.0,False,11700.0,11700.0,,157,157,5265.825223100139,5250.238995200023,dual_labeled_canonical_bundle_sova
pso_n84_k6_h11_s157,pso,84,6,11,157,197.98842162411876,147.00192972931356,125.60725117751063,882.0115783758813,18.529285399941728,10.231797700049356,4246.862603687187,84,11700.0,6,True,True,True,True,True,,,,11700.0,11700.0,,157,157,28.761083099991083,10.23601990006864,
aco_n84_k6_h19_s157,aco,84,6,19,157,110.64752575364898,161.55874570772517,153.31749376505053,969.352474246351,19.12938629998825,28.2177004001569,3582.676496293365,84,11700.0,6,True,True,True,True,True,,,,11700.0,11700.0,,157,157,47.34708670014516,28.2187055000104,
ga_n84_k6_h19_s157,ga,84,6,19,157,121.52546701162412,159.74575549806266,149.83452911582856,958.474532988376,19.12938629998825,17.485167199978605,3523.113335048499,84,11700.0,6,True,True,True,True,True,,,,11700.0,11700.0,,157,157,36.61455349996686,17.489721700083464,
nn_n84_k6_h19_s157,nn,84,6,19,157,131.9152128935739,158.01413118440436,140.32734874325106,948.084787106426,19.12938629998825,0.1785965000744909,3852.19733304167,84,11700.0,6,True,True,True,True,True,,,,11700.0,11700.0,,157,157,19.307982800062742,0.1786323999986052,
proposed_n84_k6_h19_s157,proposed,84,6,19,157,102.28343846641869,162.9527602555969,154.06572662786203,977.7165615335814,17.234717200044543,8804.825078000082,3005.1974822228203,84,11700.0,6,True,True,True,True,True,False,64.0,False,11700.0,11700.0,,157,157,8822.059795200126,8804.825179100037,dual_labeled_canonical_bundle_sova
pso_n84_k6_h19_s157,pso,84,6,19,157,128.0422026890762,158.65963288515397,140.32734874325106,951.9577973109238,19.12938629998825,10.26996700000018,3852.19733304167,84,11700.0,6,True,True,True,True,True,,,,11700.0,11700.0,,157,157,29.399353299988437,10.275221100077031,
aco_n84_k6_h04_s167,aco,84,6,4,167,84.24333534419777,165.95944410930036,156.22924605438973,995.7566646558022,19.37186409998685,27.57378139998764,3029.8519766256545,84,11700.0,6,True,True,True,True,True,,,,11700.0,11700.0,,167,167,46.94564549997449,27.574866299983118,
ga_n84_k6_h04_s167,ga,84,6,4,167,92.31788965056415,164.6136850582393,158.66957338162288,987.6821103494358,19.37186409998685,17.763049399945885,3264.140467684085,84,11700.0,6,True,True,True,True,True,,,,11700.0,11700.0,,167,167,37.134913499932736,17.76983019988984,
nn_n84_k6_h04_s167,nn,84,6,4,167,100.79141806878656,163.2014303218689,149.02744521042925,979.2085819312134,19.37186409998685,0.1901730000972747,3512.487837970896,84,11700.0,6,True,True,True,True,True,,,,11700.0,11700.0,,167,167,19.56203710008413,0.1901974000502377,
proposed_n84_k6_h04_s167,proposed,84,6,4,167,72.45390804981379,167.92434865836438,164.2463479680101,1007.5460919501862,17.34146389993839,4653.460537999868,2635.3532190538726,84,11700.0,6,True,True,True,True,True,False,64.0,False,11700.0,11700.0,,167,167,4670.802001899807,4653.460641500074,dual_labeled_canonical_bundle_sova
pso_n84_k6_h04_s167,pso,84,6,4,167,99.36795168641548,163.43867471893074,149.02744521042925,980.6320483135844,19.37186409998685,11.15071429987438,3354.343406560305,84,11700.0,6,True,True,True,True,True,,,,11700.0,11700.0,,167,167,30.52257839986123,11.154490299988538,
aco_n84_k6_h11_s167,aco,84,6,11,167,180.9082502025637,149.84862496623938,142.1780841728843,899.0917497974364,18.245417200028896,27.841055399971083,4056.2799866526734,84,11700.0,6,True,True,True,True,True,,,,11700.0,11700.0,,167,167,46.08647259999998,27.84233250003308,
ga_n84_k6_h11_s167,ga,84,6,11,167,184.3436812078865,149.27605313201892,138.6159634011101,895.6563187921136,18.245417200028896,16.75528519996442,4054.99386261188,84,11700.0,6,True,True,True,True,True,,,,11700.0,11700.0,,167,167,35.000702399993315,16.76107140001841,
nn_n84_k6_h11_s167,nn,84,6,11,167,197.78156457303936,147.03640590449345,130.9477885239708,882.2184354269607,18.245417200028896,0.2073268999811262,4423.390839272741,84,11700.0,6,True,True,True,True,True,,,,11700.0,11700.0,,167,167,18.452744100010023,0.2073516000527888,
proposed_n84_k6_h11_s167,proposed,84,6,11,167,154.6822489393932,154.2196251767678,147.56267920152197,925.3177510606068,15.3485270999372,6686.707361900015,3537.299738138688,84,11700.0,6,True,True,True,True,True,False,64.0,False,11700.0,11700.0,,167,167,6702.055888999952,6686.707470400026,dual_labeled_canonical_bundle_sova
pso_n84_k6_h11_s167,pso,84,6,11,167,195.637469744723,147.39375504254616,130.9477885239708,884.362530255277,18.245417200028896,9.557013700017706,4423.390839272741,84,11700.0,6,True,True,True,True,True,,,,11700.0,11700.0,,167,167,27.8024309000466,9.56184499990195,
aco_n84_k6_h19_s167,aco,84,6,19,167,118.50588048356504,160.2490199194058,151.11955206008395,961.4941195164348,19.142598900012672,27.633993699913844,3695.4133620595767,84,11700.0,6,True,True,True,True,True,,,,11700.0,11700.0,,167,167,46.77659259992652,27.63531620008871,
ga_n84_k6_h19_s167,ga,84,6,19,167,119.97270626035318,160.0045489566078,145.7150176742879,960.0272937396468,19.142598900012672,17.966345900204033,3581.8048141603663,84,11700.0,6,True,True,True,True,True,,,,11700.0,11700.0,,167,167,37.10894480021671,17.972877699881792,
nn_n84_k6_h19_s167,nn,84,6,19,167,130.03679276062132,158.3272012065631,137.82490958961947,949.9632072393788,19.142598900012672,0.2234656999353319,3852.2977066613166,84,11700.0,6,True,True,True,True,True,,,,11700.0,11700.0,,167,167,19.366064599948004,0.2235014999751001,
proposed_n84_k6_h19_s167,proposed,84,6,19,167,105.35624302811792,162.44062616198036,155.59529519457934,974.643756971882,15.934074599994346,3087.063362900168,3410.3253642906784,84,11700.0,6,True,True,True,True,True,False,64.0,False,11700.0,11700.0,,167,167,3102.997437500162,3087.0634977999143,dual_labeled_canonical_bundle_sova
pso_n84_k6_h19_s167,pso,84,6,19,167,126.55204796557364,158.90799200573773,140.22196791491908,953.4479520344264,19.142598900012672,10.171963199973106,3698.873636187292,84,11700.0,6,True,True,True,True,True,,,,11700.0,11700.0,,167,167,29.31456209998578,10.175174499861896,
aco_n84_k6_h04_s177,aco,84,6,4,177,86.69201421352469,165.55133096441253,153.40352583725166,993.3079857864752,19.72386180004105,27.472034299978983,3710.638651468053,84,11700.0,6,True,True,True,True,True,,,,11700.0,11700.0,,177,177,47.19589610002004,27.473022300051525,
ga_n84_k6_h04_s177,ga,84,6,4,177,85.43027364819925,165.76162105863347,154.0826292569215,994.5697263518008,19.72386180004105,17.68625000002794,3581.4585557787445,84,11700.0,6,True,True,True,True,True,,,,11700.0,11700.0,,177,177,37.41011180006899,17.690978200174868,
nn_n84_k6_h04_s177,nn,84,6,4,177,103.21735160051152,162.79710806658142,145.8856258867535,976.7826483994884,19.72386180004105,0.1702994001097977,4116.677961022328,84,11700.0,6,True,True,True,True,True,,,,11700.0,11700.0,,177,177,19.894161200150847,0.1703322997782379,
proposed_n84_k6_h04_s177,proposed,84,6,4,177,74.08151471002209,167.653080881663,164.5412605720634,1005.918485289978,16.82505420013331,8548.601394199999,3091.9009457849834,84,11700.0,6,True,True,True,True,True,False,64.0,False,11700.0,11700.0,,177,177,8565.426448400132,8548.601546199992,dual_labeled_canonical_bundle_sova
pso_n84_k6_h04_s177,pso,84,6,4,177,98.8460627776964,163.52565620371726,148.04866228119135,981.1539372223036,19.72386180004105,11.97284509986639,3684.394311599085,84,11700.0,6,True,True,True,True,True,,,,11700.0,11700.0,,177,177,31.69670689990744,11.976526000071315,
aco_n84_k6_h11_s177,aco,84,6,11,177,182.0999083508974,149.65001527485043,135.68122778358872,897.9000916491026,18.3263362001162,28.55759510002099,4840.973541187257,84,11700.0,6,True,True,True,True,True,,,,11700.0,11700.0,,177,177,46.88393130013719,28.55921830004081,
ga_n84_k6_h11_s177,ga,84,6,11,177,177.41298031007557,150.43116994832073,141.550874573056,902.5870196899244,18.3263362001162,15.6475866001565,3351.2400626490885,84,11700.0,6,True,True,True,True,True,,,,11700.0,11700.0,,177,177,33.9739228002727,15.651654300047085,
nn_n84_k6_h11_s177,nn,84,6,11,177,202.3595936890567,146.27340105182387,125.62723828136605,877.6404063109433,18.3263362001162,0.1811176999472081,4066.439336326188,84,11700.0,6,True,True,True,True,True,,,,11700.0,11700.0,,177,177,18.50745390006341,0.1811456999275833,
proposed_n84_k6_h11_s177,proposed,84,6,11,177,153.98954026150236,154.33507662308295,147.53437070415745,926.0104597384976,15.106059599900618,14358.30339200003,3865.4525588737006,84,11700.0,6,True,True,True,True,True,False,64.0,False,11700.0,11700.0,,177,177,14373.409451599931,14358.30349059985,dual_labeled_canonical_bundle_sova
pso_n84_k6_h11_s177,pso,84,6,11,177,197.0978857359425,147.1503523773429,125.62723828136605,882.9021142640574,18.3263362001162,10.09963440010324,3996.726504923304,84,11700.0,6,True,True,True,True,True,,,,11700.0,11700.0,,177,177,28.425970600219443,10.10322989989072,
aco_n84_k6_h19_s177,aco,84,6,19,177,115.57964224853744,160.73672629191043,151.23239269776593,964.4203577514626,19.09435739996843,27.995588300051168,3740.1497695023486,84,11700.0,6,True,True,True,True,True,,,,11700.0,11700.0,,177,177,47.0899457000196,27.996559699997302,
ga_n84_k6_h19_s177,ga,84,6,19,177,118.45206264365254,160.25798955939123,149.24091244906873,961.5479373563476,19.09435739996843,16.89820529986173,3323.736320408963,84,11700.0,6,True,True,True,True,True,,,,11700.0,11700.0,,177,177,35.99256269983016,16.90435800002888,
nn_n84_k6_h19_s177,nn,84,6,19,177,128.58596526300238,158.56900578949958,139.53762025741054,951.4140347369976,19.09435739996843,0.208331799833104,3960.9075233447593,84,11700.0,6,True,True,True,True,True,,,,11700.0,11700.0,,177,177,19.30268919980153,0.208365400088951,
proposed_n84_k6_h19_s177,proposed,84,6,19,177,101.469221304196,163.08846311596733,150.66112742113984,978.530778695804,16.014359900029376,5285.201905899914,3121.0005415859723,84,11700.0,6,True,True,True,True,True,False,64.0,False,11700.0,11700.0,,177,177,5301.216265799943,5285.202004599851,dual_labeled_canonical_bundle_sova
pso_n84_k6_h19_s177,pso,84,6,19,177,126.98786819299453,158.8353553011676,139.53762025741054,953.0121318070056,19.09435739996843,10.323284999933094,3960.9075233447593,84,11700.0,6,True,True,True,True,True,,,,11700.0,11700.0,,177,177,29.417642399901524,10.326639199862257,
aco_n84_k6_h04_s187,aco,84,6,4,187,85.48017383776258,165.7533043603729,158.55269789258637,994.5198261622376,19.71448819991201,27.85468959994614,3641.414489053393,84,11700.0,6,True,True,True,True,True,,,,11700.0,11700.0,,187,187,47.56917779985815,27.856090700021014,
ga_n84_k6_h04_s187,ga,84,6,4,187,89.52771379466003,165.07871436755667,154.04373523009275,990.47228620534,19.71448819991201,19.86778840003535,3442.6130367743167,84,11700.0,6,True,True,True,True,True,,,,11700.0,11700.0,,187,187,39.58227659994736,19.8740361998789,
nn_n84_k6_h04_s187,nn,84,6,4,187,104.37399925274303,162.60433345787615,148.1631039843978,975.626000747257,19.71448819991201,0.1951441999990493,3512.487837970896,84,11700.0,6,True,True,True,True,True,,,,11700.0,11700.0,,187,187,19.90963239991106,0.1951836999505758,
proposed_n84_k6_h04_s187,proposed,84,6,4,187,72.7047193959983,167.8825467673336,160.47026897711476,1007.2952806040016,17.108260199893266,3713.388645600062,3047.7230738333096,84,11700.0,6,True,True,True,True,True,False,60.0,False,11700.0,11700.0,,187,187,3730.496905799955,3713.388778300025,dual_labeled_canonical_bundle_sova
pso_n84_k6_h04_s187,pso,84,6,4,187,102.02041126063656,162.99659812322724,148.1631039843978,977.9795887393634,19.71448819991201,12.085056100040674,3364.682107085701,84,11700.0,6,True,True,True,True,True,,,,11700.0,11700.0,,187,187,31.79954429995269,12.090571699896827,
aco_n84_k6_h11_s187,aco,84,6,11,187,172.84897897921158,151.19183683679807,147.13791592373747,907.1510210207884,18.62758840015158,26.945232700090852,3623.536327626925,84,11700.0,6,True,True,True,True,True,,,,11700.0,11700.0,,187,187,45.57282110024244,26.94604810001329,
ga_n84_k6_h11_s187,ga,84,6,11,187,190.106954725682,148.31550754571967,136.29799729499354,889.893045274318,18.62758840015158,17.723442299989983,3868.19254633321,84,11700.0,6,True,True,True,True,True,,,,11700.0,11700.0,,187,187,36.35103070014157,17.72795859980397,
nn_n84_k6_h11_s187,nn,84,6,11,187,204.94696926455137,145.84217178924143,122.26929208151525,875.0530307354486,18.62758840015158,0.1986567000858485,5079.293313946418,84,11700.0,6,True,True,True,True,True,,,,11700.0,11700.0,,187,187,18.82624510023743,0.1986786001361906,
proposed_n84_k6_h11_s187,proposed,84,6,11,187,153.87748237755633,154.35375293707395,145.6503598922949,926.1225176224436,15.61668309988454,7020.541656600079,4021.42477237137,84,11700.0,6,True,True,True,True,True,False,63.0,False,11700.0,11700.0,,187,187,7036.158339699963,7020.541789599927,dual_labeled_canonical_bundle_sova
pso_n84_k6_h11_s187,pso,84,6,11,187,201.3195069503831,146.4467488416028,123.93865242398871,878.6804930496169,18.62758840015158,10.35027729999274,5151.985215071144,84,11700.0,6,True,True,True,True,True,,,,11700.0,11700.0,,187,187,28.97786570014432,10.3535739001818,
aco_n84_k6_h19_s187,aco,84,6,19,187,113.4761936669168,161.08730105551388,150.84015788345062,966.5238063330831,18.806630899896845,27.50143519998528,3812.484383914132,84,11700.0,6,True,True,True,True,True,,,,11700.0,11700.0,,187,187,46.308066099882126,27.5025038998574,
ga_n84_k6_h19_s187,ga,84,6,19,187,127.1151545885012,158.81414090191646,147.49593386467137,952.8848454114988,18.806630899896845,19.12573550012894,3658.857084730064,84,11700.0,6,True,True,True,True,True,,,,11700.0,11700.0,,187,187,37.932366400025785,19.13208000012673,
nn_n84_k6_h19_s187,nn,84,6,19,187,145.4595722431549,155.75673795947418,132.02815348691723,934.5404277568452,18.806630899896845,0.1958367999177426,4031.4150333069992,84,11700.0,6,True,True,True,True,True,,,,11700.0,11700.0,,187,187,19.002467699814588,0.1958600000943988,
proposed_n84_k6_h19_s187,proposed,84,6,19,187,101.16962648240477,163.1383955862659,154.99327535879655,978.8303735175951,16.08805280015804,4164.604701199802,3287.762369455854,84,11700.0,6,True,True,True,True,True,False,57.0,False,11700.0,11700.0,,187,187,4180.69275399996,4164.604796899948,dual_labeled_canonical_bundle_sova
pso_n84_k6_h19_s187,pso,84,6,19,187,143.17263669089576,156.1378938848507,133.03455036095096,936.8273633091044,18.806630899896845,10.77780649997294,4274.318185406867,84,11700.0,6,True,True,True,True,True,,,,11700.0,11700.0,,187,187,29.584437399869785,10.7815347998403,
aco_n84_k6_h04_s197,aco,84,6,4,197,84.99471002554647,165.83421499574226,151.39863591864992,995.0052899744536,19.89075110014528,27.42030979995616,4044.54815445532,84,11700.0,6,True,True,True,True,True,,,,11700.0,11700.0,,197,197,47.31106090010144,27.421213599853218,
ga_n84_k6_h04_s197,ga,84,6,4,197,90.95416597900326,164.84097233683278,157.8999578537594,989.0458340209968,19.89075110014528,16.830214299960062,3513.11274929946,84,11700.0,6,True,True,True,True,True,,,,11700.0,11700.0,,197,197,36.72096540010534,16.834796800045297,
nn_n84_k6_h04_s197,nn,84,6,4,197,98.58107632356564,163.56982061273905,145.24713609052742,981.4189236764344,19.89075110014528,0.1859387999866157,4263.793838046266,84,11700.0,6,True,True,True,True,True,,,,11700.0,11700.0,,197,197,20.076689900131896,0.1859637000598013,
proposed_n84_k6_h04_s197,proposed,84,6,4,197,72.19009695837906,167.96831717360348,164.381944070315,1007.8099030416208,16.27411530003883,4607.990104399854,3062.8263548398863,84,11700.0,6,True,True,True,True,True,False,64.0,False,11700.0,11700.0,,197,197,4624.264219699893,4607.990227499977,dual_labeled_canonical_bundle_sova
pso_n84_k6_h04_s197,pso,84,6,4,197,95.26551477687782,164.1224142038537,147.07327796205263,984.7344852231222,19.89075110014528,9.623466399963943,4004.346897423702,84,11700.0,6,True,True,True,True,True,,,,11700.0,11700.0,,197,197,29.514217500109226,9.626759399892762,
aco_n84_k6_h11_s197,aco,84,6,11,197,173.1919001493241,151.134683308446,142.3243848848434,906.808099850676,18.25107280001976,27.95185029995628,3832.2199927631714,84,11700.0,6,True,True,True,True,True,,,,11700.0,11700.0,,197,197,46.20292309997603,27.953168800100684,
ga_n84_k6_h11_s197,ga,84,6,11,197,194.5521602609816,147.57463995650306,130.69651615057543,885.4478397390184,18.25107280001976,16.839770100079477,4448.063729514387,84,11700.0,6,True,True,True,True,True,,,,11700.0,11700.0,,197,197,35.09084290009923,16.84394479985349,
nn_n84_k6_h11_s197,nn,84,6,11,197,222.1014398716773,142.98309335472047,117.02484599047916,857.8985601283227,18.25107280001976,0.172927499981597,5081.944684518364,84,11700.0,6,True,True,True,True,True,,,,11700.0,11700.0,,197,197,18.424000300001357,0.172949899919331,
proposed_n84_k6_h11_s197,proposed,84,6,11,197,150.8276650988791,154.86205581685348,149.67634760285603,929.1723349011208,15.343614199897274,7081.105098600034,3718.269128026508,84,11700.0,6,True,True,True,True,True,False,64.0,False,11700.0,11700.0,,197,197,7096.448712799931,7081.105189299909,dual_labeled_canonical_bundle_sova
pso_n84_k6_h11_s197,pso,84,6,11,197,207.76386985851343,145.37268835691444,124.55577518491344,872.2361301414866,18.25107280001976,12.764008099911734,4655.112706668047,84,11700.0,6,True,True,True,True,True,,,,11700.0,11700.0,,197,197,31.01508089993149,12.768275999929756,
aco_n84_k6_h19_s197,aco,84,6,19,197,112.25297402795312,161.29117099534116,153.37374705321065,967.7470259720468,19.217639199923724,27.865021199919283,4135.803708126552,84,11700.0,6,True,True,True,True,True,,,,11700.0,11700.0,,197,197,47.08266039984301,27.865997800137848,
ga_n84_k6_h19_s197,ga,84,6,19,197,123.70589417493537,159.3823509708441,148.5857632429298,956.2941058250648,19.217639199923724,17.33099259994924,3858.737512760519,84,11700.0,6,True,True,True,True,True,,,,11700.0,11700.0,,197,197,36.548631799872965,17.338058300083503,
nn_n84_k6_h19_s197,nn,84,6,19,197,137.86600709741134,157.02233215043145,136.2328592176499,942.1339929025888,19.217639199923724,0.1444439000915736,4055.1352254132944,84,11700.0,6,True,True,True,True,True,,,,11700.0,11700.0,,197,197,19.362083100015298,0.1444658001419156,
proposed_n84_k6_h19_s197,proposed,84,6,19,197,100.10980857121866,163.31503190479688,149.21678133697338,979.8901914287812,17.183804899919778,5130.597292900085,3147.9815279969566,84,11700.0,6,True,True,True,True,True,False,55.0,False,11700.0,11700.0,,197,197,5147.781097800005,5130.597415700089,dual_labeled_canonical_bundle_sova
pso_n84_k6_h19_s197,pso,84,6,19,197,136.38805697939992,157.26865717010003,136.24897843232404,943.6119430206002,19.217639199923724,10.713230200111866,4055.6467260990794,84,11700.0,6,True,True,True,True,True,,,,11700.0,11700.0,,197,197,29.93086940003559,10.718413299880922,
aco_n84_k7_h04_s7,aco,84,7,4,7,80.45362992805634,168.50662429599194,163.53959826372008,1179.5463700719436,27.213562700082548,24.258554300060496,3060.4387105854626,84,11700.0,7,True,True,True,True,True,,,,11700.0,11700.0,h04/k07/hourly.csv,7,7,51.47211700014304,24.258554300060496,
ga_n84_k7_h04_s7,ga,84,7,4,7,85.6326799307113,167.7667600098984,160.48556609161176,1174.3673200692888,27.213562700082548,20.08722869993653,2682.412261366038,84,11700.0,7,True,True,True,True,True,,,,11700.0,11700.0,h04/k07/hourly.csv,7,7,47.30079140001908,20.08722869993653,
nn_n84_k7_h04_s7,nn,84,7,4,7,96.42064903025596,166.22562156710632,161.97039920462413,1163.5793509697442,27.213562700082548,0.169012299971655,3076.4476786274704,84,11700.0,7,True,True,True,True,True,,,,11700.0,11700.0,h04/k07/hourly.csv,7,7,27.382575000054203,0.169012299971655,
proposed_n84_k7_h04_s7,proposed,84,7,4,7,73.04222454086185,169.5653964941626,164.49861951035322,1186.9577754591382,27.213562700082548,4155.609061700059,2691.204761782897,84,11700.0,7,True,True,True,True,True,False,64.0,True,11700.0,11700.0,h04/k07/hourly.csv,7,7,4182.822624400142,4155.609061700059,
pso_n84_k7_h04_s7,pso,84,7,4,7,94.31034511191426,166.5270935554408,162.00789064733385,1165.6896548880857,27.213562700082548,11.616672900039704,2974.504736300335,84,11700.0,7,True,True,True,True,True,,,,11700.0,11700.0,h04/k07/hourly.csv,7,7,38.83023560012225,11.616672900039704,
aco_n84_k7_h11_s7,aco,84,7,11,7,163.24911013522373,156.67869855211092,137.158506807483,1096.7508898647764,13.626360599999316,24.2596935001202,4862.630274319253,84,11700.0,7,True,True,True,True,True,,,,11700.0,11700.0,h11/k07/hourly.csv,7,7,37.88605410011952,24.2596935001202,
ga_n84_k7_h11_s7,ga,84,7,11,7,174.55228815124977,155.06395883553574,148.08042369029084,1085.4477118487505,13.626360599999316,17.278781699948013,2940.597796590191,84,11700.0,7,True,True,True,True,True,,,,11700.0,11700.0,h11/k07/hourly.csv,7,7,30.90514229994733,17.278781699948013,
nn_n84_k7_h11_s7,nn,84,7,11,7,203.01328152914127,150.9981026386941,137.887561929831,1056.9867184708587,13.626360599999316,0.1868942000437528,4179.17919818415,84,11700.0,7,True,True,True,True,True,,,,11700.0,11700.0,h11/k07/hourly.csv,7,7,13.813254800043069,0.1868942000437528,
proposed_n84_k7_h11_s7,proposed,84,7,11,7,152.3468398529932,158.23616573528668,147.02392724465005,1107.6531601470067,13.626360599999316,3568.839753899956,3240.149354927676,84,11700.0,7,True,True,True,True,True,False,64.0,False,11700.0,11700.0,h11/k07/hourly.csv,7,7,3582.4661144999554,3568.839753899956,
pso_n84_k7_h11_s7,pso,84,7,11,7,187.61613549623405,153.19769492910945,136.3433679484442,1072.383864503766,13.626360599999316,10.288212100043893,4296.732999086138,84,11700.0,7,True,True,True,True,True,,,,11700.0,11700.0,h11/k07/hourly.csv,7,7,23.91457270004321,10.288212100043893,
aco_n84_k7_h19_s7,aco,84,7,19,7,107.035993377756,164.7091438031777,159.12388810634948,1152.964006622244,26.230933099985123,23.774124399991702,3261.6062490969643,84,11700.0,7,True,True,True,True,True,,,,11700.0,11700.0,h19/k07/hourly.csv,7,7,50.00505749997683,23.774124399991702,
ga_n84_k7_h19_s7,ga,84,7,19,7,111.15051665370429,164.12135476375653,153.90325239136246,1148.8494833462958,26.230933099985123,19.763921400066465,3416.734062009348,84,11700.0,7,True,True,True,True,True,,,,11700.0,11700.0,h19/k07/hourly.csv,7,7,45.99485450005159,19.763921400066465,
nn_n84_k7_h19_s7,nn,84,7,19,7,128.8947752058369,161.58646068488042,153.96946480590793,1131.105224794163,26.230933099985123,0.1865740000503137,3176.75756245379,84,11700.0,7,True,True,True,True,True,,,,11700.0,11700.0,h19/k07/hourly.csv,7,7,26.41750710003544,0.1865740000503137,
proposed_n84_k7_h19_s7,proposed,84,7,19,7,98.66883791164804,165.9044517269074,158.9548903323498,1161.331162088352,26.230933099985123,4518.127695800038,3063.4523906819963,84,11700.0,7,True,True,True,True,True,False,59.0,False,11700.0,11700.0,h19/k07/hourly.csv,7,7,4544.358628900023,4518.127695800038,
pso_n84_k7_h19_s7,pso,84,7,19,7,128.00299204744485,161.71385827893644,154.4244780986796,1131.9970079525551,26.230933099985123,10.333315899944864,3151.652273692323,84,11700.0,7,True,True,True,True,True,,,,11700.0,11700.0,h19/k07/hourly.csv,7,7,36.56424899992999,10.333315899944864,
aco_n84_k7_h04_s17,aco,84,7,4,17,81.06362152020581,168.4194826399706,162.5470799155494,1178.9363784797945,29.930924099870023,50.1806483999826,2674.772678284,84,11700.0,7,True,True,True,True,True,,,,11700.0,11700.0,,17,17,80.11157249985263,50.18210309999995,
ga_n84_k7_h04_s17,ga,84,7,4,17,86.85625112641435,167.59196412479793,160.35615529258448,1173.1437488735855,29.930924099870023,31.110432100016624,2949.498231444346,84,11700.0,7,True,True,True,True,True,,,,11700.0,11700.0,,17,17,61.04135619988665,31.117748299846426,
nn_n84_k7_h04_s17,nn,84,7,4,17,96.23596925456552,166.25200439220492,154.65142674209892,1163.7640307454344,20.83552989992313,0.1680836000014096,3027.391801304552,84,11700.0,7,True,True,True,True,True,,,,11700.0,11700.0,,17,17,21.00361349992454,0.1681284999940544,
proposed_n84_k7_h04_s17,proposed,84,7,4,17,73.09719398597072,169.5575437162899,163.69556117125023,1186.9028060140292,21.11892349994741,3143.8885149001144,2816.816088589283,84,11700.0,7,True,True,True,True,True,False,64.0,False,11700.0,11700.0,,17,17,3165.007438400062,3143.888656599913,dual_labeled_canonical_bundle_sova
pso_n84_k7_h04_s17,pso,84,7,4,17,91.30414148360605,166.9565512166277,156.97396907156562,1168.695858516394,29.930924099870023,23.453407100168988,2970.6694748187488,84,11700.0,7,True,True,True,True,True,,,,11700.0,11700.0,,17,17,53.38433120003901,23.46175070013851,
aco_n84_k7_h11_s17,aco,84,7,11,17,162.69502223846135,156.7578539659341,142.55237924441212,1097.3049777615386,16.557926000095904,28.434410199988637,4214.351222197603,84,11700.0,7,True,True,True,True,True,,,,11700.0,11700.0,,17,17,44.99233620008454,28.436310699908063,
ga_n84_k7_h11_s17,ga,84,7,11,17,176.11103097000924,154.84128128999868,141.822527155146,1083.888969029991,16.557926000095904,20.103215700015426,4167.518406300131,84,11700.0,7,True,True,True,True,True,,,,11700.0,11700.0,,17,17,36.66114170011133,20.10893950005993,
nn_n84_k7_h11_s17,nn,84,7,11,17,201.39456770113375,151.2293474712666,138.37826045940338,1058.6054322988662,16.557926000095904,0.1894644000567495,4047.819787281948,84,11700.0,7,True,True,True,True,True,,,,11700.0,11700.0,,17,17,16.747390400152653,0.1894871999975294,
proposed_n84_k7_h11_s17,proposed,84,7,11,17,154.40293591328106,157.94243772667414,146.3766819084186,1105.597064086719,18.064539899816737,3422.4908406999893,3905.708773401031,84,11700.0,7,True,True,True,True,True,False,64.0,False,11700.0,11700.0,,17,17,3440.555380599806,3422.4909452998545,dual_labeled_canonical_bundle_sova
pso_n84_k7_h11_s17,pso,84,7,11,17,193.17221712015495,152.403968982835,142.15091024910254,1066.827782879845,16.557926000095904,15.99725680006668,3995.584834785323,84,11700.0,7,True,True,True,True,True,,,,11700.0,11700.0,,17,17,32.555182800162584,16.003213400021195,
aco_n84_k7_h19_s17,aco,84,7,19,17,107.43993966406757,164.65143719084747,155.3635958164317,1152.5600603359323,17.81288080010563,25.64907980011776,3564.934162223291,84,11700.0,7,True,True,True,True,True,,,,11700.0,11700.0,,17,17,43.46196060022339,25.651046100072563,
ga_n84_k7_h19_s17,ga,84,7,19,17,114.64528448191514,163.62210221686928,155.2867811087332,1145.354715518085,17.81288080010563,18.510170200141147,3499.686856146251,84,11700.0,7,True,True,True,True,True,,,,11700.0,11700.0,,17,17,36.32305100024678,18.517589799826965,
nn_n84_k7_h19_s17,nn,84,7,19,17,128.56981012047038,161.63288426850426,150.99118830369895,1131.4301898795295,17.81288080010563,0.1817109000403434,3280.1983828896227,84,11700.0,7,True,True,True,True,True,,,,11700.0,11700.0,,17,17,17.994591700145975,0.1817344001028686,
proposed_n84_k7_h19_s17,proposed,84,7,19,17,98.12053136702755,165.98278123328177,159.39286186367565,1161.8794686329725,16.876078699948266,10432.399357599905,2761.807872333348,84,11700.0,7,True,True,True,True,True,False,64.0,False,11700.0,11700.0,,17,17,10449.275436299851,10432.399450600147,dual_labeled_canonical_bundle_sova
pso_n84_k7_h19_s17,pso,84,7,19,17,126.28392477529404,161.95943931781514,150.99118830369895,1133.716075224706,17.81288080010563,12.853896000189708,3280.1983828896227,84,11700.0,7,True,True,True,True,True,,,,11700.0,11700.0,,17,17,30.666776800295334,12.85921399993822,
aco_n84_k7_h04_s27,aco,84,7,4,27,79.5604187387854,168.6342258944592,156.5640399127169,1180.4395812612145,22.54850389994681,34.925557599868625,3212.438555157625,84,11700.0,7,True,True,True,True,True,,,,11700.0,11700.0,,27,27,57.47406149981544,34.92782590002753,
ga_n84_k7_h04_s27,ga,84,7,4,27,82.66969963137686,168.19004290980334,161.71315588082348,1177.3303003686233,22.54850389994681,44.62775099999271,2639.2260159140174,84,11700.0,7,True,True,True,True,True,,,,11700.0,11700.0,,27,27,67.17625489993952,44.6446609001141,
nn_n84_k7_h04_s27,nn,84,7,4,27,96.58261194113548,166.20248400840924,156.88915128556727,1163.4173880588646,22.54850389994681,0.2127491999417543,3000.6431783306307,84,11700.0,7,True,True,True,True,True,,,,11700.0,11700.0,,27,27,22.761253099888563,0.2127706999890506,
proposed_n84_k7_h04_s27,proposed,84,7,4,27,72.3362674071088,169.66624751327018,164.5007365268966,1187.6637325928912,17.601276599802077,3713.0004710999774,2847.9615191173107,84,11700.0,7,True,True,True,True,True,False,57.0,False,11700.0,11700.0,,27,27,3730.601747699781,3713.000582099892,dual_labeled_canonical_bundle_sova
pso_n84_k7_h04_s27,pso,84,7,4,27,93.6551054818346,166.62069921688075,157.52629194826537,1166.3448945181651,22.54850389994681,20.6990912000183,2978.2469095349447,84,11700.0,7,True,True,True,True,True,,,,11700.0,11700.0,,27,27,43.24759509996511,20.707059199921787,
aco_n84_k7_h11_s27,aco,84,7,11,27,161.36476239516605,156.94789108640484,143.37330779323722,1098.635237604834,22.0180873000063,39.24416909995489,4093.193908043667,84,11700.0,7,True,True,True,True,True,,,,11700.0,11700.0,,27,27,61.26225639996119,39.24645070009865,
ga_n84_k7_h11_s27,ga,84,7,11,27,179.15587432795314,154.40630366743525,148.9853609428422,1080.8441256720469,22.0180873000063,29.300982699962333,3046.1868714015163,84,11700.0,7,True,True,True,True,True,,,,11700.0,11700.0,,27,27,51.31906999996863,29.310046900063757,
nn_n84_k7_h11_s27,nn,84,7,11,27,203.51855339097256,150.92592094414678,140.92070974869236,1056.4814466090274,22.0180873000063,0.329599600052461,3451.668063845129,84,11700.0,7,True,True,True,True,True,,,,11700.0,11700.0,,27,27,22.34768690005876,0.3296540000010282,
proposed_n84_k7_h11_s27,proposed,84,7,11,27,149.64904735619632,158.62156466340053,147.4386961274948,1110.3509526438038,16.37406750000082,4793.276510600001,3749.202538959492,84,11700.0,7,True,True,True,True,True,False,64.0,False,11700.0,11700.0,,27,27,4809.650578100001,4793.276623500045,dual_labeled_canonical_bundle_sova
pso_n84_k7_h11_s27,pso,84,7,11,27,198.79226951047733,151.6011043556461,140.92070974869236,1061.2077304895226,22.0180873000063,18.7145457000006,3102.6253349281524,84,11700.0,7,True,True,True,True,True,,,,11700.0,11700.0,,27,27,40.7326330000069,18.721898399991915,
aco_n84_k7_h19_s27,aco,84,7,19,27,107.76794119632328,164.60457982909665,153.76407610332427,1152.2320588036766,22.842886900063604,37.01827080012299,3410.947546633932,84,11700.0,7,True,True,True,True,True,,,,11700.0,11700.0,,27,27,59.8611577001866,37.02029630006291,
ga_n84_k7_h19_s27,ga,84,7,19,27,111.70890136936836,164.04158551866166,157.70945089810002,1148.2910986306315,22.842886900063604,30.009906999999657,2985.49421265614,84,11700.0,7,True,True,True,True,True,,,,11700.0,11700.0,,27,27,52.85279390006326,30.020669999998063,
nn_n84_k7_h19_s27,nn,84,7,19,27,127.69806479640933,161.75741931479868,154.87076141805778,1132.3019352035908,22.842886900063604,0.2969103001523763,3183.110331483625,84,11700.0,7,True,True,True,True,True,,,,11700.0,11700.0,,27,27,23.13979720021598,0.2969694999046623,
proposed_n84_k7_h19_s27,proposed,84,7,19,27,101.26303839490318,165.533851657871,154.51900421570906,1158.736961605097,15.021122200181708,5823.015552700032,3465.101249185348,84,11700.0,7,True,True,True,True,True,False,64.0,False,11700.0,11700.0,,27,27,5838.036674900213,5823.015643099789,dual_labeled_canonical_bundle_sova
pso_n84_k7_h19_s27,pso,84,7,19,27,122.79957090215498,162.457204156835,153.2053536414497,1137.200429097845,22.842886900063604,17.999774899799377,3456.4739809853218,84,11700.0,7,True,True,True,True,True,,,,11700.0,11700.0,,27,27,40.84266179986298,18.004745800048113,
aco_n84_k7_h04_s37,aco,84,7,4,37,80.85061954068277,168.44991149418817,161.16114548299154,1179.1493804593172,21.67764460016042,33.751679399982095,3159.3950615950075,84,11700.0,7,True,True,True,True,True,,,,11700.0,11700.0,,37,37,55.42932400014252,33.75326110003516,
ga_n84_k7_h04_s37,ga,84,7,4,37,84.863658692763,167.87662018674814,162.16749581897824,1175.136341307237,21.67764460016042,30.001614999957383,3191.936922263121,84,11700.0,7,True,True,True,True,True,,,,11700.0,11700.0,,37,37,51.6792596001178,30.009630900109187,
nn_n84_k7_h04_s37,nn,84,7,4,37,101.0960794293567,165.55770293866334,154.99922653936568,1158.903920570643,21.67764460016042,0.228685500100255,3564.953442102131,84,11700.0,7,True,True,True,True,True,,,,11700.0,11700.0,,37,37,21.906330100260675,0.2287100998219102,
proposed_n84_k7_h04_s37,proposed,84,7,4,37,73.98042387112837,169.43136801841024,163.259674301132,1186.0195761288717,16.312809800030664,11721.54202139983,2861.5964392055434,84,11700.0,7,True,True,True,True,True,False,64.0,False,11700.0,11700.0,,37,37,11737.85483119986,11721.542202600043,dual_labeled_canonical_bundle_sova
pso_n84_k7_h04_s37,pso,84,7,4,37,98.48629852083056,165.9305287827385,161.0437615931261,1161.5137014791694,21.67764460016042,19.24462340003811,2827.214012968898,84,11700.0,7,True,True,True,True,True,,,,11700.0,11700.0,,37,37,40.92226800019853,19.25013749999925,
aco_n84_k7_h11_s37,aco,84,7,11,37,164.02501514823444,156.56785497882365,139.1289478654771,1095.9749848517656,22.06205899990164,37.9127571999561,3957.174212938835,84,11700.0,7,True,True,True,True,True,,,,11700.0,11700.0,,37,37,59.97481619985774,37.91541240015067,
ga_n84_k7_h11_s37,ga,84,7,11,37,183.35200802670172,153.80685599618548,143.08061072728594,1076.6479919732983,22.06205899990164,30.51141029992141,4256.272038699842,84,11700.0,7,True,True,True,True,True,,,,11700.0,11700.0,,37,37,52.573469299823046,30.519667600048702,
nn_n84_k7_h11_s37,nn,84,7,11,37,209.8561874281829,150.02054465311673,143.6202427963488,1050.143812571817,22.06205899990164,0.2766875999514013,3713.795098318241,84,11700.0,7,True,True,True,True,True,,,,11700.0,11700.0,,37,37,22.33874659985304,0.2767135999165475,
proposed_n84_k7_h11_s37,proposed,84,7,11,37,164.95818382680278,156.43454516759962,151.1604400113988,1095.0418161731973,15.210444499971343,1762.2693935001737,3238.939950535609,84,11700.0,7,True,True,True,True,True,False,64.0,False,11700.0,11700.0,,37,37,1777.4798380001448,1762.269499400165,dual_labeled_canonical_bundle_sova
pso_n84_k7_h11_s37,pso,84,7,11,37,193.8402193674136,152.30854009036946,139.45405484611052,1066.1597806325865,22.06205899990164,21.746163399890065,4577.614590865807,84,11700.0,7,True,True,True,True,True,,,,11700.0,11700.0,,37,37,43.8082223997917,21.75438699987717,
aco_n84_k7_h19_s37,aco,84,7,19,37,105.54195302507874,164.92257813927446,155.00082483530306,1154.4580469749212,21.16846469999291,35.6061060000211,3365.0015988428954,84,11700.0,7,True,True,True,True,True,,,,11700.0,11700.0,,37,37,56.77457070001401,35.60920469998382,
ga_n84_k7_h19_s37,ga,84,7,19,37,109.29896170611812,164.38586261341172,159.0503421621185,1150.701038293882,21.16846469999291,30.807164799887687,2953.495716025101,84,11700.0,7,True,True,True,True,True,,,,11700.0,11700.0,,37,37,51.9756294998806,30.81688249995932,
nn_n84_k7_h19_s37,nn,84,7,19,37,127.27580323681605,161.81774239474058,152.2847439221025,1132.724196763184,21.16846469999291,0.2713230000808835,3067.732891000528,84,11700.0,7,True,True,True,True,True,,,,11700.0,11700.0,,37,37,21.439787700073797,0.2713568999897688,
proposed_n84_k7_h19_s37,proposed,84,7,19,37,97.92937569287255,166.0100891867325,157.0906766953595,1162.0706243071274,15.582507599843666,5330.66994040017,2988.969437995504,84,11700.0,7,True,True,True,True,True,False,64.0,False,11700.0,11700.0,,37,37,5346.252448000014,5330.670036699856,dual_labeled_canonical_bundle_sova
pso_n84_k7_h19_s37,pso,84,7,19,37,122.1282479067799,162.5531074418886,157.1470177226646,1137.87175209322,21.16846469999291,20.43305059988052,3373.897903733103,84,11700.0,7,True,True,True,True,True,,,,11700.0,11700.0,,37,37,41.60151529987343,20.442005899967626,
aco_n84_k7_h04_s47,aco,84,7,4,47,81.77191131125073,168.31829838410704,164.06242912254794,1178.2280886887493,22.781086900038645,37.2295089000836,2484.775174812516,84,11700.0,7,True,True,True,True,True,,,,11700.0,11700.0,,47,47,60.010595800122246,37.23184319981374,
ga_n84_k7_h04_s47,ga,84,7,4,47,86.61086843425402,167.62701879510658,159.6517478545728,1173.389131565746,22.781086900038645,25.174536800011992,3028.901996206955,84,11700.0,7,True,True,True,True,True,,,,11700.0,11700.0,,47,47,47.95562370005064,25.183539499994367,
nn_n84_k7_h04_s47,nn,84,7,4,47,102.79758310978562,165.31463098431635,158.76579365025276,1157.2024168902144,22.781086900038645,0.27954539982602,3612.536336152921,84,11700.0,7,True,True,True,True,True,,,,11700.0,11700.0,,47,47,23.060632299864665,0.2795716000255197,
proposed_n84_k7_h04_s47,proposed,84,7,4,47,73.1068057517641,169.55617060689084,164.18230438616956,1186.893194248236,16.61728550004773,4881.674747799989,2684.511199353143,84,11700.0,7,True,True,True,True,True,False,64.0,False,11700.0,11700.0,,47,47,4898.292033300037,4881.674844600027,dual_labeled_canonical_bundle_sova
pso_n84_k7_h04_s47,pso,84,7,4,47,98.37579515276872,165.9463149781759,158.76579365025276,1161.624204847231,22.781086900038645,21.24583839997649,3264.15534377237,84,11700.0,7,True,True,True,True,True,,,,11700.0,11700.0,,47,47,44.02692530001514,21.256532300030813,
aco_n84_k7_h11_s47,aco,84,7,11,47,165.32029480694808,156.38281502757883,150.25446518035608,1094.679705193052,18.7116644999478,30.352114399895072,2929.0542237216923,84,11700.0,7,True,True,True,True,True,,,,11700.0,11700.0,,47,47,49.06377889984287,30.354205699870363,
ga_n84_k7_h11_s47,ga,84,7,11,47,170.08811184039982,155.70169830851432,147.27215715043687,1089.9118881596005,18.7116644999478,25.71612889994867,3444.447761372402,84,11700.0,7,True,True,True,True,True,,,,11700.0,11700.0,,47,47,44.42779339989647,25.72317549982108,
nn_n84_k7_h11_s47,nn,84,7,11,47,189.27148302329329,152.9612167109581,146.25733921634844,1070.7285169767067,18.7116644999478,0.2070503998547792,3135.904793881736,84,11700.0,7,True,True,True,True,True,,,,11700.0,11700.0,,47,47,18.91871489980258,0.2070713001303374,
proposed_n84_k7_h11_s47,proposed,84,7,11,47,151.6533563990211,158.33523480013986,150.50937660138453,1108.346643600979,15.055941799888387,6803.745220300043,3063.841248760427,84,11700.0,7,True,True,True,True,True,False,64.0,True,11700.0,11700.0,,47,47,6818.801162099931,6803.745317599969,dual_labeled_canonical_bundle_sova
pso_n84_k7_h11_s47,pso,84,7,11,47,182.23815635634588,153.96597766337916,148.00536573876894,1077.7618436436542,18.7116644999478,16.793434399878606,3110.344495673939,84,11700.0,7,True,True,True,True,True,,,,11700.0,11700.0,,47,47,35.50509889982641,16.799119499977678,
aco_n84_k7_h19_s47,aco,84,7,19,47,105.52173145825536,164.92546693453497,154.57820808618692,1154.478268541745,22.570145400008187,37.15970299998298,3148.38899126279,84,11700.0,7,True,True,True,True,True,,,,11700.0,11700.0,,47,47,59.72984839999117,37.161453000037,
ga_n84_k7_h19_s47,ga,84,7,19,47,114.9538240761322,163.57802513198112,153.7848079614962,1145.0461759238678,22.570145400008187,30.60292170010507,3585.354082528487,84,11700.0,7,True,True,True,True,True,,,,11700.0,11700.0,,47,47,53.17306710011326,30.61296669999137,
nn_n84_k7_h19_s47,nn,84,7,19,47,124.38684289281083,162.23045101531275,148.5586681852324,1135.6131571071892,22.570145400008187,0.265002999920398,3500.359334385953,84,11700.0,7,True,True,True,True,True,,,,11700.0,11700.0,,47,47,22.835148399928585,0.2650278999935835,
proposed_n84_k7_h19_s47,proposed,84,7,19,47,99.15253035957925,165.8353528057744,160.0410982674834,1160.8474696404207,15.562283599982038,5127.9314854000695,2833.4423414225807,84,11700.0,7,True,True,True,True,True,False,60.0,True,11700.0,11700.0,,47,47,5143.493769000052,5127.931597299874,dual_labeled_canonical_bundle_sova
pso_n84_k7_h19_s47,pso,84,7,19,47,120.51851332788948,162.78306952458723,152.85258095614788,1139.4814866721106,22.570145400008187,21.435528800124303,3243.6924433720537,84,11700.0,7,True,True,True,True,True,,,,11700.0,11700.0,,47,47,44.00567420013249,21.44396410021,
aco_n84_k7_h04_s57,aco,84,7,4,57,80.86842234013653,168.44736823712336,160.36332210054056,1179.1315776598635,22.011661800090224,35.2087932000868,2527.813624433755,84,11700.0,7,True,True,True,True,True,,,,11700.0,11700.0,,57,57,57.22045500017703,35.210844800109044,
ga_n84_k7_h04_s57,ga,84,7,4,57,85.33998795157262,167.80857314977536,163.07671472301695,1174.6600120484277,22.011661800090224,32.566555300028995,3033.4127693702058,84,11700.0,7,True,True,True,True,True,,,,11700.0,11700.0,,57,57,54.57821710011922,32.58036100002937,
nn_n84_k7_h04_s57,nn,84,7,4,57,99.03293535819964,165.85243780597148,159.6019253246056,1160.9670646418003,22.011661800090224,0.273045300040394,3890.09683115584,84,11700.0,7,True,True,True,True,True,,,,11700.0,11700.0,,57,57,22.284707100130618,0.273079999955371,
proposed_n84_k7_h04_s57,proposed,84,7,4,57,74.0865167247871,169.41621189645898,160.6353166149612,1185.913483275213,16.49994709994644,2601.774272199953,3047.7230738333096,84,11700.0,7,True,True,True,True,True,False,57.0,False,11700.0,11700.0,,57,57,2618.2742192998994,2601.7743702000007,dual_labeled_canonical_bundle_sova
pso_n84_k7_h04_s57,pso,84,7,4,57,95.56138376063178,166.34837374848118,160.41594565039904,1164.4386162393682,22.011661800090224,20.66748239984736,3772.9462211134096,84,11700.0,7,True,True,True,True,True,,,,11700.0,11700.0,,57,57,42.67914419993758,20.676550700096413,
aco_n84_k7_h11_s57,aco,84,7,11,57,162.74992559484593,156.75001062930772,139.94986294803354,1097.250074405154,20.921902099857107,37.34040109999478,4366.378223132521,84,11700.0,7,True,True,True,True,True,,,,11700.0,11700.0,,57,57,58.262303199851885,37.34208400011994,
ga_n84_k7_h11_s57,ga,84,7,11,57,179.41241253906335,154.3696553515624,148.1158416858512,1080.587587460937,20.921902099857107,28.02309320005588,3027.342714605682,84,11700.0,7,True,True,True,True,True,,,,11700.0,11700.0,,57,57,48.94499529991299,28.032504599774256,
nn_n84_k7_h11_s57,nn,84,7,11,57,201.41258614395687,151.22677340800618,147.0217815176191,1058.5874138560432,20.921902099857107,0.2876314001623541,3050.996565356266,84,11700.0,7,True,True,True,True,True,,,,11700.0,11700.0,,57,57,21.20953350001946,0.2876690998673439,
proposed_n84_k7_h11_s57,proposed,84,7,11,57,153.36184460385667,158.0911650565919,151.6961949988879,1106.6381553961432,15.25029220012948,2924.052855100017,3360.149354927675,84,11700.0,7,True,True,True,True,True,False,64.0,False,11700.0,11700.0,,57,57,2939.3031473001465,2924.052942099981,dual_labeled_canonical_bundle_sova
pso_n84_k7_h11_s57,pso,84,7,11,57,192.7469548613012,152.4647207340998,148.6397920076489,1067.2530451386988,20.921902099857107,18.502504599979147,3036.330414852858,84,11700.0,7,True,True,True,True,True,,,,11700.0,11700.0,,57,57,39.424406699836254,18.50973890000023,
aco_n84_k7_h19_s57,aco,84,7,19,57,106.52727149168793,164.7818183583303,157.83995231850236,1153.472728508312,20.221244999906048,32.72819980001077,2565.5063403363483,84,11700.0,7,True,True,True,True,True,,,,11700.0,11700.0,,57,57,52.94944479991682,32.730204599909484,
ga_n84_k7_h19_s57,ga,84,7,19,57,115.3742161891685,163.51796911583307,157.83940407942603,1144.6257838108315,20.221244999906048,27.23615620005876,3124.0956664403097,84,11700.0,7,True,True,True,True,True,,,,11700.0,11700.0,,57,57,47.457401199964806,27.24601080012508,
nn_n84_k7_h19_s57,nn,84,7,19,57,129.1663023914957,161.54767108692917,149.48289166991685,1130.8336976085045,20.221244999906048,0.2779568999540061,3220.003341602902,84,11700.0,7,True,True,True,True,True,,,,11700.0,11700.0,,57,57,20.49920189986005,0.2779949000105262,
proposed_n84_k7_h19_s57,proposed,84,7,19,57,101.77427024034922,165.46081853709296,153.59674319512564,1158.225729759651,15.91623570001684,4020.374385900097,3077.3377702805965,84,11700.0,7,True,True,True,True,True,False,64.0,False,11700.0,11700.0,,57,57,4036.290621600114,4020.374480299885,dual_labeled_canonical_bundle_sova
pso_n84_k7_h19_s57,pso,84,7,19,57,126.96385674278211,161.86230617960254,153.73642243123612,1133.036143257218,20.221244999906048,15.714924200205132,3377.9581202448667,84,11700.0,7,True,True,True,True,True,,,,11700.0,11700.0,,57,57,35.93616920011118,15.7196082000155,
aco_n84_k7_h04_s67,aco,84,7,4,67,80.51816567117655,168.49740490411764,160.40661851329958,1179.4818343288234,22.16599079989828,35.139528000028804,2695.4094685934915,84,11700.0,7,True,True,True,True,True,,,,11700.0,11700.0,,67,67,57.305518799927086,35.141656300053,
ga_n84_k7_h04_s67,ga,84,7,4,67,85.66373933250907,167.7623229524987,164.01601877777162,1174.336260667491,22.16599079989828,31.05176130007021,2824.3850077525567,84,11700.0,7,True,True,True,True,True,,,,11700.0,11700.0,,67,67,53.21775209996849,31.06330979987979,
nn_n84_k7_h04_s67,nn,84,7,4,67,102.28738121602854,165.38751696913877,159.69161498991184,1157.7126187839715,22.16599079989828,0.2849756001960486,3770.09683115584,84,11700.0,7,True,True,True,True,True,,,,11700.0,11700.0,,67,67,22.45096640009433,0.2850116000045091,
proposed_n84_k7_h04_s67,proposed,84,7,4,67,73.54376797023443,169.49374743282365,163.56770541182013,1186.4562320297655,16.547430400038138,5367.834957599873,2777.6421607720067,84,11700.0,7,True,True,True,True,True,False,64.0,False,11700.0,11700.0,,67,67,5384.382387999911,5367.835054100025,dual_labeled_canonical_bundle_sova
pso_n84_k7_h04_s67,pso,84,7,4,67,96.51067589334286,166.2127605866653,161.55505542088008,1163.489324106657,22.16599079989828,21.12569379992783,3457.7454049590365,84,11700.0,7,True,True,True,True,True,,,,11700.0,11700.0,,67,67,43.29168459982611,21.13409489998594,
aco_n84_k7_h11_s67,aco,84,7,11,67,159.40872179931958,157.22732545724006,151.6973871584094,1100.5912782006803,19.306387999793515,32.552492999937385,2945.2365788306847,84,11700.0,7,True,True,True,True,True,,,,11700.0,11700.0,,67,67,51.8588809997309,32.554432600038126,
ga_n84_k7_h11_s67,ga,84,7,11,67,174.20618117631946,155.11340268909723,152.2132307953945,1085.7938188236806,19.306387999793515,24.286302200052887,3100.108946693762,84,11700.0,7,True,True,True,True,True,,,,11700.0,11700.0,,67,67,43.5926901998464,24.29327220004052,
nn_n84_k7_h11_s67,nn,84,7,11,67,194.0480148703274,152.27885501852467,142.7702034024628,1065.9519851296727,19.306387999793515,0.2325062998570501,3453.758331427134,84,11700.0,7,True,True,True,True,True,,,,11700.0,11700.0,,67,67,19.538894299650565,0.232538899872452,
proposed_n84_k7_h11_s67,proposed,84,7,11,67,156.7902962664991,157.60138624764298,150.12919666678567,1103.2097037335009,15.470806799829006,2801.766019199975,3145.533593399241,84,11700.0,7,True,True,True,True,True,False,60.0,True,11700.0,11700.0,,67,67,2817.236825999804,2801.7661232999526,dual_labeled_canonical_bundle_sova
pso_n84_k7_h11_s67,pso,84,7,11,67,185.48674545964684,153.50189350576474,143.77395312882072,1074.5132545403533,19.306387999793515,18.383613899815828,3600.482161794083,84,11700.0,7,True,True,True,True,True,,,,11700.0,11700.0,,67,67,37.69000189960934,18.39209680003114,
aco_n84_k7_h19_s67,aco,84,7,19,67,106.73873938664536,164.75160865905065,156.24106445122027,1153.2612606133546,19.38823699997738,31.232213500188664,2779.171279179917,84,11700.0,7,True,True,True,True,True,,,,11700.0,11700.0,,67,67,50.62045050016605,31.234269599895924,
ga_n84_k7_h19_s67,ga,84,7,19,67,112.06786771433693,163.9903046122376,156.61554602188886,1147.932132285663,19.38823699997738,25.272039800183848,3350.3817456460583,84,11700.0,7,True,True,True,True,True,,,,11700.0,11700.0,,67,67,44.66027680016123,25.27893149992451,
nn_n84_k7_h19_s67,nn,84,7,19,67,127.73852993662284,161.75163858048245,151.15710596363252,1132.2614700633771,19.38823699997738,0.242371000116691,3243.9336062442267,84,11700.0,7,True,True,True,True,True,,,,11700.0,11700.0,,67,67,19.63060800009407,0.2424038001336157,
proposed_n84_k7_h19_s67,proposed,84,7,19,67,98.3618621380089,165.94830540885587,154.76177486729773,1161.638137861991,15.489654699806124,4488.695125500206,3345.101249185348,84,11700.0,7,True,True,True,True,True,False,61.0,False,11700.0,11700.0,,67,67,4504.184780200012,4488.695207000012,dual_labeled_canonical_bundle_sova
pso_n84_k7_h19_s67,pso,84,7,19,67,124.31274248742974,162.24103678751004,151.15710596363252,1135.6872575125703,19.38823699997738,15.30289339995943,3230.3790598761047,84,11700.0,7,True,True,True,True,True,,,,11700.0,11700.0,,67,67,34.69113039993681,15.309720099903643,
aco_n84_k7_h04_s77,aco,84,7,4,77,80.86738316864273,168.44751669019388,160.42793231165197,1179.1326168313572,20.359887999948118,31.41145920008421,3046.3077757801334,84,11700.0,7,True,True,True,True,True,,,,11700.0,11700.0,,77,77,51.77134720003232,31.41354559990577,
ga_n84_k7_h04_s77,ga,84,7,4,77,88.44404580338622,167.36513631380197,162.09655230885514,1171.5559541966138,20.359887999948118,23.588167800102383,3374.329623325248,84,11700.0,7,True,True,True,True,True,,,,11700.0,11700.0,,77,77,43.9480558000505,23.594735000049692,
nn_n84_k7_h04_s77,nn,84,7,4,77,101.65237879837268,165.47823160023248,159.0464963134712,1158.3476212016274,20.359887999948118,0.1966343000531196,3490.3230223639503,84,11700.0,7,True,True,True,True,True,,,,11700.0,11700.0,,77,77,20.556522300001237,0.1966577998828143,
proposed_n84_k7_h04_s77,proposed,84,7,4,77,73.07391103420937,169.5608698522558,165.95483015664593,1186.9260889657903,16.498133500106633,4783.474602599861,2761.819903281931,84,11700.0,7,True,True,True,True,True,False,64.0,False,11700.0,11700.0,,77,77,4799.972736099968,4783.47477900004,dual_labeled_canonical_bundle_sova
pso_n84_k7_h04_s77,pso,84,7,4,77,98.71798104499668,165.8974312792862,159.84489387195384,1161.2820189550034,20.359887999948118,16.640029199887067,3171.988197576939,84,11700.0,7,True,True,True,True,True,,,,11700.0,11700.0,,77,77,36.99991719983518,16.64632699987851,
aco_n84_k7_h11_s77,aco,84,7,11,77,161.40008193626775,156.94284543767603,143.74876062067767,1098.5999180637325,19.872289299964905,31.361554199829698,3788.439088350979,84,11700.0,7,True,True,True,True,True,,,,11700.0,11700.0,,77,77,51.2338434997946,31.363233499927446,
ga_n84_k7_h11_s77,ga,84,7,11,77,180.3341490457523,154.23797870774965,142.23145755252506,1079.6658509542476,19.872289299964905,24.27434530016035,3735.003000846205,84,11700.0,7,True,True,True,True,True,,,,11700.0,11700.0,,77,77,44.14663460012525,24.281591800041497,
nn_n84_k7_h11_s77,nn,84,7,11,77,206.5061340976968,150.49912370032902,137.67746147939366,1053.4938659023032,19.872289299964905,0.248747699894011,4068.366380586643,84,11700.0,7,True,True,True,True,True,,,,11700.0,11700.0,,77,77,20.12103699985892,0.2487882000859826,
proposed_n84_k7_h11_s77,proposed,84,7,11,77,152.92671359771998,158.15332662889713,143.19067563023384,1107.07328640228,15.120844200020656,8056.41536549991,4121.155797100466,84,11700.0,7,True,True,True,True,True,False,64.0,False,11700.0,11700.0,,77,77,8071.536209699931,8056.415468499996,dual_labeled_canonical_bundle_sova
pso_n84_k7_h11_s77,pso,84,7,11,77,198.24374333873664,151.67946523732334,140.98810149971925,1061.7562566612637,19.872289299964905,18.095225000055507,4188.823961409876,84,11700.0,7,True,True,True,True,True,,,,11700.0,11700.0,,77,77,37.96751430002041,18.1010757999029,
aco_n84_k7_h19_s77,aco,84,7,19,77,107.6756340451027,164.61776656498532,153.24171455892224,1152.3243659548973,20.132101699942723,32.21878180000931,3479.294443851262,84,11700.0,7,True,True,True,True,True,,,,11700.0,11700.0,,77,77,52.35088349995203,32.22089389991015,
ga_n84_k7_h19_s77,ga,84,7,19,77,111.61661647680486,164.05476907474215,156.7452341745486,1148.383383523195,20.132101699942723,25.31858399999328,3167.3755271000377,84,11700.0,7,True,True,True,True,True,,,,11700.0,11700.0,,77,77,45.450685699936,25.32512299995869,
nn_n84_k7_h19_s77,nn,84,7,19,77,129.08578305260974,161.55917384962717,151.90384202114248,1130.9142169473903,20.132101699942723,0.2477552001364529,3481.8357055684987,84,11700.0,7,True,True,True,True,True,,,,11700.0,11700.0,,77,77,20.379856900079176,0.2477853999007493,
proposed_n84_k7_h19_s77,proposed,84,7,19,77,99.50995241291464,165.78429251244077,157.5521777490044,1160.4900475870854,15.33452140004374,5971.35572630004,3487.7086129854342,84,11700.0,7,True,True,True,True,True,False,64.0,False,11700.0,11700.0,,77,77,5986.690247700084,5971.355836899951,dual_labeled_canonical_bundle_sova
pso_n84_k7_h19_s77,pso,84,7,19,77,127.10429442811646,161.84224365312622,152.13858806159493,1132.8957055718836,20.132101699942723,15.95332990004681,3459.611522710635,84,11700.0,7,True,True,True,True,True,,,,11700.0,11700.0,,77,77,36.08543159998953,15.961532199988142,
aco_n84_k7_h04_s87,aco,84,7,4,87,80.6553757976763,168.47780345747483,164.40184202624027,1179.3446242023238,19.32084479997866,29.32524339994416,2903.3549514883084,84,11700.0,7,True,True,True,True,True,,,,11700.0,11700.0,,87,87,48.646088199922815,29.327063699951395,
ga_n84_k7_h04_s87,ga,84,7,4,87,80.45458374972979,168.50648803575288,163.8122370405426,1179.54541625027,19.32084479997866,24.266509999986734,2581.936166332571,84,11700.0,7,True,True,True,True,True,,,,11700.0,11700.0,,87,87,43.5873547999654,24.27425989997573,
nn_n84_k7_h04_s87,nn,84,7,4,87,93.434855412172,166.65216351254685,158.13288831576887,1166.565144587828,19.32084479997866,0.233548899879679,3474.058451160692,84,11700.0,7,True,True,True,True,True,,,,11700.0,11700.0,,87,87,19.554393699858338,0.2335730998311191,
proposed_n84_k7_h04_s87,proposed,84,7,4,87,74.05862289576751,169.42019672917607,163.5470226384595,1185.9413771042323,15.645151200005785,3311.4027917999774,2765.0534689771507,84,11700.0,7,True,True,True,True,True,False,64.0,True,11700.0,11700.0,,87,87,3327.047942999983,3311.402880099835,dual_labeled_canonical_bundle_sova
pso_n84_k7_h04_s87,pso,84,7,4,87,89.11781209623835,167.26888398625167,156.15464289835506,1170.8821879037616,19.32084479997866,16.24532420001924,3244.925331858952,84,11700.0,7,True,True,True,True,True,,,,11700.0,11700.0,,87,87,35.5661689999979,16.2510476000607,
aco_n84_k7_h11_s87,aco,84,7,11,87,160.26081699151,157.1055975726414,134.21759661720304,1099.7391830084898,18.229036699980497,30.263914300128818,5010.304403934204,84,11700.0,7,True,True,True,True,True,,,,11700.0,11700.0,,87,87,48.49295100010932,30.26589319994673,
ga_n84_k7_h11_s87,ga,84,7,11,87,170.47934627664517,155.64580767476497,144.15247964117046,1089.5206537233548,18.229036699980497,19.865878500044342,4254.905971151674,84,11700.0,7,True,True,True,True,True,,,,11700.0,11700.0,,87,87,38.09491520002484,19.873892000177875,
nn_n84_k7_h11_s87,nn,84,7,11,87,194.2757865060718,152.2463162134183,148.96845553833865,1065.724213493928,18.229036699980497,0.2111138000618666,3479.664232937604,84,11700.0,7,True,True,True,True,True,,,,11700.0,11700.0,,87,87,18.440150500042364,0.2111422000452876,
proposed_n84_k7_h11_s87,proposed,84,7,11,87,154.62982313977676,157.91002526574616,149.7131730606489,1105.3701768602232,15.404352399986236,10186.28938270011,3190.2405419478,84,11700.0,7,True,True,True,True,True,False,64.0,False,11700.0,11700.0,,87,87,10201.693735100096,10186.289490399882,dual_labeled_canonical_bundle_sova
pso_n84_k7_h11_s87,pso,84,7,11,87,189.67511806186616,152.90355456259053,141.30345671864552,1070.3248819381338,18.229036699980497,14.547647000057625,4058.1577100494014,84,11700.0,7,True,True,True,True,True,,,,11700.0,11700.0,,87,87,32.77668370003812,14.55259420000948,
aco_n84_k7_h19_s87,aco,84,7,19,87,106.6327141357723,164.7667551234611,161.36440851242057,1153.3672858642278,18.749126699985936,28.99586450005881,2968.817035114935,84,11700.0,7,True,True,True,True,True,,,,11700.0,11700.0,,87,87,47.74499120004475,28.99765410018153,
ga_n84_k7_h19_s87,ga,84,7,19,87,117.11663729188253,163.26905181544538,157.6583275341332,1142.8833627081176,18.749126699985936,20.448268099920824,3149.444906502695,84,11700.0,7,True,True,True,True,True,,,,11700.0,11700.0,,87,87,39.19739479990676,20.45386720006354,
nn_n84_k7_h19_s87,nn,84,7,19,87,124.65491963768376,162.19215433747377,147.62753521109303,1135.3450803623164,18.749126699985936,0.1939092001412063,3243.9336062442267,84,11700.0,7,True,True,True,True,True,,,,11700.0,11700.0,,87,87,18.943035900127143,0.1939301001839339,
proposed_n84_k7_h19_s87,proposed,84,7,19,87,98.59116921435093,165.91554725509272,158.87700882930437,1161.4088307856491,15.189433299936354,3828.049157500034,3172.949727340957,84,11700.0,7,True,True,True,True,True,False,59.0,False,11700.0,11700.0,,87,87,3843.2385907999706,3828.049251100048,dual_labeled_canonical_bundle_sova
pso_n84_k7_h19_s87,pso,84,7,19,87,122.03075164076424,162.56703547989082,151.2086435773496,1137.9692483592355,18.749126699985936,13.606337999925016,3230.3790598761047,84,11700.0,7,True,True,True,True,True,,,,11700.0,11700.0,,87,87,32.355464699910954,13.611137900035828,
aco_n84_k7_h04_s97,aco,84,7,4,97,80.59176321310201,168.48689096955687,160.59552435157315,1179.408236786898,19.59746290021576,29.56550810020417,3045.8287256881945,84,11700.0,7,True,True,True,True,True,,,,11700.0,11700.0,,97,97,49.16297100041993,29.567175999982283,
ga_n84_k7_h04_s97,ga,84,7,4,97,82.9619377081286,168.1482946131245,163.88787364686527,1177.0380622918717,19.59746290021576,23.024788199923933,3021.476523662493,84,11700.0,7,True,True,True,True,True,,,,11700.0,11700.0,,97,97,42.62225110013969,23.033865500008687,
nn_n84_k7_h04_s97,nn,84,7,4,97,97.23961731118392,166.10862609840228,160.31911023963755,1162.760382688816,19.59746290021576,0.2404986000619828,3173.4341123774384,84,11700.0,7,True,True,True,True,True,,,,11700.0,11700.0,,97,97,19.837961500277743,0.2405202998779714,
proposed_n84_k7_h04_s97,proposed,84,7,4,97,72.3347323637708,169.6664668051756,164.50162488152353,1187.6652676362291,16.028157299850136,13676.642698400188,2746.1742231561107,84,11700.0,7,True,True,True,True,True,False,59.0,False,11700.0,11700.0,,97,97,13692.670855700038,13676.642800400034,dual_labeled_canonical_bundle_sova
pso_n84_k7_h04_s97,pso,84,7,4,97,92.44709842951649,166.79327165292622,156.77594656340264,1167.5529015704835,19.59746290021576,16.15259710000828,3006.162732261655,84,11700.0,7,True,True,True,True,True,,,,11700.0,11700.0,,97,97,35.75006000022404,16.159753400133923,
aco_n84_k7_h11_s97,aco,84,7,11,97,161.9947392899698,156.85789438714716,146.22911753741153,1098.00526071003,18.791359500028197,29.447443100158125,3933.126614214575,84,11700.0,7,True,True,True,True,True,,,,11700.0,11700.0,,97,97,48.23880260018632,29.449466799851507,
ga_n84_k7_h11_s97,ga,84,7,11,97,166.67588602987078,156.1891591385899,149.48480246710068,1093.3241139701292,18.791359500028197,21.02055779984221,3593.5225948351062,84,11700.0,7,True,True,True,True,True,,,,11700.0,11700.0,,97,97,39.8119172998704,21.0265077999793,
nn_n84_k7_h11_s97,nn,84,7,11,97,191.9051877919558,152.58497317257775,139.07601856849627,1068.0948122080442,18.791359500028197,0.1808949999976903,3930.8614701180472,84,11700.0,7,True,True,True,True,True,,,,11700.0,11700.0,,97,97,18.972254500025883,0.18091950006783,
proposed_n84_k7_h11_s97,proposed,84,7,11,97,154.97588975488353,157.86058717787378,145.7474682009785,1105.0241102451164,14.921953399898484,7046.686464100145,4226.452081075412,84,11700.0,7,True,True,True,True,True,False,64.0,False,11700.0,11700.0,,97,97,7061.608417500043,7046.686675900128,dual_labeled_canonical_bundle_sova
pso_n84_k7_h11_s97,pso,84,7,11,97,185.22252289585623,153.5396395863063,140.63009911143303,1074.7774771041438,18.791359500028197,14.22749080020003,3892.132180666651,84,11700.0,7,True,True,True,True,True,,,,11700.0,11700.0,,97,97,33.01885030022822,14.23260789993219,
aco_n84_k7_h19_s97,aco,84,7,19,97,107.62556672733103,164.6249190389527,159.66683517902544,1152.374433272669,19.1613592999056,29.37521700002253,3424.6132717757537,84,11700.0,7,True,True,True,True,True,,,,11700.0,11700.0,,97,97,48.53657629992813,29.37693510018289,
ga_n84_k7_h19_s97,ga,84,7,19,97,110.49554218537703,164.21492254494615,157.56614160269982,1149.504457814623,19.1613592999056,22.1253269999288,3253.357375645613,84,11700.0,7,True,True,True,True,True,,,,11700.0,11700.0,,97,97,41.2866862998344,22.131401599850506,
nn_n84_k7_h19_s97,nn,84,7,19,97,131.1797620189217,161.2600339972969,153.30674034281617,1128.8202379810782,19.1613592999056,0.211479099933058,3243.9336062442267,84,11700.0,7,True,True,True,True,True,,,,11700.0,11700.0,,97,97,19.372838399838656,0.211504700127989,
proposed_n84_k7_h19_s97,proposed,84,7,19,97,101.42703343012488,165.51042379569645,156.624443692321,1158.572966569875,15.193203400122002,7121.23402069998,3048.5594358533845,84,11700.0,7,True,True,True,True,True,False,59.0,False,11700.0,11700.0,,97,97,7136.427224100102,7121.234224200016,dual_labeled_canonical_bundle_sova
pso_n84_k7_h19_s97,pso,84,7,19,97,123.87835618555847,162.30309197349166,153.30674034281617,1136.1216438144415,19.1613592999056,13.317639800021423,3230.3790598761047,84,11700.0,7,True,True,True,True,True,,,,11700.0,11700.0,,97,97,32.47899909992702,13.322650599991904,
aco_n84_k7_h04_s107,aco,84,7,4,107,79.87731309421173,168.58895527225545,162.61042890039235,1180.1226869057882,20.08181819994934,29.485094799892977,2743.3950913085387,84,11700.0,7,True,True,True,True,True,,,,11700.0,11700.0,,107,107,49.56691299984232,29.48676669993438,
ga_n84_k7_h04_s107,ga,84,7,4,107,82.18132510747182,168.2598106989326,163.36764455394265,1177.8186748925282,20.08181819994934,21.83910699980333,2759.197957416544,84,11700.0,7,True,True,True,True,True,,,,11700.0,11700.0,,107,107,41.92092519975267,21.84600010002032,
nn_n84_k7_h04_s107,nn,84,7,4,107,95.54364244978626,166.3509082214591,159.34146414656308,1164.4563575502136,20.08181819994934,0.2426574998535215,3379.6881520840248,84,11700.0,7,True,True,True,True,True,,,,11700.0,11700.0,,107,107,20.32447569980286,0.2426867999602109,
proposed_n84_k7_h04_s107,proposed,84,7,4,107,73.98909313234276,169.43012955252246,164.49671103562895,1186.0109068676572,17.134834700031206,5137.385320999892,2748.637912363858,84,11700.0,7,True,True,True,True,True,False,64.0,False,11700.0,11700.0,,107,107,5154.520155699924,5137.385432000039,dual_labeled_canonical_bundle_sova
pso_n84_k7_h04_s107,pso,84,7,4,107,92.17075715856878,166.83274897734734,155.74704011747053,1167.829242841431,20.08181819994934,16.15803509997204,3292.994513189906,84,11700.0,7,True,True,True,True,True,,,,11700.0,11700.0,,107,107,36.23985329992138,16.16346439998597,
aco_n84_k7_h11_s107,aco,84,7,11,107,161.910865690504,156.869876329928,148.76336462459923,1098.089134309496,18.40476469998248,30.01961990003474,3399.360172826031,84,11700.0,7,True,True,True,True,True,,,,11700.0,11700.0,,107,107,48.42438460001722,30.022017699899152,
ga_n84_k7_h11_s107,ga,84,7,11,107,183.157157275908,153.83469181772742,142.12317175781504,1076.842842724092,18.40476469998248,20.19025249988772,4296.539100647608,84,11700.0,7,True,True,True,True,True,,,,11700.0,11700.0,,107,107,38.5950171998702,20.195499599911276,
nn_n84_k7_h11_s107,nn,84,7,11,107,200.5869570210538,151.34472042556374,140.17586699017477,1059.413042978946,18.40476469998248,0.2611042000353336,3797.311933902753,84,11700.0,7,True,True,True,True,True,,,,11700.0,11700.0,,107,107,18.665868900017813,0.2611312998924404,
proposed_n84_k7_h11_s107,proposed,84,7,11,107,153.23554925338863,158.10920724951592,147.4712767550964,1106.7644507466114,15.415084699867291,11347.933763599956,3412.478472643533,84,11700.0,7,True,True,True,True,True,False,64.0,False,11700.0,11700.0,,107,107,11363.348848299822,11347.933860400226,dual_labeled_canonical_bundle_sova
pso_n84_k7_h11_s107,pso,84,7,11,107,193.29410516235257,152.38655640537823,143.15956231885662,1066.7058948376475,18.40476469998248,12.28708010003902,3635.427254428322,84,11700.0,7,True,True,True,True,True,,,,11700.0,11700.0,,107,107,30.6918448000215,12.292529999976978,
aco_n84_k7_h19_s107,aco,84,7,19,107,105.1358228073476,164.98059674180746,160.54388733395734,1154.8641771926525,18.753379500005398,29.449164800113067,2924.0650935272747,84,11700.0,7,True,True,True,True,True,,,,11700.0,11700.0,,107,107,48.20254430011846,29.450761100044478,
ga_n84_k7_h19_s107,ga,84,7,19,107,118.63326257899664,163.05239106014332,151.26928635322793,1141.366737421003,18.753379500005398,21.992459199856967,3264.0062220880923,84,11700.0,7,True,True,True,True,True,,,,11700.0,11700.0,,107,107,40.74583869986236,21.99951980006881,
nn_n84_k7_h19_s107,nn,84,7,19,107,136.75869900640237,160.4630429990854,153.12271566521642,1123.2413009935976,18.753379500005398,0.2441646000370383,3243.9336062442267,84,11700.0,7,True,True,True,True,True,,,,11700.0,11700.0,,107,107,18.997544100042436,0.2441895001102239,
proposed_n84_k7_h19_s107,proposed,84,7,19,107,102.47193496074306,165.3611521484653,155.896707878378,1157.528065039257,15.844353700056672,5730.070226500044,3487.7086129854342,84,11700.0,7,True,True,True,True,True,False,55.0,False,11700.0,11700.0,,107,107,5745.9145802001,5730.070351899834,dual_labeled_canonical_bundle_sova
pso_n84_k7_h19_s107,pso,84,7,19,107,132.9491053508307,161.00727066416704,147.426930193121,1127.050894649169,18.753379500005398,15.857627999968829,3230.3790598761047,84,11700.0,7,True,True,True,True,True,,,,11700.0,11700.0,,107,107,34.61100749997422,15.863204200053588,
aco_n84_k7_h04_s117,aco,84,7,4,117,80.1277756655067,168.5531749049276,163.80911615010604,1179.8722243344932,19.886114400113,29.30188770010136,2806.324218148195,84,11700.0,7,True,True,True,True,True,,,,11700.0,11700.0,,117,117,49.18800210021436,29.303468100028116,
ga_n84_k7_h04_s117,ga,84,7,4,117,88.33030493554922,167.38138500920724,159.79711244168243,1171.6696950644507,19.886114400113,23.145315800094977,3173.2806399913,84,11700.0,7,True,True,True,True,True,,,,11700.0,11700.0,,117,117,43.03143020020798,23.152043599868197,
nn_n84_k7_h04_s117,nn,84,7,4,117,97.38665300437346,166.08762099937525,160.6935479276249,1162.613346995627,19.886114400113,0.2325375999789685,3490.3230223639503,84,11700.0,7,True,True,True,True,True,,,,11700.0,11700.0,,117,117,20.11865200009197,0.2325753001496195,
proposed_n84_k7_h04_s117,proposed,84,7,4,117,75.33088477630885,169.23844503195588,162.58512736652426,1184.669115223691,16.43607940012589,4700.4108336998615,2887.292743274817,84,11700.0,7,True,True,True,True,True,False,64.0,False,11700.0,11700.0,,117,117,4716.846913099987,4700.410948700039,dual_labeled_canonical_bundle_sova
pso_n84_k7_h04_s117,pso,84,7,4,117,95.05213959274327,166.4211229153224,160.98081769712104,1164.9478604072567,19.886114400113,18.05633190018125,3371.71670631414,84,11700.0,7,True,True,True,True,True,,,,11700.0,11700.0,,117,117,37.94244630029425,18.063412999967117,
aco_n84_k7_h11_s117,aco,84,7,11,117,163.82338595419603,156.59665914940055,149.67936734737188,1096.176614045804,18.31248420011252,28.78526809997857,3499.4008023276806,84,11700.0,7,True,True,True,True,True,,,,11700.0,11700.0,,117,117,47.09775230009109,28.787586400052533,
ga_n84_k7_h11_s117,ga,84,7,11,117,181.47184374944356,154.07545089293666,135.675039115293,1078.5281562505563,18.31248420011252,22.8008665998932,4616.138288925933,84,11700.0,7,True,True,True,True,True,,,,11700.0,11700.0,,117,117,41.11335080000572,22.807212099898607,
nn_n84_k7_h11_s117,nn,84,7,11,117,207.70757221402687,150.32748968371044,131.2945024898359,1052.2924277859731,18.31248420011252,0.1864628000184893,4773.855030014342,84,11700.0,7,True,True,True,True,True,,,,11700.0,11700.0,,117,117,18.49894700013101,0.1864974999334663,
proposed_n84_k7_h11_s117,proposed,84,7,11,117,157.76509499434272,157.46212928652247,149.8839161385939,1102.2349050056573,15.339252999983728,5653.178607699927,3484.527003623052,84,11700.0,7,True,True,True,True,True,False,64.0,False,11700.0,11700.0,,117,117,5668.517860699911,5653.178716999944,dual_labeled_canonical_bundle_sova
pso_n84_k7_h11_s117,pso,84,7,11,117,195.60531843040445,152.0563830813708,133.53465295128734,1064.3946815695956,18.31248420011252,15.018628099933268,4724.560756270491,84,11700.0,7,True,True,True,True,True,,,,11700.0,11700.0,,117,117,33.33111230004579,15.023648499976844,
aco_n84_k7_h19_s117,aco,84,7,19,117,104.42264557102595,165.08247920413916,156.45016369488803,1155.577354428974,19.130237499950454,29.216154400026426,2945.9705090033376,84,11700.0,7,True,True,True,True,True,,,,11700.0,11700.0,,117,117,48.34639189997688,29.218589700059965,
ga_n84_k7_h19_s117,ga,84,7,19,117,111.95540941867417,164.00637008304653,159.2530344068936,1148.0445905813258,19.130237499950454,21.88918559998274,3294.3442056785348,84,11700.0,7,True,True,True,True,True,,,,11700.0,11700.0,,117,117,41.01942309993319,21.89513710001484,
nn_n84_k7_h19_s117,nn,84,7,19,117,122.63418645087584,162.48083050701774,149.57876002533575,1137.365813549124,19.130237499950454,0.2194707999005913,3216.20675385964,84,11700.0,7,True,True,True,True,True,,,,11700.0,11700.0,,117,117,19.349708299851045,0.2195083000697195,
proposed_n84_k7_h19_s117,proposed,84,7,19,117,103.00434194573462,165.28509400775218,155.46020202428772,1156.9956580542653,15.929401100147516,2755.052941800095,3083.688955334814,84,11700.0,7,True,True,True,True,True,False,55.0,True,11700.0,11700.0,,117,117,2770.9823429002427,2755.0530503999908,dual_labeled_canonical_bundle_sova
pso_n84_k7_h19_s117,pso,84,7,19,117,120.01509589374582,162.85498630089344,153.88320695380764,1139.984904106254,19.130237499950454,13.176100200042129,3377.9581202448667,84,11700.0,7,True,True,True,True,True,,,,11700.0,11700.0,,117,117,32.30633769999258,13.181131500052288,
aco_n84_k7_h04_s127,aco,84,7,4,127,81.33364602898274,168.38090771014532,161.23250395848922,1178.666353971017,19.74815050000325,28.76266809995286,2556.1044824250007,84,11700.0,7,True,True,True,True,True,,,,11700.0,11700.0,,127,127,48.51081859995611,28.764660299988464,
ga_n84_k7_h04_s127,ga,84,7,4,127,81.07836412162723,168.41737655405328,164.96041348211006,1178.9216358783729,19.74815050000325,28.12311360007152,3149.7189123040566,84,11700.0,7,True,True,True,True,True,,,,11700.0,11700.0,,127,127,47.87126410007477,28.131020799977705,
nn_n84_k7_h04_s127,nn,84,7,4,127,99.1353911359097,165.8378012662986,154.39578976718036,1160.8646088640903,19.74815050000325,0.2289772001095116,3294.3115507973484,84,11700.0,7,True,True,True,True,True,,,,11700.0,11700.0,,127,127,19.97712770011276,0.2290144001599401,
proposed_n84_k7_h04_s127,proposed,84,7,4,127,73.18867266800767,169.54447533314175,163.67575005214815,1186.8113273319923,16.546407300047576,5880.673466100125,3278.4680251190894,84,11700.0,7,True,True,True,True,True,False,64.0,False,11700.0,11700.0,,127,127,5897.219873400172,5880.673560300143,dual_labeled_canonical_bundle_sova
pso_n84_k7_h04_s127,pso,84,7,4,127,94.64670966688983,166.4790414761586,152.57642315838677,1165.3532903331102,19.74815050000325,17.044145899824798,3190.754335925262,84,11700.0,7,True,True,True,True,True,,,,11700.0,11700.0,,127,127,36.79229639982805,17.052482899976894,
aco_n84_k7_h11_s127,aco,84,7,11,127,166.53664882824907,156.20905016739297,140.04607433220684,1093.463351171751,20.798834700137377,29.49986040010117,3960.595046639888,84,11700.0,7,True,True,True,True,True,,,,11700.0,11700.0,,127,127,50.29869510023855,29.50144509994425,
ga_n84_k7_h11_s127,ga,84,7,11,127,171.99219112783732,155.42968698173755,142.04950984535475,1088.0078088721627,20.798834700137377,23.014400799991563,4331.929733934033,84,11700.0,7,True,True,True,True,True,,,,11700.0,11700.0,,127,127,43.81323550012894,23.024468299932774,
nn_n84_k7_h11_s127,nn,84,7,11,127,197.9075777788426,151.7274888887368,138.13663578475555,1062.0924222211574,20.798834700137377,0.2129706998821348,4256.877371379633,84,11700.0,7,True,True,True,True,True,,,,11700.0,11700.0,,127,127,21.01180540001951,0.2130116000771522,
proposed_n84_k7_h11_s127,proposed,84,7,11,127,160.16497448063237,157.1192893599097,149.64706597874397,1099.8350255193675,15.39674160000868,3169.070894600125,3562.238634950353,84,11700.0,7,True,True,True,True,True,False,59.0,True,11700.0,11700.0,,127,127,3184.4676362001337,3169.071016300004,dual_labeled_canonical_bundle_sova
pso_n84_k7_h11_s127,pso,84,7,11,127,187.28104865180455,153.2455644783136,134.82368308019102,1072.718951348195,20.798834700137377,17.335730800172314,4569.720722949129,84,11700.0,7,True,True,True,True,True,,,,11700.0,11700.0,,127,127,38.13456550030969,17.351645299931988,
aco_n84_k7_h19_s127,aco,84,7,19,127,107.4418574217736,164.65116322546092,158.36505831090523,1152.5581425782264,19.01776580000296,29.626807499909773,3692.9790457365248,84,11700.0,7,True,True,True,True,True,,,,11700.0,11700.0,,127,127,48.644573299912736,29.628596700029448,
ga_n84_k7_h19_s127,ga,84,7,19,127,112.32556447856,163.95349078877717,159.62398804281278,1147.67443552144,19.01776580000296,23.853104499867182,3082.2575891523848,84,11700.0,7,True,True,True,True,True,,,,11700.0,11700.0,,127,127,42.87087029987015,23.86291419994086,
nn_n84_k7_h19_s127,nn,84,7,19,127,129.61744208702834,161.48322255899595,144.1942554584556,1130.3825579129716,19.01776580000296,0.2256606998853385,3243.9336062442267,84,11700.0,7,True,True,True,True,True,,,,11700.0,11700.0,,127,127,19.2434264998883,0.2256953001488,
proposed_n84_k7_h19_s127,proposed,84,7,19,127,102.09488467338647,165.4150164752305,158.0407746716917,1157.9051153266134,15.67055070004426,4830.779791899957,3625.643399010559,84,11700.0,7,True,True,True,True,True,False,64.0,False,11700.0,11700.0,,127,127,4846.450342600001,4830.779897299828,dual_labeled_canonical_bundle_sova
pso_n84_k7_h19_s127,pso,84,7,19,127,125.95295784101798,162.00672030842605,152.04442034083414,1134.047042158982,19.01776580000296,13.890812499914318,3230.3790598761047,84,11700.0,7,True,True,True,True,True,,,,11700.0,11700.0,,127,127,32.90857829991728,13.89556710002944,
aco_n84_k7_h04_s137,aco,84,7,4,137,78.62801684309935,168.7674261652715,162.24952780078786,1181.3719831569006,19.77038050000556,29.32814080012031,3027.697653633108,84,11700.0,7,True,True,True,True,True,,,,11700.0,11700.0,,137,137,49.09852130012587,29.330349300056696,
ga_n84_k7_h04_s137,ga,84,7,4,137,88.14992083269102,167.40715416675843,157.76057528099827,1171.850079167309,19.77038050000556,24.293341199867427,3052.7234666069394,84,11700.0,7,True,True,True,True,True,,,,11700.0,11700.0,,137,137,44.063721699872985,24.30144859990105,
nn_n84_k7_h04_s137,nn,84,7,4,137,97.4972147000322,166.07182647142398,157.69182299611722,1162.502785299968,19.77038050000556,0.2341748001053929,3031.466485423364,84,11700.0,7,True,True,True,True,True,,,,11700.0,11700.0,,137,137,20.00455530011095,0.2341999001801014,
proposed_n84_k7_h04_s137,proposed,84,7,4,137,72.93694261832397,169.58043676881087,163.3468072527492,1187.063057381676,16.933728499803692,7641.656860399991,2868.377481540604,84,11700.0,7,True,True,True,True,True,False,64.0,False,11700.0,11700.0,,137,137,7658.590588899795,7641.657058799872,dual_labeled_canonical_bundle_sova
pso_n84_k7_h04_s137,pso,84,7,4,137,94.24865806928436,166.53590599010224,157.69182299611722,1165.7513419307156,19.77038050000556,16.747845500009134,2994.0777748633063,84,11700.0,7,True,True,True,True,True,,,,11700.0,11700.0,,137,137,36.51822600001469,16.755314900074154,
aco_n84_k7_h11_s137,aco,84,7,11,137,167.19978058467973,156.11431705933146,145.0591330819663,1092.8002194153205,18.77395770000294,30.54062129999511,3124.486882035473,84,11700.0,7,True,True,True,True,True,,,,11700.0,11700.0,,137,137,49.31457899999805,30.542524400167167,
ga_n84_k7_h11_s137,ga,84,7,11,137,187.3154769698332,153.2406461471667,138.7234324253336,1072.684523030167,18.77395770000294,22.270050999941304,3711.418685563192,84,11700.0,7,True,True,True,True,True,,,,11700.0,11700.0,,137,137,41.04400869994424,22.276219899998974,
nn_n84_k7_h11_s137,nn,84,7,11,137,211.20257582320977,149.82820345382717,144.11935813455202,1048.7974241767902,18.77395770000294,0.241985899861902,3245.007376198651,84,11700.0,7,True,True,True,True,True,,,,11700.0,11700.0,,137,137,19.01594359986484,0.2420122001785785,
proposed_n84_k7_h11_s137,proposed,84,7,11,137,153.6006016641275,158.05705690512465,146.70270681851292,1106.3993983358723,15.61905480013229,3446.7419371998403,3497.758813331317,84,11700.0,7,True,True,True,True,True,False,64.0,False,11700.0,11700.0,,137,137,3462.3609919999726,3446.742027600063,dual_labeled_canonical_bundle_sova
pso_n84_k7_h11_s137,pso,84,7,11,137,208.20224300922283,150.2568224272539,144.75121481550894,1051.797756990777,18.77395770000294,13.691480700159444,3431.1212570080183,84,11700.0,7,True,True,True,True,True,,,,11700.0,11700.0,,137,137,32.465438400162384,13.69803939992562,
aco_n84_k7_h19_s137,aco,84,7,19,137,105.75569227130612,164.892043961242,153.27087224938327,1154.244307728694,19.305395000148565,29.00951769994572,3459.367529119879,84,11700.0,7,True,True,True,True,True,,,,11700.0,11700.0,,137,137,48.31491270009428,29.011566100176424,
ga_n84_k7_h19_s137,ga,84,7,19,137,107.47075430106251,164.6470350998482,157.24169639822813,1152.5292456989375,19.305395000148565,22.834659399930388,3134.837581283548,84,11700.0,7,True,True,True,True,True,,,,11700.0,11700.0,,137,137,42.14005440007895,22.842983899870887,
nn_n84_k7_h19_s137,nn,84,7,19,137,128.62969875323608,161.6243287495377,152.46968431484686,1131.370301246764,19.305395000148565,0.2605613002087921,3091.480911924441,84,11700.0,7,True,True,True,True,True,,,,11700.0,11700.0,,137,137,19.56595630035736,0.2605870000552386,
proposed_n84_k7_h19_s137,proposed,84,7,19,137,101.16364194756336,165.5480511503481,153.76792229619477,1158.8363580524367,16.149054400157183,3082.425374899991,3074.179985385505,84,11700.0,7,True,True,True,True,True,False,64.0,False,11700.0,11700.0,,137,137,3098.574429300148,3082.425470300019,dual_labeled_canonical_bundle_sova
pso_n84_k7_h19_s137,pso,84,7,19,137,124.89837352455314,162.15737521077813,157.04254526146912,1135.101626475447,19.305395000148565,15.398090899921954,3042.965538281017,84,11700.0,7,True,True,True,True,True,,,,11700.0,11700.0,,137,137,34.70348590007052,15.403277299832553,
aco_n84_k7_h04_s147,aco,84,7,4,147,79.59142220093136,168.62979682843837,162.4634205169408,1180.4085777990686,19.75794090004638,29.157496499828994,2868.104919041664,84,11700.0,7,True,True,True,True,True,,,,11700.0,11700.0,,147,147,48.91543739987537,29.159746499964967,
ga_n84_k7_h04_s147,ga,84,7,4,147,87.329431785757,167.524366887749,158.8681231526964,1172.670568214243,19.75794090004638,28.26892579998821,3661.119503818207,84,11700.0,7,True,True,True,True,True,,,,11700.0,11700.0,,147,147,48.02686670003459,28.278296600095928,
nn_n84_k7_h04_s147,nn,84,7,4,147,104.76804834421534,165.03313595082636,158.1211694074369,1155.2319516557843,19.75794090004638,0.2264694001059979,3734.622863048456,84,11700.0,7,True,True,True,True,True,,,,11700.0,11700.0,,147,147,19.984410300152376,0.2265070998109877,
proposed_n84_k7_h04_s147,proposed,84,7,4,147,75.48512949119271,169.21641007268676,164.2017130833796,1184.5148705088072,16.45574490004219,2578.838962999871,2854.7425614523704,84,11700.0,7,True,True,True,True,True,False,64.0,False,11700.0,11700.0,,147,147,2595.294707899913,2578.8391052000225,dual_labeled_canonical_bundle_sova
pso_n84_k7_h04_s147,pso,84,7,4,147,101.50511847970344,165.4992687886138,159.57297576192798,1158.4948815202963,19.75794090004638,16.6246960000135,3616.016546998645,84,11700.0,7,True,True,True,True,True,,,,11700.0,11700.0,,147,147,36.38263690005988,16.631256599910557,
aco_n84_k7_h11_s147,aco,84,7,11,147,161.5471423412432,156.92183680839383,144.41666760216071,1098.4528576587568,18.287845500046387,29.66131530003622,3847.0065592604064,84,11700.0,7,True,True,True,True,True,,,,11700.0,11700.0,,147,147,47.94916080008261,29.663480899995196,
ga_n84_k7_h11_s147,ga,84,7,11,147,186.4401364407072,153.3656947941847,145.09572059008636,1073.5598635592928,18.287845500046387,28.67751790001057,3501.564989756996,84,11700.0,7,True,True,True,True,True,,,,11700.0,11700.0,,147,147,46.96536340005696,28.686791200190783,
nn_n84_k7_h11_s147,nn,84,7,11,147,208.46920328923136,150.21868524439554,129.90128533200885,1051.5307967107688,18.287845500046387,0.1942718001082539,4355.57696228798,84,11700.0,7,True,True,True,True,True,,,,11700.0,11700.0,,147,147,18.48211730015464,0.1942956000566482,
proposed_n84_k7_h11_s147,proposed,84,7,11,147,157.91083117853145,157.44130983163836,149.3638947067585,1102.0891688214683,15.46792159997858,4777.75809290004,3675.587202247781,84,11700.0,7,True,True,True,True,True,False,64.0,False,11700.0,11700.0,,147,147,4793.226014500018,4777.758252599975,dual_labeled_canonical_bundle_sova
pso_n84_k7_h11_s147,pso,84,7,11,147,203.7908160063714,150.88702628480408,133.07314726658697,1056.2091839936286,18.287845500046387,13.82420019991696,4208.609191147514,84,11700.0,7,True,True,True,True,True,,,,11700.0,11700.0,,147,147,32.112045699963346,13.830582600086927,
aco_n84_k7_h19_s147,aco,84,7,19,147,107.13694236707668,164.69472251898904,158.0536645146807,1152.8630576329233,18.96184350014664,28.728299099951982,3116.0051309904384,84,11700.0,7,True,True,True,True,True,,,,11700.0,11700.0,,147,147,47.69014260009863,28.72970770020038,
ga_n84_k7_h19_s147,ga,84,7,19,147,108.67896448567843,164.47443364490306,157.74412465968675,1151.3210355143217,18.96184350014664,25.07071130000986,2985.49421265614,84,11700.0,7,True,True,True,True,True,,,,11700.0,11700.0,,147,147,44.0325548001565,25.07797069987282,
nn_n84_k7_h19_s147,nn,84,7,19,147,124.9095607707107,162.15577703275562,156.8971358017939,1135.0904392292894,18.96184350014664,0.2073076998349279,3243.9336062442267,84,11700.0,7,True,True,True,True,True,,,,11700.0,11700.0,,147,147,19.16915119998157,0.2073354001622647,
proposed_n84_k7_h19_s147,proposed,84,7,19,147,101.67392753360618,165.47515320948483,151.54487190666478,1158.3260724663935,16.029326000018045,3079.9650390997995,3505.400056552747,84,11700.0,7,True,True,True,True,True,False,61.0,False,11700.0,11700.0,,147,147,3095.994365099817,3079.965177600039,dual_labeled_canonical_bundle_sova
pso_n84_k7_h19_s147,pso,84,7,19,147,121.80901923450858,162.59871153792736,156.8971358017939,1138.1909807654915,18.96184350014664,14.862437600037085,3230.3790598761047,84,11700.0,7,True,True,True,True,True,,,,11700.0,11700.0,,147,147,33.824281100183725,14.867324699880555,
aco_n84_k7_h04_s157,aco,84,7,4,157,80.63566499131946,168.48061928695435,160.128968960269,1179.3643350086804,19.681365000084043,29.049866899847984,2657.04644666723,84,11700.0,7,True,True,True,True,True,,,,11700.0,11700.0,,157,157,48.73123189993203,29.05193189997226,
ga_n84_k7_h04_s157,ga,84,7,4,157,83.03270788287222,168.1381845881611,160.4138944217744,1176.9672921171275,19.681365000084043,26.070295399986207,2937.2622987950385,84,11700.0,7,True,True,True,True,True,,,,11700.0,11700.0,,157,157,45.75166040007025,26.079705399926752,
nn_n84_k7_h04_s157,nn,84,7,4,157,96.54806326909332,166.20741953298668,155.91789002967067,1163.4519367309067,19.681365000084043,0.2524149999953806,2954.985203515328,84,11700.0,7,True,True,True,True,True,,,,11700.0,11700.0,,157,157,19.933780000079423,0.252454400062561,
proposed_n84_k7_h04_s157,proposed,84,7,4,157,73.15218709568063,169.5496875577599,164.58063033287803,1186.8478129043194,16.01896129990928,2365.359077000059,2571.204761782897,84,11700.0,7,True,True,True,True,True,False,64.0,False,11700.0,11700.0,,157,157,2381.3780382999685,2365.3592140998226,dual_labeled_canonical_bundle_sova
pso_n84_k7_h04_s157,pso,84,7,4,157,93.2220280191293,166.68256742583867,154.08493742109735,1166.7779719808707,19.681365000084043,14.762754799798133,3050.390468957873,84,11700.0,7,True,True,True,True,True,,,,11700.0,11700.0,,157,157,34.44411979988217,14.76787060010247,
aco_n84_k7_h11_s157,aco,84,7,11,157,163.2346749596002,156.68076072005712,147.5558053121358,1096.7653250403998,18.61230399995111,29.267394400201734,3825.899626962205,84,11700.0,7,True,True,True,True,True,,,,11700.0,11700.0,,157,157,47.87969840015285,29.269063600106165,
ga_n84_k7_h11_s157,ga,84,7,11,157,174.02507131439722,155.1392755265147,146.15375656250677,1085.974928685603,18.61230399995111,22.943830900127068,4177.279633754941,84,11700.0,7,True,True,True,True,True,,,,11700.0,11700.0,,157,157,41.55613490007818,22.950311799999326,
nn_n84_k7_h11_s157,nn,84,7,11,157,191.90684211924503,152.58473684010784,144.14608781977003,1068.093157880755,18.61230399995111,0.2021715999580919,4204.410740291166,84,11700.0,7,True,True,True,True,True,,,,11700.0,11700.0,,157,157,18.8144755999092,0.202209300128743,
proposed_n84_k7_h11_s157,proposed,84,7,11,157,152.90479609755764,158.1564577003489,149.6978191825136,1107.0952039024423,22.096538400044665,3649.160349600017,3509.6913563553912,84,11700.0,7,True,True,True,True,True,False,64.0,False,11700.0,11700.0,,157,157,3671.2568880000617,3649.16044610017,dual_labeled_canonical_bundle_sova
pso_n84_k7_h11_s157,pso,84,7,11,157,187.46678888862823,153.21903015876737,137.78492082295747,1072.5332111113717,18.61230399995111,13.827231900068,4235.920517628469,84,11700.0,7,True,True,True,True,True,,,,11700.0,11700.0,,157,157,32.43953590001911,13.831717299995944,
aco_n84_k7_h19_s157,aco,84,7,19,157,107.18932806276406,164.68723884817655,154.2013355278201,1152.8106719372358,18.864342499990016,29.744019200094044,2909.2684855859584,84,11700.0,7,True,True,True,True,True,,,,11700.0,11700.0,,157,157,48.60836170008406,29.74591709999368,
ga_n84_k7_h19_s157,ga,84,7,19,157,113.1199602878458,163.84000567316488,153.60153221094043,1146.8800397121545,18.864342499990016,25.217104100156572,3376.8152042302563,84,11700.0,7,True,True,True,True,True,,,,11700.0,11700.0,,157,157,44.08144660014659,25.226111199939623,
nn_n84_k7_h19_s157,nn,84,7,19,157,139.84782295154403,160.02173957835086,145.96649320132238,1120.152177048456,18.864342499990016,0.216909599956125,3836.214199787347,84,11700.0,7,True,True,True,True,True,,,,11700.0,11700.0,,157,157,19.08125209994614,0.2169333999045193,
proposed_n84_k7_h19_s157,proposed,84,7,19,157,99.044136765585,165.85083760491642,154.83280600308126,1160.955863234415,16.699578100116923,3097.7632313000504,3215.6562323075896,84,11700.0,7,True,True,True,True,True,False,61.0,True,11700.0,11700.0,,157,157,3114.462809400168,3097.763340400066,dual_labeled_canonical_bundle_sova
pso_n84_k7_h19_s157,pso,84,7,19,157,135.19880988868664,160.6858843016162,156.61724926959977,1124.8011901113134,18.864342499990016,16.70666929986328,3509.653438133192,84,11700.0,7,True,True,True,True,True,,,,11700.0,11700.0,,157,157,35.571011799853295,16.71349129988812,
aco_n84_k7_h04_s167,aco,84,7,4,167,80.64045075931855,168.47993560581162,162.3853783222147,1179.3595492406814,19.61270370008424,28.594786499859765,2948.6481052936047,84,11700.0,7,True,True,True,True,True,,,,11700.0,11700.0,,167,167,48.207490199944,28.59611289994791,
ga_n84_k7_h04_s167,ga,84,7,4,167,84.67850040881319,167.90307137016953,162.34207929095965,1175.3214995911867,19.61270370008424,23.213203999912366,3188.619434070508,84,11700.0,7,True,True,True,True,True,,,,11700.0,11700.0,,167,167,42.825907699996606,23.220266700023785,
nn_n84_k7_h04_s167,nn,84,7,4,167,97.31273541521708,166.09818065496898,160.59052340434354,1162.687264584783,19.61270370008424,0.187277500052005,3490.3230223639503,84,11700.0,7,True,True,True,True,True,,,,11700.0,11700.0,,167,167,19.799981200136244,0.1873002999927848,
proposed_n84_k7_h04_s167,proposed,84,7,4,167,72.87259111701012,169.5896298404271,164.2463479680101,1187.1274088829898,17.57509469985962,4158.88469039998,2614.6478068545607,84,11700.0,7,True,True,True,True,True,False,64.0,False,11700.0,11700.0,,167,167,4176.45978509984,4158.88479520008,dual_labeled_canonical_bundle_sova
pso_n84_k7_h04_s167,pso,84,7,4,167,94.09621739656532,166.55768322906212,160.34774590154828,1165.9037826034348,19.61270370008424,17.108355299802497,3243.67560545955,84,11700.0,7,True,True,True,True,True,,,,11700.0,11700.0,,167,167,36.721058999886736,17.115829600021243,
aco_n84_k7_h11_s167,aco,84,7,11,167,162.15564186872325,156.83490830446812,149.2575251569665,1097.8443581312767,17.96258469996974,29.865889300126582,3442.4093924504937,84,11700.0,7,True,True,True,True,True,,,,11700.0,11700.0,,167,167,47.82847400009632,29.867485500173643,
ga_n84_k7_h11_s167,ga,84,7,11,167,176.1111119773738,154.84126971751803,141.9269407290796,1083.888888022626,17.96258469996974,21.19525129999965,3735.003000846205,84,11700.0,7,True,True,True,True,True,,,,11700.0,11700.0,,167,167,39.15783599996939,21.20194529998116,
nn_n84_k7_h11_s167,nn,84,7,11,167,198.2579081713668,151.67744168980474,138.52478489579346,1061.7420918286332,17.96258469996974,0.2771256999112665,4030.0728905492897,84,11700.0,7,True,True,True,True,True,,,,11700.0,11700.0,,167,167,18.239710399881005,0.277148500084877,
proposed_n84_k7_h11_s167,proposed,84,7,11,167,159.51781878421954,157.21174017368293,147.1480206424417,1100.4821812157804,16.176454700063914,1974.3486717999915,3796.2834729452497,84,11700.0,7,True,True,True,True,True,False,64.0,False,11700.0,11700.0,,167,167,1990.5251265000552,1974.348787199939,dual_labeled_canonical_bundle_sova
pso_n84_k7_h11_s167,pso,84,7,11,167,195.1021909824433,152.12825843107953,139.0874929501911,1064.8978090175567,17.96258469996974,13.302568100159988,4066.287264774117,84,11700.0,7,True,True,True,True,True,,,,11700.0,11700.0,,167,167,31.265152800129727,13.30706509994343,
aco_n84_k7_h19_s167,aco,84,7,19,167,106.92740251634812,164.72465678337883,159.67013167316355,1153.072597483652,18.70453350013122,28.845912400167435,2846.158092256763,84,11700.0,7,True,True,True,True,True,,,,11700.0,11700.0,,167,167,47.550445900298655,28.84760020021349,
ga_n84_k7_h19_s167,ga,84,7,19,167,119.53669422318949,162.92332939668722,157.30117525507774,1140.4633057768106,18.70453350013122,22.383249099832028,3073.9872517807235,84,11700.0,7,True,True,True,True,True,,,,11700.0,11700.0,,167,167,41.08778259996325,22.39129659999162,
nn_n84_k7_h19_s167,nn,84,7,19,167,130.37054146777626,161.3756369331748,154.21241069381853,1129.6294585322237,18.70453350013122,0.1897406000643968,3062.350631016056,84,11700.0,7,True,True,True,True,True,,,,11700.0,11700.0,,167,167,18.894274100195616,0.1897730000782758,
proposed_n84_k7_h19_s167,proposed,84,7,19,167,102.4886019382501,165.35877115167858,156.11871109179646,1157.51139806175,15.854404899990186,3943.422376099974,2945.231964335963,84,11700.0,7,True,True,True,True,True,False,64.0,False,11700.0,11700.0,,167,167,3959.276780999964,3943.422493300168,dual_labeled_canonical_bundle_sova
pso_n84_k7_h19_s167,pso,84,7,19,167,128.78190847756727,161.60258450320467,154.77576653879822,1131.2180915224326,18.70453350013122,14.573677100008354,3008.1661343507617,84,11700.0,7,True,True,True,True,True,,,,11700.0,11700.0,,167,167,33.27821060013957,14.578775000059975,
aco_n84_k7_h04_s177,aco,84,7,4,177,79.60829680190288,168.62738617115673,159.61201798580086,1180.391703198097,19.465774500044063,29.14728999999352,3029.59950533159,84,11700.0,7,True,True,True,True,True,,,,11700.0,11700.0,,177,177,48.61306450003758,29.14877510000952,
ga_n84_k7_h04_s177,ga,84,7,4,177,83.97337900502676,168.00380299928187,159.11107614323203,1176.0266209949732,19.465774500044063,23.35622809990309,3720.345147531436,84,11700.0,7,True,True,True,True,True,,,,11700.0,11700.0,,177,177,42.82200259994716,23.362732300069183,
nn_n84_k7_h04_s177,nn,84,7,4,177,105.48143911509771,164.93122298355746,158.24408877285435,1154.5185608849022,19.465774500044063,0.1999009000137448,3612.536336152921,84,11700.0,7,True,True,True,True,True,,,,11700.0,11700.0,,177,177,19.665675400057808,0.1999383999500423,
proposed_n84_k7_h04_s177,proposed,84,7,4,177,73.56548691129005,169.49064472695858,163.63642240947922,1186.43451308871,16.777179799973965,5440.577025200008,2847.9615191173107,84,11700.0,7,True,True,True,True,True,False,61.0,True,11700.0,11700.0,,177,177,5457.354204999981,5440.577142199967,dual_labeled_canonical_bundle_sova
pso_n84_k7_h04_s177,pso,84,7,4,177,101.49353248307466,165.50092393098933,159.4155553570654,1158.506467516925,19.465774500044063,13.521665199892595,3264.15534377237,84,11700.0,7,True,True,True,True,True,,,,11700.0,11700.0,,177,177,32.98743969993666,13.526355999987572,
aco_n84_k7_h11_s177,aco,84,7,11,177,160.20127234561048,157.11410395062708,145.51447348998929,1099.7987276543895,18.19579299981706,30.632974399952214,3568.7078704247047,84,11700.0,7,True,True,True,True,True,,,,11700.0,11700.0,,177,177,48.82876739976928,30.63483939995058,
ga_n84_k7_h11_s177,ga,84,7,11,177,174.1946892676845,155.11504439033078,147.71365449497867,1085.8053107323155,18.19579299981706,22.58931630011648,3592.50654037361,84,11700.0,7,True,True,True,True,True,,,,11700.0,11700.0,,177,177,40.78510929993354,22.599095800193027,
nn_n84_k7_h11_s177,nn,84,7,11,177,200.2109376085807,151.39843748448848,138.08689239109643,1059.7890623914193,18.19579299981706,0.2424946001265198,4066.439336326188,84,11700.0,7,True,True,True,True,True,,,,11700.0,11700.0,,177,177,18.43828759994358,0.2425324998330325,
proposed_n84_k7_h11_s177,proposed,84,7,11,177,151.6619364440688,158.33400907941876,151.29117333543863,1108.3380635559313,15.408442700048909,5674.857057200046,3401.072373376945,84,11700.0,7,True,True,True,True,True,False,64.0,False,11700.0,11700.0,,177,177,5690.265499900095,5674.857166300062,dual_labeled_canonical_bundle_sova
pso_n84_k7_h11_s177,pso,84,7,11,177,188.6395667861386,153.05149045912304,141.92821876041026,1071.3604332138614,18.19579299981706,16.733851100085303,4140.847243648992,84,11700.0,7,True,True,True,True,True,,,,11700.0,11700.0,,177,177,34.92964409990236,16.74249770003371,
aco_n84_k7_h19_s177,aco,84,7,19,177,106.65485979369628,164.7635914580434,156.27037741677736,1153.3451402063038,18.66930909990333,29.8513033001218,3083.005361047096,84,11700.0,7,True,True,True,True,True,,,,11700.0,11700.0,,177,177,48.52061240002513,29.853555500041693,
ga_n84_k7_h19_s177,ga,84,7,19,177,118.60672201822138,163.05618256882553,158.12243306101735,1141.3932779817787,18.66930909990333,25.749829000094905,3326.896042428027,84,11700.0,7,True,True,True,True,True,,,,11700.0,11700.0,,177,177,44.41913809999824,25.760309899924323,
nn_n84_k7_h19_s177,nn,84,7,19,177,132.99131335783545,161.00124094888065,152.4268506605617,1127.0086866421643,18.66930909990333,0.2068105000071227,3067.732891000528,84,11700.0,7,True,True,True,True,True,,,,11700.0,11700.0,,177,177,18.876119599910453,0.2068332000635564,
proposed_n84_k7_h19_s177,proposed,84,7,19,177,99.2579847615456,165.82028789120776,154.35779541713745,1160.7420152384543,15.545050899963826,3269.3560645000543,3345.101249185348,84,11700.0,7,True,True,True,True,True,False,59.0,True,11700.0,11700.0,,177,177,3284.901115400018,3269.356158599956,dual_labeled_canonical_bundle_sova
pso_n84_k7_h19_s177,pso,84,7,19,177,127.68885109073015,161.75873555846712,152.4268506605617,1132.3111489092698,18.66930909990333,16.81146620004438,3386.464876272152,84,11700.0,7,True,True,True,True,True,,,,11700.0,11700.0,,177,177,35.48077529994771,16.816937499912456,
aco_n84_k7_h04_s187,aco,84,7,4,187,79.3461987476592,168.6648287503344,158.84520177004785,1180.6538012523408,19.87396129989065,28.79283290007152,2847.6799166965325,84,11700.0,7,True,True,True,True,True,,,,11700.0,11700.0,,187,187,48.66679419996217,28.794641700107604,
ga_n84_k7_h04_s187,ga,84,7,4,187,88.21139665608693,167.3983719062733,161.64684713445322,1171.788603343913,19.87396129989065,26.058552300091836,2947.9844216677675,84,11700.0,7,True,True,True,True,True,,,,11700.0,11700.0,,187,187,45.932513599982485,26.068053300026804,
nn_n84_k7_h04_s187,nn,84,7,4,187,103.32038164052634,165.23994547992478,158.38804930327933,1156.6796183594736,19.87396129989065,0.1979148997925222,3431.4494567004917,84,11700.0,7,True,True,True,True,True,,,,11700.0,11700.0,,187,187,20.07187619968317,0.1979378999676555,
proposed_n84_k7_h04_s187,proposed,84,7,4,187,73.08316847906937,169.55954736013294,160.47026897711476,1186.9168315209306,16.322369300061837,2377.418883399805,3047.7230738333096,84,11700.0,7,True,True,True,True,True,False,63.0,True,11700.0,11700.0,,187,187,2393.741252699867,2377.418999300105,dual_labeled_canonical_bundle_sova
pso_n84_k7_h04_s187,pso,84,7,4,187,99.45135402593236,165.79266371058108,158.38804930327933,1160.5486459740675,19.87396129989065,15.828824399970472,3335.117074239224,84,11700.0,7,True,True,True,True,True,,,,11700.0,11700.0,,187,187,35.702785699861124,15.834529199870303,
aco_n84_k7_h11_s187,aco,84,7,11,187,166.72928468443033,156.18153075936712,139.09902667449103,1093.2707153155698,18.50049029989168,29.59268969995901,3937.880910643222,84,11700.0,7,True,True,True,True,True,,,,11700.0,11700.0,,187,187,48.09317999985069,29.594541100086644,
ga_n84_k7_h11_s187,ga,84,7,11,187,177.47177552678102,154.64688921045988,144.5141670270566,1082.528224473219,18.50049029989168,26.72794479993172,4333.288418979232,84,11700.0,7,True,True,True,True,True,,,,11700.0,11700.0,,187,187,45.2284350998234,26.73640519985929,
nn_n84_k7_h11_s187,nn,84,7,11,187,199.89302074570244,151.44385417918537,146.65558514069028,1060.1069792542976,18.50049029989168,0.2295584001112729,3175.2744466173253,84,11700.0,7,True,True,True,True,True,,,,11700.0,11700.0,,187,187,18.730048700002957,0.2295827998314052,
proposed_n84_k7_h11_s187,proposed,84,7,11,187,153.0993417035751,158.12866547091784,150.50697336730514,1106.9006582964248,15.68695789994672,4386.643325200072,3164.8274654405727,84,11700.0,7,True,True,True,True,True,False,63.0,True,11700.0,11700.0,,187,187,4402.330283100018,4386.643427600153,dual_labeled_canonical_bundle_sova
pso_n84_k7_h11_s187,pso,84,7,11,187,188.6016863826651,153.05690194533355,141.95955424634786,1071.398313617335,18.50049029989168,14.525748000014572,4026.608822620761,84,11700.0,7,True,True,True,True,True,,,,11700.0,11700.0,,187,187,33.026238299906254,14.531892099883407,
aco_n84_k7_h19_s187,aco,84,7,19,187,107.50413415110368,164.64226654984233,160.62766514808186,1152.4958658488963,18.883544200100005,30.454553100047637,2582.579424967384,84,11700.0,7,True,True,True,True,True,,,,11700.0,11700.0,,187,187,49.33809730014764,30.45653939992189,
ga_n84_k7_h19_s187,ga,84,7,19,187,111.46343081297827,164.0766527410031,160.11484788256678,1148.5365691870218,18.883544200100005,23.2438776998315,2677.47047290122,84,11700.0,7,True,True,True,True,True,,,,11700.0,11700.0,,187,187,42.12742189993151,23.25060490006581,
nn_n84_k7_h19_s187,nn,84,7,19,187,130.04915080565644,161.42154988490623,152.25266680468815,1129.9508491943436,18.883544200100005,0.2065493001136928,3017.737846399577,84,11700.0,7,True,True,True,True,True,,,,11700.0,11700.0,,187,187,19.090093500213698,0.2065713999327272,
proposed_n84_k7_h19_s187,proposed,84,7,19,187,99.25767831584317,165.82033166916526,158.48774833347838,1160.7423216841569,15.9038392000366,2309.4103576999623,3085.407777772377,84,11700.0,7,True,True,True,True,True,False,64.0,False,11700.0,11700.0,,187,187,2325.314196899999,2309.4104573000222,dual_labeled_canonical_bundle_sova
pso_n84_k7_h19_s187,pso,84,7,19,187,127.47406152147244,161.7894197826468,152.25266680468815,1132.5259384785277,18.883544200100005,17.466795000014827,3235.179150107334,84,11700.0,7,True,True,True,True,True,,,,11700.0,11700.0,,187,187,36.35033920011483,17.47408750001341,
aco_n84_k7_h04_s197,aco,84,7,4,197,80.10655616262011,168.55620626248285,160.33401477310417,1179.89344383738,19.904751800000668,28.626016600057483,3267.3491868325477,84,11700.0,7,True,True,True,True,True,,,,11700.0,11700.0,,197,197,48.53076840005815,28.628075700020418,
ga_n84_k7_h04_s197,ga,84,7,4,197,89.32415457384398,167.23940648945086,161.6515135527632,1170.675845426156,19.904751800000668,21.84866110002622,2887.6223784859044,84,11700.0,7,True,True,True,True,True,,,,11700.0,11700.0,,197,197,41.75341290002689,21.857191300019625,
nn_n84_k7_h04_s197,nn,84,7,4,197,102.73336497081124,165.32380500416983,158.87886665736738,1157.2666350291888,19.904751800000668,0.2385792001150548,3421.748731857098,84,11700.0,7,True,True,True,True,True,,,,11700.0,11700.0,,197,197,20.14333100011572,0.2386227000970393,
proposed_n84_k7_h04_s197,proposed,84,7,4,197,73.34949862854222,169.52150019592253,164.381944070315,1186.6505013714575,16.487867300165817,4090.5605959999375,3062.8263548398863,84,11700.0,7,True,True,True,True,True,False,64.0,False,11700.0,11700.0,,197,197,4107.048463300103,4090.560793799814,dual_labeled_canonical_bundle_sova
pso_n84_k7_h04_s197,pso,84,7,4,197,99.27429838561387,165.81795737348375,158.87886665736738,1160.7257016143865,19.904751800000668,16.398919500177726,3325.416349395831,84,11700.0,7,True,True,True,True,True,,,,11700.0,11700.0,,197,197,36.3036713001784,16.404939400032163,
aco_n84_k7_h11_s197,aco,84,7,11,197,159.93772039049378,157.15175422992948,148.6262515912949,1100.0622796095065,18.25631790002808,28.899168099975213,3337.7944606272745,84,11700.0,7,True,True,True,True,True,,,,11700.0,11700.0,,197,197,47.15548600000329,28.900572899961844,
ga_n84_k7_h11_s197,ga,84,7,11,197,176.2211989711256,154.8255430041249,145.44033095843392,1083.7788010288743,18.25631790002808,22.10359509987757,3365.8144792913963,84,11700.0,7,True,True,True,True,True,,,,11700.0,11700.0,,197,197,40.359912999905646,22.111731400014836,
nn_n84_k7_h11_s197,nn,84,7,11,197,204.4800338861548,150.78856658769217,146.61909460547082,1055.5199661138452,18.25631790002808,0.2794834000524133,3265.393221436855,84,11700.0,7,True,True,True,True,True,,,,11700.0,11700.0,,197,197,18.535801300080493,0.279504399979487,
proposed_n84_k7_h11_s197,proposed,84,7,11,197,157.65846678508476,157.47736188784503,150.1434412723805,1102.3415332149152,18.03191679995507,2054.947739599971,3361.893210007095,84,11700.0,7,True,True,True,True,True,False,62.0,True,11700.0,11700.0,,197,197,2072.979656399926,2054.9478953999933,dual_labeled_canonical_bundle_sova
pso_n84_k7_h11_s197,pso,84,7,11,197,195.71345394186127,152.0409351511627,149.0947562422338,1064.2865460581388,18.25631790002808,15.96938079991378,3072.871632057728,84,11700.0,7,True,True,True,True,True,,,,11700.0,11700.0,,197,197,34.22569869994186,15.977132000029089,
aco_n84_k7_h19_s197,aco,84,7,19,197,106.68191985017388,164.75972573568944,155.4688980030142,1153.318080149826,18.34529870003462,27.715409399941564,3640.177683427231,84,11700.0,7,True,True,True,True,True,,,,11700.0,11700.0,,197,197,46.06070809997618,27.716962600126863,
ga_n84_k7_h19_s197,ga,84,7,19,197,114.15890389762312,163.69158515748242,153.68937741250005,1145.841096102377,18.34529870003462,21.718464500037957,3356.1707604526496,84,11700.0,7,True,True,True,True,True,,,,11700.0,11700.0,,197,197,40.06376320007257,21.72825399995781,
nn_n84_k7_h19_s197,nn,84,7,19,197,127.7311253390177,161.75269638014035,149.84151265899317,1132.2688746609824,18.34529870003462,0.1795568000525236,3216.20675385964,84,11700.0,7,True,True,True,True,True,,,,11700.0,11700.0,,197,197,18.524855500087146,0.1795779000967741,
proposed_n84_k7_h19_s197,proposed,84,7,19,197,100.82844312509016,165.5959366964157,154.04312206480623,1159.1715568749098,18.04565860005096,5459.278787499992,3375.920998671298,84,11700.0,7,True,True,True,True,True,False,56.0,True,11700.0,11700.0,,197,197,5477.324446100043,5459.278945100028,dual_labeled_canonical_bundle_sova
pso_n84_k7_h19_s197,pso,84,7,19,197,125.88044841674234,162.01707879760824,154.04973768120206,1134.1195515832576,18.34529870003462,12.953787100035695,3377.9581202448667,84,11700.0,7,True,True,True,True,True,,,,11700.0,11700.0,,197,197,31.29908580007032,12.958463399903849,
aco_n84_k8_h04_s7,aco,84,8,4,7,80.62554057489766,169.9218074281378,163.86377521831162,1359.3744594251025,14.622454500058666,23.84368639998138,2758.366955690212,84,11700.0,8,True,True,True,True,True,,,,11700.0,11700.0,h04/k08/hourly.csv,7,7,38.466140900040045,23.84368639998138,
ga_n84_k8_h04_s7,ga,84,8,4,7,90.5712036861409,168.67859953923238,156.94028890792913,1349.428796313859,14.622454500058666,17.01261729991529,3146.3718039323694,84,11700.0,8,True,True,True,True,True,,,,11700.0,11700.0,h04/k08/hourly.csv,7,7,31.63507179997396,17.01261729991529,
nn_n84_k8_h04_s7,nn,84,8,4,7,103.6206663124052,167.04741671094934,158.1232757209199,1336.379333687595,14.622454500058666,0.2189145000884309,3642.516338861829,84,11700.0,8,True,True,True,True,True,,,,11700.0,11700.0,h04/k08/hourly.csv,7,7,14.841369000147097,0.2189145000884309,
proposed_n84_k8_h04_s7,proposed,84,8,4,7,75.1824759748784,170.6021905031402,164.50003349578955,1364.8175240251217,14.622454500058666,2574.840328499908,2691.204761782897,84,11700.0,8,True,True,True,True,True,False,64.0,False,11700.0,11700.0,h04/k08/hourly.csv,7,7,2589.4627829999667,2574.840328499908,
pso_n84_k8_h04_s7,pso,84,8,4,7,98.02241871520322,167.7471976605996,162.97936508582129,1341.9775812847968,14.622454500058666,12.346557200071402,2831.4653866212307,84,11700.0,8,True,True,True,True,True,,,,11700.0,11700.0,h04/k08/hourly.csv,7,7,26.969011700130068,12.346557200071402,
aco_n84_k8_h11_s7,aco,84,8,11,7,163.15024117979388,159.60621985252575,146.70381698246436,1276.849758820206,13.4102114001289,24.40089250006713,3801.608304945612,84,11700.0,8,True,True,True,True,True,,,,11700.0,11700.0,h11/k08/hourly.csv,7,7,37.81110390019603,24.40089250006713,
ga_n84_k8_h11_s7,ga,84,8,11,7,171.03955123906564,158.6200560951168,150.20617694813976,1268.9604487609345,13.4102114001289,17.5558244001586,3156.7995448718107,84,11700.0,8,True,True,True,True,True,,,,11700.0,11700.0,h11/k08/hourly.csv,7,7,30.9660358002875,17.5558244001586,
nn_n84_k8_h11_s7,nn,84,8,11,7,204.73080495332945,154.40864938083382,137.887561929831,1235.2691950466706,13.4102114001289,0.2063642998691648,4179.17919818415,84,11700.0,8,True,True,True,True,True,,,,11700.0,11700.0,h11/k08/hourly.csv,7,7,13.616575699998064,0.2063642998691648,
proposed_n84_k8_h11_s7,proposed,84,8,11,7,153.37495083092102,160.8281311461349,149.10219290136374,1286.625049169079,13.4102114001289,2451.1185838000383,3310.5341165495665,84,11700.0,8,True,True,True,True,True,False,56.0,True,11700.0,11700.0,h11/k08/hourly.csv,7,7,2464.528795200167,2451.1185838000383,
pso_n84_k8_h11_s7,pso,84,8,11,7,188.70675822769,156.41165522153875,136.23886386359732,1251.29324177231,13.4102114001289,12.327081199968234,4009.584421692573,84,11700.0,8,True,True,True,True,True,,,,11700.0,11700.0,h11/k08/hourly.csv,7,7,25.73729260009713,12.327081199968234,
aco_n84_k8_h19_s7,aco,84,8,19,7,107.75401677382489,166.5307479032719,153.86546302612592,1332.2459832261752,14.129176800022831,24.40987099998165,2634.8765595357395,84,11700.0,8,True,True,True,True,True,,,,11700.0,11700.0,h19/k08/hourly.csv,7,7,38.53904780000448,24.40987099998165,
ga_n84_k8_h19_s7,ga,84,8,19,7,112.83678161487674,165.8954022981404,157.68873152289615,1327.1632183851232,14.129176800022831,17.722051099990495,3311.545209591644,84,11700.0,8,True,True,True,True,True,,,,11700.0,11700.0,h19/k08/hourly.csv,7,7,31.851227900013328,17.722051099990495,
nn_n84_k8_h19_s7,nn,84,8,19,7,129.00710537795223,163.87411182775597,156.79361035237577,1310.9928946220475,14.129176800022831,0.2165913000935688,3243.9336062442267,84,11700.0,8,True,True,True,True,True,,,,11700.0,11700.0,h19/k08/hourly.csv,7,7,14.3457681001164,0.2165913000935688,
proposed_n84_k8_h19_s7,proposed,84,8,19,7,103.27360679212298,167.09079915098462,153.50622150142885,1336.726393207877,14.129176800022831,2804.065452800016,3661.077596676608,84,11700.0,8,True,True,True,True,True,False,62.0,False,11700.0,11700.0,h19/k08/hourly.csv,7,7,2818.1946296000388,2804.065452800016,
pso_n84_k8_h19_s7,pso,84,8,19,7,127.7890650152636,164.02636687309206,156.99927902276107,1312.2109349847365,14.129176800022831,10.028302699909544,3230.3790598761047,84,11700.0,8,True,True,True,True,True,,,,11700.0,11700.0,h19/k08/hourly.csv,7,7,24.15747949993237,10.028302699909544,
aco_n84_k8_h04_s17,aco,84,8,4,17,80.64206717025966,169.91974160371754,163.76044055730227,1359.3579328297403,20.54137679981068,26.33687480003573,2898.966213329603,84,11700.0,8,True,True,True,True,True,,,,11700.0,11700.0,,17,17,46.87825159984641,26.338217600015923,
ga_n84_k8_h04_s17,ga,84,8,4,17,88.8732228047653,168.89084714940435,163.56440946613375,1351.1267771952348,20.54137679981068,24.4744390998967,3136.712808863742,84,11700.0,8,True,True,True,True,True,,,,11700.0,11700.0,,17,17,45.01581589970738,24.484001100063324,
nn_n84_k8_h04_s17,nn,84,8,4,17,107.37433809573324,166.57820773803334,161.5453245112097,1332.6256619042667,20.54137679981068,0.218503899872303,3332.762527361031,84,11700.0,8,True,True,True,True,True,,,,11700.0,11700.0,,17,17,20.75988069968298,0.2185314001981169,
proposed_n84_k8_h04_s17,proposed,84,8,4,17,74.21226140675205,170.723467324156,162.70688130331405,1365.787738593248,21.654678900027648,7112.87666910002,2985.8341683943754,84,11700.0,8,True,True,True,True,True,False,64.0,False,11700.0,11700.0,,17,17,7134.531348000048,7112.87679530005,dual_labeled_canonical_bundle_sova
pso_n84_k8_h04_s17,pso,84,8,4,17,104.98037607333244,166.87745299083343,157.95292163949628,1335.0196239266677,20.54137679981068,13.646623299922794,3236.430144899764,84,11700.0,8,True,True,True,True,True,,,,11700.0,11700.0,,17,17,34.18800009973347,13.65211939997971,
aco_n84_k8_h11_s17,aco,84,8,11,17,162.0441444417515,159.74448194478106,143.9865133105252,1277.9558555582485,18.12643279996701,27.85630639991723,3742.016522779432,84,11700.0,8,True,True,True,True,True,,,,11700.0,11700.0,,17,17,45.98273919988424,27.858397099887952,
ga_n84_k8_h11_s17,ga,84,8,11,17,173.92403099902324,158.2594961251221,142.8678577430179,1266.0759690009768,18.12643279996701,25.807179199997336,3737.6106431957214,84,11700.0,8,True,True,True,True,True,,,,11700.0,11700.0,,17,17,43.93361199996434,25.81536049977876,
nn_n84_k8_h11_s17,nn,84,8,11,17,206.2999487860685,154.21250640174145,143.870001961098,1233.7000512139316,18.12643279996701,0.2253006999380886,4272.4154574680815,84,11700.0,8,True,True,True,True,True,,,,11700.0,11700.0,,17,17,18.35173349990509,0.2253344999626279,
proposed_n84_k8_h11_s17,proposed,84,8,11,17,160.82329949967132,159.8970875625411,149.2999532294316,1279.1767005003287,17.76870460016653,5329.582207300002,3725.7271022129016,84,11700.0,8,True,True,True,True,True,False,64.0,False,11700.0,11700.0,,17,17,5347.350911900168,5329.582304999931,dual_labeled_canonical_bundle_sova
pso_n84_k8_h11_s17,pso,84,8,11,17,199.5699560797098,155.05375549003628,146.15416763587632,1240.4300439202902,18.12643279996701,15.434278599917889,3647.198860845548,84,11700.0,8,True,True,True,True,True,,,,11700.0,11700.0,,17,17,33.560711399884894,15.439754999941217,
aco_n84_k8_h19_s17,aco,84,8,19,17,109.51994971031988,166.31000628621,155.81986315974956,1330.48005028968,17.219266699859872,24.78606539987959,3345.905435395266,84,11700.0,8,True,True,True,True,True,,,,11700.0,11700.0,,17,17,42.00533209973946,24.78756530000828,
ga_n84_k8_h19_s17,ga,84,8,19,17,119.61854063087203,165.047682421141,161.11878713322767,1320.381459369128,17.219266699859872,19.84630249999464,2980.195230844345,84,11700.0,8,True,True,True,True,True,,,,11700.0,11700.0,,17,17,37.06556919985451,19.852969700004905,
nn_n84_k8_h19_s17,nn,84,8,19,17,129.28284448990638,163.8396444387617,156.95373295031186,1310.7171555100936,17.219266699859872,0.2059692998882383,3243.9336062442267,84,11700.0,8,True,True,True,True,True,,,,11700.0,11700.0,,17,17,17.42523599974811,0.205989500042051,
proposed_n84_k8_h19_s17,proposed,84,8,19,17,100.17346893428125,167.47831638321483,158.66377785224324,1339.8265310657189,16.60449120006524,4018.825501600048,3365.6626052216006,84,11700.0,8,True,True,True,True,True,False,56.0,True,11700.0,11700.0,,17,17,4035.429992800113,4018.825616699876,dual_labeled_canonical_bundle_sova
pso_n84_k8_h19_s17,pso,84,8,19,17,128.58018939676447,163.92747632540443,157.16031662830568,1311.4198106032354,17.219266699859872,14.590895199915394,3243.9336062442258,84,11700.0,8,True,True,True,True,True,,,,11700.0,11700.0,,17,17,31.810161899775267,14.596651500090957,
aco_n84_k8_h04_s27,aco,84,8,4,27,78.6702174395657,170.1662228200543,163.48821473776252,1361.3297825604343,21.514796399977055,38.01019120006822,2654.318370815409,84,11700.0,8,True,True,True,True,True,,,,11700.0,11700.0,,27,27,59.52498760004528,38.012576200068,
ga_n84_k8_h04_s27,ga,84,8,4,27,86.98624891304718,169.1267188858691,161.6727854089478,1353.0137510869529,21.514796399977055,43.37310199998319,2745.1226762727783,84,11700.0,8,True,True,True,True,True,,,,11700.0,11700.0,,27,27,64.88789839996025,43.38774219993502,
nn_n84_k8_h04_s27,nn,84,8,4,27,102.98966918459148,167.12629135192606,158.39272081497418,1337.0103308154085,21.514796399977055,0.2849622999783605,3698.5247751478646,84,11700.0,8,True,True,True,True,True,,,,11700.0,11700.0,,27,27,21.79975869995542,0.2849856000393629,
proposed_n84_k8_h04_s27,proposed,84,8,4,27,73.83684851831404,170.77039393521073,164.5007365268966,1366.163151481686,17.672924200072885,3817.158939999994,2954.866944253359,84,11700.0,8,True,True,True,True,True,False,64.0,False,11700.0,11700.0,,27,27,3834.831864200067,3817.1593146999367,dual_labeled_canonical_bundle_sova
pso_n84_k8_h04_s27,pso,84,8,4,27,100.59729684282608,167.42533789464673,158.28433684315814,1339.4027031571738,21.514796399977055,23.093094000127167,2780.795130795903,84,11700.0,8,True,True,True,True,True,,,,11700.0,11700.0,,27,27,44.60789040010423,23.101356900064275,
aco_n84_k8_h11_s27,aco,84,8,11,27,164.42901463433384,159.44637317070828,148.8170784727953,1275.5709853656665,21.974605900002643,37.32480479986407,3236.8082439471286,84,11700.0,8,True,True,True,True,True,,,,11700.0,11700.0,,27,27,59.29941069986671,37.32691870001145,
ga_n84_k8_h11_s27,ga,84,8,11,27,182.1120329516346,157.23599588104568,143.9128142483125,1257.8879670483657,21.974605900002643,31.50158639997244,3975.376499199013,84,11700.0,8,True,True,True,True,True,,,,11700.0,11700.0,,27,27,53.47619229997508,31.512763499980792,
nn_n84_k8_h11_s27,nn,84,8,11,27,198.6226610940256,155.1721673632468,144.92572255715046,1241.3773389059745,21.974605900002643,0.3535154000855982,3451.668063845129,84,11700.0,8,True,True,True,True,True,,,,11700.0,11700.0,,27,27,22.32812130008824,0.3535549999214709,
proposed_n84_k8_h11_s27,proposed,84,8,11,27,152.78940217533304,160.90132472808338,151.4825590490677,1287.210597824667,16.434607499977574,6460.877298499923,3333.651838240045,84,11700.0,8,True,True,True,True,True,False,64.0,False,11700.0,11700.0,,27,27,6477.311905999901,6460.8774494000245,dual_labeled_canonical_bundle_sova
pso_n84_k8_h11_s27,pso,84,8,11,27,195.42819500963648,155.57147562379544,144.92572255715046,1244.5718049903635,21.974605900002643,20.509620499797165,3415.1409815011384,84,11700.0,8,True,True,True,True,True,,,,11700.0,11700.0,,27,27,42.48422639979981,20.522329799830917,
aco_n84_k8_h19_s27,aco,84,8,19,27,109.79471848864767,166.27566018891903,152.18184420014958,1330.2052815113525,22.52470890013501,36.42373080016114,3565.586789305679,84,11700.0,8,True,True,True,True,True,,,,11700.0,11700.0,,27,27,58.94843970029615,36.42611819994636,
ga_n84_k8_h19_s27,ga,84,8,19,27,112.3133255677132,165.96083430403584,157.70945089810002,1327.6866744322867,22.52470890013501,27.014908999903128,2985.49421265614,84,11700.0,8,True,True,True,True,True,,,,11700.0,11700.0,,27,27,49.53961790003814,27.023788999998946,
nn_n84_k8_h19_s27,nn,84,8,19,27,128.2674815916151,163.96656480104812,156.80659014150245,1311.732518408385,22.52470890013501,0.3529167999513447,3067.732891000528,84,11700.0,8,True,True,True,True,True,,,,11700.0,11700.0,,27,27,22.877625700086355,0.3529550998937338,
proposed_n84_k8_h19_s27,proposed,84,8,19,27,102.07720599472448,167.24034925065945,155.11282230055508,1337.9227940052756,15.411486899945883,2528.1580757999327,3181.8241018854824,84,11700.0,8,True,True,True,True,True,False,55.0,False,11700.0,11700.0,,27,27,2543.5695626998786,2528.158177900128,dual_labeled_canonical_bundle_sova
pso_n84_k8_h19_s27,pso,84,8,19,27,126.11370145304898,164.23578731836886,157.70945089810002,1313.886298546951,22.52470890013501,18.117954100016505,2985.49421265614,84,11700.0,8,True,True,True,True,True,,,,11700.0,11700.0,,27,27,40.64266300015152,18.1252684998326,
aco_n84_k8_h04_s37,aco,84,8,4,37,79.39918836804826,170.07510145399397,157.20081302506546,1360.6008116319515,21.324656599899757,33.98277550004423,3334.7172212231344,84,11700.0,8,True,True,True,True,True,,,,11700.0,11700.0,,37,37,55.30743209994398,33.98539109993726,
ga_n84_k8_h04_s37,ga,84,8,4,37,84.18836021341986,169.47645497332252,163.99172815745095,1355.81163978658,21.324656599899757,29.722850600024685,2834.0573322901982,84,11700.0,8,True,True,True,True,True,,,,11700.0,11700.0,,37,37,51.04750719992444,29.73564809979871,
nn_n84_k8_h04_s37,nn,84,8,4,37,98.2313956743315,167.72107554070857,160.07423596924073,1341.7686043256683,21.324656599899757,0.3724822998046875,2767.3814007797623,84,11700.0,8,True,True,True,True,True,,,,11700.0,11700.0,,37,37,21.69713889970444,0.3725177999585867,
proposed_n84_k8_h04_s37,proposed,84,8,4,37,76.01045959172639,170.4986925510342,160.53807374457267,1363.9895404082736,16.437473200028762,5544.744893299881,3096.932248825541,84,11700.0,8,True,True,True,True,True,False,64.0,False,11700.0,11700.0,,37,37,5561.18236649991,5544.744991299929,dual_labeled_canonical_bundle_sova
pso_n84_k8_h04_s37,pso,84,8,4,37,94.0368898209724,168.24538877237845,156.5996097193969,1345.9631101790276,21.324656599899757,19.4785643001087,2720.539880934667,84,11700.0,8,True,True,True,True,True,,,,11700.0,11700.0,,37,37,40.803220900008455,19.48526280000806,
aco_n84_k8_h11_s37,aco,84,8,11,37,169.92787906162135,158.75901511729734,143.5423872279146,1270.0721209383787,22.03137750015594,39.240105599863455,4394.637978557524,84,11700.0,8,True,True,True,True,True,,,,11700.0,11700.0,,37,37,61.2714831000194,39.24310309998691,
ga_n84_k8_h11_s37,ga,84,8,11,37,177.65203718809275,157.79349535148842,139.56012298203174,1262.347962811907,22.03137750015594,32.85985490004532,4166.771859532259,84,11700.0,8,True,True,True,True,True,,,,11700.0,11700.0,,37,37,54.89123240020126,32.869173099985346,
nn_n84_k8_h11_s37,nn,84,8,11,37,204.9050424882164,154.38686968897295,135.45961378337392,1235.0949575117836,22.03137750015594,0.3026044999714941,4352.926554481706,84,11700.0,8,True,True,True,True,True,,,,11700.0,11700.0,,37,37,22.333982000127435,0.3026292999275028,
proposed_n84_k8_h11_s37,proposed,84,8,11,37,157.01002469347577,160.37374691331553,147.75853630125647,1282.9899753065242,15.21647849981673,16324.73696410004,3535.9063289876267,84,11700.0,8,True,True,True,True,True,False,64.0,False,11700.0,11700.0,,37,37,16339.953442599855,16324.737064199988,dual_labeled_canonical_bundle_sova
pso_n84_k8_h11_s37,pso,84,8,11,37,194.60990890446104,155.67376138694237,141.04533668352093,1245.390091095539,22.03137750015594,21.84169559995644,4354.799863542216,84,11700.0,8,True,True,True,True,True,,,,11700.0,11700.0,,37,37,43.87307310011238,21.84875060012564,
aco_n84_k8_h19_s37,aco,84,8,19,37,104.04540882903596,166.9943238963705,156.15068559580382,1335.954591170964,22.39170609996654,35.56419240008108,2899.171279179917,84,11700.0,8,True,True,True,True,True,,,,11700.0,11700.0,,37,37,57.95589850004762,35.566777100088075,
ga_n84_k8_h19_s37,ga,84,8,19,37,112.51810631143124,165.9352367110711,160.7388039830264,1327.4818936885688,22.39170609996654,30.475182499969375,3317.297623459484,84,11700.0,8,True,True,True,True,True,,,,11700.0,11700.0,,37,37,52.86688859993592,30.486755500081927,
nn_n84_k8_h19_s37,nn,84,8,19,37,130.63119373568645,163.6711007830392,156.94744828330354,1309.3688062643137,22.39170609996654,0.3109716998878866,3361.9328281390226,84,11700.0,8,True,True,True,True,True,,,,11700.0,11700.0,,37,37,22.702677799854428,0.311005299910903,
proposed_n84_k8_h19_s37,proposed,84,8,19,37,99.3528907298124,167.58088865877343,158.79294645046278,1340.6471092701877,15.762230799999088,3221.7607229000423,3182.865003632006,84,11700.0,8,True,True,True,True,True,False,59.0,False,11700.0,11700.0,,37,37,3237.5229537000414,3221.760938900057,dual_labeled_canonical_bundle_sova
pso_n84_k8_h19_s37,pso,84,8,19,37,123.40292495977624,164.57463438002796,156.94744828330354,1316.5970750402237,22.39170609996654,20.24600849999115,3328.0480640511205,84,11700.0,8,True,True,True,True,True,,,,11700.0,11700.0,,37,37,42.63771459995769,20.25306890020147,
aco_n84_k8_h04_s47,aco,84,8,4,47,81.3675589846881,169.829055126914,163.25304947441884,1358.632441015312,21.87345359986648,33.8965287997853,2727.805983186108,84,11700.0,8,True,True,True,True,True,,,,11700.0,11700.0,,47,47,55.76998239965178,33.89858999988064,
ga_n84_k8_h04_s47,ga,84,8,4,47,87.97087697786499,169.00364037776689,157.9049044506421,1352.029123022135,21.87345359986648,36.22990629984997,3170.786765983934,84,11700.0,8,True,True,True,True,True,,,,11700.0,11700.0,,47,47,58.10335989971645,36.241230899933726,
nn_n84_k8_h04_s47,nn,84,8,4,47,107.13022288314733,166.60872213960658,159.9779684161503,1332.869777116853,21.87345359986648,0.3595962999388575,3612.536336152921,84,11700.0,8,True,True,True,True,True,,,,11700.0,11700.0,,47,47,22.233049899805337,0.3596310999710113,
proposed_n84_k8_h04_s47,proposed,84,8,4,47,74.22613161595692,170.72173354800535,164.41155789883004,1365.773868384043,16.211038399953395,2213.1271871000063,2542.231122069943,84,11700.0,8,True,True,True,True,True,False,64.0,False,11700.0,11700.0,,47,47,2229.33822549996,2213.127289599972,dual_labeled_canonical_bundle_sova
pso_n84_k8_h04_s47,pso,84,8,4,47,100.17739197538124,167.47782600307735,162.76440385390993,1339.8226080246188,21.87345359986648,21.97242460004054,3067.7594360214644,84,11700.0,8,True,True,True,True,True,,,,11700.0,11700.0,,47,47,43.84587819990702,21.981793499784544,
aco_n84_k8_h11_s47,aco,84,8,11,47,167.93798946596473,159.00775131675442,144.50171735640276,1272.0620105340354,18.52700110012665,32.66446050000377,4266.648460692953,84,11700.0,8,True,True,True,True,True,,,,11700.0,11700.0,,47,47,51.19146160013042,32.66643310012296,
ga_n84_k8_h11_s47,ga,84,8,11,47,170.00580905985558,158.74927386751807,149.1509083371804,1269.9941909401446,18.52700110012665,23.96041679987684,3311.9785033202297,84,11700.0,8,True,True,True,True,True,,,,11700.0,11700.0,,47,47,42.48741790000349,23.969944499898705,
nn_n84_k8_h11_s47,nn,84,8,11,47,195.06655184681443,155.6166810191482,146.25733921634844,1244.9334481531855,18.52700110012665,0.2624178000260144,3135.904793881736,84,11700.0,8,True,True,True,True,True,,,,11700.0,11700.0,,47,47,18.78941890015267,0.2624423999805003,
proposed_n84_k8_h11_s47,proposed,84,8,11,47,157.61594363028095,160.29800704621488,146.95968408570565,1282.384056369719,15.12025439995341,1335.3504319000058,3648.530375669523,84,11700.0,8,True,True,True,True,True,False,57.0,False,11700.0,11700.0,,47,47,1350.4706862999592,1335.350536199985,dual_labeled_canonical_bundle_sova
pso_n84_k8_h11_s47,pso,84,8,11,47,186.9616004347968,156.6297999456504,147.44100360093591,1253.0383995652032,18.52700110012665,14.68326610000804,3114.60845499771,84,11700.0,8,True,True,True,True,True,,,,11700.0,11700.0,,47,47,33.210267200134695,14.690658299950885,
aco_n84_k8_h19_s47,aco,84,8,19,47,110.52406357388736,166.18449205326408,156.45437730788137,1329.4759364261126,22.33534609992057,36.91009059990756,3039.752968542026,84,11700.0,8,True,True,True,True,True,,,,11700.0,11700.0,,47,47,59.24543669982813,36.91259100008756,
ga_n84_k8_h19_s47,ga,84,8,19,47,113.35448360812002,165.830689548985,162.2971680425114,1326.64551639188,22.33534609992057,30.9240937998984,3263.963327514456,84,11700.0,8,True,True,True,True,True,,,,11700.0,11700.0,,47,47,53.25943989981897,30.93377300002612,
nn_n84_k8_h19_s47,nn,84,8,19,47,125.14773022879235,164.35653372140095,161.06528612339775,1314.8522697712076,22.33534609992057,0.3104962001089006,3243.9336062442267,84,11700.0,8,True,True,True,True,True,,,,11700.0,11700.0,,47,47,22.64584230002947,0.3105397999752313,
proposed_n84_k8_h19_s47,proposed,84,8,19,47,100.02841768289308,167.49644778963835,157.562917965932,1339.9715823171068,16.372037100140005,3175.623769700061,2792.243134261761,84,11700.0,8,True,True,True,True,True,False,64.0,False,11700.0,11700.0,,47,47,3191.995806800201,3175.6238608998246,dual_labeled_canonical_bundle_sova
pso_n84_k8_h19_s47,pso,84,8,19,47,122.5969778643358,164.67537776695804,160.88991126495168,1317.4030221356643,22.33534609992057,17.87687210016884,3230.3790598761047,84,11700.0,8,True,True,True,True,True,,,,11700.0,11700.0,,47,47,40.21221820008941,17.88403860013932,
aco_n84_k8_h04_s57,aco,84,8,4,57,80.9479744810325,169.88150318987093,160.0200045040043,1359.0520255189674,23.266089600045238,33.6752440999262,2688.8153728448387,84,11700.0,8,True,True,True,True,True,,,,11700.0,11700.0,,57,57,56.94133369997144,33.6774331999477,
ga_n84_k8_h04_s57,ga,84,8,4,57,91.07506336038016,168.61561707995247,162.1733355249504,1348.9249366396198,23.266089600045238,29.93706170003861,3524.26787902033,84,11700.0,8,True,True,True,True,True,,,,11700.0,11700.0,,57,57,53.203151300083846,29.95093629998155,
nn_n84_k8_h04_s57,nn,84,8,4,57,100.54963641182222,167.43129544852223,159.6019253246056,1339.450363588178,23.266089600045238,0.3524281000718474,3890.09683115584,84,11700.0,8,True,True,True,True,True,,,,11700.0,11700.0,,57,57,23.61851770011708,0.3524652998894453,
proposed_n84_k8_h04_s57,proposed,84,8,4,57,73.38858483300686,170.82642689587414,160.6353166149612,1366.611415166993,16.603032800136134,4329.942409500014,3047.7230738333096,84,11700.0,8,True,True,True,True,True,False,64.0,False,11700.0,11700.0,,57,57,4346.54544230015,4329.942499599885,dual_labeled_canonical_bundle_sova
pso_n84_k8_h04_s57,pso,84,8,4,57,94.81265421347776,168.14841822331528,162.23027322221014,1345.1873457865222,23.266089600045238,19.135581799782813,3270.425749196462,84,11700.0,8,True,True,True,True,True,,,,11700.0,11700.0,,57,57,42.40167139982805,19.144181800074875,
aco_n84_k8_h11_s57,aco,84,8,11,57,163.2358789343993,159.59551513320008,150.6418380929086,1276.7641210656006,21.110933100106195,37.57293040002696,2996.756585859478,84,11700.0,8,True,True,True,True,True,,,,11700.0,11700.0,,57,57,58.68386350013316,37.57580980006605,
ga_n84_k8_h11_s57,ga,84,8,11,57,181.61068886482548,157.2986638918968,135.34999308280504,1258.3893111351745,21.110933100106195,29.440875899977986,4427.343870867567,84,11700.0,8,True,True,True,True,True,,,,11700.0,11700.0,,57,57,50.55180900008418,29.448016699869186,
nn_n84_k8_h11_s57,nn,84,8,11,57,199.8975503780432,155.0128062027446,144.04178684579136,1240.1024496219568,21.110933100106195,0.279593399958685,3320.571384584864,84,11700.0,8,True,True,True,True,True,,,,11700.0,11700.0,,57,57,21.39052650006488,0.2796300000045448,
proposed_n84_k8_h11_s57,proposed,84,8,11,57,157.92817998426818,160.25897750196648,151.6961949988879,1282.071820015732,15.525329199852422,2608.135955800069,3281.072373376945,84,11700.0,8,True,True,True,True,True,False,64.0,False,11700.0,11700.0,,57,57,2623.661284999922,2608.1360947000794,dual_labeled_canonical_bundle_sova
pso_n84_k8_h11_s57,pso,84,8,11,57,195.4909768265194,155.5636278966851,145.13276116222573,1244.5090231734807,21.110933100106195,21.727543799905103,3192.74744926892,84,11700.0,8,True,True,True,True,True,,,,11700.0,11700.0,,57,57,42.8384769000113,21.736627500038598,
aco_n84_k8_h19_s57,aco,84,8,19,57,106.46177591445,166.69227801069374,154.1251319716427,1333.53822408555,20.258627699920908,34.19686639984138,3515.870933994296,84,11700.0,8,True,True,True,True,True,,,,11700.0,11700.0,,57,57,54.45549409976229,34.19956209999509,
ga_n84_k8_h19_s57,ga,84,8,19,57,112.60256362710156,165.9246795466123,162.0497393780408,1327.3974363728985,20.258627699920908,33.06412190012634,2804.8788388381963,84,11700.0,8,True,True,True,True,True,,,,11700.0,11700.0,,57,57,53.322749600047246,33.07249110005796,
nn_n84_k8_h19_s57,nn,84,8,19,57,129.33264857081,163.83341892864874,157.00261443545986,1310.66735142919,20.258627699920908,0.2422533000353723,3243.9336062442267,84,11700.0,8,True,True,True,True,True,,,,11700.0,11700.0,,57,57,20.50088099995628,0.2422905000858009,
proposed_n84_k8_h19_s57,proposed,84,8,19,57,102.11868479055576,167.23516440118053,153.90910009662832,1337.8813152094442,18.87456459994428,3539.746778700035,3489.4229908043203,84,11700.0,8,True,True,True,True,True,False,64.0,False,11700.0,11700.0,,57,57,3558.62134329998,3539.7469008998014,dual_labeled_canonical_bundle_sova
pso_n84_k8_h19_s57,pso,84,8,19,57,127.46368929529912,164.06703883808763,157.8910626625533,1312.536310704701,20.258627699920908,17.901474399957806,3230.3790598761047,84,11700.0,8,True,True,True,True,True,,,,11700.0,11700.0,,57,57,38.16010209987871,17.906972399912775,
aco_n84_k8_h04_s67,aco,84,8,4,67,79.41836468523323,170.07270441434585,160.19906336786295,1360.5816353147668,22.50739730009809,34.897211299976334,2722.3081464436063,84,11700.0,8,True,True,True,True,True,,,,11700.0,11700.0,,67,67,57.404608600074425,34.89897669991478,
ga_n84_k8_h04_s67,ga,84,8,4,67,90.27392239004035,168.71575970124496,157.93746116220754,1349.7260776099597,22.50739730009809,30.148480399977416,3109.532021220636,84,11700.0,8,True,True,True,True,True,,,,11700.0,11700.0,,67,67,52.65587770007551,30.156368900090456,
nn_n84_k8_h04_s67,nn,84,8,4,67,103.16346344315733,167.10456706960534,159.69161498991184,1336.8365365568427,22.50739730009809,0.290930800139904,3770.09683115584,84,11700.0,8,True,True,True,True,True,,,,11700.0,11700.0,,67,67,22.798328100237995,0.2909727001097053,
proposed_n84_k8_h04_s67,proposed,84,8,4,67,73.16232908277885,170.85470886465265,163.8791855599379,1366.8376709172212,16.449825800023973,3189.641790200025,2777.6421607720067,84,11700.0,8,True,True,True,True,True,False,64.0,False,11700.0,11700.0,,67,67,3206.091616000049,3189.641911899904,dual_labeled_canonical_bundle_sova
pso_n84_k8_h04_s67,pso,84,8,4,67,95.28862764279262,168.08892154465093,162.55641262866106,1344.7113723572074,22.50739730009809,20.77288110018708,3093.361210033278,84,11700.0,8,True,True,True,True,True,,,,11700.0,11700.0,,67,67,43.28027840028517,20.778808299917728,
aco_n84_k8_h11_s67,aco,84,8,11,67,166.44742206681988,159.19407224164752,144.84082938710313,1273.55257793318,19.14150690007955,31.611502500018105,3280.8155029238505,84,11700.0,8,True,True,True,True,True,,,,11700.0,11700.0,,67,67,50.75300940009765,31.613330399850383,
ga_n84_k8_h11_s67,ga,84,8,11,67,171.37843118952583,158.57769610130927,148.0518375363336,1268.6215688104742,19.14150690007955,25.399258099962022,3215.3666190933563,84,11700.0,8,True,True,True,True,True,,,,11700.0,11700.0,,67,67,44.54076500004157,25.408043100032955,
nn_n84_k8_h11_s67,nn,84,8,11,67,194.50609786058885,155.6867377674264,142.7702034024628,1245.4939021394111,19.14150690007955,0.3071693000383675,3453.758331427134,84,11700.0,8,True,True,True,True,True,,,,11700.0,11700.0,,67,67,19.44867620011792,0.3071947998832911,
proposed_n84_k8_h11_s67,proposed,84,8,11,67,158.9703339312278,160.12870825859653,147.01178826454907,1281.0296660687725,15.119689000071958,3564.727751800092,3281.072373376945,84,11700.0,8,True,True,True,True,True,False,64.0,False,11700.0,11700.0,,67,67,3579.847440800164,3564.727843400091,dual_labeled_canonical_bundle_sova
pso_n84_k8_h11_s67,pso,84,8,11,67,188.16005643835024,156.47999294520622,144.66003619689442,1251.8399435616498,19.14150690007955,16.846038999967277,3458.2211999455744,84,11700.0,8,True,True,True,True,True,,,,11700.0,11700.0,,67,67,35.987545900046825,16.853031900012866,
aco_n84_k8_h19_s67,aco,84,8,19,67,106.10350347196513,166.73706206600434,159.05857179267323,1333.8964965280347,19.77206390001811,31.094984099967405,2683.7275312276365,84,11700.0,8,True,True,True,True,True,,,,11700.0,11700.0,,67,67,50.86704799998552,31.096804599976167,
ga_n84_k8_h19_s67,ga,84,8,19,67,119.82214586796354,165.02223176650455,152.1665663669597,1320.1778541320364,19.77206390001811,24.59441090002656,3565.0019328170183,84,11700.0,8,True,True,True,True,True,,,,11700.0,11700.0,,67,67,44.36647480004467,24.604024700121958,
nn_n84_k8_h19_s67,nn,84,8,19,67,130.98348975985454,163.62706378001818,156.98721461760255,1309.0165102401454,19.77206390001811,0.254246300086379,3314.020944119283,84,11700.0,8,True,True,True,True,True,,,,11700.0,11700.0,,67,67,20.02631020010449,0.2542711000423878,
proposed_n84_k8_h19_s67,proposed,84,8,19,67,99.04330774729137,167.61958653158857,158.01573265891918,1340.9566922527083,15.753504799911752,1553.7728232999798,3125.4117226968665,84,11700.0,8,True,True,True,True,True,False,58.0,False,11700.0,11700.0,,67,67,1569.5263280998915,1553.7729134000838,dual_labeled_canonical_bundle_sova
pso_n84_k8_h19_s67,pso,84,8,19,67,129.66684873992048,163.79164390750995,157.19600172460844,1310.3331512600796,19.77206390001811,17.38620199984871,3300.466397751161,84,11700.0,8,True,True,True,True,True,,,,11700.0,11700.0,,67,67,37.15826589986682,17.392716999864206,
aco_n84_k8_h04_s77,aco,84,8,4,77,79.94864153464137,170.00641980816982,159.97782143556756,1360.0513584653586,20.467733799945563,31.77650420018472,2897.272538810588,84,11700.0,8,True,True,True,True,True,,,,11700.0,11700.0,,77,77,52.24423800013028,31.778726799879223,
ga_n84_k8_h04_s77,ga,84,8,4,77,85.03686921619722,169.37039134797536,165.25907135023752,1354.9631307838029,20.467733799945563,26.253015199908987,3078.262600471865,84,11700.0,8,True,True,True,True,True,,,,11700.0,11700.0,,77,77,46.72074899985455,26.2634381998796,
nn_n84_k8_h04_s77,nn,84,8,4,77,100.35305565532369,167.45586804308454,162.58503768571907,1339.6469443446765,20.467733799945563,0.3352959998883307,3490.3230223639503,84,11700.0,8,True,True,True,True,True,,,,11700.0,11700.0,,77,77,20.803029799833894,0.3353293999098241,
proposed_n84_k8_h04_s77,proposed,84,8,4,77,74.4426378080297,170.69467027399628,160.57038934591748,1365.5573621919702,16.51643029996194,6410.72906679986,2744.478871441306,84,11700.0,8,True,True,True,True,True,False,64.0,False,11700.0,11700.0,,77,77,6427.245497099822,6410.729185299948,dual_labeled_canonical_bundle_sova
pso_n84_k8_h04_s77,pso,84,8,4,77,98.0659812026192,167.7417523496726,160.0504086613272,1341.9340187973808,20.467733799945563,17.0340678000357,2870.0125101761923,84,11700.0,8,True,True,True,True,True,,,,11700.0,11700.0,,77,77,37.50180159998126,17.04106379998848,
aco_n84_k8_h11_s77,aco,84,8,11,77,165.8345964763703,159.27067544045372,147.77850291256718,1274.1654035236295,19.873287700116634,31.751579399919137,3434.801506436341,84,11700.0,8,True,True,True,True,True,,,,11700.0,11700.0,,77,77,51.62486710003577,31.75345670012757,
ga_n84_k8_h11_s77,ga,84,8,11,77,178.84599885740505,157.64425014282438,141.9926560286759,1261.154001142595,19.873287700116634,24.11287279985845,3854.0915356165137,84,11700.0,8,True,True,True,True,True,,,,11700.0,11700.0,,77,77,43.986160499975085,24.120567000005398,
nn_n84_k8_h11_s77,nn,84,8,11,77,207.1556135615413,154.10554830480734,137.67746147939366,1232.8443864384587,19.873287700116634,0.2941012000665068,4068.366380586643,84,11700.0,8,True,True,True,True,True,,,,11700.0,11700.0,,77,77,20.16738890018314,0.2941234000027179,
proposed_n84_k8_h11_s77,proposed,84,8,11,77,154.00803847112851,160.74899519110892,151.4080369069035,1285.9919615288711,15.060843100072816,3804.983384100022,3404.8274654405727,84,11700.0,8,True,True,True,True,True,False,64.0,False,11700.0,11700.0,,77,77,3820.044227200095,3804.9834873999935,dual_labeled_canonical_bundle_sova
pso_n84_k8_h11_s77,pso,84,8,11,77,197.6538447287598,155.29326940890502,141.08418452186962,1242.34615527124,19.873287700116634,18.542118000099435,4144.855335988484,84,11700.0,8,True,True,True,True,True,,,,11700.0,11700.0,,77,77,38.41540570021607,18.54860870004632,
aco_n84_k8_h19_s77,aco,84,8,19,77,105.63455697790766,166.79568037776153,157.3398013698918,1334.3654430220922,19.575988200027496,33.64587830007076,3520.669190919368,84,11700.0,8,True,True,True,True,True,,,,11700.0,11700.0,,77,77,53.22186650009826,33.64764960017055,
ga_n84_k8_h19_s77,ga,84,8,19,77,116.5744795047076,165.42819006191155,158.6351463957657,1323.4255204952924,19.575988200027496,25.655484900111333,3035.4720566875667,84,11700.0,8,True,True,True,True,True,,,,11700.0,11700.0,,77,77,45.23147310013883,25.662545300088823,
nn_n84_k8_h19_s77,nn,84,8,19,77,128.17224066998048,163.97846991625244,156.85035393000925,1311.8277593300195,19.575988200027496,0.2667619998101145,3258.3285002292605,84,11700.0,8,True,True,True,True,True,,,,11700.0,11700.0,,77,77,19.84275019983761,0.2667809999547899,
proposed_n84_k8_h19_s77,proposed,84,8,19,77,100.6573954670123,167.41782556662346,159.32951467691746,1339.3426045329877,15.922243000008166,5684.007304399973,3298.267027632205,84,11700.0,8,True,True,True,True,True,False,57.0,True,11700.0,11700.0,,77,77,5699.929547399981,5684.007399599999,dual_labeled_canonical_bundle_sova
pso_n84_k8_h19_s77,pso,84,8,19,77,127.07305730966402,164.115867836292,156.87622642614494,1312.926942690336,19.575988200027496,15.153352099936455,3236.6513099415006,84,11700.0,8,True,True,True,True,True,,,,11700.0,11700.0,,77,77,34.72934029996395,15.1582096000202,
aco_n84_k8_h04_s87,aco,84,8,4,87,80.94992106925353,169.8812598663433,160.98128907029235,1359.0500789307464,19.385819300077856,28.76017739996314,2506.073254910082,84,11700.0,8,True,True,True,True,True,,,,11700.0,11700.0,,87,87,48.145996700041,28.76174860005267,
ga_n84_k8_h04_s87,ga,84,8,4,87,83.67013323298579,169.54123334587678,161.33323422023824,1356.3298667670142,19.385819300077856,20.79192669992335,2765.227461631928,84,11700.0,8,True,True,True,True,True,,,,11700.0,11700.0,,87,87,40.17774600000121,20.80049529997632,
nn_n84_k8_h04_s87,nn,84,8,4,87,93.40146796907752,168.32481650386532,159.27059535279182,1346.5985320309226,19.385819300077856,0.2364252000115811,2785.105758238202,84,11700.0,8,True,True,True,True,True,,,,11700.0,11700.0,,87,87,19.62224450008944,0.2364653998520225,
proposed_n84_k8_h04_s87,proposed,84,8,4,87,73.44705203113173,170.81911849610853,163.5470226384595,1366.5529479688682,15.983909599948674,6199.21113359998,3013.5665848761946,84,11700.0,8,True,True,True,True,True,False,64.0,False,11700.0,11700.0,,87,87,6215.1950431999285,6199.211246000137,dual_labeled_canonical_bundle_sova
pso_n84_k8_h04_s87,pso,84,8,4,87,89.39981956572798,168.825022554284,156.14316538135284,1350.600180434272,19.385819300077856,16.311461800010875,2785.4830080582165,84,11700.0,8,True,True,True,True,True,,,,11700.0,11700.0,,87,87,35.69728110008873,16.316967400023714,
aco_n84_k8_h11_s87,aco,84,8,11,87,167.21709220193262,159.0978634747584,139.14694958034937,1272.7829077980673,18.30827290005982,29.88627599994652,4302.101142295082,84,11700.0,8,True,True,True,True,True,,,,11700.0,11700.0,,87,87,48.19454890000634,29.88800450018607,
ga_n84_k8_h11_s87,ga,84,8,11,87,172.86392172338643,158.3920097845767,149.4129454924389,1267.1360782766135,18.30827290005982,22.34864109987393,3839.427739908742,84,11700.0,8,True,True,True,True,True,,,,11700.0,11700.0,,87,87,40.65691399993375,22.35489680012688,
nn_n84_k8_h11_s87,nn,84,8,11,87,197.63200845347853,155.29599894331517,147.69549476525415,1242.3679915465214,18.30827290005982,0.2425406000111252,3479.664232937604,84,11700.0,8,True,True,True,True,True,,,,11700.0,11700.0,,87,87,18.550813500070944,0.2425635000690817,
proposed_n84_k8_h11_s87,proposed,84,8,11,87,159.2591749013545,160.09260313733068,146.03995872935306,1280.7408250986457,14.890404300065711,17238.46733299992,3782.1090163199888,84,11700.0,8,True,True,True,True,True,False,64.0,False,11700.0,11700.0,,87,87,17253.357737299986,17238.467479200102,dual_labeled_canonical_bundle_sova
pso_n84_k8_h11_s87,pso,84,8,11,87,190.9488359790452,156.13139550261934,149.05886165922425,1249.0511640209547,18.30827290005982,15.514597800094634,3311.102278042007,84,11700.0,8,True,True,True,True,True,,,,11700.0,11700.0,,87,87,33.82287070015445,15.522737599909306,
aco_n84_k8_h19_s87,aco,84,8,19,87,108.78311438973924,166.4021107012826,156.11189732228829,1331.2168856102608,18.62745899986476,29.399273899849504,3141.224466703451,84,11700.0,8,True,True,True,True,True,,,,11700.0,11700.0,,87,87,48.02673289971426,29.400848800083622,
ga_n84_k8_h19_s87,ga,84,8,19,87,113.64925485107076,165.79384314361616,159.45435116492737,1326.3507451489293,18.62745899986476,24.95091180014424,2873.571628133377,84,11700.0,8,True,True,True,True,True,,,,11700.0,11700.0,,87,87,43.578370800009,24.961267199832943,
nn_n84_k8_h19_s87,nn,84,8,19,87,123.95174636145713,164.50603170481784,160.45541377333944,1316.0482536385427,18.62745899986476,0.2760884999297559,3437.871612675092,84,11700.0,8,True,True,True,True,True,,,,11700.0,11700.0,,87,87,18.903547499794517,0.2761098998598754,
proposed_n84_k8_h19_s87,proposed,84,8,19,87,100.34860026223387,167.45642496722076,158.72701379928105,1339.651399737766,14.980921600013971,3889.321514799958,3281.03866848615,84,11700.0,8,True,True,True,True,True,False,64.0,False,11700.0,11700.0,,87,87,3904.302436399972,3889.321633100044,dual_labeled_canonical_bundle_sova
pso_n84_k8_h19_s87,pso,84,8,19,87,120.69749315011748,164.91281335623532,156.59324648474671,1319.3025068498823,18.62745899986476,14.759471399942411,3424.31706630697,84,11700.0,8,True,True,True,True,True,,,,11700.0,11700.0,,87,87,33.38693039980717,14.765155999921262,
aco_n84_k8_h04_s97,aco,84,8,4,97,80.27850601973167,169.96518674753355,163.7350895245898,1359.7214939802684,19.89028320019133,29.901063699973747,2981.1972892973386,84,11700.0,8,True,True,True,True,True,,,,11700.0,11700.0,,97,97,49.79134690016508,29.90311999991536,
ga_n84_k8_h04_s97,ga,84,8,4,97,84.39434369927883,169.45070703759015,164.01744810218617,1355.6056563007212,19.89028320019133,27.912453399971128,2903.09760609364,84,11700.0,8,True,True,True,True,True,,,,11700.0,11700.0,,97,97,47.80273660016246,27.922980699921027,
nn_n84_k8_h04_s97,nn,84,8,4,97,104.66532169033422,166.91683478870823,161.10604464246418,1335.3346783096658,19.89028320019133,0.2246666999999433,3354.919527623222,84,11700.0,8,True,True,True,True,True,,,,11700.0,11700.0,,97,97,20.11494990019128,0.2246913998387754,
proposed_n84_k8_h04_s97,proposed,84,8,4,97,74.56658121028612,170.67917734871423,162.61321179174303,1365.433418789714,16.42354360013269,3207.433276400203,2985.8341683943754,84,11700.0,8,True,True,True,True,True,False,64.0,False,11700.0,11700.0,,97,97,3223.856820000336,3207.433399300091,dual_labeled_canonical_bundle_sova
pso_n84_k8_h04_s97,pso,84,8,4,97,100.76832394244268,167.40395950719466,157.3708654955917,1339.2316760575573,19.89028320019133,18.291294499998912,3336.754853116789,84,11700.0,8,True,True,True,True,True,,,,11700.0,11700.0,,97,97,38.181577700190246,18.29971529985778,
aco_n84_k8_h11_s97,aco,84,8,11,97,156.75702042809064,160.40537244648866,149.16141100942548,1283.2429795719092,18.545677199959755,29.529571100138128,3522.1413251761646,84,11700.0,8,True,True,True,True,True,,,,11700.0,11700.0,,97,97,48.07524830009788,29.531991800060496,
ga_n84_k8_h11_s97,ga,84,8,11,97,177.52870305577565,157.80891211802805,143.75000103174693,1262.4712969442244,18.545677199959755,27.02152390009724,3537.773311349812,84,11700.0,8,True,True,True,True,True,,,,11700.0,11700.0,,97,97,45.56720110005699,27.02972580003552,
nn_n84_k8_h11_s97,nn,84,8,11,97,197.7298604152713,155.28376744809108,139.937352640957,1242.270139584729,18.545677199959755,0.2909613000229001,4035.360504948445,84,11700.0,8,True,True,True,True,True,,,,11700.0,11700.0,,97,97,18.83663849998265,0.290995999937877,
proposed_n84_k8_h11_s97,proposed,84,8,11,97,155.76531980760262,160.5293350240497,147.64322056286795,1284.2346801923975,14.976736900163814,6430.119389800122,4013.262913579073,84,11700.0,8,True,True,True,True,True,False,64.0,False,11700.0,11700.0,,97,97,6445.096126700286,6430.119522900088,dual_labeled_canonical_bundle_sova
pso_n84_k8_h11_s97,pso,84,8,11,97,187.78400714503204,156.526999106871,139.937352640957,1252.215992854968,18.545677199959755,15.510327299823985,4035.360504948445,84,11700.0,8,True,True,True,True,True,,,,11700.0,11700.0,,97,97,34.05600449978374,15.517713099950925,
aco_n84_k8_h19_s97,aco,84,8,19,97,106.80485043484283,166.64939369564465,159.03675178418783,1333.1951495651572,19.40183680015616,29.05928899999708,3097.299414332713,84,11700.0,8,True,True,True,True,True,,,,11700.0,11700.0,,97,97,48.46112580015324,29.061586699914187,
ga_n84_k8_h19_s97,ga,84,8,19,97,114.61019489309658,165.67372563836292,159.78146762382443,1325.3898051069034,19.40183680015616,23.179323800140992,2822.7729730365786,84,11700.0,8,True,True,True,True,True,,,,11700.0,11700.0,,97,97,42.58116060029715,23.18946040002629,
nn_n84_k8_h19_s97,nn,84,8,19,97,132.04700598850297,163.49412425143714,153.30674034281617,1307.9529940114971,19.40183680015616,0.215222300030291,3243.9336062442267,84,11700.0,8,True,True,True,True,True,,,,11700.0,11700.0,,97,97,19.61705910018645,0.2152547999285161,
proposed_n84_k8_h19_s97,proposed,84,8,19,97,99.38480987624776,167.57689876546902,158.79860700921134,1340.6151901237522,15.662222099956123,6342.483205799945,3423.6210641770017,84,11700.0,8,True,True,True,True,True,False,64.0,False,11700.0,11700.0,,97,97,6358.145427899901,6342.4833480999805,dual_labeled_canonical_bundle_sova
pso_n84_k8_h19_s97,pso,84,8,19,97,130.13062886289154,163.73367139213855,153.30674034281617,1309.8693711371084,19.40183680015616,15.868847800185904,3230.3790598761047,84,11700.0,8,True,True,True,True,True,,,,11700.0,11700.0,,97,97,35.270684600342065,15.876883799908684,
aco_n84_k8_h04_s107,aco,84,8,4,107,81.22904542269448,169.84636932216318,160.56453101015435,1358.7709545773057,20.38130729994737,28.44802170014009,2800.942582259989,84,11700.0,8,True,True,True,True,True,,,,11700.0,11700.0,,107,107,48.829329000087455,28.449434000067413,
ga_n84_k8_h04_s107,ga,84,8,4,107,80.47951137438541,169.94006107820184,164.4628677465092,1359.5204886256147,20.38130729994737,21.477917700074613,3077.647465044838,84,11700.0,8,True,True,True,True,True,,,,11700.0,11700.0,,107,107,41.85922500002198,21.48399950005114,
nn_n84_k8_h04_s107,nn,84,8,4,107,93.62903542505974,168.29637057186753,159.3021726123974,1346.3709645749402,20.38130729994737,0.293276300188154,2873.176604285741,84,11700.0,8,True,True,True,True,True,,,,11700.0,11700.0,,107,107,20.67458360013552,0.2933002000208944,
proposed_n84_k8_h04_s107,proposed,84,8,4,107,74.75602585483196,170.655496768146,162.80735831575092,1365.243974145168,17.860475399997085,9464.144479100129,2985.8341683943754,84,11700.0,8,True,True,True,True,True,False,64.0,False,11700.0,11700.0,,107,107,9482.004954500124,9464.14460780006,dual_labeled_canonical_bundle_sova
pso_n84_k8_h04_s107,pso,84,8,4,107,90.97725415784453,168.62784323026943,160.65112157615627,1349.0227458421557,20.38130729994737,15.877277399878947,2822.423110750482,84,11700.0,8,True,True,True,True,True,,,,11700.0,11700.0,,107,107,36.25858469982632,15.886141400085762,
aco_n84_k8_h11_s107,aco,84,8,11,107,161.72870351684065,159.78391206039493,143.8584938450393,1278.2712964831594,18.42233430012129,29.65619429992512,4045.611452534868,84,11700.0,8,True,True,True,True,True,,,,11700.0,11700.0,,107,107,48.07852860004641,29.65831380011514,
ga_n84_k8_h11_s107,ga,84,8,11,107,175.15782569834158,158.1052717877073,142.77435929672703,1264.8421743016584,18.42233430012129,23.08696689992212,4397.12352020632,84,11700.0,8,True,True,True,True,True,,,,11700.0,11700.0,,107,107,41.50930120004341,23.09543039998971,
nn_n84_k8_h11_s107,nn,84,8,11,107,208.5790187167581,153.92762266040523,140.17586699017477,1231.420981283242,18.42233430012129,0.2526812998112291,3797.311933902753,84,11700.0,8,True,True,True,True,True,,,,11700.0,11700.0,,107,107,18.67501559993252,0.2527054001111537,
proposed_n84_k8_h11_s107,proposed,84,8,11,107,153.03089655481477,160.87113793064816,149.64988780691883,1286.9691034451853,15.25725119980052,10078.826283599949,3498.158079011491,84,11700.0,8,True,True,True,True,True,False,64.0,False,11700.0,11700.0,,107,107,10094.083534799747,10078.826378299857,dual_labeled_canonical_bundle_sova
pso_n84_k8_h11_s107,pso,84,8,11,107,199.78396733198875,155.02700408350142,129.1534942472164,1240.2160326680114,18.42233430012129,18.40533469989896,4815.166847211185,84,11700.0,8,True,True,True,True,True,,,,11700.0,11700.0,,107,107,36.82766900002025,18.41436229995452,
aco_n84_k8_h19_s107,aco,84,8,19,107,105.31162286130368,166.83604714233704,156.43890705394304,1334.6883771386963,18.896014699945223,29.22584390011616,2936.122556929058,84,11700.0,8,True,True,True,True,True,,,,11700.0,11700.0,,107,107,48.12185860006139,29.22748490003869,
ga_n84_k8_h19_s107,ga,84,8,19,107,113.2961994956627,165.83797506304217,161.05853411395478,1326.703800504337,18.896014699945223,22.31035519996658,2770.79897800075,84,11700.0,8,True,True,True,True,True,,,,11700.0,11700.0,,107,107,41.206369899911806,22.31737589999102,
nn_n84_k8_h19_s107,nn,84,8,19,107,132.32746536672835,163.45906682915896,158.8273873220255,1307.6725346332717,18.896014699945223,0.2259731001686304,3243.9336062442267,84,11700.0,8,True,True,True,True,True,,,,11700.0,11700.0,,107,107,19.121987800113857,0.2259953001048416,
proposed_n84_k8_h19_s107,proposed,84,8,19,107,99.7644646373224,167.5294419203347,158.7221503747681,1340.2355353626776,15.968300400068983,3558.123840100132,3162.703415073918,84,11700.0,8,True,True,True,True,True,False,58.0,False,11700.0,11700.0,,107,107,3574.092140500201,3558.123939100188,dual_labeled_canonical_bundle_sova
pso_n84_k8_h19_s107,pso,84,8,19,107,130.058840979116,163.7426448776105,158.8273873220255,1309.941159020884,18.896014699945223,14.703784999903291,3230.3790598761047,84,11700.0,8,True,True,True,True,True,,,,11700.0,11700.0,,107,107,33.59979969984852,14.710470800055193,
aco_n84_k8_h04_s117,aco,84,8,4,117,80.26529436971855,169.9668382037852,160.82833657059365,1359.7347056302815,19.899595899973065,29.42093320004642,3099.4957937938284,84,11700.0,8,True,True,True,True,True,,,,11700.0,11700.0,,117,117,49.320529100019485,29.4225863001775,
ga_n84_k8_h04_s117,ga,84,8,4,117,86.66037322150443,169.16745334731195,165.89663433879565,1353.3396267784956,19.899595899973065,25.723913400201127,2514.159910049149,84,11700.0,8,True,True,True,True,True,,,,11700.0,11700.0,,117,117,45.62350930017419,25.731930200010535,
nn_n84_k8_h04_s117,nn,84,8,4,117,99.55000208292203,167.55624973963475,160.6935479276249,1340.449997917078,19.899595899973065,0.2655671001411974,3490.3230223639503,84,11700.0,8,True,True,True,True,True,,,,11700.0,11700.0,,117,117,20.165163000114266,0.2656226998660713,
proposed_n84_k8_h04_s117,proposed,84,8,4,117,74.63375293930443,170.67078088258694,162.82355320844158,1365.3662470606955,16.47302299994044,3865.554639399983,3038.878404987208,84,11700.0,8,True,True,True,True,True,False,54.0,True,11700.0,11700.0,,117,117,3882.027662399923,3865.554736700142,dual_labeled_canonical_bundle_sova
pso_n84_k8_h04_s117,pso,84,8,4,117,94.27989523231936,168.21501309596007,160.6935479276249,1345.7201047676806,19.899595899973065,17.209681699983776,3143.73577312346,84,11700.0,8,True,True,True,True,True,,,,11700.0,11700.0,,117,117,37.10927759995684,17.215999300125986,
aco_n84_k8_h11_s117,aco,84,8,11,117,167.69259352076512,159.03842580990437,150.09896906610774,1272.307406479235,18.910075499909,29.23380950000137,2864.023325991448,84,11700.0,8,True,True,True,True,True,,,,11700.0,11700.0,,117,117,48.14388499991037,29.236482699867334,
ga_n84_k8_h11_s117,ga,84,8,11,117,175.93817040670598,158.00772869916176,138.21208119427038,1264.061829593294,18.910075499909,23.19272870011628,3708.7887685443534,84,11700.0,8,True,True,True,True,True,,,,11700.0,11700.0,,117,117,42.10280420002528,23.200674400199205,
nn_n84_k8_h11_s117,nn,84,8,11,117,197.6702662723844,155.29121671595195,129.43912215949396,1242.3297337276156,18.910075499909,0.2374511000234633,4506.372621555312,84,11700.0,8,True,True,True,True,True,,,,11700.0,11700.0,,117,117,19.147526599932466,0.2374767998699098,
proposed_n84_k8_h11_s117,proposed,84,8,11,117,160.443117880697,159.94461026491288,150.43965602621398,1279.556882119303,15.31830110005103,4148.894396800082,3183.841248760427,84,11700.0,8,True,True,True,True,True,False,64.0,False,11700.0,11700.0,,117,117,4164.212697900133,4148.894489400089,dual_labeled_canonical_bundle_sova
pso_n84_k8_h11_s117,pso,84,8,11,117,181.91822122159732,157.26022234730033,136.61590374546887,1258.0817787784026,18.910075499909,15.780008499976248,4224.478397112008,84,11700.0,8,True,True,True,True,True,,,,11700.0,11700.0,,117,117,34.690083999885246,15.787713200086728,
aco_n84_k8_h19_s117,aco,84,8,19,117,107.86721623981369,166.5165979700233,150.22503205823745,1332.1327837601864,19.56655959994532,29.552040199982,3872.4641070553625,84,11700.0,8,True,True,True,True,True,,,,11700.0,11700.0,,117,117,49.11859979992733,29.553771799895912,
ga_n84_k8_h19_s117,ga,84,8,19,117,112.11280922791916,165.9858988465101,156.82020319643715,1327.8871907720809,19.56655959994532,24.50465299980715,2826.751624195931,84,11700.0,8,True,True,True,True,True,,,,11700.0,11700.0,,117,117,44.07121259975247,24.51340189995244,
nn_n84_k8_h19_s117,nn,84,8,19,117,126.15061004385244,164.23117374451846,161.18938991958015,1313.8493899561477,19.56655959994532,0.2967637998517602,3243.9336062442267,84,11700.0,8,True,True,True,True,True,,,,11700.0,11700.0,,117,117,19.86332339979708,0.2967862000223249,
proposed_n84_k8_h19_s117,proposed,84,8,19,117,102.65730878425474,167.16783640196817,159.54186769842045,1337.3426912157452,15.89601149992086,2416.5097034999635,3318.515561363314,84,11700.0,8,True,True,True,True,True,False,61.0,True,11700.0,11700.0,,117,117,2432.4057149998844,2416.5097976999823,dual_labeled_canonical_bundle_sova
pso_n84_k8_h19_s117,pso,84,8,19,117,124.14154133446324,164.4823073331921,160.74540311009446,1315.8584586655368,19.56655959994532,15.574222200084478,3230.3790598761047,84,11700.0,8,True,True,True,True,True,,,,11700.0,11700.0,,117,117,35.1407818000298,15.579930300125852,
aco_n84_k8_h04_s127,aco,84,8,4,127,80.57887700888789,169.927640373889,163.35518626446486,1359.421122991112,20.237045600079,29.23503930005245,2660.0228558287927,84,11700.0,8,True,True,True,True,True,,,,11700.0,11700.0,,127,127,49.47208490013145,29.236744800116867,
ga_n84_k8_h04_s127,ga,84,8,4,127,84.33765829492913,169.45779271313387,163.13462045596947,1355.662341705071,20.237045600079,29.49503230000846,3052.032753789151,84,11700.0,8,True,True,True,True,True,,,,11700.0,11700.0,,127,127,49.73207790008746,29.503938199952245,
nn_n84_k8_h04_s127,nn,84,8,4,127,105.3707608874398,166.82865488907004,157.28740833613116,1334.6292391125603,20.237045600079,0.2496046999003738,3298.9442716395706,84,11700.0,8,True,True,True,True,True,,,,11700.0,11700.0,,127,127,20.48665029997937,0.2496392000466585,
proposed_n84_k8_h04_s127,proposed,84,8,4,127,73.90543846290979,170.76182019213627,163.67575005214815,1366.0945615370902,16.802177399862558,3436.060075300047,2651.783352685018,84,11700.0,8,True,True,True,True,True,False,64.0,False,11700.0,11700.0,,127,127,3452.8622526999097,3436.060200599953,dual_labeled_canonical_bundle_sova
pso_n84_k8_h04_s127,pso,84,8,4,127,101.4009022874543,167.3248872140682,157.0047303368044,1338.5990977125457,20.237045600079,18.6584149999544,2851.252928845038,84,11700.0,8,True,True,True,True,True,,,,11700.0,11700.0,,127,127,38.8954606000334,18.66692079999484,
aco_n84_k8_h11_s127,aco,84,8,11,127,163.27335938742297,159.59083007657213,150.25743900891638,1276.726640612577,20.473294999916103,29.894003699999303,3243.223986117958,84,11700.0,8,True,True,True,True,True,,,,11700.0,11700.0,,127,127,50.36729869991541,29.895660900045183,
ga_n84_k8_h11_s127,ga,84,8,11,127,174.856945250909,158.14288184363636,143.25875260042935,1265.1430547490909,20.473294999916103,22.649628600105643,4049.6919545643023,84,11700.0,8,True,True,True,True,True,,,,11700.0,11700.0,,127,127,43.12292360002175,22.658199799945574,
nn_n84_k8_h11_s127,nn,84,8,11,127,192.7887105883852,155.90141117645186,138.13663578475555,1247.2112894116149,20.473294999916103,0.3102923000697046,4256.877371379633,84,11700.0,8,True,True,True,True,True,,,,11700.0,11700.0,,127,127,20.78358729998581,0.3103319001384079,
proposed_n84_k8_h11_s127,proposed,84,8,11,127,154.1880745618163,160.72649067977295,150.0789977550271,1285.8119254381836,15.526414799969643,10365.476147499869,3160.7235270699484,84,11700.0,8,True,True,True,True,True,False,64.0,False,11700.0,11700.0,,127,127,10381.002562299836,10365.476264599944,dual_labeled_canonical_bundle_sova
pso_n84_k8_h11_s127,pso,84,8,11,127,181.7628857372898,157.2796392828388,143.4666482230494,1258.2371142627103,20.473294999916103,18.08094349992461,4138.892896998056,84,11700.0,8,True,True,True,True,True,,,,11700.0,11700.0,,127,127,38.55423849984072,18.090419800020754,
aco_n84_k8_h19_s127,aco,84,8,19,127,108.65800702021096,166.41774912247362,159.51720508255394,1331.341992979789,19.45628179982305,30.060435499995947,2810.5581461758165,84,11700.0,8,True,True,True,True,True,,,,11700.0,11700.0,,127,127,49.51671729981899,30.06281510018744,
ga_n84_k8_h19_s127,ga,84,8,19,127,113.53091680804717,165.8086353989941,159.90289403562383,1326.469083191953,19.45628179982305,33.07299520005472,2936.8779044008616,84,11700.0,8,True,True,True,True,True,,,,11700.0,11700.0,,127,127,52.529276999877766,33.08571849996224,
nn_n84_k8_h19_s127,nn,84,8,19,127,130.94073883301985,163.63240764587252,155.9850206116662,1309.05926116698,19.45628179982305,0.2378286998718977,3243.9336062442267,84,11700.0,8,True,True,True,True,True,,,,11700.0,11700.0,,127,127,19.694110499694943,0.2378561999648809,
proposed_n84_k8_h19_s127,proposed,84,8,19,127,100.23829094069292,167.4702136324134,160.8629822643551,1339.7617090593071,15.440574200125411,3847.587919299957,3012.9758360400306,84,11700.0,8,True,True,True,True,True,False,64.0,False,11700.0,11700.0,,127,127,3863.028493500082,3847.588039099937,dual_labeled_canonical_bundle_sova
pso_n84_k8_h19_s127,pso,84,8,19,127,127.47466422903732,164.06566697137035,152.04442034083414,1312.5253357709628,19.45628179982305,15.686581599991769,3230.3790598761047,84,11700.0,8,True,True,True,True,True,,,,11700.0,11700.0,,127,127,35.142863399814814,15.696055700071156,
aco_n84_k8_h04_s137,aco,84,8,4,137,80.25478207522225,169.96815224059722,160.21489534638192,1359.7452179247778,20.053019699873403,29.519256699830294,2881.394362701686,84,11700.0,8,True,True,True,True,True,,,,11700.0,11700.0,,137,137,49.572276399703696,29.521480800118297,
ga_n84_k8_h04_s137,ga,84,8,4,137,85.24842022008573,169.34394747248928,163.28985257134732,1354.7515797799142,20.053019699873403,24.21731079998426,2710.39317901339,84,11700.0,8,True,True,True,True,True,,,,11700.0,11700.0,,137,137,44.270330499857664,24.22530369996093,
nn_n84_k8_h04_s137,nn,84,8,4,137,103.78123308566845,167.02734586429145,159.47244298805722,1336.2187669143316,20.053019699873403,0.2434524002019316,3608.769731989323,84,11700.0,8,True,True,True,True,True,,,,11700.0,11700.0,,137,137,20.29647210007533,0.2434873001184314,
proposed_n84_k8_h04_s137,proposed,84,8,4,137,74.23744406026732,170.7203194924666,163.6262816685737,1365.7625559397327,17.74201019993052,6486.492522599874,2802.7651494769952,84,11700.0,8,True,True,True,True,True,False,64.0,False,11700.0,11700.0,,137,137,6504.234532799805,6486.492658300092,dual_labeled_canonical_bundle_sova
pso_n84_k8_h04_s137,pso,84,8,4,137,100.64397379666843,167.41950327541645,158.59885909531098,1339.3560262033316,20.053019699873403,16.754190200008452,2779.7094576497543,84,11700.0,8,True,True,True,True,True,,,,11700.0,11700.0,,137,137,36.807209899881855,16.760206199949607,
aco_n84_k8_h11_s137,aco,84,8,11,137,159.67917602676255,160.0401029966547,145.13748439192733,1280.3208239732376,18.75565250008367,28.87601900007576,3780.1148178107255,84,11700.0,8,True,True,True,True,True,,,,11700.0,11700.0,,137,137,47.63167150015943,28.87827720004134,
ga_n84_k8_h11_s137,ga,84,8,11,137,177.70791636200724,157.78651045474908,136.9844060886628,1262.2920836379926,18.75565250008367,25.91020909999497,3633.224361139554,84,11700.0,8,True,True,True,True,True,,,,11700.0,11700.0,,137,137,44.66586160007864,25.92118649999611,
nn_n84_k8_h11_s137,nn,84,8,11,137,207.6059879178188,154.04925151027263,145.7944459194863,1232.3940120821812,18.75565250008367,0.2393233000766486,3211.381744717507,84,11700.0,8,True,True,True,True,True,,,,11700.0,11700.0,,137,137,18.99497580016032,0.2393473000265658,
proposed_n84_k8_h11_s137,proposed,84,8,11,137,156.5560685474856,160.4304914315643,147.97654718368338,1283.4439314525143,15.999127400107682,6665.278163699899,3573.1235637785985,84,11700.0,8,True,True,True,True,True,False,64.0,False,11700.0,11700.0,,137,137,6681.277291100007,6665.278266799869,dual_labeled_canonical_bundle_sova
pso_n84_k8_h11_s137,pso,84,8,11,137,196.1242316041722,155.4844710494785,144.62811692401408,1243.875768395828,18.75565250008367,15.141535599948838,3490.420561772497,84,11700.0,8,True,True,True,True,True,,,,11700.0,11700.0,,137,137,33.89718810003251,15.147556100040674,
aco_n84_k8_h19_s137,aco,84,8,19,137,106.75474944627427,166.65565631921572,157.44263458505688,1333.2452505537258,19.280746400123466,29.24509109999053,3003.229818462593,84,11700.0,8,True,True,True,True,True,,,,11700.0,11700.0,,137,137,48.525837500114,29.24669629987329,
ga_n84_k8_h19_s137,ga,84,8,19,137,110.75750585909218,166.15531176761348,153.0231162591358,1329.242494140908,19.280746400123466,26.85269640013576,3300.5286416829244,84,11700.0,8,True,True,True,True,True,,,,11700.0,11700.0,,137,137,46.13344280025922,26.86413990007713,
nn_n84_k8_h19_s137,nn,84,8,19,137,129.1411570560601,163.85735536799248,156.84111309710397,1310.85884294394,19.280746400123466,0.2125762000214308,3067.732891000528,84,11700.0,8,True,True,True,True,True,,,,11700.0,11700.0,,137,137,19.493322600144893,0.2126197000034153,
proposed_n84_k8_h19_s137,proposed,84,8,19,137,98.78938713709938,167.6513266078626,158.71807217990764,1341.2106128629007,15.976737499935552,2183.67408180004,3281.03866848615,84,11700.0,8,True,True,True,True,True,False,55.0,True,11700.0,11700.0,,137,137,2199.6508192999754,2183.6741923000664,dual_labeled_canonical_bundle_sova
pso_n84_k8_h19_s137,pso,84,8,19,137,126.13754060482589,164.23280742439675,157.04254526146912,1313.862459395174,19.280746400123466,14.475891399895772,3042.965538281017,84,11700.0,8,True,True,True,True,True,,,,11700.0,11700.0,,137,137,33.756637800019234,14.482548699947074,
aco_n84_k8_h04_s147,aco,84,8,4,147,78.83529457451033,170.14558817818622,160.8974009679849,1361.1647054254895,19.740828200010583,29.2910410000477,2695.462024389028,84,11700.0,8,True,True,True,True,True,,,,11700.0,11700.0,,147,147,49.03186920005828,29.29259209986776,
ga_n84_k8_h04_s147,ga,84,8,4,147,87.37889333093929,169.0776383336326,164.95618783210938,1352.6211066690607,19.740828200010583,29.73688460001722,2583.1888888379926,84,11700.0,8,True,True,True,True,True,,,,11700.0,11700.0,,147,147,49.4777128000278,29.747887199977413,
nn_n84_k8_h04_s147,nn,84,8,4,147,102.98496493553104,167.12687938305862,160.25551739162586,1337.015035064469,19.740828200010583,0.255955999949947,3734.622863048456,84,11700.0,8,True,True,True,True,True,,,,11700.0,11700.0,,147,147,19.99678419996053,0.2559854998253286,
proposed_n84_k8_h04_s147,proposed,84,8,4,147,73.12862758354743,170.8589215520566,163.92322966521664,1366.8713724164527,17.08249650010839,1961.347815599991,3191.10772513352,84,11700.0,8,True,True,True,True,True,False,60.0,True,11700.0,11700.0,,147,147,1978.4303121001,1961.3479198999703,dual_labeled_canonical_bundle_sova
pso_n84_k8_h04_s147,pso,84,8,4,147,100.60260090163372,167.4246748872958,161.39022122718865,1339.3973990983663,19.740828200010583,16.714779200032353,2986.0310187331943,84,11700.0,8,True,True,True,True,True,,,,11700.0,11700.0,,147,147,36.455607400042936,16.720491799991578,
aco_n84_k8_h11_s147,aco,84,8,11,147,164.3300341040063,159.45874573699922,145.41254257025145,1275.6699658959938,18.51741710002534,29.017667000181973,4024.774261944807,84,11700.0,8,True,True,True,True,True,,,,11700.0,11700.0,,147,147,47.535084100207314,29.0201495999936,
ga_n84_k8_h11_s147,ga,84,8,11,147,178.83304166896238,157.6458697913797,148.56285320736538,1261.1669583310377,18.51741710002534,27.506231600185856,3157.665383267333,84,11700.0,8,True,True,True,True,True,,,,11700.0,11700.0,,147,147,46.0236487002112,27.515064399922267,
nn_n84_k8_h11_s147,nn,84,8,11,147,210.8585086269276,153.64268642163404,144.2298128894878,1229.1414913730723,18.51741710002534,0.2950801001861691,3535.548191695312,84,11700.0,8,True,True,True,True,True,,,,11700.0,11700.0,,147,147,18.81249720021151,0.295103200012818,
proposed_n84_k8_h11_s147,proposed,84,8,11,147,155.3922667204776,160.5759666599403,150.9510651745292,1284.6077332795223,15.975355699891225,7644.650021800073,3521.072373376945,84,11700.0,8,True,True,True,True,True,False,64.0,False,11700.0,11700.0,,147,147,7660.625377499964,7644.650157599943,dual_labeled_canonical_bundle_sova
pso_n84_k8_h11_s147,pso,84,8,11,147,206.10342869669412,154.23707141291322,144.96733267463097,1233.8965713033058,18.51741710002534,17.410290400031954,3502.829101812181,84,11700.0,8,True,True,True,True,True,,,,11700.0,11700.0,,147,147,35.927707500057295,17.417911499971524,
aco_n84_k8_h19_s147,aco,84,8,19,147,106.83421364676076,166.64572329415492,156.6626219779768,1333.1657863532394,18.728109600022435,29.97475669998676,3124.463512574378,84,11700.0,8,True,True,True,True,True,,,,11700.0,11700.0,,147,147,48.70286630000919,29.97667470015585,
ga_n84_k8_h19_s147,ga,84,8,19,147,110.4458543272298,166.19426820909626,159.41413932551967,1329.55414567277,18.728109600022435,26.689880500081927,2946.987030675063,84,11700.0,8,True,True,True,True,True,,,,11700.0,11700.0,,147,147,45.41799010010436,26.69963310007006,
nn_n84_k8_h19_s147,nn,84,8,19,147,126.97765324798198,164.12779334400224,156.8971358017939,1313.022346752018,18.728109600022435,0.2662237000185996,3243.9336062442267,84,11700.0,8,True,True,True,True,True,,,,11700.0,11700.0,,147,147,18.994333300041035,0.2662622998468578,
proposed_n84_k8_h19_s147,proposed,84,8,19,147,101.01715040919002,167.37285619885125,156.91099310538067,1338.98284959081,16.17388360016048,3152.428733699955,3264.571777757882,84,11700.0,8,True,True,True,True,True,False,59.0,True,11700.0,11700.0,,147,147,3168.6026173001155,3152.4288327000104,dual_labeled_canonical_bundle_sova
pso_n84_k8_h19_s147,pso,84,8,19,147,123.76817897966646,164.52897762754168,157.09765295855055,1316.2318210203334,18.728109600022435,18.233092400012534,3230.3790598761047,84,11700.0,8,True,True,True,True,True,,,,11700.0,11700.0,,147,147,36.96120200003497,18.2396454999689,
aco_n84_k8_h04_s157,aco,84,8,4,157,81.59510278975405,169.80061215128077,159.25789312711456,1358.404897210246,16.712073100032285,25.42889919993468,2652.978274249757,84,11700.0,8,True,True,True,True,True,,,,11700.0,11700.0,,157,157,42.14097229996696,25.43027730006725,
ga_n84_k8_h04_s157,ga,84,8,4,157,81.31470825927198,169.835661467591,164.23890491497897,1358.685291740728,16.712073100032285,21.75327910017222,2881.205134474624,84,11700.0,8,True,True,True,True,True,,,,11700.0,11700.0,,157,157,38.46535220020451,21.761770299868655,
nn_n84_k8_h04_s157,nn,84,8,4,157,94.9104098709452,168.13619876613186,159.47190014411967,1345.0895901290548,16.712073100032285,0.2247519998345524,2909.8170438250727,84,11700.0,8,True,True,True,True,True,,,,11700.0,11700.0,,157,157,16.936825099866837,0.2247895000036806,
proposed_n84_k8_h04_s157,proposed,84,8,4,157,74.05434093035396,170.74320738370577,160.77024454150182,1365.945659069646,16.712073100032285,2528.757095000008,3014.4783478540767,84,11700.0,8,True,True,True,True,True,False,57.0,True,11700.0,11700.0,,157,157,2545.4691681000404,2528.757220699917,dual_labeled_canonical_bundle_sova
pso_n84_k8_h04_s157,pso,84,8,4,157,90.54027071760292,168.68246616029964,156.21941009415957,1349.4597292823971,16.712073100032285,14.272533799987286,2909.8170438250727,84,11700.0,8,True,True,True,True,True,,,,11700.0,11700.0,,157,157,30.98460690001957,14.281337299849838,
aco_n84_k8_h11_s157,aco,84,8,11,157,166.05545799538777,159.24306775057653,149.36458659577144,1273.9445420046122,18.059470999985933,30.254877500003204,3148.5715653725683,84,11700.0,8,True,True,True,True,True,,,,11700.0,11700.0,,157,157,48.31434849998914,30.25643329997547,
ga_n84_k8_h11_s157,ga,84,8,11,157,177.07877564935782,157.86515304383028,145.75865821514893,1262.9212243506422,18.059470999985933,23.68631720007397,3123.766246143596,84,11700.0,8,True,True,True,True,True,,,,11700.0,11700.0,,157,157,41.74578820005991,23.69340300001204,
nn_n84_k8_h11_s157,nn,84,8,11,157,201.9670679408001,154.7541165074,144.14608781977003,1238.0329320592,18.059470999985933,0.277595299994573,4204.410740291166,84,11700.0,8,True,True,True,True,True,,,,11700.0,11700.0,,157,157,18.337066299980503,0.2776276001241058,
proposed_n84_k8_h11_s157,proposed,84,8,11,157,156.1190961636306,160.4851129795462,150.34731808009772,1283.8809038363695,17.164486899971962,3066.8044208998326,3448.319476141323,84,11700.0,8,True,True,True,True,True,False,64.0,False,11700.0,11700.0,,157,157,3083.9689077998046,3066.80454199994,dual_labeled_canonical_bundle_sova
pso_n84_k8_h11_s157,pso,84,8,11,157,189.4373949330324,156.32032563337094,147.97494661401376,1250.5626050669675,18.059470999985933,17.24742290005088,3527.574313459607,84,11700.0,8,True,True,True,True,True,,,,11700.0,11700.0,,157,157,35.30689390003681,17.255097299814224,
aco_n84_k8_h19_s157,aco,84,8,19,157,107.78909966749156,166.52636254156354,155.51178796525264,1332.2109003325083,18.537971400190145,29.41934029990807,3300.966526644768,84,11700.0,8,True,True,True,True,True,,,,11700.0,11700.0,,157,157,47.95731170009822,29.42160729994066,
ga_n84_k8_h19_s157,ga,84,8,19,157,115.53141483473944,165.5585731456576,155.60207846410884,1324.4685851652607,18.537971400190145,30.51476709987037,3074.015504509162,84,11700.0,8,True,True,True,True,True,,,,11700.0,11700.0,,157,157,49.052738500060514,30.52883729990572,
nn_n84_k8_h19_s157,nn,84,8,19,157,138.37379774511112,162.70327528186112,155.24761405716305,1301.626202254889,18.537971400190145,0.2397044999524951,3003.8705082701663,84,11700.0,8,True,True,True,True,True,,,,11700.0,11700.0,,157,157,18.77767590014264,0.2397296999115497,
proposed_n84_k8_h19_s157,proposed,84,8,19,157,99.80484178125393,167.52439477734325,153.98378348656493,1340.195158218746,17.181912899948657,2417.6765354999807,3162.703415073918,84,11700.0,8,True,True,True,True,True,False,58.0,True,11700.0,11700.0,,157,157,2434.8584483999293,2417.6766426998656,dual_labeled_canonical_bundle_sova
pso_n84_k8_h19_s157,pso,84,8,19,157,133.25427683444624,163.34321539569422,149.05485631747158,1306.7457231655535,18.537971400190145,13.915764600038528,4049.020623817221,84,11700.0,8,True,True,True,True,True,,,,11700.0,11700.0,,157,157,32.45373600022867,13.920711900107564,
aco_n84_k8_h04_s167,aco,84,8,4,167,80.62129397879978,169.92233825265004,158.86712321717724,1359.3787060212003,19.504560600034893,29.528260900173336,2812.0741190837343,84,11700.0,8,True,True,True,True,True,,,,11700.0,11700.0,,167,167,49.03282150020823,29.53010300011374,
ga_n84_k8_h04_s167,ga,84,8,4,167,87.17719056692961,169.1028511791338,162.01301450832065,1352.8228094330705,19.504560600034893,24.00495870015584,2734.475823474835,84,11700.0,8,True,True,True,True,True,,,,11700.0,11700.0,,167,167,43.50951930019073,24.012099099811167,
nn_n84_k8_h04_s167,nn,84,8,4,167,100.01074984271116,167.49865626966113,160.59052340434354,1339.989250157289,19.504560600034893,0.2801224000286311,3490.3230223639503,84,11700.0,8,True,True,True,True,True,,,,11700.0,11700.0,,167,167,19.784683000063524,0.2801444998476654,
proposed_n84_k8_h04_s167,proposed,84,8,4,167,73.2133873870947,170.84832657661315,163.6467201594946,1366.7866126129052,16.85766450013034,2551.3981426998507,2651.2664733739102,84,11700.0,8,True,True,True,True,True,False,64.0,False,11700.0,11700.0,,167,167,2568.255807199981,2551.398258500034,dual_labeled_canonical_bundle_sova
pso_n84_k8_h04_s167,pso,84,8,4,167,94.5365946268832,168.1829256716396,162.74828118257255,1345.4634053731168,19.504560600034893,16.025451899971813,2864.451796416091,84,11700.0,8,True,True,True,True,True,,,,11700.0,11700.0,,167,167,35.530012500006706,16.032521900022402,
aco_n84_k8_h11_s167,aco,84,8,11,167,163.52406694321962,159.55949163209755,145.72316928943073,1276.4759330567804,18.5773980000522,28.98228090000339,3905.416306355284,84,11700.0,8,True,True,True,True,True,,,,11700.0,11700.0,,167,167,47.55967890005559,28.98385849990882,
ga_n84_k8_h11_s167,ga,84,8,11,167,175.48284046666762,158.06464494166653,141.39874741156646,1264.5171595333322,18.5773980000522,22.856574699981135,4140.742835832538,84,11700.0,8,True,True,True,True,True,,,,11700.0,11700.0,,167,167,41.43397270003334,22.86385760013945,
nn_n84_k8_h11_s167,nn,84,8,11,167,204.2909811092301,154.46362736134623,138.52478489579346,1235.70901889077,18.5773980000522,0.2265159001108259,4030.0728905492897,84,11700.0,8,True,True,True,True,True,,,,11700.0,11700.0,,167,167,18.803913900163025,0.2265524000395089,
proposed_n84_k8_h11_s167,proposed,84,8,11,167,160.70647934644154,159.9116900816948,151.3300989388684,1279.2935206535583,15.309059699997306,2675.896121099824,3250.83676791621,84,11700.0,8,True,True,True,True,True,False,64.0,False,11700.0,11700.0,,167,167,2691.2051807998214,2675.896346300142,dual_labeled_canonical_bundle_sova
pso_n84_k8_h11_s167,pso,84,8,11,167,192.05934754988135,155.99258155626484,141.52105327746148,1247.9406524501187,18.5773980000522,14.949974599992856,3728.028691849997,84,11700.0,8,True,True,True,True,True,,,,11700.0,11700.0,,167,167,33.527372600045055,14.954983200179411,
aco_n84_k8_h19_s167,aco,84,8,19,167,104.34231595354856,166.95721050580644,158.5583836168401,1335.6576840464515,18.655789699871093,29.32962159998715,3037.174398657857,84,11700.0,8,True,True,True,True,True,,,,11700.0,11700.0,,167,167,47.98541129985824,29.332229499937966,
ga_n84_k8_h19_s167,ga,84,8,19,167,117.2926591287416,165.33841760890732,157.99379931365968,1322.7073408712586,18.655789699871093,24.42714879987761,2865.49421265614,84,11700.0,8,True,True,True,True,True,,,,11700.0,11700.0,,167,167,43.08293849974871,24.434251700062305,
nn_n84_k8_h19_s167,nn,84,8,19,167,127.27263672265944,164.09092040966758,157.09785200541003,1312.7273632773406,18.655789699871093,0.2735044998116791,3243.9336062442267,84,11700.0,8,True,True,True,True,True,,,,11700.0,11700.0,,167,167,18.92929419968277,0.2735274001024663,
proposed_n84_k8_h19_s167,proposed,84,8,19,167,100.41409163109888,167.44823854611263,158.99586540397868,1339.585908368901,16.006298100110143,1423.7375241001137,2994.211505009572,84,11700.0,8,True,True,True,True,True,False,64.0,False,11700.0,11700.0,,167,167,1439.7438222002238,1423.7376202000305,dual_labeled_canonical_bundle_sova
pso_n84_k8_h19_s167,pso,84,8,19,167,125.01358388572412,164.3733020142845,157.99379931365968,1314.986416114276,18.655789699871093,14.691577899968252,3230.3790598761047,84,11700.0,8,True,True,True,True,True,,,,11700.0,11700.0,,167,167,33.347367599839345,14.69666439993307,
aco_n84_k8_h04_s177,aco,84,8,4,177,81.79208304753784,169.77598961905778,160.4146264849895,1358.2079169524625,19.74211580003612,29.622530499938875,2882.092076827521,84,11700.0,8,True,True,True,True,True,,,,11700.0,11700.0,,177,177,49.36464629997499,29.62575890007429,
ga_n84_k8_h04_s177,ga,84,8,4,177,86.09375341459398,169.23828082317576,163.8097204685446,1353.906246585406,19.74211580003612,25.615010800072923,3255.550577364179,84,11700.0,8,True,True,True,True,True,,,,11700.0,11700.0,,177,177,45.35712660010904,25.623245499795303,
nn_n84_k8_h04_s177,nn,84,8,4,177,104.55054048331702,166.93118243958537,159.85697854468452,1335.449459516683,19.74211580003612,0.1967204997781664,3612.536336152921,84,11700.0,8,True,True,True,True,True,,,,11700.0,11700.0,,177,177,19.938836299814284,0.1967432999517768,
proposed_n84_k8_h04_s177,proposed,84,8,4,177,74.16680914728084,170.7291488565899,160.73254315268738,1365.833190852719,16.341552200028673,3892.372814100003,3102.6183334124744,84,11700.0,8,True,True,True,True,True,False,64.0,False,11700.0,11700.0,,177,177,3908.714366300032,3892.372920599999,dual_labeled_canonical_bundle_sova
pso_n84_k8_h04_s177,pso,84,8,4,177,98.07697836857028,167.74037770392871,158.92951984030077,1341.9230216314295,19.74211580003612,16.561133400071412,3040.9693507072507,84,11700.0,8,True,True,True,True,True,,,,11700.0,11700.0,,177,177,36.30324920010753,16.56694379984401,
aco_n84_k8_h11_s177,aco,84,8,11,177,159.89338899442365,160.01332637569703,146.92118416819645,1280.1066110055765,17.974074400030077,29.074432499939576,3834.2215595801295,84,11700.0,8,True,True,True,True,True,,,,11700.0,11700.0,,177,177,47.04850689996965,29.076007700059563,
ga_n84_k8_h11_s177,ga,84,8,11,177,171.65725005036944,158.54284374370383,148.84544456616374,1268.3427499496306,17.974074400030077,24.82725529978052,3746.8398654641023,84,11700.0,8,True,True,True,True,True,,,,11700.0,11700.0,,177,177,42.801329699810594,24.834433200070634,
nn_n84_k8_h11_s177,nn,84,8,11,177,199.76536649926152,155.0293291875923,138.08689239109643,1240.2346335007385,17.974074400030077,0.2380876000970602,4066.439336326188,84,11700.0,8,True,True,True,True,True,,,,11700.0,11700.0,,177,177,18.212162000127137,0.2381283000577241,
proposed_n84_k8_h11_s177,proposed,84,8,11,177,152.8259742793426,160.8967532150822,151.29117333543863,1287.1740257206577,15.565716200042516,7380.947342500091,3284.8274654405727,84,11700.0,8,True,True,True,True,True,False,64.0,False,11700.0,11700.0,,177,177,7396.513058700133,7380.947482699994,dual_labeled_canonical_bundle_sova
pso_n84_k8_h11_s177,pso,84,8,11,177,191.70840811016004,156.03644898623,141.74941046692066,1248.29159188984,17.974074400030077,15.91687890002504,3867.209343658613,84,11700.0,8,True,True,True,True,True,,,,11700.0,11700.0,,177,177,33.89095330005512,15.922187800053509,
aco_n84_k8_h19_s177,aco,84,8,19,177,108.31724498755652,166.46034437655544,153.39846957537097,1331.6827550124435,18.70199219998904,29.26153780007735,2881.5858690029904,84,11700.0,8,True,True,True,True,True,,,,11700.0,11700.0,,177,177,47.96353000006639,29.263210400007665,
ga_n84_k8_h19_s177,ga,84,8,19,177,118.1392990784616,165.2325876151923,158.12243306101735,1321.8607009215384,18.70199219998904,24.19680980010889,3272.9547698542237,84,11700.0,8,True,True,True,True,True,,,,11700.0,11700.0,,177,177,42.89880200009793,24.203846900025383,
nn_n84_k8_h19_s177,nn,84,8,19,177,137.9056671644773,162.76179160444033,156.8558799431395,1302.094332835523,18.70199219998904,0.2265254999510944,3350.4503785581605,84,11700.0,8,True,True,True,True,True,,,,11700.0,11700.0,,177,177,18.92851769994013,0.2265494999010116,
proposed_n84_k8_h19_s177,proposed,84,8,19,177,101.56203331340038,167.30474583582497,153.4370340485828,1338.4379666865996,15.73914109985344,4809.047696500085,3743.130393888652,84,11700.0,8,True,True,True,True,True,False,64.0,False,11700.0,11700.0,,177,177,4824.786837599939,4809.047798899934,dual_labeled_canonical_bundle_sova
pso_n84_k8_h19_s177,pso,84,8,19,177,131.28263925260188,163.58967009342476,157.05453437489203,1308.717360747398,18.70199219998904,16.891423099907115,3343.727157461813,84,11700.0,8,True,True,True,True,True,,,,11700.0,11700.0,,177,177,35.59341529989615,16.89924639998935,
aco_n84_k8_h04_s187,aco,84,8,4,187,79.19225085246761,170.10096864344155,164.1146154094447,1360.8077491475324,19.45514780003577,28.68591140001081,2581.341354430272,84,11700.0,8,True,True,True,True,True,,,,11700.0,11700.0,,187,187,48.14105920004658,28.687454900005832,
ga_n84_k8_h04_s187,ga,84,8,4,187,87.14290924818948,169.10713634397632,160.1204374770591,1352.8570907518106,19.45514780003577,25.9032338000834,3041.17340800822,84,11700.0,8,True,True,True,True,True,,,,11700.0,11700.0,,187,187,45.35838160011917,25.91505889990367,
nn_n84_k8_h04_s187,nn,84,8,4,187,102.97591020449345,167.12801122443832,161.09211375069722,1337.0240897955066,19.45514780003577,0.2617705999873578,3431.4494567004917,84,11700.0,8,True,True,True,True,True,,,,11700.0,11700.0,,187,187,19.716918400023133,0.2618059001397341,
proposed_n84_k8_h04_s187,proposed,84,8,4,187,73.9089049709068,170.76138687863664,164.70536855354428,1366.0910950290931,16.793582699960098,1852.6522361999373,3000.9707458722014,84,11700.0,8,True,True,True,True,True,False,56.0,False,11700.0,11700.0,,187,187,1869.4458188998976,1852.6523345999883,dual_labeled_canonical_bundle_sova
pso_n84_k8_h04_s187,pso,84,8,4,187,99.02170960219632,167.62228629972546,157.90197112612714,1340.9782903978037,19.45514780003577,17.398852000012994,2882.58612112243,84,11700.0,8,True,True,True,True,True,,,,11700.0,11700.0,,187,187,36.85399980004877,17.40551479998976,
aco_n84_k8_h11_s187,aco,84,8,11,187,163.51640960583018,159.56044879927123,145.77860094549226,1276.4835903941698,18.255100399954244,30.70085130003281,3675.337392349925,84,11700.0,8,True,True,True,True,True,,,,11700.0,11700.0,,187,187,48.955951699987054,30.70356789999641,
ga_n84_k8_h11_s187,ga,84,8,11,187,175.56791064177392,158.05401116977825,142.8329774868361,1264.432089358226,18.255100399954244,24.67933170008473,4265.167862764757,84,11700.0,8,True,True,True,True,True,,,,11700.0,11700.0,,187,187,42.934432100038975,24.686330700060356,
nn_n84_k8_h11_s187,nn,84,8,11,187,199.97869317962224,155.00266335254722,133.4465416887703,1240.0213068203775,18.255100399954244,0.2579045000020414,4172.441822076298,84,11700.0,8,True,True,True,True,True,,,,11700.0,11700.0,,187,187,18.51300489995629,0.2579298000782728,
proposed_n84_k8_h11_s187,proposed,84,8,11,187,155.50844593090912,160.56144425863636,150.99378599884733,1284.4915540690909,15.551512399921194,2877.792291099904,3314.638054920191,84,11700.0,8,True,True,True,True,True,False,64.0,False,11700.0,11700.0,,187,187,2893.3438034998253,2877.792401800165,dual_labeled_canonical_bundle_sova
pso_n84_k8_h11_s187,pso,84,8,11,187,196.09059706137535,155.48867536732809,133.59915670226889,1243.909402938625,18.255100399954244,14.288065199973062,4130.999393161266,84,11700.0,8,True,True,True,True,True,,,,11700.0,11700.0,,187,187,32.543165599927306,14.293203599983826,
aco_n84_k8_h19_s187,aco,84,8,19,187,106.40954205328768,166.69880724333905,155.28162966004362,1333.5904579467124,18.949122299905863,28.77687679999508,2745.259279550637,84,11700.0,8,True,True,True,True,True,,,,11700.0,11700.0,,187,187,47.72599909990095,28.778332100017,
ga_n84_k8_h19_s187,ga,84,8,19,187,117.78651097226695,165.27668612846662,155.36414456316993,1322.213489027733,18.949122299905863,24.71428949991241,2700.3815448064174,84,11700.0,8,True,True,True,True,True,,,,11700.0,11700.0,,187,187,43.66341179981828,24.721864700084552,
nn_n84_k8_h19_s187,nn,84,8,19,187,134.33894682205096,163.20763164724363,157.76331817488375,1305.661053177949,18.949122299905863,0.2338499999605119,3017.737846399577,84,11700.0,8,True,True,True,True,True,,,,11700.0,11700.0,,187,187,19.18297229986638,0.2338738001417368,
proposed_n84_k8_h19_s187,proposed,84,8,19,187,99.612143361845,167.54848207976937,158.7629760155011,1340.387856638155,15.697932000039144,2362.5151454999577,3161.3239476585927,84,11700.0,8,True,True,True,True,True,False,64.0,False,11700.0,11700.0,,187,187,2378.213077499997,2362.5152968999464,dual_labeled_canonical_bundle_sova
pso_n84_k8_h19_s187,pso,84,8,19,187,130.79659571485365,163.6504255356433,158.65273159518188,1309.2034042851465,18.949122299905863,15.992628399981186,2942.124776006,84,11700.0,8,True,True,True,True,True,,,,11700.0,11700.0,,187,187,34.94175069988705,16.000295700039715,
aco_n84_k8_h04_s197,aco,84,8,4,197,81.67221570483628,169.79097303689548,161.81528514011393,1358.3277842951638,19.52688270015642,29.64435980003327,2930.969606445067,84,11700.0,8,True,True,True,True,True,,,,11700.0,11700.0,,197,197,49.17124250018969,29.646141099976376,
ga_n84_k8_h04_s197,ga,84,8,4,197,87.78072504011388,169.02740936998578,165.0716200320415,1352.2192749598862,19.52688270015642,25.28286439995281,2699.4413593078007,84,11700.0,8,True,True,True,True,True,,,,11700.0,11700.0,,197,197,44.809747100109234,25.291458699852228,
nn_n84_k8_h04_s197,nn,84,8,4,197,101.93644230669334,167.25794471166333,161.42383071282134,1338.0635576933066,19.52688270015642,0.3014241999480873,3421.748731857098,84,11700.0,8,True,True,True,True,True,,,,11700.0,11700.0,,197,197,19.828306900104508,0.3014468001201749,
proposed_n84_k8_h04_s197,proposed,84,8,4,197,73.28245875029506,170.83969265621312,163.86961501116633,1366.717541249705,19.548255799803883,4222.248144400073,3058.3164165478565,84,11700.0,8,True,True,True,True,True,False,57.0,True,11700.0,11700.0,,197,197,4241.796400199877,4222.24828329985,dual_labeled_canonical_bundle_sova
pso_n84_k8_h04_s197,pso,84,8,4,197,100.03303931798736,167.49587008525157,158.18266303897576,1339.9669606820123,19.52688270015642,15.617828299989924,2895.1593298675803,84,11700.0,8,True,True,True,True,True,,,,11700.0,11700.0,,197,197,35.144711000146344,15.623568299924957,
aco_n84_k8_h11_s197,aco,84,8,11,197,162.97179483589002,159.62852564551375,146.65258503462508,1277.02820516411,18.49508169991896,28.97739890008233,3567.845917170553,84,11700.0,8,True,True,True,True,True,,,,11700.0,11700.0,,197,197,47.47248060000129,28.97914499999024,
ga_n84_k8_h11_s197,ga,84,8,11,197,173.37805078696175,158.3277436516298,145.44850971765317,1266.6219492130383,18.49508169991896,21.938586000120267,3635.6099044380335,84,11700.0,8,True,True,True,True,True,,,,11700.0,11700.0,,197,197,40.43366770003922,21.948154400102798,
nn_n84_k8_h11_s197,nn,84,8,11,197,195.73925812149648,155.53259273481294,137.15413609906778,1244.2607418785035,18.49508169991896,0.2723052999936044,4023.7113591265193,84,11700.0,8,True,True,True,True,True,,,,11700.0,11700.0,,197,197,18.76738699991256,0.2723369000013917,
proposed_n84_k8_h11_s197,proposed,84,8,11,197,154.93516628301344,160.63310421462333,151.59340716307918,1285.0648337169866,16.88129450008273,3084.624620999908,3381.593200727614,84,11700.0,8,True,True,True,True,True,False,64.0,False,11700.0,11700.0,,197,197,3101.505915499991,3084.624734999845,dual_labeled_canonical_bundle_sova
pso_n84_k8_h11_s197,pso,84,8,11,197,188.34508134446105,156.45686483194237,147.87205000772312,1251.654918655539,18.49508169991896,18.33590850001201,3244.991748420519,84,11700.0,8,True,True,True,True,True,,,,11700.0,11700.0,,197,197,36.830990199930966,18.345509900012985,
aco_n84_k8_h19_s197,aco,84,8,19,197,106.441473426748,166.6948158216565,154.08787275284104,1333.558526573252,17.831400700146332,28.37001090007834,2897.304532916245,84,11700.0,8,True,True,True,True,True,,,,11700.0,11700.0,,197,197,46.201411600224674,28.371928999898955,
ga_n84_k8_h19_s197,ga,84,8,19,197,112.35862602736894,165.95517174657888,158.040050286283,1327.641373972631,17.831400700146332,21.55716949980706,2933.780622358634,84,11700.0,8,True,True,True,True,True,,,,11700.0,11700.0,,197,197,39.38857019995339,21.564750500023365,
nn_n84_k8_h19_s197,nn,84,8,19,197,127.0533759914573,164.11832800106782,156.82322024325467,1312.9466240085426,17.831400700146332,0.247601700015366,2947.732891000528,84,11700.0,8,True,True,True,True,True,,,,11700.0,11700.0,,197,197,18.0790024001617,0.2476274999789893,
proposed_n84_k8_h19_s197,proposed,84,8,19,197,99.70482852517408,167.53689643435325,158.36521864619448,1340.295171474826,17.1013282998465,3841.3014624998905,3061.2420585081763,84,11700.0,8,True,True,True,True,True,False,64.0,False,11700.0,11700.0,,197,197,3858.402790799737,3841.30158869992,dual_labeled_canonical_bundle_sova
pso_n84_k8_h19_s197,pso,84,8,19,197,125.48542538690194,164.31432182663724,157.02685583663188,1314.514574613098,17.831400700146332,14.39261159999296,2937.2680230570813,84,11700.0,8,True,True,True,True,True,,,,11700.0,11700.0,,197,197,32.22401230013929,14.400202100165188,
aco_n84_k9_h04_s7,aco,84,9,4,7,80.2874713135617,171.0791698540487,160.0816707832448,1539.7125286864384,14.55012120003812,24.378158700070344,3247.315756663216,84,11700.0,9,True,True,True,True,True,,,,11700.0,11700.0,h04/k09/hourly.csv,7,7,38.928279900108464,24.378158700070344,
ga_n84_k9_h04_s7,ga,84,9,4,7,81.56089605676577,170.9376782159149,161.10993560211924,1538.4391039432342,14.55012120003812,21.43606500001624,3041.581982420823,84,11700.0,9,True,True,True,True,True,,,,11700.0,11700.0,h04/k09/hourly.csv,7,7,35.98618620005436,21.43606500001624,
nn_n84_k9_h04_s7,nn,84,9,4,7,105.6727393309251,168.25858451878608,156.21535946738734,1514.3272606690748,14.55012120003812,0.2564450999489054,3068.476187764144,84,11700.0,9,True,True,True,True,True,,,,11700.0,11700.0,h04/k09/hourly.csv,7,7,14.806566299987026,0.2564450999489054,
proposed_n84_k9_h04_s7,proposed,84,9,4,7,78.16244773171778,171.31528358536468,162.94383481886064,1541.8375522682825,14.55012120003812,3301.5606372000184,2852.926856508293,84,11700.0,9,True,True,True,True,True,False,64.0,False,11700.0,11700.0,h04/k09/hourly.csv,7,7,3316.1107584000565,3301.5606372000184,
pso_n84_k9_h04_s7,pso,84,9,4,7,100.27876447140396,168.85791505873289,157.65816798988047,1519.721235528596,14.55012120003812,12.310033199959436,3003.866433799876,84,11700.0,9,True,True,True,True,True,,,,11700.0,11700.0,h04/k09/hourly.csv,7,7,26.860154399997555,12.310033199959436,
aco_n84_k9_h11_s7,aco,84,9,11,7,165.19460864328886,161.64504348407905,141.601829003194,1454.8053913567112,13.846752499928698,24.33701600017957,4085.587332859684,84,11700.0,9,True,True,True,True,True,,,,11700.0,11700.0,h11/k09/hourly.csv,7,7,38.18376850010827,24.33701600017957,
ga_n84_k9_h11_s7,ga,84,9,11,7,176.29444654958758,160.41172816115693,149.10342792801936,1443.7055534504125,13.846752499928698,16.95868489984423,2980.113262350376,84,11700.0,9,True,True,True,True,True,,,,11700.0,11700.0,h11/k09/hourly.csv,7,7,30.805437399772927,16.95868489984423,
nn_n84_k9_h11_s7,nn,84,9,11,7,197.09300414197813,158.100777317558,143.49143050302013,1422.906995858022,13.846752499928698,0.2260831000749021,3474.0990891535707,84,11700.0,9,True,True,True,True,True,,,,11700.0,11700.0,h11/k09/hourly.csv,7,7,14.0728356000036,0.2260831000749021,
proposed_n84_k9_h11_s7,proposed,84,9,11,7,161.5543386248085,162.04951793057683,151.47503800222955,1458.4456613751915,13.846752499928698,2992.6009805998765,3164.8274654405727,84,11700.0,9,True,True,True,True,True,False,64.0,False,11700.0,11700.0,h11/k09/hourly.csv,7,7,3006.447733099805,2992.6009805998765,
pso_n84_k9_h11_s7,pso,84,9,11,7,186.68381767591416,159.25735359156508,144.4537975440412,1433.3161823240855,13.846752499928698,13.018021499970928,3471.9924413699164,84,11700.0,9,True,True,True,True,True,,,,11700.0,11700.0,h11/k09/hourly.csv,7,7,26.864773999899622,13.018021499970928,
aco_n84_k9_h19_s7,aco,84,9,19,7,108.85784104030914,167.90468432885456,154.7432283364595,1511.142158959691,14.303073199931532,23.673908500000834,3253.315412056265,84,11700.0,9,True,True,True,True,True,,,,11700.0,11700.0,h19/k09/hourly.csv,7,7,37.97698169993237,23.673908500000834,
ga_n84_k9_h19_s7,ga,84,9,19,7,113.07333469744452,167.43629614472837,154.87411403728103,1506.9266653025554,14.303073199931532,20.03891650005244,2872.23369445264,84,11700.0,9,True,True,True,True,True,,,,11700.0,11700.0,h19/k09/hourly.csv,7,7,34.34198969998397,20.03891650005244,
nn_n84_k9_h19_s7,nn,84,9,19,7,137.82545467537997,164.68606059162445,156.79361035237577,1482.17454532462,14.303073199931532,0.2406789999222383,3243.9336062442267,84,11700.0,9,True,True,True,True,True,,,,11700.0,11700.0,h19/k09/hourly.csv,7,7,14.54375219985377,0.2406789999222383,
proposed_n84_k9_h19_s7,proposed,84,9,19,7,101.13894784656888,168.762339128159,154.85093328157427,1518.861052153431,14.303073199931532,1512.8723829000955,2802.2935485058074,84,11700.0,9,True,True,True,True,True,False,64.0,False,11700.0,11700.0,h19/k09/hourly.csv,7,7,1527.175456100027,1512.8723829000955,
pso_n84_k9_h19_s7,pso,84,9,19,7,133.10515141086407,165.21053873212622,157.719194327313,1486.894848589136,14.303073199931532,12.925065899966285,2953.1803896706847,84,11700.0,9,True,True,True,True,True,,,,11700.0,11700.0,h19/k09/hourly.csv,7,7,27.228139099897817,12.925065899966285,
aco_n84_k9_h04_s17,aco,84,9,4,17,79.58352565499281,171.15738603833412,160.36066104970615,1540.4164743450071,17.914209600072354,27.846327600069344,2963.239690427242,84,11700.0,9,True,True,True,True,True,,,,11700.0,11700.0,,17,17,45.7605372001417,27.84840049990453,
ga_n84_k9_h04_s17,ga,84,9,4,17,86.60619468852306,170.37708947905298,163.23403254975014,1533.3938053114769,17.914209600072354,26.159892400028184,2754.171171571084,84,11700.0,9,True,True,True,True,True,,,,11700.0,11700.0,,17,17,44.07410200010054,26.17147780000232,
nn_n84_k9_h04_s17,nn,84,9,4,17,98.10006766570464,169.09999248158837,161.36080729188288,1521.8999323342953,17.914209600072354,0.230742200044915,3123.752748737067,84,11700.0,9,True,True,True,True,True,,,,11700.0,11700.0,,17,17,18.14495180011727,0.2307653999887406,
proposed_n84_k9_h04_s17,proposed,84,9,4,17,78.14683350493132,171.31701849945208,162.9844709955845,1541.8531664950688,21.2183459000662,3948.073018699885,2761.5231643056554,84,11700.0,9,True,True,True,True,True,False,64.0,False,11700.0,11700.0,,17,17,3969.291364599951,3948.073164799949,dual_labeled_canonical_bundle_sova
pso_n84_k9_h04_s17,pso,84,9,4,17,93.9667836495866,169.55924626115703,165.02229902482142,1526.033216350413,17.914209600072354,13.29350069980137,2673.0803935925987,84,11700.0,9,True,True,True,True,True,,,,11700.0,11700.0,,17,17,31.207710299873725,13.299210799857974,
aco_n84_k9_h11_s17,aco,84,9,11,17,160.01543890484314,162.22050678835075,149.89709240332485,1459.9845610951568,18.196171700023115,29.833413199987262,3459.2271319917536,84,11700.0,9,True,True,True,True,True,,,,11700.0,11700.0,,17,17,48.02958490001038,29.83529520011507,
ga_n84_k9_h11_s17,ga,84,9,11,17,177.8138246913034,160.24290836763296,148.56366991486098,1442.1861753086966,18.196171700023115,24.22142650000751,2967.2504368656187,84,11700.0,9,True,True,True,True,True,,,,11700.0,11700.0,,17,17,42.41759820003063,24.2318937999662,
nn_n84_k9_h11_s17,nn,84,9,11,17,205.8148438169513,157.13168402033875,148.55388326761658,1414.1851561830488,18.196171700023115,0.2967181000858545,3451.668063845129,84,11700.0,9,True,True,True,True,True,,,,11700.0,11700.0,,17,17,18.49288980010897,0.2967542998958379,
proposed_n84_k9_h11_s17,proposed,84,9,11,17,155.7125724809604,162.69860305767108,150.1152961203922,1464.2874275190395,17.80386420013383,5387.802995099919,3316.825825773481,84,11700.0,9,True,True,True,True,True,False,64.0,False,11700.0,11700.0,,17,17,5405.606859300053,5387.803116800031,dual_labeled_canonical_bundle_sova
pso_n84_k9_h11_s17,pso,84,9,11,17,197.5855826207739,158.04604637546956,150.01881900674718,1422.414417379226,18.196171700023115,16.42206580005586,3102.6253349281524,84,11700.0,9,True,True,True,True,True,,,,11700.0,11700.0,,17,17,34.618237500078976,16.42816330003552,
aco_n84_k9_h19_s17,aco,84,9,19,17,108.40328655145304,167.9551903831719,156.9475284158957,1511.596713448547,17.3630532999523,23.89738590014167,3414.361629770568,84,11700.0,9,True,True,True,True,True,,,,11700.0,11700.0,,17,17,41.26043920009397,23.898838700028136,
ga_n84_k9_h19_s17,ga,84,9,19,17,116.73867726125532,167.02903585986053,158.6275174611893,1503.2613227387446,17.3630532999523,23.66689140000381,3080.399660931317,84,11700.0,9,True,True,True,True,True,,,,11700.0,11700.0,,17,17,41.0299446999561,23.67592819989659,
nn_n84_k9_h19_s17,nn,84,9,19,17,125.87023598281202,166.014418224132,158.43448355481425,1494.129764017188,17.3630532999523,0.2708266000263393,3243.9336062442267,84,11700.0,9,True,True,True,True,True,,,,11700.0,11700.0,,17,17,17.633879899978638,0.2708580999169498,
proposed_n84_k9_h19_s17,proposed,84,9,19,17,103.78775903693996,168.46802677367333,157.73038585793893,1516.21224096306,16.223730200203136,1700.398938999977,3593.89984664248,84,11700.0,9,True,True,True,True,True,False,58.0,False,11700.0,11700.0,,17,17,1716.62266920018,1700.399055100046,dual_labeled_canonical_bundle_sova
pso_n84_k9_h19_s17,pso,84,9,19,17,121.60064538938286,166.48881717895745,159.51876289343744,1498.3993546106171,17.3630532999523,17.136934199836105,3166.31231874521,84,11700.0,9,True,True,True,True,True,,,,11700.0,11700.0,,17,17,34.4999874997884,17.14789309981279,
aco_n84_k9_h04_s27,aco,84,9,4,27,80.74631323135314,171.02818741873853,160.87613903011828,1539.2536867686467,23.87706910003908,36.4538197000511,3103.130630857433,84,11700.0,9,True,True,True,True,True,,,,11700.0,11700.0,,27,27,60.33088880009018,36.45596199994907,
ga_n84_k9_h04_s27,ga,84,9,4,27,87.65821500620157,170.26019833264428,163.16414845512446,1532.3417849937985,23.87706910003908,28.531245399964973,2813.6703112823056,84,11700.0,9,True,True,True,True,True,,,,11700.0,11700.0,,27,27,52.40831450000405,28.54112820001319,
nn_n84_k9_h04_s27,nn,84,9,4,27,100.0305657408638,168.8854926954596,156.3518476239655,1519.9694342591365,23.87706910003908,0.3895927998237312,3211.680033617544,84,11700.0,9,True,True,True,True,True,,,,11700.0,11700.0,,27,27,24.26666189986281,0.3896155999973416,
proposed_n84_k9_h04_s27,proposed,84,9,4,27,78.03906213265036,171.3289930963722,158.4220643899058,1541.9609378673497,17.42482419987209,5653.732959999936,3238.8745006030013,84,11700.0,9,True,True,True,True,True,False,64.0,False,11700.0,11700.0,,27,27,5671.157784199808,5653.733083199943,dual_labeled_canonical_bundle_sova
pso_n84_k9_h04_s27,pso,84,9,4,27,96.79351421776995,169.24516508691443,162.83618548821568,1523.20648578223,23.87706910003908,19.41652990016155,2779.7094576497543,84,11700.0,9,True,True,True,True,True,,,,11700.0,11700.0,,27,27,43.29359900020063,19.425141099840403,
aco_n84_k9_h11_s27,aco,84,9,11,27,165.37701385063286,161.62477623881855,145.4517551041878,1454.622986149367,22.13616989995353,37.7456255001016,4054.791600154101,84,11700.0,9,True,True,True,True,True,,,,11700.0,11700.0,,27,27,59.881795400055125,37.74853460001759,
ga_n84_k9_h11_s27,ga,84,9,11,27,176.7994145753047,160.35562060274393,148.37367100306713,1443.2005854246954,22.13616989995353,36.43935339991003,3168.7152419179465,84,11700.0,9,True,True,True,True,True,,,,11700.0,11700.0,,27,27,58.57552329986356,36.45158679992892,
nn_n84_k9_h11_s27,nn,84,9,11,27,196.38011140335288,158.17998762184968,146.56775331179134,1423.6198885966471,22.13616989995353,0.3861638000234961,3451.668063845129,84,11700.0,9,True,True,True,True,True,,,,11700.0,11700.0,,27,27,22.522333699977025,0.38620449998416,
proposed_n84_k9_h11_s27,proposed,84,9,11,27,159.29115293902962,162.3009830067745,150.0745471430987,1460.7088470609704,16.57638240000233,7536.8886003999505,3063.841248760427,84,11700.0,9,True,True,True,True,True,False,64.0,False,11700.0,11700.0,,27,27,7553.464982799953,7536.888727799989,dual_labeled_canonical_bundle_sova
pso_n84_k9_h11_s27,pso,84,9,11,27,187.05779500278015,159.21580055524666,147.248694764959,1432.94220499722,22.13616989995353,24.114384999964383,3427.662604305422,84,11700.0,9,True,True,True,True,True,,,,11700.0,11700.0,,27,27,46.25055489991792,24.12390480004251,
aco_n84_k9_h19_s27,aco,84,9,19,27,105.46735272037893,168.2814052532912,159.6000334958798,1514.532647279621,21.925596700049937,36.40247770003043,2686.335758511787,84,11700.0,9,True,True,True,True,True,,,,11700.0,11700.0,,27,27,58.32807440008037,36.404330200050026,
ga_n84_k9_h19_s27,ga,84,9,19,27,110.25133933611625,167.74985118487598,152.89808480671897,1509.7486606638838,21.925596700049937,35.366720699938014,2989.325394145956,84,11700.0,9,True,True,True,True,True,,,,11700.0,11700.0,,27,27,57.29231739998795,35.37915090005845,
nn_n84_k9_h19_s27,nn,84,9,19,27,129.98348304369122,165.5573907729232,156.80659014150245,1490.0165169563088,21.925596700049937,0.3611111000645906,3067.732891000528,84,11700.0,9,True,True,True,True,True,,,,11700.0,11700.0,,27,27,22.286707800114527,0.3611469001043588,
proposed_n84_k9_h19_s27,proposed,84,9,19,27,99.87545757325388,168.90272693630513,158.9128676292164,1520.124542426746,15.261365300044416,2744.046070199925,2951.552640364384,84,11700.0,9,True,True,True,True,True,False,61.0,True,11700.0,11700.0,,27,27,2759.30743549997,2744.0461709999945,dual_labeled_canonical_bundle_sova
pso_n84_k9_h19_s27,pso,84,9,19,27,125.56780111883228,166.04802209790753,157.00819265787155,1494.4321988811678,21.925596700049937,20.01672110008076,3042.965538281017,84,11700.0,9,True,True,True,True,True,,,,11700.0,11700.0,,27,27,41.942317800130695,20.023754499852657,
aco_n84_k9_h04_s37,aco,84,9,4,37,80.16322384564938,171.09297512826117,159.57427890937822,1539.836776154351,21.95902219996788,33.085733599960804,2784.756743664278,84,11700.0,9,True,True,True,True,True,,,,11700.0,11700.0,,37,37,55.04475579992868,33.08760740002617,
ga_n84_k9_h04_s37,ga,84,9,4,37,84.63779597769542,170.59580044692274,162.829820141791,1535.3622040223047,21.95902219996788,33.43463469995186,3063.3221892459765,84,11700.0,9,True,True,True,True,True,,,,11700.0,11700.0,,37,37,55.39365689991973,33.44812160008587,
nn_n84_k9_h04_s37,nn,84,9,4,37,101.51550792350083,168.720499119611,159.90742704102345,1518.484492076499,21.95902219996788,0.3361227000132203,3235.172976536405,84,11700.0,9,True,True,True,True,True,,,,11700.0,11700.0,,37,37,22.295144899981096,0.3361603999510407,
proposed_n84_k9_h04_s37,proposed,84,9,4,37,77.65924826369405,171.37119463736732,160.05995508825652,1542.340751736306,16.310246199835092,2479.3260203001555,3236.91272357514,84,11700.0,9,True,True,True,True,True,False,64.0,False,11700.0,11700.0,,37,37,2495.6362664999906,2479.3261251999065,dual_labeled_canonical_bundle_sova
pso_n84_k9_h04_s37,pso,84,9,4,37,95.99168678021212,169.33425702442088,163.88086955370474,1524.008313219788,21.95902219996788,21.400090500013903,2754.2505211834577,84,11700.0,9,True,True,True,True,True,,,,11700.0,11700.0,,37,37,43.35911269998178,21.409708499908447,
aco_n84_k9_h11_s37,aco,84,9,11,37,167.06487918249,161.43723564639,151.26430008100493,1452.93512081751,22.414446899900213,38.03093319991604,3072.649434512656,84,11700.0,9,True,True,True,True,True,,,,11700.0,11700.0,,37,37,60.44538009981625,38.03332109982148,
ga_n84_k9_h11_s37,ga,84,9,11,37,174.9572774002874,160.56030251107916,150.72768587260734,1445.0427225997123,22.414446899900213,33.43371540005319,3324.560883117712,84,11700.0,9,True,True,True,True,True,,,,11700.0,11700.0,,37,37,55.8481622999534,33.44553590007126,
nn_n84_k9_h11_s37,nn,84,9,11,37,199.894453121032,157.78950520877422,146.9700625717413,1420.105546878968,22.414446899900213,0.3957524001598358,3204.2735476488606,84,11700.0,9,True,True,True,True,True,,,,11700.0,11700.0,,37,37,22.81019930006005,0.3957895999774337,
proposed_n84_k9_h11_s37,proposed,84,9,11,37,157.49315374211986,162.50076069532005,148.6991506713436,1462.5068462578802,15.05142750008963,13676.013562199892,3340.963259169907,84,11700.0,9,True,True,True,True,True,False,64.0,False,11700.0,11700.0,,37,37,13691.064989699982,13676.013687500032,dual_labeled_canonical_bundle_sova
pso_n84_k9_h11_s37,pso,84,9,11,37,191.71172019716943,158.69869775587006,139.3218262552026,1428.2882798028306,22.414446899900213,23.31642200006172,4181.029791921957,84,11700.0,9,True,True,True,True,True,,,,11700.0,11700.0,,37,37,45.73086889996193,23.32591999997385,
aco_n84_k9_h19_s37,aco,84,9,19,37,108.88716080601402,167.90142657710956,154.39033267568402,1511.112839193986,21.577091499930248,34.31705859978683,3520.383136943839,84,11700.0,9,True,True,True,True,True,,,,11700.0,11700.0,,37,37,55.89415009971708,34.31945660011843,
ga_n84_k9_h19_s37,ga,84,9,19,37,114.98833860780957,167.2235179324656,157.0165151195805,1505.0116613921905,21.577091499930248,38.83492189995013,2851.542256934256,84,11700.0,9,True,True,True,True,True,,,,11700.0,11700.0,,37,37,60.41201339988038,38.85262370016426,
nn_n84_k9_h19_s37,nn,84,9,19,37,130.28876340511997,165.52347073276445,154.4747706482474,1489.71123659488,21.577091499930248,0.3030852999072522,3047.85614602155,84,11700.0,9,True,True,True,True,True,,,,11700.0,11700.0,,37,37,21.8801767998375,0.3031260001007467,
proposed_n84_k9_h19_s37,proposed,84,9,19,37,102.2797053589999,168.63558829344444,154.29991929349126,1517.720294641,15.983633700059729,5286.89476289996,3209.0974084436443,84,11700.0,9,True,True,True,True,True,False,64.0,False,11700.0,11700.0,,37,37,5302.878396600019,5286.894871699857,dual_labeled_canonical_bundle_sova
pso_n84_k9_h19_s37,pso,84,9,19,37,125.22607622500902,166.08599153055457,154.6743400876084,1494.773923774991,21.577091499930248,18.89763709995896,3023.088793302039,84,11700.0,9,True,True,True,True,True,,,,11700.0,11700.0,,37,37,40.4747285998892,18.90571970003657,
aco_n84_k9_h04_s47,aco,84,9,4,47,82.55940485274513,170.82673279413945,161.0777231485803,1537.440595147255,21.39088079985231,33.96238399995491,2464.5170919119446,84,11700.0,9,True,True,True,True,True,,,,11700.0,11700.0,,47,47,55.35326479980722,33.965089899953455,
ga_n84_k9_h04_s47,ga,84,9,4,47,81.68656815177728,170.92371464980252,161.08659079790118,1538.3134318482228,21.39088079985231,29.09658650006168,2541.322501812088,84,11700.0,9,True,True,True,True,True,,,,11700.0,11700.0,,47,47,50.48746729991399,29.108476999914277,
nn_n84_k9_h04_s47,nn,84,9,4,47,96.9481276339342,169.22798581845174,159.03251475559654,1523.0518723660657,21.39088079985231,0.3270297998096794,2697.997644501369,84,11700.0,9,True,True,True,True,True,,,,11700.0,11700.0,,47,47,21.71791059966199,0.3270699998829514,
proposed_n84_k9_h04_s47,proposed,84,9,4,47,77.26465724814807,171.41503808353912,165.2233503926906,1542.735342751852,16.250006699934602,1948.572806299897,2541.740034026299,84,11700.0,9,True,True,True,True,True,False,64.0,False,11700.0,11700.0,,47,47,1964.8228129998315,1948.5729179999323,dual_labeled_canonical_bundle_sova
pso_n84_k9_h04_s47,pso,84,9,4,47,91.98167687212865,169.77981368087458,164.02704457664785,1528.018323127871,21.39088079985231,19.116832499857992,2677.0856803705533,84,11700.0,9,True,True,True,True,True,,,,11700.0,11700.0,,47,47,40.5077132997103,19.125627599889413,
aco_n84_k9_h11_s47,aco,84,9,11,47,167.4748831124154,161.39167965417607,145.39172314781234,1452.5251168875843,18.879699300043285,33.37455690000206,3583.8941010925514,84,11700.0,9,True,True,True,True,True,,,,11700.0,11700.0,,47,47,52.25425620004535,33.37635809998028,
ga_n84_k9_h11_s47,ga,84,9,11,47,176.3568162662757,160.40479819263604,148.7694573873481,1443.6431837337243,18.879699300043285,25.661792100174356,2951.468956490713,84,11700.0,9,True,True,True,True,True,,,,11700.0,11700.0,,47,47,44.54149140021764,25.672721300041303,
nn_n84_k9_h11_s47,nn,84,9,11,47,195.0335022428332,158.32961086190744,146.25733921634844,1424.966497757167,18.879699300043285,0.3402505000121891,3135.904793881736,84,11700.0,9,True,True,True,True,True,,,,11700.0,11700.0,,47,47,19.219949800055478,0.3402737001888454,
proposed_n84_k9_h11_s47,proposed,84,9,11,47,158.004117287836,162.44398696801824,149.32257406543118,1461.995882712164,15.453897099941967,2330.9393566998187,3240.739309062224,84,11700.0,9,True,True,True,True,True,False,64.0,False,11700.0,11700.0,,47,47,2346.3932537997607,2330.939489299897,dual_labeled_canonical_bundle_sova
pso_n84_k9_h11_s47,pso,84,9,11,47,184.0217902380137,159.55313441799848,147.19021714732338,1435.9782097619864,18.879699300043285,18.47755299997516,3133.7981460980814,84,11700.0,9,True,True,True,True,True,,,,11700.0,11700.0,,47,47,37.357252300018445,18.48538610013202,
aco_n84_k9_h19_s47,aco,84,9,19,47,109.20010567327137,167.86665492519208,158.92150425184755,1510.7998943267287,21.83801289997064,36.132917100097984,2758.734639531593,84,11700.0,9,True,True,True,True,True,,,,11700.0,11700.0,,47,47,57.97093000006862,36.13450479996391,
ga_n84_k9_h19_s47,ga,84,9,19,47,113.4294601577495,167.39672664913894,159.6452855124812,1506.5705398422506,21.83801289997064,35.82295250007883,2853.293050935411,84,11700.0,9,True,True,True,True,True,,,,11700.0,11700.0,,47,47,57.66096540004946,35.83473020000383,
nn_n84_k9_h19_s47,nn,84,9,19,47,128.8271410242671,165.6858732195259,158.53217521900189,1491.1728589757329,21.83801289997064,0.406692000105977,3289.8202291487,84,11700.0,9,True,True,True,True,True,,,,11700.0,11700.0,,47,47,22.244704900076613,0.406730999937281,
proposed_n84_k9_h19_s47,proposed,84,9,19,47,101.28152147583778,168.7464976137958,159.3507805206386,1518.7184785241625,15.495387400034817,1489.794811300002,2655.029982873499,84,11700.0,9,True,True,True,True,True,False,61.0,True,11700.0,11700.0,,47,47,1505.2901987000369,1489.794921200024,dual_labeled_canonical_bundle_sova
pso_n84_k9_h19_s47,pso,84,9,19,47,124.75482699633656,166.1383525559626,158.53217521900189,1495.2451730036637,21.83801289997064,21.2741322000511,3272.1597242175067,84,11700.0,9,True,True,True,True,True,,,,11700.0,11700.0,,47,47,43.112145100021735,21.28041210002266,
aco_n84_k9_h04_s57,aco,84,9,4,57,81.07832443303917,170.99129728521788,160.83631016872812,1538.9216755669609,23.23955070017837,34.45159179996699,2725.255027328918,84,11700.0,9,True,True,True,True,True,,,,11700.0,11700.0,,57,57,57.69114250014536,34.45456690015271,
ga_n84_k9_h04_s57,ga,84,9,4,57,84.35822322736865,170.62686408584793,163.30426933327877,1535.6417767726314,23.23955070017837,45.09504560008645,2640.814592668573,84,11700.0,9,True,True,True,True,True,,,,11700.0,11700.0,,57,57,68.33459630026482,45.11034839996137,
nn_n84_k9_h04_s57,nn,84,9,4,57,101.53091500089238,168.71878722212307,161.92293159236124,1518.4690849991075,23.23955070017837,0.3452351000159979,2862.359261466727,84,11700.0,9,True,True,True,True,True,,,,11700.0,11700.0,,57,57,23.584785800194368,0.3452593002002686,
proposed_n84_k9_h04_s57,proposed,84,9,4,57,75.9472927030918,171.5614119218787,163.7867365419739,1544.0527072969082,16.45306339999661,2000.0620975999627,2944.2080853558223,84,11700.0,9,True,True,True,True,True,False,64.0,False,11700.0,11700.0,,57,57,2016.51516099996,2000.062194100116,dual_labeled_canonical_bundle_sova
pso_n84_k9_h04_s57,pso,84,9,4,57,96.06876027213204,169.32569330309644,162.6744114209988,1523.931239727868,23.23955070017837,19.312191399978477,2810.4443888778355,84,11700.0,9,True,True,True,True,True,,,,11700.0,11700.0,,57,57,42.55174210015685,19.320981899974868,
aco_n84_k9_h11_s57,aco,84,9,11,57,166.26157681528392,161.52649146496844,144.55663798515343,1453.738423184716,21.402995799900964,36.886836800025776,3910.7665689082223,84,11700.0,9,True,True,True,True,True,,,,11700.0,11700.0,,57,57,58.28983259992674,36.88929910003208,
ga_n84_k9_h11_s57,ga,84,9,11,57,176.59268068532802,160.3785910349635,146.77015099483742,1443.407319314672,21.402995799900964,30.06474180007353,3084.201490311512,84,11700.0,9,True,True,True,True,True,,,,11700.0,11700.0,,57,57,51.4677375999745,30.072655000025406,
nn_n84_k9_h11_s57,nn,84,9,11,57,197.0293093315917,158.10785451871206,143.3267531803885,1422.9706906684085,21.402995799900964,0.3317334000021219,3474.0990891535707,84,11700.0,9,True,True,True,True,True,,,,11700.0,11700.0,,57,57,21.73472919990309,0.3317569000646472,
proposed_n84_k9_h11_s57,proposed,84,9,11,57,157.8256991557594,162.46381120491563,148.45215860749352,1462.1743008442406,15.560204399982467,3125.906732500065,3507.3669415308,84,11700.0,9,True,True,True,True,True,False,64.0,False,11700.0,11700.0,,57,57,3141.466936900048,3125.906823999947,dual_labeled_canonical_bundle_sova
pso_n84_k9_h11_s57,pso,84,9,11,57,186.34487864117972,159.29501348431336,144.36859882356015,1433.6551213588202,21.402995799900964,22.72990130004473,3477.51008608501,84,11700.0,9,True,True,True,True,True,,,,11700.0,11700.0,,57,57,44.132897099945694,22.736653900006782,
aco_n84_k9_h19_s57,aco,84,9,19,57,108.70001688020304,167.9222203466441,159.99602498697342,1511.299983119797,20.24448990006931,33.30156819988042,2409.897146393552,84,11700.0,9,True,True,True,True,True,,,,11700.0,11700.0,,57,57,53.54605809994973,33.30416229995899,
ga_n84_k9_h19_s57,ga,84,9,19,57,113.96341551259458,167.3373982763784,155.50143574419675,1506.0365844874054,20.24448990006931,40.2670530998148,3143.951070579164,84,11700.0,9,True,True,True,True,True,,,,11700.0,11700.0,,57,57,60.511542999884114,40.27843649988063,
nn_n84_k9_h19_s57,nn,84,9,19,57,133.18432851454045,165.20174127616215,157.00261443545986,1486.8156714854597,20.24448990006931,0.3513175998814404,3243.9336062442267,84,11700.0,9,True,True,True,True,True,,,,11700.0,11700.0,,57,57,20.59580749995075,0.3513526001479476,
proposed_n84_k9_h19_s57,proposed,84,9,19,57,99.95199964474526,168.89422226169498,156.69669185468163,1520.0480003552548,15.589392999885604,3339.728701299988,2831.552640364384,84,11700.0,9,True,True,True,True,True,False,64.0,False,11700.0,11700.0,,57,57,3355.3180942998733,3339.7287955000065,dual_labeled_canonical_bundle_sova
pso_n84_k9_h19_s57,pso,84,9,19,57,130.4479293465371,165.50578562816253,157.00261443545986,1489.5520706534628,20.24448990006931,21.90041170013137,2881.459519622875,84,11700.0,9,True,True,True,True,True,,,,11700.0,11700.0,,57,57,42.14490160020068,21.90964960004203,
aco_n84_k9_h04_s67,aco,84,9,4,67,79.821382883869,171.13095745734788,161.77678922569672,1540.178617116131,22.37323449994437,35.88189739990048,2756.7412823623863,84,11700.0,9,True,True,True,True,True,,,,11700.0,11700.0,,67,67,58.255131899844855,35.88442719983868,
ga_n84_k9_h04_s67,ga,84,9,4,67,83.84014805114747,170.68442799431693,163.51229304858956,1536.1598519488523,22.37323449994437,36.39941169996746,2559.246168989964,84,11700.0,9,True,True,True,True,True,,,,11700.0,11700.0,,67,67,58.77264619991183,36.41126840002835,
nn_n84_k9_h04_s67,nn,84,9,4,67,102.26123907376753,168.63764010291473,157.1930476081458,1517.7387609262323,22.37323449994437,0.3365146999713033,3005.689449360073,84,11700.0,9,True,True,True,True,True,,,,11700.0,11700.0,,67,67,22.70974919991568,0.3365484001114964,
proposed_n84_k9_h04_s67,proposed,84,9,4,67,78.33139333606357,171.29651185154847,160.11466708498867,1541.6686066639363,16.36686860001646,3254.10971920006,3296.0044441269424,84,11700.0,9,True,True,True,True,True,False,64.0,False,11700.0,11700.0,,67,67,3270.476587800076,3254.109876900213,dual_labeled_canonical_bundle_sova
pso_n84_k9_h04_s67,pso,84,9,4,67,98.2322592290908,169.08530453010104,157.7344839842067,1521.7677407709093,22.37323449994437,21.557005899958316,2958.519116891587,84,11700.0,9,True,True,True,True,True,,,,11700.0,11700.0,,67,67,43.93024039990269,21.56603770004585,
aco_n84_k9_h11_s67,aco,84,9,11,67,171.18404233363833,160.97955085181798,145.84456080853724,1448.8159576663618,19.41554280021228,32.51781239989214,3940.544414874098,84,11700.0,9,True,True,True,True,True,,,,11700.0,11700.0,,67,67,51.933355200104415,32.52065340010449,
ga_n84_k9_h11_s67,ga,84,9,11,67,173.14709533023756,160.76143385219584,149.74727782653736,1446.8529046697624,19.41554280021228,26.66278630006127,3031.743311033568,84,11700.0,9,True,True,True,True,True,,,,11700.0,11700.0,,67,67,46.07832910027355,26.67052650009282,
nn_n84_k9_h11_s67,nn,84,9,11,67,194.4516686988459,158.39425903346157,142.7702034024628,1425.548331301154,19.41554280021228,0.3034298000857234,3453.758331427134,84,11700.0,9,True,True,True,True,True,,,,11700.0,11700.0,,67,67,19.718972600298,0.3034527997951954,
proposed_n84_k9_h11_s67,proposed,84,9,11,67,174.3321145350765,160.62976505165818,146.2166152586704,1445.6678854649235,15.34803849994205,581.0063442999963,3244.080899214712,84,11700.0,9,True,True,True,True,True,False,64.0,False,11700.0,11700.0,,67,67,596.3543827999383,581.0064429000486,dual_labeled_canonical_bundle_sova
pso_n84_k9_h11_s67,pso,84,9,11,67,189.65968152217704,158.92670205309145,144.05013096865764,1430.340318477823,19.41554280021228,16.64075560006313,3462.485159269345,84,11700.0,9,True,True,True,True,True,,,,11700.0,11700.0,,67,67,36.05629840027541,16.64861960010603,
aco_n84_k9_h19_s67,aco,84,9,19,67,109.43034202284342,167.84107310857294,151.79216151283904,1510.5696579771566,19.79917209991254,32.06075489986688,2902.195140656778,84,11700.0,9,True,True,True,True,True,,,,11700.0,11700.0,,67,67,51.85992699977942,32.06238829996437,
ga_n84_k9_h19_s67,ga,84,9,19,67,114.55343963173368,167.27184004091848,156.76084845925368,1505.4465603682663,19.79917209991254,32.523746100021526,3329.571144783626,84,11700.0,9,True,True,True,True,True,,,,11700.0,11700.0,,67,67,52.32291819993407,32.53396030003205,
nn_n84_k9_h19_s67,nn,84,9,19,67,132.93566205588067,165.22937088267994,156.98721461760255,1487.0643379441194,19.79917209991254,0.3784670999739319,3243.9336062442267,84,11700.0,9,True,True,True,True,True,,,,11700.0,11700.0,,67,67,20.17763919988647,0.3784960999619216,
proposed_n84_k9_h19_s67,proposed,84,9,19,67,100.427142448635,168.84142861681832,157.79112451923328,1519.572857551365,15.597854100167751,9197.936047399882,2951.552640364384,84,11700.0,9,True,True,True,True,True,False,64.0,False,11700.0,11700.0,,67,67,9213.53390150005,9197.936140800128,dual_labeled_canonical_bundle_sova
pso_n84_k9_h19_s67,pso,84,9,19,67,124.32170519938414,166.18647720006842,154.61285790444185,1495.6782948006155,19.79917209991254,17.611591699998826,3362.2596446868515,84,11700.0,9,True,True,True,True,True,,,,11700.0,11700.0,,67,67,37.410763799911365,17.61950369994156,
aco_n84_k9_h04_s77,aco,84,9,4,77,79.63502869087267,171.1516634787919,160.41646752963172,1540.3649713091272,20.427560300100595,31.04073189990595,2692.723220217049,84,11700.0,9,True,True,True,True,True,,,,11700.0,11700.0,,77,77,51.46829220000655,31.043159999884665,
ga_n84_k9_h04_s77,ga,84,9,4,77,85.94680539643146,170.45035495595206,163.86406791280638,1534.0531946035685,20.427560300100595,23.42700569983572,2980.256732896942,84,11700.0,9,True,True,True,True,True,,,,11700.0,11700.0,,77,77,43.85456599993631,23.435299600008875,
nn_n84_k9_h04_s77,nn,84,9,4,77,95.3758021331176,169.40268865187582,163.81154698077847,1524.6241978668825,20.427560300100595,0.3088238998316228,2901.299977208235,84,11700.0,9,True,True,True,True,True,,,,11700.0,11700.0,,77,77,20.736384199932218,0.3088531999383122,
proposed_n84_k9_h04_s77,proposed,84,9,4,77,77.99772380012001,171.3335862444311,163.62405788805836,1542.00227619988,15.948654300067574,9102.85547770001,3234.828569970853,84,11700.0,9,True,True,True,True,True,False,64.0,False,11700.0,11700.0,,77,77,9118.804132000078,9102.855579700088,dual_labeled_canonical_bundle_sova
pso_n84_k9_h04_s77,pso,84,9,4,77,91.26545951448776,169.85939338727914,162.38182257505005,1528.7345404855123,20.427560300100595,17.48049940005876,2883.7207616721103,84,11700.0,9,True,True,True,True,True,,,,11700.0,11700.0,,77,77,37.90805970015936,17.488382099894807,
aco_n84_k9_h11_s77,aco,84,9,11,77,159.00598139833795,162.332668733518,146.11286225767617,1460.994018601662,20.033304600045085,31.923116400139406,4163.657209570798,84,11700.0,9,True,True,True,True,True,,,,11700.0,11700.0,,77,77,51.95642100018449,31.925273099914197,
ga_n84_k9_h11_s77,ga,84,9,11,77,177.9322599130421,160.22974889855087,134.39919389904958,1442.067740086958,20.033304600045085,36.79357660003007,4530.088960502147,84,11700.0,9,True,True,True,True,True,,,,11700.0,11700.0,,77,77,56.82688120007515,36.80512259993702,
nn_n84_k9_h11_s77,nn,84,9,11,77,217.58316253017344,155.82409305220295,135.48928408873792,1402.4168374698263,20.033304600045085,0.3355699002277106,3995.584339482509,84,11700.0,9,True,True,True,True,True,,,,11700.0,11700.0,,77,77,20.3688745002728,0.3355926999356597,
proposed_n84_k9_h11_s77,proposed,84,9,11,77,161.87537781674942,162.01384690925008,149.07713319676674,1458.1246221832507,14.955255500040948,7825.287424000213,3501.593200727614,84,11700.0,9,True,True,True,True,True,False,64.0,False,11700.0,11700.0,,77,77,7840.242679500254,7825.287524400046,dual_labeled_canonical_bundle_sova
pso_n84_k9_h11_s77,pso,84,9,11,77,211.2627089766007,156.5263656692666,148.17789058676289,1408.7372910233994,20.033304600045085,18.266859099967405,3063.783137938327,84,11700.0,9,True,True,True,True,True,,,,11700.0,11700.0,,77,77,38.30016370001249,18.27520740008913,
aco_n84_k9_h19_s77,aco,84,9,19,77,107.9824633661036,168.0019485148774,154.9651315672882,1512.0175366338965,19.970263400115076,33.4538356999401,3467.741909325679,84,11700.0,9,True,True,True,True,True,,,,11700.0,11700.0,,77,77,53.42409910005517,33.45563449990004,
ga_n84_k9_h19_s77,ga,84,9,19,77,124.04142311739558,166.2176196536227,158.1792939491209,1495.9585768826043,19.970263400115076,26.42995579983108,2908.680933099597,84,11700.0,9,True,True,True,True,True,,,,11700.0,11700.0,,77,77,46.40021919994615,26.439773800084367,
nn_n84_k9_h19_s77,nn,84,9,19,77,135.08291001215505,164.99078777642725,156.85035393000925,1484.917089987845,19.970263400115076,0.3308548000641167,3012.6052337485603,84,11700.0,9,True,True,True,True,True,,,,11700.0,11700.0,,77,77,20.30111820017919,0.3308899998664856,
proposed_n84_k9_h19_s77,proposed,84,9,19,77,99.50519410324164,168.94386732186206,156.70795015448653,1520.4948058967584,17.15736939990893,2907.238753600046,2827.6589944295465,84,11700.0,9,True,True,True,True,True,False,56.0,True,11700.0,11700.0,,77,77,2924.396122999955,2907.2388597999234,dual_labeled_canonical_bundle_sova
pso_n84_k9_h19_s77,pso,84,9,19,77,131.14177794392472,165.4286913395639,157.05710796000704,1488.8582220560752,19.970263400115076,17.42421800014563,2936.7435467955074,84,11700.0,9,True,True,True,True,True,,,,11700.0,11700.0,,77,77,37.3944814002607,17.431193799944595,
aco_n84_k9_h04_s87,aco,84,9,4,87,80.88177384226509,171.01313623974832,161.6408770872162,1539.1182261577349,19.392770199803635,29.11904320004396,2891.084308814753,84,11700.0,9,True,True,True,True,True,,,,11700.0,11700.0,,87,87,48.5118133998476,29.12090729991905,
ga_n84_k9_h04_s87,ga,84,9,4,87,82.67606203534838,170.8137708849613,163.7254880137596,1537.3239379646516,19.392770199803635,25.77318020001985,2667.294793187209,84,11700.0,9,True,True,True,True,True,,,,11700.0,11700.0,,87,87,45.16595039982349,25.78065890003927,
nn_n84_k9_h04_s87,nn,84,9,4,87,100.13337912575192,168.87406898602757,159.16017647843694,1519.8666208742482,19.392770199803635,0.3250321999657899,3402.4898880800624,84,11700.0,9,True,True,True,True,True,,,,11700.0,11700.0,,87,87,19.717802399769425,0.325094599975273,
proposed_n84_k9_h04_s87,proposed,84,9,4,87,76.46788471359204,171.50356836515644,160.52852746483214,1543.532115286408,15.784659900004044,5925.826130400179,3050.3655618918788,84,11700.0,9,True,True,True,True,True,False,64.0,False,11700.0,11700.0,,87,87,5941.610790300183,5925.826241299976,dual_labeled_canonical_bundle_sova
pso_n84_k9_h04_s87,pso,84,9,4,87,96.04749655388724,169.32805593845697,167.16570365993337,1523.9525034461128,19.392770199803635,15.96706400020048,2785.483008058217,84,11700.0,9,True,True,True,True,True,,,,11700.0,11700.0,,87,87,35.35983420000412,15.973072199849412,
aco_n84_k9_h11_s87,aco,84,9,11,87,164.6193319238744,161.70896311956952,151.55528597650448,1455.3806680761256,18.43527859984897,29.77796939993277,2733.180806225568,84,11700.0,9,True,True,True,True,True,,,,11700.0,11700.0,,87,87,48.21324799978174,29.78062510001473,
ga_n84_k9_h11_s87,ga,84,9,11,87,177.6506101534869,160.26104331627923,146.5454434393868,1442.349389846513,18.43527859984897,22.14940549992025,3658.729877219727,84,11700.0,9,True,True,True,True,True,,,,11700.0,11700.0,,87,87,40.58468409976922,22.159571999916807,
nn_n84_k9_h11_s87,nn,84,9,11,87,201.10466508256076,157.6550372130488,147.69549476525415,1418.8953349174392,18.43527859984897,0.253907399950549,3479.664232937604,84,11700.0,9,True,True,True,True,True,,,,11700.0,11700.0,,87,87,18.68918599979952,0.2539275998715311,
proposed_n84_k9_h11_s87,proposed,84,9,11,87,158.84956093362754,162.3500487851525,146.55830257492156,1461.1504390663724,15.082367799943311,15099.896920900092,3484.564344917273,84,11700.0,9,True,True,True,True,True,False,64.0,False,11700.0,11700.0,,87,87,15114.979288700037,15099.89702849998,dual_labeled_canonical_bundle_sova
pso_n84_k9_h11_s87,pso,84,9,11,87,191.55502924464227,158.71610786170643,149.05886165922425,1428.444970755358,18.43527859984897,18.139109499985352,3424.52444069704,84,11700.0,9,True,True,True,True,True,,,,11700.0,11700.0,,87,87,36.57438809983432,18.14800569997169,
aco_n84_k9_h19_s87,aco,84,9,19,87,106.92951423295526,168.11894286300495,155.47258284931164,1513.0704857670448,18.720174200134352,28.756719699827958,3570.448203089697,84,11700.0,9,True,True,True,True,True,,,,11700.0,11700.0,,87,87,47.47689389996231,28.758549500023943,
ga_n84_k9_h19_s87,ga,84,9,19,87,113.1453448327593,167.4282950185823,157.8947090357824,1506.8546551672407,18.720174200134352,23.316560100065544,3153.1171842650583,84,11700.0,9,True,True,True,True,True,,,,11700.0,11700.0,,87,87,42.036734300199896,23.32511890004389,
nn_n84_k9_h19_s87,nn,84,9,19,87,132.1507684554637,165.31658128272625,158.70981711597315,1487.8492315445362,18.720174200134352,0.2717805998399853,3289.8202291487,84,11700.0,9,True,True,True,True,True,,,,11700.0,11700.0,,87,87,18.991954799974337,0.2718016998842358,
proposed_n84_k9_h19_s87,proposed,84,9,19,87,100.68502566262828,168.81277492637463,158.72701379928105,1519.3149743373715,15.352447000099346,2265.0938204000704,2761.807872333348,84,11700.0,9,True,True,True,True,True,False,63.0,False,11700.0,11700.0,,87,87,2280.4462674001697,2265.0939000998624,dual_labeled_canonical_bundle_sova
pso_n84_k9_h19_s87,pso,84,9,19,87,124.96680834121324,166.11479907319853,161.05752152432498,1495.0331916587868,18.720174200134352,15.66824909998104,3482.2596446868515,84,11700.0,9,True,True,True,True,True,,,,11700.0,11700.0,,87,87,34.38842330011539,15.6761427000165,
aco_n84_k9_h04_s97,aco,84,9,4,97,81.31197974725117,170.96533558363876,161.10253469886135,1538.6880202527489,20.17386139999144,29.177966699935496,2988.668000901466,84,11700.0,9,True,True,True,True,True,,,,11700.0,11700.0,,97,97,49.35182809992693,29.18049279996194,
ga_n84_k9_h04_s97,ga,84,9,4,97,84.99927529890516,170.55563607789944,165.35396272495177,1535.000724701095,20.17386139999144,27.898621800122783,2885.8403434833317,84,11700.0,9,True,True,True,True,True,,,,11700.0,11700.0,,97,97,48.07248320011422,27.91274209995754,
nn_n84_k9_h04_s97,nn,84,9,4,97,100.81268125782977,168.79859097135224,161.3702204033832,1519.1873187421702,20.17386139999144,0.3267113000620156,2808.1142642042923,84,11700.0,9,True,True,True,True,True,,,,11700.0,11700.0,,97,97,20.500572700053453,0.326734900008887,
proposed_n84_k9_h04_s97,proposed,84,9,4,97,76.68628390267408,171.47930178859175,163.90100183767265,1543.3137160973258,16.138087900122628,8426.959542900091,2670.085840161761,84,11700.0,9,True,True,True,True,True,False,64.0,False,11700.0,11700.0,,97,97,8443.097630800214,8426.959640300134,dual_labeled_canonical_bundle_sova
pso_n84_k9_h04_s97,pso,84,9,4,97,95.31942688719144,169.40895256808983,161.8159492547872,1524.6805731128086,20.17386139999144,19.576946000102907,3303.361930246741,84,11700.0,9,True,True,True,True,True,,,,11700.0,11700.0,,97,97,39.750807400094345,19.587216699961573,
aco_n84_k9_h11_s97,aco,84,9,11,97,160.57468687127863,162.1583681254135,150.30947488694082,1459.4253131287214,18.562472600024197,29.46836240007542,3579.042159412953,84,11700.0,9,True,True,True,True,True,,,,11700.0,11700.0,,97,97,48.030835000099614,29.470399799989536,
ga_n84_k9_h11_s97,ga,84,9,11,97,171.8804370092841,160.9021736656351,147.82964353905135,1448.1195629907158,18.562472600024197,22.897701099980623,3694.131673134438,84,11700.0,9,True,True,True,True,True,,,,11700.0,11700.0,,97,97,41.460173700004816,22.90769819985144,
nn_n84_k9_h11_s97,nn,84,9,11,97,191.4482641889172,158.72797064567587,148.52603670153712,1428.5517358110828,18.562472600024197,0.2718730999622494,3397.78131124623,84,11700.0,9,True,True,True,True,True,,,,11700.0,11700.0,,97,97,18.834345699986443,0.2718955997843295,
proposed_n84_k9_h11_s97,proposed,84,9,11,97,155.30272630732105,162.74414152140878,150.27146810066307,1464.697273692679,14.884116600034758,7278.787079399917,3287.0152362938634,84,11700.0,9,True,True,True,True,True,False,64.0,False,11700.0,11700.0,,97,97,7293.671195999952,7278.787206399953,dual_labeled_canonical_bundle_sova
pso_n84_k9_h11_s97,pso,84,9,11,97,181.654624169172,159.816152870092,149.94734852000946,1438.345375830828,18.562472600024197,17.846239400096238,3254.898812908957,84,11700.0,9,True,True,True,True,True,,,,11700.0,11700.0,,97,97,36.40871200012043,17.853783200029284,
aco_n84_k9_h19_s97,aco,84,9,19,97,108.13533244453794,167.98496306171802,158.18864004111452,1511.864667555462,19.02303900010884,30.27348800003529,3281.7718511644207,84,11700.0,9,True,True,True,True,True,,,,11700.0,11700.0,,97,97,49.29652700014413,30.27523269993253,
ga_n84_k9_h19_s97,ga,84,9,19,97,118.49880130808316,166.8334665213241,161.4182186458459,1501.501198691917,19.02303900010884,29.13599579990841,3046.1883352020805,84,11700.0,9,True,True,True,True,True,,,,11700.0,11700.0,,97,97,48.15903480001725,29.14547179988585,
nn_n84_k9_h19_s97,nn,84,9,19,97,136.98358024705368,164.77960219477183,157.40538034436076,1483.0164197529464,19.02303900010884,0.3638066998682916,3243.9336062442267,84,11700.0,9,True,True,True,True,True,,,,11700.0,11700.0,,97,97,19.38684569997713,0.3638480000663548,
proposed_n84_k9_h19_s97,proposed,84,9,19,97,100.79819984608255,168.80020001710193,157.9679547284018,1519.2018001539177,16.407292400021106,2691.7362300998066,2646.876514379388,84,11700.0,9,True,True,True,True,True,False,64.0,False,11700.0,11700.0,,97,97,2708.143522499828,2691.7364274000283,dual_labeled_canonical_bundle_sova
pso_n84_k9_h19_s97,pso,84,9,19,97,129.4576936404637,165.61581181772624,154.50468422154984,1490.5423063595365,19.02303900010884,17.524272799957544,2987.4999449870943,84,11700.0,9,True,True,True,True,True,,,,11700.0,11700.0,,97,97,36.54731180006638,17.53091029985808,
aco_n84_k10_h04_s7,aco,84,10,4,7,82.49199209811152,171.75080079018886,159.9589874969366,1717.5080079018885,14.745866100070998,24.126958400011063,2647.8457589078207,84,11700.0,10,True,True,True,True,True,,,,11700.0,11700.0,h04/k10/hourly.csv,7,7,38.87282450008206,24.126958400011063,
ga_n84_k10_h04_s7,ga,84,10,4,7,89.84409729316225,171.01559027068376,163.78973461606182,1710.1559027068377,14.745866100070998,18.55109880003147,2710.279737431813,84,11700.0,10,True,True,True,True,True,,,,11700.0,11700.0,h04/k10/hourly.csv,7,7,33.296964900102466,18.55109880003147,
nn_n84_k10_h04_s7,nn,84,10,4,7,103.7544070999368,169.62455929000632,159.54545620349245,1696.2455929000632,14.745866100070998,0.2378545999526977,3419.821360620862,84,11700.0,10,True,True,True,True,True,,,,11700.0,11700.0,h04/k10/hourly.csv,7,7,14.983720700023696,0.2378545999526977,
proposed_n84_k10_h04_s7,proposed,84,10,4,7,81.20830220248354,171.87916977975163,159.04607012658542,1718.7916977975165,14.745866100070998,3486.5305320998887,3080.1441583747323,84,11700.0,10,True,True,True,True,True,False,63.0,True,11700.0,11700.0,h04/k10/hourly.csv,7,7,3501.27639819996,3486.5305320998887,
pso_n84_k10_h04_s7,pso,84,10,4,7,98.30218871607528,170.16978112839246,163.1239854217595,1701.6978112839247,14.745866100070998,12.305101900128648,2644.976133822147,84,11700.0,10,True,True,True,True,True,,,,11700.0,11700.0,h04/k10/hourly.csv,7,7,27.05096800019965,12.305101900128648,
aco_n84_k10_h11_s7,aco,84,10,11,7,167.9286942654579,163.2071305734542,145.5413822693425,1632.0713057345422,13.854414399946108,24.142320399871096,3759.0160416570952,84,11700.0,10,True,True,True,True,True,,,,11700.0,11700.0,h11/k10/hourly.csv,7,7,37.9967347998172,24.142320399871096,
ga_n84_k10_h11_s7,ga,84,10,11,7,179.05918338031944,162.09408166196806,141.72028368874464,1620.9408166196806,13.854414399946108,21.55732910009101,4456.5356055532775,84,11700.0,10,True,True,True,True,True,,,,11700.0,11700.0,h11/k10/hourly.csv,7,7,35.41174350003712,21.55732910009101,
nn_n84_k10_h11_s7,nn,84,10,11,7,207.10325274712528,159.28967472528748,145.78301676843856,1592.8967472528748,13.854414399946108,0.2502225998323411,2888.3030936974333,84,11700.0,10,True,True,True,True,True,,,,11700.0,11700.0,h11/k10/hourly.csv,7,7,14.10463699977845,0.2502225998323411,
proposed_n84_k10_h11_s7,proposed,84,10,11,7,158.60739592362938,164.13926040763707,149.69994270643076,1641.3926040763706,13.854414399946108,1794.037584300153,3585.550561597419,84,11700.0,10,True,True,True,True,True,False,64.0,False,11700.0,11700.0,h11/k10/hourly.csv,7,7,1807.891998700099,1794.037584300153,
pso_n84_k10_h11_s7,pso,84,10,11,7,198.5215109166004,160.14784890833997,139.46002163442162,1601.4784890833996,13.854414399946108,11.36527629988268,3737.9629081140047,84,11700.0,10,True,True,True,True,True,,,,11700.0,11700.0,h11/k10/hourly.csv,7,7,25.21969069982879,11.36527629988268,
aco_n84_k10_h19_s7,aco,84,10,19,7,107.9254794501688,169.20745205498312,155.24509253454517,1692.0745205498313,14.297043800004758,24.220638600061648,3499.705423390345,84,11700.0,10,True,True,True,True,True,,,,11700.0,11700.0,h19/k10/hourly.csv,7,7,38.517682400066406,24.220638600061648,
ga_n84_k10_h19_s7,ga,84,10,19,7,121.81612778878532,167.81838722112147,159.4744144209301,1678.1838722112147,14.297043800004758,18.18511989992112,2630.867359953087,84,11700.0,10,True,True,True,True,True,,,,11700.0,11700.0,h19/k10/hourly.csv,7,7,32.48216369992588,18.18511989992112,
nn_n84_k10_h19_s7,nn,84,10,19,7,133.25157379262507,166.67484262073748,156.79361035237577,1666.748426207375,14.297043800004758,0.2490704000229016,3243.9336062442267,84,11700.0,10,True,True,True,True,True,,,,11700.0,11700.0,h19/k10/hourly.csv,7,7,14.54611420002766,0.2490704000229016,
proposed_n84_k10_h19_s7,proposed,84,10,19,7,102.89497529922248,169.71050247007776,153.50622150142885,1697.1050247007774,14.297043800004758,1987.4486378000583,3182.865003632006,84,11700.0,10,True,True,True,True,True,False,59.0,True,11700.0,11700.0,h19/k10/hourly.csv,7,7,2001.745681600063,1987.4486378000583,
pso_n84_k10_h19_s7,pso,84,10,19,7,129.74184701149977,167.02581529885003,156.99927902276107,1670.2581529885003,14.297043800004758,11.346990499994718,3063.826086329762,84,11700.0,10,True,True,True,True,True,,,,11700.0,11700.0,h19/k10/hourly.csv,7,7,25.644034299999475,11.346990499994718,
aco_n84_k10_h04_s17,aco,84,10,4,17,82.32410475609458,171.76758952439053,163.69034658346203,1717.6758952439054,20.0207090000622,26.564489299897105,2711.1979796090736,84,11700.0,10,True,True,True,True,True,,,,11700.0,11700.0,,17,17,46.5851982999593,26.56653800001368,
ga_n84_k10_h04_s17,ga,84,10,4,17,81.08050098227525,171.89194990177248,163.27361457091712,1718.9194990177248,20.0207090000622,23.908985399873927,2602.108350585532,84,11700.0,10,True,True,True,True,True,,,,11700.0,11700.0,,17,17,43.929694399936125,23.919511300046,
nn_n84_k10_h04_s17,nn,84,10,4,17,102.5906291382134,169.74093708617866,159.87523779939508,1697.4093708617866,20.0207090000622,0.259652900043875,3262.2608656179427,84,11700.0,10,True,True,True,True,True,,,,11700.0,11700.0,,17,17,20.280361900106072,0.259709799895063,
proposed_n84_k10_h04_s17,proposed,84,10,4,17,79.84682060966286,172.0153179390337,161.167203606116,1720.153179390337,20.0207090000622,3649.05833619996,2784.4115268117503,84,11700.0,10,True,True,True,True,True,False,64.0,False,11700.0,11700.0,,17,17,3669.079045200022,3649.0584699998144,dual_labeled_canonical_bundle_sova
pso_n84_k10_h04_s17,pso,84,10,4,17,96.79234137206164,170.32076586279385,156.7554915916886,1703.2076586279384,20.0207090000622,16.70047829998657,3738.8449500774136,84,11700.0,10,True,True,True,True,True,,,,11700.0,11700.0,,17,17,36.72118730004877,16.70824189996347,
aco_n84_k10_h11_s17,aco,84,10,11,17,172.26306150769182,162.77369384923082,148.7245688002638,1627.736938492308,17.403827299829572,28.59059190005064,3657.475588224172,84,11700.0,10,True,True,True,True,True,,,,11700.0,11700.0,,17,17,45.99441919988021,28.592527099885046,
ga_n84_k10_h11_s17,ga,84,10,11,17,176.10287226195422,162.38971277380458,141.74598262930698,1623.8971277380458,17.403827299829572,25.11401060014032,4148.287302076782,84,11700.0,10,True,True,True,True,True,,,,11700.0,11700.0,,17,17,42.51783789996989,25.123084099963307,
nn_n84_k10_h11_s17,nn,84,10,11,17,210.26208670845435,158.97379132915458,143.870001961098,1589.7379132915455,17.403827299829572,0.3602120000869035,4272.4154574680815,84,11700.0,10,True,True,True,True,True,,,,11700.0,11700.0,,17,17,17.764039299916476,0.360278100008145,
proposed_n84_k10_h11_s17,proposed,84,10,11,17,168.39930389125018,163.16006961087498,146.94193198358832,1631.6006961087498,17.403827299829572,2215.273529999889,3667.360437565977,84,11700.0,10,True,True,True,True,True,False,62.0,False,11700.0,11700.0,,17,17,2232.677357299719,2215.273676299956,dual_labeled_canonical_bundle_sova
pso_n84_k10_h11_s17,pso,84,10,11,17,202.34206835158187,159.7657931648418,145.38506900616787,1597.657931648418,17.403827299829572,17.54529140004888,3525.9347487903624,84,11700.0,10,True,True,True,True,True,,,,11700.0,11700.0,,17,17,34.949118699878454,17.55199549999088,
aco_n84_k10_h19_s17,aco,84,10,19,17,108.74211685722662,169.12578831427734,155.8207184666773,1691.2578831427734,29.19456089986488,52.15775370015763,3286.331598461986,84,11700.0,10,True,True,True,True,True,,,,11700.0,11700.0,,17,17,81.35231460002251,52.1613359998446,
ga_n84_k10_h19_s17,ga,84,10,19,17,118.68005723410737,168.13199427658927,162.80323594540147,1681.3199427658926,29.19456089986488,37.99718659999781,2707.5861880274165,84,11700.0,10,True,True,True,True,True,,,,11700.0,11700.0,,17,17,67.19174749986269,38.0076375999488,
nn_n84_k10_h19_s17,nn,84,10,19,17,133.97871239526597,166.6021287604734,159.00977960497045,1666.021287604734,17.468906400026754,0.3201937999110669,3243.9336062442267,84,11700.0,10,True,True,True,True,True,,,,11700.0,11700.0,,17,17,17.78910019993782,0.3202149998396635,
proposed_n84_k10_h19_s17,proposed,84,10,19,17,101.4533542748152,169.8546645725185,158.5088383415522,1698.5466457251848,16.629318199818954,6165.742648599902,3008.05855533665,84,11700.0,10,True,True,True,True,True,False,64.0,False,11700.0,11700.0,,17,17,6182.371966799721,6165.742767199874,dual_labeled_canonical_bundle_sova
pso_n84_k10_h19_s17,pso,84,10,19,17,124.72319085165265,167.52768091483475,159.62819726330184,1675.2768091483474,29.19456089986488,30.672279099933803,2968.4056362836204,84,11700.0,10,True,True,True,True,True,,,,11700.0,11700.0,,17,17,59.866839999798685,30.681327300146226,
aco_n84_k10_h04_s27,aco,84,10,4,27,81.47337369951426,171.85266263004857,159.38298566316723,1718.5266263004858,23.009542299900204,35.52430230006576,2917.9957013746766,84,11700.0,10,True,True,True,True,True,,,,11700.0,11700.0,,27,27,58.53384459996596,35.52706049988046,
ga_n84_k10_h04_s27,ga,84,10,4,27,84.83913992945561,171.51608600705444,164.01410332747736,1715.1608600705445,23.009542299900204,35.84417159995064,2953.1404395579507,84,11700.0,10,True,True,True,True,True,,,,11700.0,11700.0,,27,27,58.853713899850845,35.858635399956256,
nn_n84_k10_h04_s27,nn,84,10,4,27,97.23882788841463,170.27611721115855,162.98629574924115,1702.7611721115854,23.009542299900204,0.3531798000913113,2644.9522755338185,84,11700.0,10,True,True,True,True,True,,,,11700.0,11700.0,,27,27,23.362722099991515,0.3532046000473201,
proposed_n84_k10_h04_s27,proposed,84,10,4,27,79.64694050166477,172.0353059498335,158.50331995171834,1720.3530594983351,17.671417500125244,7885.055103099905,3331.1904883838693,84,11700.0,10,True,True,True,True,True,False,64.0,False,11700.0,11700.0,,27,27,7902.72652060003,7885.055206899997,dual_labeled_canonical_bundle_sova
pso_n84_k10_h04_s27,pso,84,10,4,27,91.77972909463944,170.82202709053607,165.66229158839644,1708.2202709053606,23.009542299900204,18.577324299840257,2652.236632137164,84,11700.0,10,True,True,True,True,True,,,,11700.0,11700.0,,27,27,41.58686659974046,18.586120099993423,
aco_n84_k10_h11_s27,aco,84,10,11,27,166.70247849319352,163.32975215068063,146.82270573826997,1633.2975215068063,16.51814359985292,27.095310100121424,3293.635651192802,84,11700.0,10,True,True,True,True,True,,,,11700.0,11700.0,,27,27,43.61345369997434,27.097899100044742,
ga_n84_k10_h11_s27,ga,84,10,11,27,180.20912790334847,161.97908720966515,142.80637874046124,1619.7908720966516,16.51814359985292,28.721238299971446,3447.962473740785,84,11700.0,10,True,True,True,True,True,,,,11700.0,11700.0,,27,27,45.239381899824366,28.731441099895164,
nn_n84_k10_h11_s27,nn,84,10,11,27,200.99858584600955,159.90014141539905,146.21732848533176,1599.0014141539905,16.51814359985292,0.3453092998825013,2916.845513307661,84,11700.0,10,True,True,True,True,True,,,,11700.0,11700.0,,27,27,16.86345289973542,0.3453667000867426,
proposed_n84_k10_h11_s27,proposed,84,10,11,27,158.78518914779335,164.1214810852207,151.77993320861907,1641.2148108522067,16.51814359985292,3534.774623299949,3361.893210007095,84,11700.0,10,True,True,True,True,True,False,64.0,False,11700.0,11700.0,,27,27,3551.292766899802,3534.774737,dual_labeled_canonical_bundle_sova
pso_n84_k10_h11_s27,pso,84,10,11,27,190.62513442847,160.93748655715302,146.36179584612796,1609.37486557153,16.51814359985292,17.795083299977705,2909.3258126917794,84,11700.0,10,True,True,True,True,True,,,,11700.0,11700.0,,27,27,34.313226899830624,17.802232299931347,
aco_n84_k10_h19_s27,aco,84,10,19,27,108.51230490896276,169.14876950910372,155.78402242657106,1691.4876950910373,22.491205800091848,34.726077100029215,3274.348887248853,84,11700.0,10,True,True,True,True,True,,,,11700.0,11700.0,,27,27,57.21728290012106,34.7288308001589,
ga_n84_k10_h19_s27,ga,84,10,19,27,112.06366042601634,168.79363395739838,157.88728913510275,1687.9363395739838,22.491205800091848,36.713440800085664,2985.4942126561405,84,11700.0,10,True,True,True,True,True,,,,11700.0,11700.0,,27,27,59.20464660017751,36.72714060009457,
nn_n84_k10_h19_s27,nn,84,10,19,27,130.8286149421559,166.9171385057844,156.80659014150245,1669.1713850578442,22.491205800091848,0.3791563999839127,3067.732891000528,84,11700.0,10,True,True,True,True,True,,,,11700.0,11700.0,,27,27,22.87036220007576,0.3791953998152166,
proposed_n84_k10_h19_s27,proposed,84,10,19,27,101.68828452671612,169.83117154732838,153.9853787079219,1698.3117154732838,15.454339999938384,1793.0103379001375,2792.848531628049,84,11700.0,10,True,True,True,True,True,False,56.0,True,11700.0,11700.0,,27,27,1808.464677900076,1793.0104787000455,dual_labeled_canonical_bundle_sova
pso_n84_k10_h19_s27,pso,84,10,19,27,120.17543812334988,167.982456187665,156.80659014150245,1679.82456187665,22.491205800091848,21.79146880004555,3067.732891000528,84,11700.0,10,True,True,True,True,True,,,,11700.0,11700.0,,27,27,44.2826746001374,21.80178810004145,
aco_n84_k10_h04_s37,aco,84,10,4,37,81.88805562730082,171.81119443726993,164.98678699672726,1718.111944372699,20.948974899947643,34.74539769999683,2427.104096422088,84,11700.0,10,True,True,True,True,True,,,,11700.0,11700.0,,37,37,55.69437259994447,34.7481456999667,
ga_n84_k10_h04_s37,ga,84,10,4,37,83.62902024302497,171.6370979756975,164.73612645787114,1716.370979756975,20.948974899947643,47.41459639999084,2656.8514836705904,84,11700.0,10,True,True,True,True,True,,,,11700.0,11700.0,,37,37,68.36357129993849,47.428989900043234,
nn_n84_k10_h04_s37,nn,84,10,4,37,96.76086628491996,170.323913371508,157.9309812410646,1703.23913371508,20.948974899947643,0.4182416999246925,2797.488364520352,84,11700.0,10,True,True,True,True,True,,,,11700.0,11700.0,,37,37,21.367216599872336,0.4182682000100612,
proposed_n84_k10_h04_s37,proposed,84,10,4,37,77.94892774550469,172.20510722544955,159.83895136642911,1722.0510722544957,16.38489290000871,4389.093993599992,3242.206812723497,84,11700.0,10,True,True,True,True,True,False,64.0,False,11700.0,11700.0,,37,37,4405.478886500001,4389.094103300013,dual_labeled_canonical_bundle_sova
pso_n84_k10_h04_s37,pso,84,10,4,37,89.94513688151662,171.00548631184833,160.778285891432,1710.0548631184834,20.948974899947643,22.05900390003808,3013.396644114516,84,11700.0,10,True,True,True,True,True,,,,11700.0,11700.0,,37,37,43.00797879998572,22.068734399974343,
aco_n84_k10_h11_s37,aco,84,10,11,37,170.5266116691632,162.94733883308368,146.1067128708001,1629.4733883308368,22.227763899834827,38.500570100033656,3358.619228820264,84,11700.0,10,True,True,True,True,True,,,,11700.0,11700.0,,37,37,60.72833399986848,38.502715499838814,
ga_n84_k10_h11_s37,ga,84,10,11,37,174.43695158779133,162.55630484122088,145.55347897411744,1625.563048412209,22.227763899834827,44.05566119984724,3415.861561021558,84,11700.0,10,True,True,True,True,True,,,,11700.0,11700.0,,37,37,66.28342509968206,44.07570550008677,
nn_n84_k10_h11_s37,nn,84,10,11,37,207.6672236980059,159.2332776301994,147.46361879931118,1592.332776301994,22.227763899834827,0.480122199980542,3204.2735476488606,84,11700.0,10,True,True,True,True,True,,,,11700.0,11700.0,,37,37,22.70788609981537,0.4801642999518662,
proposed_n84_k10_h11_s37,proposed,84,10,11,37,163.69618554182625,163.63038144581736,144.85217418065147,1636.3038144581735,15.064299300080163,6728.111094400054,4254.152863666709,84,11700.0,10,True,True,True,True,True,False,64.0,False,11700.0,11700.0,,37,37,6743.175393700134,6728.111205399968,dual_labeled_canonical_bundle_sova
pso_n84_k10_h11_s37,pso,84,10,11,37,199.8860220344585,160.01139779655415,148.36196901116827,1600.1139779655414,22.227763899834827,26.678126299986616,3204.2735476488606,84,11700.0,10,True,True,True,True,True,,,,11700.0,11700.0,,37,37,48.90589019982144,26.68732289993204,
aco_n84_k10_h19_s37,aco,84,10,19,37,106.92254370066172,169.30774562993383,154.8160726762779,1693.0774562993383,21.31357969995588,33.57570059993304,3365.0015988428954,84,11700.0,10,True,True,True,True,True,,,,11700.0,11700.0,,37,37,54.88928029988893,33.578227000078186,
ga_n84_k10_h19_s37,ga,84,10,19,37,114.56719326040464,168.54328067395954,159.43732927428212,1685.4328067395954,21.31357969995588,34.316496500046924,2557.55967527934,84,11700.0,10,True,True,True,True,True,,,,11700.0,11700.0,,37,37,55.6300762000028,34.32597389980219,
nn_n84_k10_h19_s37,nn,84,10,19,37,132.97644483615963,166.70235551638405,154.4747706482474,1667.0235551638405,21.31357969995588,0.3963667000643909,3047.85614602155,84,11700.0,10,True,True,True,True,True,,,,11700.0,11700.0,,37,37,21.70994640002027,0.3964054998941719,
proposed_n84_k10_h19_s37,proposed,84,10,19,37,101.79430072168812,169.82056992783117,154.0173508823383,1698.2056992783118,15.48515500011854,9805.70900709997,3395.0820058681547,84,11700.0,10,True,True,True,True,True,False,64.0,False,11700.0,11700.0,,37,37,9821.194162100088,9805.709225000115,dual_labeled_canonical_bundle_sova
pso_n84_k10_h19_s37,pso,84,10,19,37,128.04167613632205,167.19583238636778,154.6743400876084,1671.9583238636778,21.31357969995588,21.738163399975747,3023.088793302039,84,11700.0,10,True,True,True,True,True,,,,11700.0,11700.0,,37,37,43.05174309993163,21.74653299991041,
aco_n84_k10_h04_s47,aco,84,10,4,47,82.04402851385184,171.79559714861483,161.27322751545918,1717.9559714861482,21.79420360014774,34.623796000145376,2506.1704433667637,84,11700.0,10,True,True,True,True,True,,,,11700.0,11700.0,,47,47,56.41799960029312,34.62642930005677,
ga_n84_k10_h04_s47,ga,84,10,4,47,85.12774409863759,171.48722559013623,165.67845124656588,1714.8722559013625,21.79420360014774,34.28479179996066,2652.9922027821945,84,11700.0,10,True,True,True,True,True,,,,11700.0,11700.0,,47,47,56.0789954001084,34.29569589998573,
nn_n84_k10_h04_s47,nn,84,10,4,47,101.10551197446948,169.88944880255306,163.94758407892903,1698.8944880255306,21.79420360014774,0.3995424997992813,2679.384730067586,84,11700.0,10,True,True,True,True,True,,,,11700.0,11700.0,,47,47,22.19374609994702,0.3995768998283893,
proposed_n84_k10_h04_s47,proposed,84,10,4,47,81.36699207950642,171.86330079204936,162.2488024360642,1718.6330079204936,16.28488210006617,3698.549575599842,2906.346025644577,84,11700.0,10,True,True,True,True,True,False,64.0,False,11700.0,11700.0,,47,47,3714.834457699908,3698.5496853999794,dual_labeled_canonical_bundle_sova
pso_n84_k10_h04_s47,pso,84,10,4,47,96.83064990127,170.31693500987302,161.05951196985967,1703.16935009873,21.79420360014774,22.450894500128925,3323.9909183313425,84,11700.0,10,True,True,True,True,True,,,,11700.0,11700.0,,47,47,44.24509810027666,22.457456700038165,
aco_n84_k10_h11_s47,aco,84,10,11,47,169.8610466288466,163.01389533711534,147.2022646461703,1630.138953371153,18.757258299971,31.71295229997486,3083.4068863444404,84,11700.0,10,True,True,True,True,True,,,,11700.0,11700.0,,47,47,50.47021059994586,31.71494900016114,
ga_n84_k10_h11_s47,ga,84,10,11,47,181.5316455417245,161.84683544582757,149.30823397094346,1618.4683544582756,18.757258299971,27.387783900136128,2903.6395074004704,84,11700.0,10,True,True,True,True,True,,,,11700.0,11700.0,,47,47,46.14504220010713,27.397937699919567,
nn_n84_k10_h11_s47,nn,84,10,11,47,197.75331331911036,160.22466866808898,145.73051313858875,1602.2466866808898,18.757258299971,0.3316007000394165,3161.219551548455,84,11700.0,10,True,True,True,True,True,,,,11700.0,11700.0,,47,47,19.088859000010416,0.3316232999786734,
proposed_n84_k10_h11_s47,proposed,84,10,11,47,162.79558801951816,163.72044119804818,147.47758136739702,1637.2044119804818,15.101958299987018,3140.7138181999326,3141.555859433393,84,11700.0,10,True,True,True,True,True,False,64.0,False,11700.0,11700.0,,47,47,3155.81577649992,3140.7139506000094,dual_labeled_canonical_bundle_sova
pso_n84_k10_h11_s47,pso,84,10,11,47,188.71592900469847,161.12840709953016,149.13302234107732,1611.2840709953016,18.757258299971,19.720458599971607,2946.35487166068,84,11700.0,10,True,True,True,True,True,,,,11700.0,11700.0,,47,47,38.47771689994261,19.72954829991795,
aco_n84_k10_h19_s47,aco,84,10,19,47,109.09737010445066,169.09026298955493,159.50762855919686,1690.9026298955494,21.82197459996678,36.77146529988386,2874.464377080763,84,11700.0,10,True,True,True,True,True,,,,11700.0,11700.0,,47,47,58.59343989985064,36.77399310003966,
ga_n84_k10_h19_s47,ga,84,10,19,47,116.705378419996,168.3294621580004,163.56098063428837,1683.294621580004,21.82197459996678,33.13559109997004,2590.178166008332,84,11700.0,10,True,True,True,True,True,,,,11700.0,11700.0,,47,47,54.95756569993682,33.14563739998266,
nn_n84_k10_h19_s47,nn,84,10,19,47,128.56892881831195,167.1431071181688,161.06528612339775,1671.431071181688,21.82197459996678,0.4272912999149412,3243.9336062442267,84,11700.0,10,True,True,True,True,True,,,,11700.0,11700.0,,47,47,22.24926589988172,0.4273288000840693,
proposed_n84_k10_h19_s47,proposed,84,10,19,47,102.4687209564135,169.75312790435865,158.0567706776645,1697.5312790435864,15.40849640010856,2949.2333992000204,2744.740501230864,84,11700.0,10,True,True,True,True,True,False,60.0,False,11700.0,11700.0,,47,47,2964.641895600129,2949.2334976999555,dual_labeled_canonical_bundle_sova
pso_n84_k10_h19_s47,pso,84,10,19,47,123.66916692294215,167.6330833077058,161.62921855413236,1676.3308330770578,21.82197459996678,20.10476960008964,3061.214301195409,84,11700.0,10,True,True,True,True,True,,,,11700.0,11700.0,,47,47,41.92674420005642,20.11157130007632,
aco_n84_k10_h04_s57,aco,84,10,4,57,81.48326082437907,171.8516739175621,159.98407644655563,1718.5167391756208,21.21195050003007,33.6051239001099,2688.8153728448387,84,11700.0,10,True,True,True,True,True,,,,11700.0,11700.0,,57,57,54.81707440013997,33.60757780005224,
ga_n84_k10_h04_s57,ga,84,10,4,57,83.46319361865719,171.6536806381343,164.82864897511405,1716.5368063813428,21.21195050003007,36.42664479999803,2619.7109205012234,84,11700.0,10,True,True,True,True,True,,,,11700.0,11700.0,,57,57,57.6385953000281,36.4430162999779,
nn_n84_k10_h04_s57,nn,84,10,4,57,98.60559890208778,170.13944010979122,161.92293159236124,1701.394401097912,21.21195050003007,0.3464675999712199,2862.359261466727,84,11700.0,10,True,True,True,True,True,,,,11700.0,11700.0,,57,57,21.55841810000129,0.3464937000535428,
proposed_n84_k10_h04_s57,proposed,84,10,4,57,75.77928074205812,172.4220719257942,160.6353166149612,1724.220719257942,16.602809299947694,2691.680842400063,3047.7230738333096,84,11700.0,10,True,True,True,True,True,False,64.0,False,11700.0,11700.0,,57,57,2708.2836517000105,2691.680971499998,dual_labeled_canonical_bundle_sova
pso_n84_k10_h04_s57,pso,84,10,4,57,92.27669533057592,170.7723304669424,164.51307241974632,1707.723304669424,21.21195050003007,21.74987539998256,2983.668294302576,84,11700.0,10,True,True,True,True,True,,,,11700.0,11700.0,,57,57,42.96182590001263,21.758768500061706,
aco_n84_k10_h11_s57,aco,84,10,11,57,165.4882507623046,163.45117492376954,150.62766157564107,1634.5117492376953,20.97052160021849,38.0025887999218,2831.216763148177,84,11700.0,10,True,True,True,True,True,,,,11700.0,11700.0,,57,57,58.973110400140285,38.00506869982928,
ga_n84_k10_h11_s57,ga,84,10,11,57,180.05799606676663,161.99420039332333,146.2320349260436,1619.9420039332333,20.97052160021849,31.66039189998992,3365.7642257572647,84,11700.0,10,True,True,True,True,True,,,,11700.0,11700.0,,57,57,52.63091350020841,31.672139500034973,
nn_n84_k10_h11_s57,nn,84,10,11,57,205.52793856396696,159.4472061436033,147.1089528420298,1594.472061436033,20.97052160021849,0.4321161000989377,2918.838085428247,84,11700.0,10,True,True,True,True,True,,,,11700.0,11700.0,,57,57,21.402637700317428,0.4321571001783013,
proposed_n84_k10_h11_s57,proposed,84,10,11,57,172.41133614983542,162.75886638501646,150.43883700071547,1627.5886638501645,15.55948739987798,1046.746794699924,3260.589974113962,84,11700.0,10,True,True,True,True,True,False,64.0,False,11700.0,11700.0,,57,57,1062.306282099802,1046.74689770001,dual_labeled_canonical_bundle_sova
pso_n84_k10_h11_s57,pso,84,10,11,57,197.3153226585229,160.26846773414772,140.99006524725826,1602.6846773414773,20.97052160021849,20.11220999993384,3783.640026084669,84,11700.0,10,True,True,True,True,True,,,,11700.0,11700.0,,57,57,41.08273160015233,20.118984900182117,
aco_n84_k10_h19_s57,aco,84,10,19,57,108.80878565454238,169.11912143454578,153.35791944431236,1691.1912143454576,21.51513359998353,35.5022921001073,2996.0944691292684,84,11700.0,10,True,True,True,True,True,,,,11700.0,11700.0,,57,57,57.017425700090826,35.50484069995582,
ga_n84_k10_h19_s57,ga,84,10,19,57,118.71802041079916,168.12819795892008,160.86784941866463,1681.2819795892008,21.51513359998353,30.32476789993234,2655.167761765,84,11700.0,10,True,True,True,True,True,,,,11700.0,11700.0,,57,57,51.83990149991587,30.333020700141788,
nn_n84_k10_h19_s57,nn,84,10,19,57,128.61627953158936,167.13837204684108,161.07232272070905,1671.3837204684107,21.51513359998353,0.3700803001411259,3243.9336062442267,84,11700.0,10,True,True,True,True,True,,,,11700.0,11700.0,,57,57,21.88521390012465,0.3701164000667631,
proposed_n84_k10_h19_s57,proposed,84,10,19,57,102.41163528014252,169.75883647198577,154.35362689086446,1697.5883647198575,15.963994899997488,1150.0871361000463,2934.399534392764,84,11700.0,10,True,True,True,True,True,False,64.0,False,11700.0,11700.0,,57,57,1166.0511310000438,1150.08724360005,dual_labeled_canonical_bundle_sova
pso_n84_k10_h19_s57,pso,84,10,19,57,124.1499121790406,167.58500878209594,161.73971097402875,1675.8500878209595,21.51513359998353,17.08810709998943,2968.4056362836204,84,11700.0,10,True,True,True,True,True,,,,11700.0,11700.0,,57,57,38.60324069997296,17.093417800031602,
aco_n84_k10_h04_s67,aco,84,10,4,67,81.03618256795308,171.8963817432047,159.02603939761383,1718.9638174320469,22.39887580019422,35.652715399861336,2816.365755720241,84,11700.0,10,True,True,True,True,True,,,,11700.0,11700.0,,67,67,58.05159120005556,35.65523410006426,
ga_n84_k10_h04_s67,ga,84,10,4,67,86.93429883963319,171.30657011603668,162.77801556500927,1713.0657011603669,22.39887580019422,32.44736920017749,2856.2131161258267,84,11700.0,10,True,True,True,True,True,,,,11700.0,11700.0,,67,67,54.84624500037171,32.459034100174904,
nn_n84_k10_h04_s67,nn,84,10,4,67,99.72087398258594,170.0279126017414,161.78058922217625,1700.279126017414,22.39887580019422,0.415633900091052,3005.689449360073,84,11700.0,10,True,True,True,True,True,,,,11700.0,11700.0,,67,67,22.81450970028527,0.4156592001672834,
proposed_n84_k10_h04_s67,proposed,84,10,4,67,76.14189110367887,172.3858108896321,160.39011610717765,1723.858108896321,16.455472799949348,1989.2619950000665,3176.0044441269424,84,11700.0,10,True,True,True,True,True,False,64.0,False,11700.0,11700.0,,67,67,2005.717467800016,1989.2621041999664,dual_labeled_canonical_bundle_sova
pso_n84_k10_h04_s67,pso,84,10,4,67,95.19842331513252,170.48015766848675,163.38787113780535,1704.8015766848675,22.39887580019422,23.135906500043347,2740.275140053794,84,11700.0,10,True,True,True,True,True,,,,11700.0,11700.0,,67,67,45.534782300237566,23.146461500087756,
aco_n84_k10_h11_s67,aco,84,10,11,67,171.2292055828153,162.87707944171848,150.69751193158237,1628.7707944171848,19.02643600013107,33.1304784999229,2809.0542237216923,84,11700.0,10,True,True,True,True,True,,,,11700.0,11700.0,,67,67,52.15691450005397,33.13242519996129,
ga_n84_k10_h11_s67,ga,84,10,11,67,178.4631694796485,162.15368305203515,146.64871919394338,1621.5368305203515,19.02643600013107,27.84083439991809,3412.475676642079,84,11700.0,10,True,True,True,True,True,,,,11700.0,11700.0,,67,67,46.867270400049165,27.848409899976104,
nn_n84_k10_h11_s67,nn,84,10,11,67,203.49447550790225,159.65055244920978,146.1001920771485,1596.5055244920975,19.02643600013107,0.371316900011152,3061.54055537898,84,11700.0,10,True,True,True,True,True,,,,11700.0,11700.0,,67,67,19.397752900142223,0.3713523000478744,
proposed_n84_k10_h11_s67,proposed,84,10,11,67,168.3892133642961,163.16107866357038,148.8578630526184,1631.6107866357038,14.889231099979952,2267.1399757000618,3155.0710171659425,84,11700.0,10,True,True,True,True,True,False,64.0,False,11700.0,11700.0,,67,67,2282.0292068000417,2267.140073700109,dual_labeled_canonical_bundle_sova
pso_n84_k10_h11_s67,pso,84,10,11,67,197.80650932781035,160.21934906721896,146.84794011590114,1602.1934906721897,19.02643600013107,19.516455200035125,2961.718396762497,84,11700.0,10,True,True,True,True,True,,,,11700.0,11700.0,,67,67,38.5428912001662,19.524383999872956,
aco_n84_k10_h19_s67,aco,84,10,19,67,106.43977997072426,169.35602200292757,158.51308728730288,1693.5602200292758,19.83612440014258,31.803350300062448,2926.805927057599,84,11700.0,10,True,True,True,True,True,,,,11700.0,11700.0,,67,67,51.63947470020503,31.80531009985134,
ga_n84_k10_h19_s67,ga,84,10,19,67,121.53179529335154,167.84682047066485,159.5287373556505,1678.4682047066483,19.83612440014258,29.17969879996963,2777.398175115773,84,11700.0,10,True,True,True,True,True,,,,11700.0,11700.0,,67,67,49.01582320011221,29.191145200049505,
nn_n84_k10_h19_s67,nn,84,10,19,67,134.94210735956423,166.5057892640436,156.98721461760255,1665.0578926404355,19.83612440014258,0.3979901999700814,3243.9336062442267,84,11700.0,10,True,True,True,True,True,,,,11700.0,11700.0,,67,67,20.23411460011266,0.3980264000128954,
proposed_n84_k10_h19_s67,proposed,84,10,19,67,101.50308564874864,169.84969143512515,152.86749638288063,1698.4969143512517,15.746309499954805,2471.210192400031,3153.2027653730133,84,11700.0,10,True,True,True,True,True,False,64.0,False,11700.0,11700.0,,67,67,2486.9565018999856,2471.21034780005,dual_labeled_canonical_bundle_sova
pso_n84_k10_h19_s67,pso,84,10,19,67,130.89851667843212,166.91014833215678,157.19600172460844,1669.101483321568,19.83612440014258,15.586941899964586,2848.25633770189,84,11700.0,10,True,True,True,True,True,,,,11700.0,11700.0,,67,67,35.423066300107166,15.59408830013126,
aco_n84_k10_h04_s77,aco,84,10,4,77,79.9225528651777,172.00774471348225,161.26497859138627,1720.0774471348225,20.529305499978364,32.97536649997346,2620.368211079434,84,11700.0,10,True,True,True,True,True,,,,11700.0,11700.0,,77,77,53.50467199995183,32.977621000027284,
ga_n84_k10_h04_s77,ga,84,10,4,77,83.64902306749184,171.63509769325083,161.29184175518282,1716.3509769325085,20.529305499978364,29.905884800013155,3141.544987137132,84,11700.0,10,True,True,True,True,True,,,,11700.0,11700.0,,77,77,50.43519029999152,29.91520519996993,
nn_n84_k10_h04_s77,nn,84,10,4,77,96.07967961906894,170.3920320380931,163.81154698077847,1703.9203203809311,20.529305499978364,0.293459199834615,2726.2051628626537,84,11700.0,10,True,True,True,True,True,,,,11700.0,11700.0,,77,77,20.82276469981298,0.293480500113219,
proposed_n84_k10_h04_s77,proposed,84,10,4,77,82.02095933321857,171.79790406667814,162.21399645807182,1717.9790406667814,16.17650179984048,3757.060833299998,3138.9950788555416,84,11700.0,10,True,True,True,True,True,False,64.0,False,11700.0,11700.0,,77,77,3773.237335099839,3757.060931800166,dual_labeled_canonical_bundle_sova
pso_n84_k10_h04_s77,pso,84,10,4,77,89.90356426880638,171.00964357311938,161.73453277447803,1710.0964357311937,20.529305499978364,20.52888090000488,3334.0915282298183,84,11700.0,10,True,True,True,True,True,,,,11700.0,11700.0,,77,77,41.05818639998324,20.53771029994823,
aco_n84_k10_h11_s77,aco,84,10,11,77,169.75897199992374,163.02410280000765,140.58030697087167,1630.2410280000763,19.90602680016309,36.75684889988042,4209.229157820292,84,11700.0,10,True,True,True,True,True,,,,11700.0,11700.0,,77,77,56.66287570004352,36.758839699905366,
ga_n84_k10_h11_s77,ga,84,10,11,77,179.94428198350204,162.00557180164978,147.90377500648705,1620.0557180164978,19.90602680016309,32.27103000017814,3711.2876069941553,84,11700.0,10,True,True,True,True,True,,,,11700.0,11700.0,,77,77,52.177056800341234,32.28059819992632,
nn_n84_k10_h11_s77,nn,84,10,11,77,200.47517496780264,159.95248250321973,145.50074847162313,1599.5248250321972,19.90602680016309,0.3274399999063462,2979.351316709742,84,11700.0,10,True,True,True,True,True,,,,11700.0,11700.0,,77,77,20.23346680006944,0.3274771999567747,
proposed_n84_k10_h11_s77,proposed,84,10,11,77,159.40913203426413,164.05908679657358,149.67426723402863,1640.590867965736,14.742537999991328,6569.040935399942,3404.8274654405727,84,11700.0,10,True,True,True,True,True,False,64.0,False,11700.0,11700.0,,77,77,6583.783473399933,6569.04103390011,dual_labeled_canonical_bundle_sova
pso_n84_k10_h11_s77,pso,84,10,11,77,196.17869648796312,160.38213035120367,146.79362773409866,1603.8213035120368,19.90602680016309,22.036884600063782,2877.919189503835,84,11700.0,10,True,True,True,True,True,,,,11700.0,11700.0,,77,77,41.94291140022688,22.050736899953336,
aco_n84_k10_h19_s77,aco,84,10,19,77,106.21873655700482,169.37812634429952,158.4696241758519,1693.7812634429952,19.76490180008113,33.7174984999001,3246.919173629358,84,11700.0,10,True,True,True,True,True,,,,11700.0,11700.0,,77,77,53.48240029998124,33.72005030000582,
ga_n84_k10_h19_s77,ga,84,10,19,77,114.41558537712608,168.5584414622874,157.96600800045655,1685.584414622874,19.76490180008113,30.763715599896383,2865.494212656141,84,11700.0,10,True,True,True,True,True,,,,11700.0,11700.0,,77,77,50.52861739997752,30.7752918000333,
nn_n84_k10_h19_s77,nn,84,10,19,77,137.75527798552673,166.22447220144733,154.75361427915698,1662.2447220144732,19.76490180008113,0.3835043997969478,3305.682027460776,84,11700.0,10,True,True,True,True,True,,,,11700.0,11700.0,,77,77,20.14840619987808,0.3835253999568522,
proposed_n84_k10_h19_s77,proposed,84,10,19,77,107.49376785227672,169.25062321477233,155.44712350920776,1692.5062321477233,16.174681399948895,2530.2504306999035,3292.2153636928533,84,11700.0,10,True,True,True,True,True,False,60.0,True,11700.0,11700.0,,77,77,2546.4251120998524,2530.2505548000336,dual_labeled_canonical_bundle_sova
pso_n84_k10_h19_s77,pso,84,10,19,77,134.5625021119403,166.54374978880597,157.2960243117784,1665.4374978880596,19.76490180008113,16.573874100111425,2802.965538281017,84,11700.0,10,True,True,True,True,True,,,,11700.0,11700.0,,77,77,36.33877590019256,16.580333900172263,
aco_n84_k10_h04_s87,aco,84,10,4,87,82.50851559339993,171.74914844066,162.1811096983846,1717.4914844066002,19.394595900084823,29.730817000148814,2701.312254526339,84,11700.0,10,True,True,True,True,True,,,,11700.0,11700.0,,87,87,49.12541290023364,29.732611199840903,
ga_n84_k10_h04_s87,ga,84,10,4,87,85.01952842160863,171.49804715783915,165.51422803966057,1714.9804715783914,19.394595900084823,25.428140599979088,2832.9391052540245,84,11700.0,10,True,True,True,True,True,,,,11700.0,11700.0,,87,87,44.82273650006391,25.439147300086915,
nn_n84_k10_h04_s87,nn,84,10,4,87,104.93619398264688,169.50638060173532,157.61607922148272,1695.063806017353,19.394595900084823,0.3362475999165326,3518.508289960323,84,11700.0,10,True,True,True,True,True,,,,11700.0,11700.0,,87,87,19.73084350000136,0.3362877001054585,
proposed_n84_k10_h04_s87,proposed,84,10,4,87,78.8556233229733,172.11443766770267,162.57725355730332,1721.144376677027,15.88461639988236,4009.54873200017,2854.6478068545607,84,11700.0,10,True,True,True,True,True,False,64.0,False,11700.0,11700.0,,87,87,4025.4333484000526,4009.5488251999486,dual_labeled_canonical_bundle_sova
pso_n84_k10_h04_s87,pso,84,10,4,87,99.7318189824096,170.02681810175903,162.0790707890023,1700.2681810175905,19.394595900084823,19.046688200207427,2987.605973271761,84,11700.0,10,True,True,True,True,True,,,,11700.0,11700.0,,87,87,38.44128410029225,19.05523589998484,
aco_n84_k10_h11_s87,aco,84,10,11,87,166.20356453901306,163.3796435460987,142.6516385262598,1633.796435460987,18.09341530012898,29.352140299975872,3964.03571129786,84,11700.0,10,True,True,True,True,True,,,,11700.0,11700.0,,87,87,47.44555560010485,29.35448840004392,
ga_n84_k10_h11_s87,ga,84,10,11,87,175.49192065387672,162.45080793461233,148.38510693109498,1624.5080793461234,18.09341530012898,24.987846300005916,3380.244771049874,84,11700.0,10,True,True,True,True,True,,,,11700.0,11700.0,,87,87,43.081261600134894,24.99809719994664,
nn_n84_k10_h11_s87,nn,84,10,11,87,201.07634357992373,159.89236564200763,147.09005965354254,1598.9236564200762,18.09341530012898,0.3297719999682158,3061.54055537898,84,11700.0,10,True,True,True,True,True,,,,11700.0,11700.0,,87,87,18.4231873000972,0.3298070000018924,
proposed_n84_k10_h11_s87,proposed,84,10,11,87,158.66633648918275,164.13336635108175,151.83141322672836,1641.3336635108174,14.901333700167015,5110.456966599915,3397.9975187444784,84,11700.0,10,True,True,True,True,True,False,64.0,False,11700.0,11700.0,,87,87,5125.358300300082,5110.457062700065,dual_labeled_canonical_bundle_sova
pso_n84_k10_h11_s87,pso,84,10,11,87,189.9108834139421,161.0089116586058,148.03211371739155,1610.089116586058,18.09341530012898,16.377724000019953,3026.700485540965,84,11700.0,10,True,True,True,True,True,,,,11700.0,11700.0,,87,87,34.471139300148934,16.383747699903324,
aco_n84_k10_h19_s87,aco,84,10,19,87,109.886521035176,169.0113478964824,156.4406035159676,1690.113478964824,18.267016800120476,29.435768200084567,3578.507490094723,84,11700.0,10,True,True,True,True,True,,,,11700.0,11700.0,,87,87,47.70278500020504,29.43854309991002,
ga_n84_k10_h19_s87,ga,84,10,19,87,119.90607879169193,168.0093921208308,159.51047814788922,1680.093921208308,18.267016800120476,25.181190399918705,2706.54987071901,84,11700.0,10,True,True,True,True,True,,,,11700.0,11700.0,,87,87,43.44820720003918,25.189885800005868,
nn_n84_k10_h19_s87,nn,84,10,19,87,128.6885553736093,167.13114446263907,161.25704005811374,1671.3114446263908,18.267016800120476,0.3530562000814825,3243.9336062442267,84,11700.0,10,True,True,True,True,True,,,,11700.0,11700.0,,87,87,18.620073000201955,0.3530892999842763,
proposed_n84_k10_h19_s87,proposed,84,10,19,87,101.49523493414348,169.85047650658566,157.8947090357824,1698.5047650658566,15.175157000077888,5576.302295499947,2797.6643931005647,84,11700.0,10,True,True,True,True,True,False,59.0,True,11700.0,11700.0,,87,87,5591.477452500025,5576.302404899849,dual_labeled_canonical_bundle_sova
pso_n84_k10_h19_s87,pso,84,10,19,87,124.22632498554844,167.57736750144517,161.4241471939544,1675.7736750144516,18.267016800120476,16.895395299885422,2848.25633770189,84,11700.0,10,True,True,True,True,True,,,,11700.0,11700.0,,87,87,35.162412100005895,16.901567299850285,
aco_n84_k10_h04_s97,aco,84,10,4,97,82.33691218150256,171.76630878184974,164.7498167535596,1717.6630878184974,20.00006490014493,28.731579499784857,2480.828014390864,84,11700.0,10,True,True,True,True,True,,,,11700.0,11700.0,,97,97,48.73164439992979,28.733804299961776,
ga_n84_k10_h04_s97,ga,84,10,4,97,83.32887787917268,171.6671122120827,160.7072056860215,1716.6711221208272,20.00006490014493,28.321107299998403,3065.5689855047376,84,11700.0,10,True,True,True,True,True,,,,11700.0,11700.0,,97,97,48.32117220014334,28.33557950006798,
nn_n84_k10_h04_s97,nn,84,10,4,97,99.2533432743843,170.07466567256157,158.90176336376732,1700.7466567256156,20.00006490014493,0.3272752999328077,3102.484517755797,84,11700.0,10,True,True,True,True,True,,,,11700.0,11700.0,,97,97,20.327340200077742,0.3272975999861955,
proposed_n84_k10_h04_s97,proposed,84,10,4,97,77.23310698601634,172.27668930139836,161.84202237895016,1722.7668930139837,16.818541599903256,16084.425295199966,2646.6210303276403,84,11700.0,10,True,True,True,True,True,False,64.0,False,11700.0,11700.0,,97,97,16101.24383679987,16084.425459300168,dual_labeled_canonical_bundle_sova
pso_n84_k10_h04_s97,pso,84,10,4,97,93.19913481670476,170.68008651832952,160.22039934397088,1706.8008651832952,20.00006490014493,18.75682020001113,3169.63319445342,84,11700.0,10,True,True,True,True,True,,,,11700.0,11700.0,,97,97,38.75688510015607,18.765928199980408,
aco_n84_k10_h11_s97,aco,84,10,11,97,163.46553960934398,163.6534460390656,149.67879104671974,1636.534460390656,18.680132299894467,30.28594459989108,3403.811889382372,84,11700.0,10,True,True,True,True,True,,,,11700.0,11700.0,,97,97,48.96607689978555,30.288774200016636,
ga_n84_k10_h11_s97,ga,84,10,11,97,184.02095587735812,161.5979044122642,144.7066483494063,1615.979044122642,18.680132299894467,23.551790700061247,3884.263078892328,84,11700.0,10,True,True,True,True,True,,,,11700.0,11700.0,,97,97,42.231922999955714,23.55988460010849,
nn_n84_k10_h11_s97,nn,84,10,11,97,199.5388813338635,160.04611186661367,143.11433173932025,1600.4611186661366,18.680132299894467,0.3101460000034421,3676.223144833046,84,11700.0,10,True,True,True,True,True,,,,11700.0,11700.0,,97,97,18.99027829989791,0.3101693999487906,
proposed_n84_k10_h11_s97,proposed,84,10,11,97,164.93110928395498,163.5068890716045,145.4304387486397,1635.068890716045,14.991239299997687,11044.347015599951,4131.38220254185,84,11700.0,10,True,True,True,True,True,False,64.0,True,11700.0,11700.0,,97,97,11059.33825489995,11044.347119899932,dual_labeled_canonical_bundle_sova
pso_n84_k10_h11_s97,pso,84,10,11,97,187.2785337142436,161.27214662857563,148.51773388723552,1612.7214662857564,18.680132299894467,18.96889730007388,3392.5667936715463,84,11700.0,10,True,True,True,True,True,,,,11700.0,11700.0,,97,97,37.64902959996834,18.97541319997981,
aco_n84_k10_h19_s97,aco,84,10,19,97,106.77555011104228,169.32244498889577,157.40878963535812,1693.2244498889577,19.1293700998649,30.01657209987752,2894.985615822516,84,11700.0,10,True,True,True,True,True,,,,11700.0,11700.0,,97,97,49.14594219974242,30.01838829996996,
ga_n84_k10_h19_s97,ga,84,10,19,97,113.4025841374971,168.65974158625028,162.51711061207865,1686.5974158625029,19.1293700998649,30.96679150010459,2616.800090394493,84,11700.0,10,True,True,True,True,True,,,,11700.0,11700.0,,97,97,50.09616159996949,30.97654479998164,
nn_n84_k10_h19_s97,nn,84,10,19,97,136.4187194282908,166.35812805717092,157.4632673003311,1663.5812805717092,19.1293700998649,0.3137067998759448,3243.9336062442267,84,11700.0,10,True,True,True,True,True,,,,11700.0,11700.0,,97,97,19.443076899740845,0.3137308999430388,
proposed_n84_k10_h19_s97,proposed,84,10,19,97,101.16878597987296,169.8831214020127,157.44165815939542,1698.831214020127,16.063230599975213,5548.37973210006,3002.136576849834,84,11700.0,10,True,True,True,True,True,False,64.0,False,11700.0,11700.0,,97,97,5564.442962700035,5548.379883599933,dual_labeled_canonical_bundle_sova
pso_n84_k10_h19_s97,pso,84,10,19,97,131.25263890143688,166.87473610985631,156.56397040338967,1668.747361098563,19.1293700998649,19.05079400003888,3203.424494976876,84,11700.0,10,True,True,True,True,True,,,,11700.0,11700.0,,97,97,38.18016409990378,19.057720799930397,
aco_n84_k11_h04_s7,aco,84,11,4,7,81.9811118336767,172.54717165148392,160.86793479879017,1898.0188881663232,14.880781800020486,24.56729539996013,2691.554177016817,84,11700.0,11,True,True,True,True,True,,,,11700.0,11700.0,h04/k11/hourly.csv,7,7,39.44807719998062,24.56729539996013,
ga_n84_k11_h04_s7,ga,84,11,4,7,85.64059111595763,172.21449171673112,162.15702131167856,1894.3594088840423,14.880781800020486,24.58859340008348,3034.722050702043,84,11700.0,11,True,True,True,True,True,,,,11700.0,11700.0,h04/k11/hourly.csv,7,7,39.46937520010397,24.58859340008348,
nn_n84_k11_h04_s7,nn,84,11,4,7,108.19471274744213,170.1641170229598,159.54545620349245,1871.805287252558,14.880781800020486,0.2793163000606,3419.821360620862,84,11700.0,11,True,True,True,True,True,,,,11700.0,11700.0,h04/k11/hourly.csv,7,7,15.160098100081086,0.2793163000606,
proposed_n84_k11_h04_s7,proposed,84,11,4,7,80.52709312819611,172.67935517016397,158.3905966245444,1899.472906871804,14.880781800020486,5524.868858400034,3274.903674147347,84,11700.0,11,True,True,True,True,True,False,64.0,False,11700.0,11700.0,h04/k11/hourly.csv,7,7,5539.749640200054,5524.868858400034,
pso_n84_k11_h04_s7,pso,84,11,4,7,102.01503989423271,170.72590546416066,161.9167333522782,1877.9849601057672,14.880781800020486,13.14773890003562,2660.8745049346226,84,11700.0,11,True,True,True,True,True,,,,11700.0,11700.0,h04/k11/hourly.csv,7,7,28.028520700056102,13.14773890003562,
aco_n84_k11_h11_s7,aco,84,11,11,7,166.85779226332605,164.83110979424308,142.68860418605257,1813.142207736674,13.701984699815512,23.672403400065377,3459.2271319917536,84,11700.0,11,True,True,True,True,True,,,,11700.0,11700.0,h11/k11/hourly.csv,7,7,37.37438809988089,23.672403400065377,
ga_n84_k11_h11_s7,ga,84,11,11,7,184.8704678607529,163.19359383084063,148.04808446316332,1795.1295321392472,13.701984699815512,20.73795799980872,3281.9546844991232,84,11700.0,11,True,True,True,True,True,,,,11700.0,11700.0,h11/k11/hourly.csv,7,7,34.43994269962423,20.73795799980872,
nn_n84_k11_h11_s7,nn,84,11,11,7,206.26526871151933,161.2486119353164,145.78301676843856,1773.7347312884806,13.701984699815512,0.2626885999925434,2888.3030936974333,84,11700.0,11,True,True,True,True,True,,,,11700.0,11700.0,h11/k11/hourly.csv,7,7,13.964673299808055,0.2626885999925434,
proposed_n84_k11_h11_s7,proposed,84,11,11,7,165.2007601270518,164.9817490793589,151.33087061123788,1814.799239872948,13.701984699815512,5981.648944000015,3385.6971390982385,84,11700.0,11,True,True,True,True,True,False,64.0,False,11700.0,11700.0,h11/k11/hourly.csv,7,7,5995.350928699831,5981.648944000015,
pso_n84_k11_h11_s7,pso,84,11,11,7,198.6975807101534,161.93658357180422,141.14546377444535,1781.3024192898465,13.701984699815512,11.25042250007391,3519.0471317558467,84,11700.0,11,True,True,True,True,True,,,,11700.0,11700.0,h11/k11/hourly.csv,7,7,24.95240719988942,11.25042250007391,
aco_n84_k11_h19_s7,aco,84,11,19,7,112.58753828151318,169.76476924713518,148.36575308156972,1867.4124617184868,14.147082799929194,24.67895320011303,3011.049295810315,84,11700.0,11,True,True,True,True,True,,,,11700.0,11700.0,h19/k11/hourly.csv,7,7,38.82603600004222,24.67895320011303,
ga_n84_k11_h19_s7,ga,84,11,19,7,116.94003208334507,169.36908799242318,157.36209991369884,1863.0599679166548,14.147082799929194,20.72483139997348,3030.571235264565,84,11700.0,11,True,True,True,True,True,,,,11700.0,11700.0,h19/k11/hourly.csv,7,7,34.87191419990268,20.72483139997348,
nn_n84_k11_h19_s7,nn,84,11,19,7,133.34599375584546,167.8776369312868,156.79361035237577,1846.6540062441543,14.147082799929194,0.2815222002100199,3243.9336062442267,84,11700.0,11,True,True,True,True,True,,,,11700.0,11700.0,h19/k11/hourly.csv,7,7,14.428605000139214,0.2815222002100199,
proposed_n84_k11_h19_s7,proposed,84,11,19,7,106.26237925591448,170.33978370400777,158.92818075197158,1873.7376207440848,14.147082799929194,2030.208819700056,3033.202765373013,84,11700.0,11,True,True,True,True,True,False,54.0,True,11700.0,11700.0,h19/k11/hourly.csv,7,7,2044.3559024999847,2030.208819700056,
pso_n84_k11_h19_s7,pso,84,11,19,7,129.24653329628632,168.25031515488303,156.99927902276107,1850.7534667037137,14.147082799929194,12.588971600169316,2922.965538281017,84,11700.0,11,True,True,True,True,True,,,,11700.0,11700.0,h19/k11/hourly.csv,7,7,26.73605440009851,12.588971600169316,
aco_n84_k11_h04_s17,aco,84,11,4,17,82.81651553578969,172.47122586038276,163.4877659166651,1897.1834844642103,18.48215169995092,27.644694400019944,2878.3446673350927,84,11700.0,11,True,True,True,True,True,,,,11700.0,11700.0,,17,17,46.12684609997086,27.64664479997009,
ga_n84_k11_h04_s17,ga,84,11,4,17,83.47431028148215,172.41142633804708,163.93187294790138,1896.525689718518,18.48215169995092,30.83486620010808,2497.17760094769,84,11700.0,11,True,True,True,True,True,,,,11700.0,11700.0,,17,17,49.317017900059,30.845838700188324,
nn_n84_k11_h04_s17,nn,84,11,4,17,110.65582551043023,169.9403794990518,160.1512850329418,1869.3441744895697,18.48215169995092,0.3162828998174518,3262.2608656179427,84,11700.0,11,True,True,True,True,True,,,,11700.0,11700.0,,17,17,18.79843459976837,0.3163071998860687,
proposed_n84_k11_h04_s17,proposed,84,11,4,17,76.71607709688045,173.02581117301085,164.5313257758529,1903.28392290312,20.16696699988097,4246.349017099943,2922.7651494769952,84,11700.0,11,True,True,True,True,True,False,64.0,False,11700.0,11700.0,,17,17,4266.515984099824,4246.349143299973,dual_labeled_canonical_bundle_sova
pso_n84_k11_h04_s17,pso,84,11,4,17,104.86667976472084,170.46666547593446,162.8973388864571,1875.1333202352791,18.48215169995092,17.943052100017667,2661.82659606611,84,11700.0,11,True,True,True,True,True,,,,11700.0,11700.0,,17,17,36.425203799968585,17.94943909998983,
aco_n84_k11_h11_s17,aco,84,11,11,17,167.6334286326166,164.76059739703484,151.72853060410588,1812.3665713673836,18.744900800054893,29.97713509993628,3457.7944606272745,84,11700.0,11,True,True,True,True,True,,,,11700.0,11700.0,,17,17,48.72203589999117,29.979200100060552,
ga_n84_k11_h11_s17,ga,84,11,11,17,174.38171640346036,164.14711669059452,140.1246683681566,1805.61828359654,18.744900800054893,28.899429799988862,4162.504228709171,84,11700.0,11,True,True,True,True,True,,,,11700.0,11700.0,,17,17,47.64433060004376,28.910355899948627,
nn_n84_k11_h11_s17,nn,84,11,11,17,210.4382527528703,160.86924974973903,144.33853546422782,1769.5617472471297,18.744900800054893,0.328773400047794,3034.0993878321005,84,11700.0,11,True,True,True,True,True,,,,11700.0,11700.0,,17,17,19.073674200102687,0.328800099901855,
proposed_n84_k11_h11_s17,proposed,84,11,11,17,163.5919027776323,165.12800883839708,149.72350425144248,1816.408097222368,18.513186799827963,3439.3427077999804,3303.841248760427,84,11700.0,11,True,True,True,True,True,False,64.0,False,11700.0,11700.0,,17,17,3457.8558945998084,3439.3428227000404,dual_labeled_canonical_bundle_sova
pso_n84_k11_h11_s17,pso,84,11,11,17,199.97349956153656,161.82059094895124,145.9757772188073,1780.0265004384637,18.744900800054893,17.89586769999005,2994.657995009285,84,11700.0,11,True,True,True,True,True,,,,11700.0,11700.0,,17,17,36.64076850004494,17.90467799990438,
aco_n84_k11_h19_s17,aco,84,11,19,17,108.03177261624955,170.17892976215913,161.0217931185182,1871.9682273837504,19.08284789999016,27.86734040011652,2655.109190338627,84,11700.0,11,True,True,True,True,True,,,,11700.0,11700.0,,17,17,46.950188300106674,27.86958759999834,
ga_n84_k11_h19_s17,ga,84,11,19,17,117.64852037500556,169.30467996590858,155.321738833408,1862.3514796249945,19.08284789999016,33.857297899900004,3355.385569301864,84,11700.0,11,True,True,True,True,True,,,,11700.0,11700.0,,17,17,52.94014579989016,33.867779900087044,
nn_n84_k11_h19_s17,nn,84,11,19,17,130.04901200921395,168.1773625446169,161.28987872738813,1849.950987990786,19.08284789999016,0.2788000002037734,3243.9336062442267,84,11700.0,11,True,True,True,True,True,,,,11700.0,11700.0,,17,17,19.36164790019393,0.2788382000289857,
proposed_n84_k11_h19_s17,proposed,84,11,19,17,107.69438350352524,170.20960149967954,154.67121718538428,1872.3056164964748,16.57973559992388,2198.6410940000787,3101.949501863573,84,11700.0,11,True,True,True,True,True,False,64.0,False,11700.0,11700.0,,17,17,2215.2208296000026,2198.641190099996,dual_labeled_canonical_bundle_sova
pso_n84_k11_h19_s17,pso,84,11,19,17,125.47167180227892,168.593484381611,153.35046373998117,1854.528328197721,19.08284789999016,18.417989399982616,3473.526025162401,84,11700.0,11,True,True,True,True,True,,,,11700.0,11700.0,,17,17,37.50083729997277,18.42743439995684,
aco_n84_k11_h04_s27,aco,84,11,4,27,82.18307048936722,172.5288117736939,161.79743152643584,1897.8169295106327,21.525691099930555,35.42359789996408,2952.6137131439787,84,11700.0,11,True,True,True,True,True,,,,11700.0,11700.0,,27,27,56.94928899989464,35.42666510003619,
ga_n84_k11_h04_s27,ga,84,11,4,27,85.7704708840113,172.20268446508987,164.7039118850674,1894.2295291159887,21.525691099930555,54.79901840002276,2517.92057555932,84,11700.0,11,True,True,True,True,True,,,,11700.0,11700.0,,27,27,76.32470949995331,54.81798000005074,
nn_n84_k11_h04_s27,nn,84,11,4,27,101.50703316152604,170.77208789440672,162.98629574924115,1878.4929668384736,21.525691099930555,0.3906998999882489,2644.9522755338185,84,11700.0,11,True,True,True,True,True,,,,11700.0,11700.0,,27,27,21.916390999918804,0.3907243001740426,
proposed_n84_k11_h04_s27,proposed,84,11,4,27,80.03077840914955,172.7244746900773,157.9401989967906,1899.9692215908503,17.498102399986237,8620.53871169989,3363.3043169112307,84,11700.0,11,True,True,True,True,True,False,64.0,False,11700.0,11700.0,,27,27,8638.036814099876,8620.538817999884,dual_labeled_canonical_bundle_sova
pso_n84_k11_h04_s27,pso,84,11,4,27,96.50206216018364,171.22708525816512,159.51139513868043,1883.4979378398164,21.525691099930555,24.80536610004492,3049.234700689654,84,11700.0,11,True,True,True,True,True,,,,11700.0,11700.0,,27,27,46.33105719997548,24.81647960003465,
aco_n84_k11_h11_s27,aco,84,11,11,27,171.53133345368124,164.4062424133017,145.92079719710304,1808.468666546319,22.61598250013776,38.37497720005922,4040.9631475879632,84,11700.0,11,True,True,True,True,True,,,,11700.0,11700.0,,27,27,60.99095970019698,38.37805010005832,
ga_n84_k11_h11_s27,ga,84,11,11,27,183.8429293114786,163.28700642622923,152.32755419023076,1796.1570706885211,22.61598250013776,38.46265999996103,3057.423577744291,84,11700.0,11,True,True,True,True,True,,,,11700.0,11700.0,,27,27,61.0786425000988,38.47628150018864,
nn_n84_k11_h11_s27,nn,84,11,11,27,202.921218573134,161.55261649335145,146.21732848533176,1777.078781426866,22.61598250013776,0.4684429001063108,2916.845513307661,84,11700.0,11,True,True,True,True,True,,,,11700.0,11700.0,,27,27,23.084425400244072,0.4684776999056339,
proposed_n84_k11_h11_s27,proposed,84,11,11,27,161.49236659094794,165.31887576445928,145.90024587090932,1818.507633409052,16.37804069998674,2203.926877999911,3895.4660213036623,84,11700.0,11,True,True,True,True,True,False,57.0,True,11700.0,11700.0,,27,27,2220.304918699898,2203.926995600108,dual_labeled_canonical_bundle_sova
pso_n84_k11_h11_s27,pso,84,11,11,27,197.0251019038968,162.08862709964575,146.6586720944185,1782.9748980961033,22.61598250013776,23.546625499846414,2868.304118975381,84,11700.0,11,True,True,True,True,True,,,,11700.0,11700.0,,27,27,46.162607999984175,23.55401820014231,
aco_n84_k11_h19_s27,aco,84,11,19,27,109.74926743883172,170.0227938691971,154.00609358083193,1870.250732561168,15.4878263999708,22.878569400170814,3133.1160754888983,84,11700.0,11,True,True,True,True,True,,,,11700.0,11700.0,,27,27,38.36639580014162,22.881082199979573,
ga_n84_k11_h19_s27,ga,84,11,19,27,118.2333156761426,169.2515167567143,156.92259363608068,1861.7666843238571,15.4878263999708,21.534876100020483,3648.585132394858,84,11700.0,11,True,True,True,True,True,,,,11700.0,11700.0,,27,27,37.02270249999128,21.54410729999654,
nn_n84_k11_h19_s27,nn,84,11,19,27,132.68378956619125,167.93783731216442,156.80659014150245,1847.3162104338087,15.4878263999708,0.3089364999905228,3067.732891000528,84,11700.0,11,True,True,True,True,True,,,,11700.0,11700.0,,27,27,15.796762899961324,0.3089703998994082,
proposed_n84_k11_h19_s27,proposed,84,11,19,27,106.4035726776274,170.32694793839752,153.9853787079219,1873.5964273223728,15.4878263999708,1460.5380530999971,3023.757748495256,84,11700.0,11,True,True,True,True,True,False,64.0,False,11700.0,11700.0,,27,27,1476.025879499968,1460.5381501000377,dual_labeled_canonical_bundle_sova
pso_n84_k11_h19_s27,pso,84,11,19,27,125.62159052977576,168.579855406384,157.00819265787155,1854.378409470224,15.4878263999708,12.666209599934518,3042.965538281017,84,11700.0,11,True,True,True,True,True,,,,11700.0,11700.0,,27,27,28.15403599990532,12.672255800105631,
aco_n84_k11_h04_s37,aco,84,11,4,37,82.63171071813149,172.48802629835168,159.24599836126822,1897.3682892818688,24.3682444000151,38.28741079987958,3146.6933918861514,84,11700.0,11,True,True,True,True,True,,,,11700.0,11700.0,,37,37,62.65565519989468,38.29039690014906,
ga_n84_k11_h04_s37,ga,84,11,4,37,87.20100272138154,172.07263611623804,163.51537794278002,1892.7989972786183,24.3682444000151,47.80920979985967,3119.415424611106,84,11700.0,11,True,True,True,True,True,,,,11700.0,11700.0,,37,37,72.17745419987477,47.82967650005594,
nn_n84_k11_h04_s37,nn,84,11,4,37,99.57272462909395,170.94793412462784,163.15158630529132,1880.427275370906,24.3682444000151,0.5018762000836432,2597.001615625739,84,11700.0,11,True,True,True,True,True,,,,11700.0,11700.0,,37,37,24.870120600098744,0.5019127998966724,
proposed_n84_k11_h04_s37,proposed,84,11,4,37,77.82473458598541,172.92502412854677,160.53807374457267,1902.1752654140143,15.99956569983624,6901.147369100014,3096.932248825541,84,11700.0,11,True,True,True,True,True,False,64.0,False,11700.0,11700.0,,37,37,6917.14693479985,6901.147464200156,dual_labeled_canonical_bundle_sova
pso_n84_k11_h04_s37,pso,84,11,4,37,93.42035682276844,171.50724028883923,157.73510491303296,1886.5796431772317,24.3682444000151,28.074912399984896,3266.8967906198163,84,11700.0,11,True,True,True,True,True,,,,11700.0,11700.0,,37,37,52.4431568,28.084676400059838,
aco_n84_k11_h11_s37,aco,84,11,11,37,169.05691138106943,164.6311898744482,141.87783113019685,1810.9430886189305,23.647481199819595,39.30231270007789,4346.072758539269,84,11700.0,11,True,True,True,True,True,,,,11700.0,11700.0,,37,37,62.949793899897486,39.304482700070366,
ga_n84_k11_h11_s37,ga,84,11,11,37,179.30942606981947,163.69914308456188,143.83117932067535,1800.6905739301806,23.647481199819595,40.39603369985707,4142.883213495515,84,11700.0,11,True,True,True,True,True,,,,11700.0,11700.0,,37,37,64.04351489967667,40.410705800168216,
nn_n84_k11_h11_s37,nn,84,11,11,37,204.4912112169885,161.40988988936468,147.46361879931118,1775.5087887830116,23.647481199819595,0.4018049000296742,3204.2735476488606,84,11700.0,11,True,True,True,True,True,,,,11700.0,11700.0,,37,37,24.04928609984927,0.4018304999917745,
proposed_n84_k11_h11_s37,proposed,84,11,11,37,163.5625712902905,165.13067533724632,148.86328584977926,1816.4374287097096,15.071511999936774,7331.819125600159,3750.249354065054,84,11700.0,11,True,True,True,True,True,False,64.0,False,11700.0,11700.0,,37,37,7346.890637600096,7331.819229700137,dual_labeled_canonical_bundle_sova
pso_n84_k11_h11_s37,pso,84,11,11,37,194.3239891841696,162.33418280143914,150.0100398402006,1785.6760108158303,23.647481199819595,25.31439649988897,3204.2735476488606,84,11700.0,11,True,True,True,True,True,,,,11700.0,11700.0,,37,37,48.961877699708566,25.32686810009181,
aco_n84_k11_h19_s37,aco,84,11,19,37,109.87036698672506,170.01178481938862,158.6416903315961,1870.129633013275,20.768197200028222,35.23945149988867,2800.6882545774256,84,11700.0,11,True,True,True,True,True,,,,11700.0,11700.0,,37,37,56.0076486999169,35.24221639987081,
ga_n84_k11_h19_s37,ga,84,11,19,37,117.65353373334696,169.30422420605936,158.97645718979825,1862.346466266653,20.768197200028222,36.82550969999284,2595.9728546675474,84,11700.0,11,True,True,True,True,True,,,,11700.0,11700.0,,37,37,57.59370690002106,36.83807169995271,
nn_n84_k11_h19_s37,nn,84,11,19,37,127.64540317121846,168.39587243898015,154.4747706482474,1852.3545968287813,20.768197200028222,0.3373304000124335,3047.85614602155,84,11700.0,11,True,True,True,True,True,,,,11700.0,11700.0,,37,37,21.10552760004066,0.3373692000750452,
proposed_n84_k11_h19_s37,proposed,84,11,19,37,103.77757198857108,170.56567527376626,154.0173508823383,1876.222428011429,15.593432400142774,2430.0864211998414,3190.4860992707822,84,11700.0,11,True,True,True,True,True,False,50.0,True,11700.0,11700.0,,37,37,2445.679853599984,2430.086504600011,dual_labeled_canonical_bundle_sova
pso_n84_k11_h19_s37,pso,84,11,19,37,121.05635973139884,168.99487638805465,155.29130174366514,1858.9436402686013,20.768197200028222,23.901620500022545,2903.088793302039,84,11700.0,11,True,True,True,True,True,,,,11700.0,11700.0,,37,37,44.66981770005077,23.91094519989565,
aco_n84_k11_h04_s47,aco,84,11,4,47,84.64733222083062,172.3047879799245,163.91563067856612,1895.3526677791692,23.976892199832943,35.885913599980995,2492.8921886359217,84,11700.0,11,True,True,True,True,True,,,,11700.0,11700.0,,47,47,59.86280579981394,35.88794029993005,
ga_n84_k11_h04_s47,ga,84,11,4,47,89.92103682406598,171.82536028872127,164.76433432163935,1890.078963175934,23.976892199832943,39.229681900003925,2539.449446298317,84,11700.0,11,True,True,True,True,True,,,,11700.0,11700.0,,47,47,63.20657409983687,39.241328299976885,
nn_n84_k11_h04_s47,nn,84,11,4,47,105.26774413080956,170.43020507901733,162.97761747497606,1874.7322558691903,23.976892199832943,0.4220368000678718,2679.384730067586,84,11700.0,11,True,True,True,True,True,,,,11700.0,11700.0,,47,47,24.398928999900814,0.4220704999752342,
proposed_n84_k11_h04_s47,proposed,84,11,4,47,79.6531970117305,172.75880027166087,162.50592671878456,1900.3468029882688,16.34643859998323,3533.3874919998925,2615.4000883514827,84,11700.0,11,True,True,True,True,True,False,64.0,False,11700.0,11700.0,,47,47,3549.733930599876,3533.3875900998246,dual_labeled_canonical_bundle_sova
pso_n84_k11_h04_s47,pso,84,11,4,47,97.72270500562996,171.1161177267609,161.80409698746158,1882.27729499437,23.976892199832943,21.810089299920943,2807.8232188977245,84,11700.0,11,True,True,True,True,True,,,,11700.0,11700.0,,47,47,45.78698149975389,21.81920600007288,
aco_n84_k11_h11_s47,aco,84,11,11,47,174.99701420535035,164.09118052678633,139.66051449740294,1805.0029857946497,18.755764399887997,32.68952380004339,3981.1620474578526,84,11700.0,11,True,True,True,True,True,,,,11700.0,11700.0,,47,47,51.44528819993138,32.69139529997483,
ga_n84_k11_h11_s47,ga,84,11,11,47,186.04108276830493,163.08717429379047,146.8759861779355,1793.958917231695,18.755764399887997,34.52641929988749,2724.638131144138,84,11700.0,11,True,True,True,True,True,,,,11700.0,11700.0,,47,47,53.28218369977549,34.538445099955425,
nn_n84_k11_h11_s47,nn,84,11,11,47,198.80073376878588,161.92720602101946,145.73051313858875,1781.199266231214,18.755764399887997,0.4322193001862615,3161.219551548455,84,11700.0,11,True,True,True,True,True,,,,11700.0,11700.0,,47,47,19.187983700074252,0.4322564001195133,
proposed_n84_k11_h11_s47,proposed,84,11,11,47,164.08652256220816,165.0830434034356,149.32257406543118,1815.913477437792,15.202441500034183,2799.209248599829,3173.231757217361,84,11700.0,11,True,True,True,True,True,False,64.0,False,11700.0,11700.0,,47,47,2814.411690099864,2799.2093491000123,dual_labeled_canonical_bundle_sova
pso_n84_k11_h11_s47,pso,84,11,11,47,193.44861339828643,162.4137624183376,147.54029996081934,1786.5513866017136,18.755764399887997,18.860033199889585,2995.5312434250195,84,11700.0,11,True,True,True,True,True,,,,11700.0,11700.0,,47,47,37.61579759977758,18.87447279994376,
aco_n84_k11_h19_s47,aco,84,11,19,47,111.90305438359646,169.82699505603668,159.14578326541357,1868.0969456164037,21.96233340003528,36.79667289997451,2613.3779014904853,84,11700.0,11,True,True,True,True,True,,,,11700.0,11700.0,,47,47,58.75900630000979,36.79851689981297,
ga_n84_k11_h19_s47,ga,84,11,19,47,122.1959669682662,168.89127573015762,160.52756392856514,1857.8040330317335,21.96233340003528,39.36920619988814,2691.6724468357047,84,11700.0,11,True,True,True,True,True,,,,11700.0,11700.0,,47,47,61.33153959992342,39.38701390009373,
nn_n84_k11_h19_s47,nn,84,11,19,47,129.86206860077678,168.19435739992937,161.06528612339775,1850.1379313992231,21.96233340003528,0.4833909999579191,3243.9336062442267,84,11700.0,11,True,True,True,True,True,,,,11700.0,11700.0,,47,47,22.4457243999932,0.4834288000129163,
proposed_n84_k11_h19_s47,proposed,84,11,19,47,104.84732792995877,170.46842473364012,153.8758605796034,1875.1526720700413,16.24948070012033,1928.2623767999469,3200.3320576320843,84,11700.0,11,True,True,True,True,True,False,64.0,False,11700.0,11700.0,,47,47,1944.511857500067,1928.2624643999152,dual_labeled_canonical_bundle_sova
pso_n84_k11_h19_s47,pso,84,11,19,47,124.59398591303624,168.6732740079058,157.6335419828044,1855.406014086964,21.96233340003528,23.39251139992848,3620.703896899399,84,11700.0,11,True,True,True,True,True,,,,11700.0,11700.0,,47,47,45.35484479996376,23.400970400078226,
aco_n84_k11_h04_s57,aco,84,11,4,57,83.13237137633728,172.44251169306025,161.14698007988017,1896.8676286236628,15.949771499959752,21.648724800208583,2692.723220217049,84,11700.0,11,True,True,True,True,True,,,,11700.0,11700.0,,57,57,37.598496300168335,21.650608099997044,
ga_n84_k11_h04_s57,ga,84,11,4,57,83.63935777859622,172.39642202012763,164.5195996711288,1896.360642221404,15.949771499959752,22.158999299863357,2328.035995863479,84,11700.0,11,True,True,True,True,True,,,,11700.0,11700.0,,57,57,38.10877079982311,22.168433600105345,
nn_n84_k11_h04_s57,nn,84,11,4,57,102.79360710934692,170.65512662642303,158.6731192692076,1877.2063928906528,15.949771499959752,0.2646987999323755,2848.6231909972907,84,11700.0,11,True,True,True,True,True,,,,11700.0,11700.0,,57,57,16.214470299892128,0.2647286001592874,
proposed_n84_k11_h04_s57,proposed,84,11,4,57,80.206787556959,172.7084738584583,158.79607692328335,1899.793212443041,15.949771499959752,1883.1021382999609,3143.123839078088,84,11700.0,11,True,True,True,True,True,False,64.0,False,11700.0,11700.0,,57,57,1899.0519097999204,1883.1022385999092,dual_labeled_canonical_bundle_sova
pso_n84_k11_h04_s57,pso,84,11,4,57,96.92984388088738,171.18819601082842,161.12978828792762,1883.0701561191129,15.949771499959752,14.287458800012246,2910.142150910769,84,11700.0,11,True,True,True,True,True,,,,11700.0,11700.0,,57,57,30.237230299972,14.29443100001663,
aco_n84_k11_h11_s57,aco,84,11,11,57,171.8449097749634,164.37773547500333,143.9557463228996,1808.1550902250367,21.04971190006472,36.83451469987631,4019.257397291805,84,11700.0,11,True,True,True,True,True,,,,11700.0,11700.0,,57,57,57.88422659994103,36.8368628998287,
ga_n84_k11_h11_s57,ga,84,11,11,57,184.3769869465355,163.23845573213313,148.25222779473538,1795.6230130534643,21.04971190006472,38.7777189000044,3510.34732192483,84,11700.0,11,True,True,True,True,True,,,,11700.0,11700.0,,57,57,59.82743080006912,38.788315600017086,
nn_n84_k11_h11_s57,nn,84,11,11,57,202.82538490194256,161.56132864527797,147.1089528420298,1777.1746150980575,21.04971190006472,0.4522320001851767,2918.838085428247,84,11700.0,11,True,True,True,True,True,,,,11700.0,11700.0,,57,57,21.5019439002499,0.4522721997927874,
proposed_n84_k11_h11_s57,proposed,84,11,11,57,175.27854491661824,164.06558682576198,146.44859227792517,1804.7214550833817,15.264040800044311,1230.631235399982,3611.31386031208,84,11700.0,11,True,True,True,True,True,False,64.0,False,11700.0,11700.0,,57,57,1245.8952762000265,1230.6313322000206,dual_labeled_canonical_bundle_sova
pso_n84_k11_h11_s57,pso,84,11,11,57,193.02109907383937,162.4526273569237,149.6790399551111,1786.9789009261608,21.04971190006472,21.53074899991043,2823.187176971132,84,11700.0,11,True,True,True,True,True,,,,11700.0,11700.0,,57,57,42.58046089997515,21.53981320001185,
aco_n84_k11_h19_s57,aco,84,11,19,57,107.91210029371553,170.18980906420768,156.20913885778654,1872.0878997062848,20.749943499919027,34.85530410008505,3146.0376510017886,84,11700.0,11,True,True,True,True,True,,,,11700.0,11700.0,,57,57,55.60524760000408,34.85819229995832,
ga_n84_k11_h19_s57,ga,84,11,19,57,118.93682678234568,169.18756120160495,158.4821100362332,1861.0631732176544,20.749943499919027,36.47411199985072,3158.1210247009944,84,11700.0,11,True,True,True,True,True,,,,11700.0,11700.0,,57,57,57.22405549976975,36.48662810004316,
nn_n84_k11_h19_s57,nn,84,11,19,57,129.8223934247552,168.19796423411316,161.07232272070905,1850.177606575245,20.749943499919027,0.3979680000338703,3243.9336062442267,84,11700.0,11,True,True,True,True,True,,,,11700.0,11700.0,,57,57,21.147911499952897,0.3979949001222849,
proposed_n84_k11_h19_s57,proposed,84,11,19,57,106.45350728393822,170.32240842873287,157.09583584926125,1873.5464927160613,15.69763440010138,1310.0311733998824,3021.150880941777,84,11700.0,11,True,True,True,True,True,False,56.0,True,11700.0,11700.0,,57,57,1325.7288077999838,1310.031287000049,dual_labeled_canonical_bundle_sova
pso_n84_k11_h19_s57,pso,84,11,19,57,126.35515990899071,168.51316728100085,162.516350024208,1853.6448400910087,20.749943499919027,20.5977047001943,2635.694669357468,84,11700.0,11,True,True,True,True,True,,,,11700.0,11700.0,,57,57,41.347648200113326,20.606172499945387,
aco_n84_k11_h04_s67,aco,84,11,4,67,82.85741110807031,172.46750808108453,160.47442377475377,1897.1425888919296,22.39890670008026,35.802602499956265,2665.8520568081744,84,11700.0,11,True,True,True,True,True,,,,11700.0,11700.0,,67,67,58.201509200036526,35.80534130008891,
ga_n84_k11_h04_s67,ga,84,11,4,67,86.91361435314299,172.09876233153247,162.7614300320819,1893.086385646857,22.39890670008026,35.21491319988854,2787.444553220392,84,11700.0,11,True,True,True,True,True,,,,11700.0,11700.0,,67,67,57.6138198999688,35.22601250000298,
nn_n84_k11_h04_s67,nn,84,11,4,67,102.44180138215044,170.68710896525906,161.78058922217625,1877.5581986178493,22.39890670008026,0.4457744001410901,3005.689449360073,84,11700.0,11,True,True,True,True,True,,,,11700.0,11700.0,,67,67,22.84468110022135,0.4458101000636816,
proposed_n84_k11_h04_s67,proposed,84,11,4,67,76.26703649154253,173.06663304622342,163.8791855599379,1903.7329635084573,16.177725499961525,2353.884856399847,2802.7651494769952,84,11700.0,11,True,True,True,True,True,False,64.0,False,11700.0,11700.0,,67,67,2370.0625818998087,2353.884982000105,dual_labeled_canonical_bundle_sova
pso_n84_k11_h04_s67,pso,84,11,4,67,99.06087292976216,170.99446609729435,163.0470338541976,1880.9391270702376,22.39890670008026,22.224476100178435,2632.529413607001,84,11700.0,11,True,True,True,True,True,,,,11700.0,11700.0,,67,67,44.623382800258696,22.23138389992528,
aco_n84_k11_h11_s67,aco,84,11,11,67,168.98885716090695,164.63737662173574,152.0780916488398,1811.011142839093,19.08765479992144,32.193120300071314,2922.8572542542515,84,11700.0,11,True,True,True,True,True,,,,11700.0,11700.0,,67,67,51.28077509999275,32.19526210008189,
ga_n84_k11_h11_s67,ga,84,11,11,67,177.51132357498895,163.86260694772827,142.5233541060329,1802.488676425011,19.08765479992144,29.420260100159798,4210.585831355519,84,11700.0,11,True,True,True,True,True,,,,11700.0,11700.0,,67,67,48.50791490008123,29.43071969994344,
nn_n84_k11_h11_s67,nn,84,11,11,67,202.73843979252385,161.5692327461342,146.1001920771485,1777.261560207476,19.08765479992144,0.3755117000546306,3025.1845814514,84,11700.0,11,True,True,True,True,True,,,,11700.0,11700.0,,67,67,19.46316649997607,0.3755353998858481,
proposed_n84_k11_h11_s67,proposed,84,11,11,67,170.6191412644851,164.4891689759559,149.52025500680975,1809.380858735515,14.83910039998591,1463.9765844000503,3401.861820731048,84,11700.0,11,True,True,True,True,True,False,64.0,False,11700.0,11700.0,,67,67,1478.8156848000365,1463.976697199978,dual_labeled_canonical_bundle_sova
pso_n84_k11_h11_s67,pso,84,11,11,67,193.8679241982909,162.37564325470083,138.83876381866247,1786.132075801709,19.08765479992144,22.365329699823636,4220.8395901164495,84,11700.0,11,True,True,True,True,True,,,,11700.0,11700.0,,67,67,41.45298449974507,22.37534600007348,
aco_n84_k11_h19_s67,aco,84,11,19,67,111.28691057154953,169.88300812985915,154.93624319005113,1868.7130894284503,19.65365709993057,31.294210399966687,2770.126969886878,84,11700.0,11,True,True,True,True,True,,,,11700.0,11700.0,,67,67,50.94786749989726,31.29685070016421,
ga_n84_k11_h19_s67,ga,84,11,19,67,116.6638350735671,169.3941968114939,156.2777231384036,1863.336164926433,19.65365709993057,32.38625959982164,3138.069311967312,84,11700.0,11,True,True,True,True,True,,,,11700.0,11700.0,,67,67,52.03991669975221,32.40309419995174,
nn_n84_k11_h19_s67,nn,84,11,19,67,135.9788627095687,167.63828520822105,156.98721461760255,1844.0211372904316,19.65365709993057,0.3533713000360876,3243.9336062442267,84,11700.0,11,True,True,True,True,True,,,,11700.0,11700.0,,67,67,20.007028399966657,0.3533944000955671,
proposed_n84_k11_h19_s67,proposed,84,11,19,67,103.28697540047128,170.61027496359353,153.48662353894187,1876.7130245995288,15.843247100012375,1813.813488600077,3023.757748495256,84,11700.0,11,True,True,True,True,True,False,64.0,False,11700.0,11700.0,,67,67,1829.6567357000893,1813.8135826999787,dual_labeled_canonical_bundle_sova
pso_n84_k11_h19_s67,pso,84,11,19,67,132.07080477723582,167.99356320206945,157.19600172460844,1847.929195222764,19.65365709993057,19.390920700039715,2802.965538281017,84,11700.0,11,True,True,True,True,True,,,,11700.0,11700.0,,67,67,39.04457779997029,19.39885889994912,
aco_n84_k11_h04_s77,aco,84,11,4,77,83.6187611859972,172.39829443763662,160.66094316946246,1896.3812388140027,21.089071599999443,31.62276759999804,3112.0260891173634,84,11700.0,11,True,True,True,True,True,,,,11700.0,11700.0,,77,77,52.711839199997485,31.62452040007338,
ga_n84_k11_h04_s77,ga,84,11,4,77,82.3677930971572,172.51201880934934,163.68796076073667,1897.6322069028429,21.089071599999443,28.76971899997443,2736.933750773539,84,11700.0,11,True,True,True,True,True,,,,11700.0,11700.0,,77,77,49.85879059997387,28.7819613001775,
nn_n84_k11_h04_s77,nn,84,11,4,77,101.63263428271294,170.76066961066246,164.23247899802476,1878.3673657172872,21.089071599999443,0.3310215000528842,2725.275849068187,84,11700.0,11,True,True,True,True,True,,,,11700.0,11700.0,,77,77,21.420093100052327,0.3310571000911295,
proposed_n84_k11_h04_s77,proposed,84,11,4,77,81.79652132444781,172.56395260686838,164.60518371484167,1898.203478675552,16.027507700026035,8911.092722400092,3059.7909538565414,84,11700.0,11,True,True,True,True,True,False,64.0,False,11700.0,11700.0,,77,77,8927.120230100118,8911.09291399992,dual_labeled_canonical_bundle_sova
pso_n84_k11_h04_s77,pso,84,11,4,77,96.57247280731104,171.22068429024446,162.46938001145452,1883.427527192689,21.089071599999443,21.593056800076734,2707.0473944492783,84,11700.0,11,True,True,True,True,True,,,,11700.0,11700.0,,77,77,42.68212840007618,21.6011880999431,
aco_n84_k11_h11_s77,aco,84,11,11,77,167.29964959600892,164.79094094581737,150.74491180813476,1812.700350403991,20.181418400024995,37.42370090004988,3385.3701185855084,84,11700.0,11,True,True,True,True,True,,,,11700.0,11700.0,,77,77,57.60511930007488,37.42594749992713,
ga_n84_k11_h11_s77,ga,84,11,11,77,180.08281075977456,163.62883538547504,140.20518896855515,1799.9171892402255,20.181418400024995,30.21549109998159,5025.859085685823,84,11700.0,11,True,True,True,True,True,,,,11700.0,11700.0,,77,77,50.396909500006586,30.227226699935272,
nn_n84_k11_h11_s77,nn,84,11,11,77,200.68767261646832,161.7556661257756,145.50074847162313,1779.3123273835315,20.181418400024995,0.4209896998945623,2979.351316709742,84,11700.0,11,True,True,True,True,True,,,,11700.0,11700.0,,77,77,20.60240809991956,0.4210125999525189,
proposed_n84_k11_h11_s77,proposed,84,11,11,77,163.32358042816097,165.1524017792581,144.65122092947482,1816.676419571839,15.139806399820372,12440.403811899943,4106.82652936664,84,11700.0,11,True,True,True,True,True,False,60.0,True,11700.0,11700.0,,77,77,12455.543618299766,12440.4039262,dual_labeled_canonical_bundle_sova
pso_n84_k11_h11_s77,pso,84,11,11,77,198.03498320406587,161.9968197087213,146.79362773409866,1781.9650167959342,20.181418400024995,17.69934679986909,2968.409230651023,84,11700.0,11,True,True,True,True,True,,,,11700.0,11700.0,,77,77,37.880765199894086,17.705330800032243,
aco_n84_k11_h19_s77,aco,84,11,19,77,108.68132470926088,170.11987957188538,160.3833561295137,1871.318675290739,20.33068130002357,33.72383749997243,3335.560268264141,84,11700.0,11,True,True,True,True,True,,,,11700.0,11700.0,,77,77,54.054518799996,33.72588020004332,
ga_n84_k11_h19_s77,ga,84,11,19,77,119.72954300178506,169.1154960907468,154.85779477210443,1860.270456998215,20.33068130002357,30.556052300147712,2889.849013513626,84,11700.0,11,True,True,True,True,True,,,,11700.0,11700.0,,77,77,50.88673360017128,30.567270300118253,
nn_n84_k11_h19_s77,nn,84,11,19,77,136.81189102336464,167.5625553615123,156.85035393000925,1843.1881089766352,20.33068130002357,0.367322200210765,2947.732891000528,84,11700.0,11,True,True,True,True,True,,,,11700.0,11700.0,,77,77,20.698003500234336,0.3673539001028985,
proposed_n84_k11_h19_s77,proposed,84,11,19,77,103.22299053794912,170.61609176927735,153.08737388160938,1876.777009462051,15.80766599997878,2477.8820348000154,3023.757748495256,84,11700.0,11,True,True,True,True,True,False,64.0,False,11700.0,11700.0,,77,77,2493.689700799994,2477.8821364000905,dual_labeled_canonical_bundle_sova
pso_n84_k11_h19_s77,pso,84,11,19,77,131.585613735492,168.03767147859165,156.54109190948998,1848.414386264508,20.33068130002357,19.363604299956933,2922.965538281017,84,11700.0,11,True,True,True,True,True,,,,11700.0,11700.0,,77,77,39.6942855999805,19.37005880009383,
aco_n84_k11_h04_s87,aco,84,11,4,87,83.86415844361768,172.37598559603475,160.73742436147123,1896.1358415563825,19.28285920014605,29.247559500159696,3014.4265530261714,84,11700.0,11,True,True,True,True,True,,,,11700.0,11700.0,,87,87,48.53041870030575,29.250762699870396,
ga_n84_k11_h04_s87,ga,84,11,4,87,89.05032004482483,171.9045163595614,163.14657398268577,1890.9496799551755,19.28285920014605,31.501647599972785,2858.7139171095077,84,11700.0,11,True,True,True,True,True,,,,11700.0,11700.0,,87,87,50.784506800118834,31.511737700086087,
nn_n84_k11_h04_s87,nn,84,11,4,87,108.06206676636384,170.17617574851238,157.61607922148272,1871.937933233636,19.28285920014605,0.3274862000253051,3518.508289960323,84,11700.0,11,True,True,True,True,True,,,,11700.0,11700.0,,87,87,19.610345400171354,0.3275149001274258,
proposed_n84_k11_h04_s87,proposed,84,11,4,87,84.40033386059487,172.32724237630956,160.29822258478848,1895.5996661394047,15.919672399992123,4397.82847619988,2967.944149588584,84,11700.0,11,True,True,True,True,True,False,64.0,False,11700.0,11700.0,,87,87,4413.748148599872,4397.8285806002095,dual_labeled_canonical_bundle_sova
pso_n84_k11_h04_s87,pso,84,11,4,87,102.34609580810223,170.6958094719907,161.42097168201087,1877.6539041918977,19.28285920014605,20.02889580000192,3026.0955351282487,84,11700.0,11,True,True,True,True,True,,,,11700.0,11700.0,,87,87,39.31175500014797,20.036278099985797,
aco_n84_k11_h11_s87,aco,84,11,11,87,171.2132755257066,164.4351567703903,151.57519406779932,1808.7867244742931,17.88841459993273,29.60334849986248,3292.202979828323,84,11700.0,11,True,True,True,True,True,,,,11700.0,11700.0,,87,87,47.49176309979521,29.605262299999595,
ga_n84_k11_h11_s87,ga,84,11,11,87,178.27848778880693,163.79286474647208,147.21050370894534,1801.721512211193,17.88841459993273,25.79259940003976,2883.2745321041234,84,11700.0,11,True,True,True,True,True,,,,11700.0,11700.0,,87,87,43.68101399997249,25.800718900049105,
nn_n84_k11_h11_s87,nn,84,11,11,87,196.19351504321972,162.16422590516183,147.09005965354254,1783.8064849567802,17.88841459993273,0.3596604999620467,3052.1260284174487,84,11700.0,11,True,True,True,True,True,,,,11700.0,11700.0,,87,87,18.248075099894777,0.3596846000291407,
proposed_n84_k11_h11_s87,proposed,84,11,11,87,162.13416225003277,165.26053070454248,149.41625450944704,1817.865837749968,15.103879099944606,14628.199721600162,3314.638054920191,84,11700.0,11,True,True,True,True,True,False,64.0,False,11700.0,11700.0,,87,87,14643.303600700106,14628.19982590014,dual_labeled_canonical_bundle_sova
pso_n84_k11_h11_s87,pso,84,11,11,87,191.23431336729405,162.6150624211551,148.03211371739155,1788.765686632706,17.88841459993273,15.223518599988893,3139.237938573882,84,11700.0,11,True,True,True,True,True,,,,11700.0,11700.0,,87,87,33.11193319992162,15.231135100126266,
aco_n84_k11_h19_s87,aco,84,11,19,87,109.88361696209373,170.0105802761733,158.86113990083948,1870.1163830379064,18.788494099862877,30.43949799984693,2704.094596332476,84,11700.0,11,True,True,True,True,True,,,,11700.0,11700.0,,87,87,49.22799209970981,30.441616700030863,
ga_n84_k11_h19_s87,ga,84,11,19,87,114.70419044903606,169.5723463228149,163.14955152880182,1865.295809550964,18.788494099862877,25.87532089999877,2995.4858439526192,84,11700.0,11,True,True,True,True,True,,,,11700.0,11700.0,,87,87,44.66381499986164,25.88636330002919,
nn_n84_k11_h19_s87,nn,84,11,19,87,130.01657008145062,168.1803118107772,161.25704005811374,1849.9834299185493,18.788494099862877,0.3268711001146585,3243.9336062442267,84,11700.0,11,True,True,True,True,True,,,,11700.0,11700.0,,87,87,19.11536519997753,0.3268921000417322,
proposed_n84_k11_h19_s87,proposed,84,11,19,87,105.04454143237636,170.45049623342035,153.94087539619545,1874.955458567624,15.153411499923097,3735.454994099913,3427.0683625889305,84,11700.0,11,True,True,True,True,True,False,64.0,True,11700.0,11700.0,,87,87,3750.608405599836,3735.45507710008,dual_labeled_canonical_bundle_sova
pso_n84_k11_h19_s87,pso,84,11,19,87,125.3075651347619,168.60840316956708,161.6658819496527,1854.692434865238,18.788494099862877,17.66400250000879,2635.694669357468,84,11700.0,11,True,True,True,True,True,,,,11700.0,11700.0,,87,87,36.45249659987167,17.672914899885654,
aco_n84_k11_h04_s97,aco,84,11,4,97,83.59261465425118,172.4006713950681,160.59552435157315,1896.407385345749,19.575888599967584,30.00524249998853,3137.080719039412,84,11700.0,11,True,True,True,True,True,,,,11700.0,11700.0,,97,97,49.58113109995611,30.007063100114465,
ga_n84_k11_h04_s97,ga,84,11,4,97,87.58190462903703,172.03800867008752,163.70698053647106,1892.4180953709629,19.575888599967584,29.46983560011722,3023.484411829799,84,11700.0,11,True,True,True,True,True,,,,11700.0,11700.0,,97,97,49.045724200084805,29.48265030002221,
nn_n84_k11_h04_s97,nn,84,11,4,97,104.18588486335666,170.52855592151303,161.3702204033832,1875.8141151366435,19.575888599967584,0.3245665999129414,3102.484517755797,84,11700.0,11,True,True,True,True,True,,,,11700.0,11700.0,,97,97,19.900455199880525,0.3246049999725073,
proposed_n84_k11_h04_s97,proposed,84,11,4,97,83.60931145962417,172.39915350367053,162.42569163363672,1896.390688540376,16.113703000126407,13940.880578899989,2953.823983301364,84,11700.0,11,True,True,True,True,True,False,64.0,False,11700.0,11700.0,,97,97,13956.994281900115,13940.880686799996,dual_labeled_canonical_bundle_sova
pso_n84_k11_h04_s97,pso,84,11,4,97,96.3703163523863,171.23906214978308,161.01031830009663,1883.6296836476135,19.575888599967584,18.19429999985732,3083.123301302858,84,11700.0,11,True,True,True,True,True,,,,11700.0,11700.0,,97,97,37.770188599824905,18.20164640014991,
aco_n84_k11_h11_s97,aco,84,11,11,97,168.2432805508382,164.70515631356017,146.13993026670465,1811.756719449162,18.74460420012474,29.895251399837434,3560.5651599369803,84,11700.0,11,True,True,True,True,True,,,,11700.0,11700.0,,97,97,48.639855599962175,29.897060399875045,
ga_n84_k11_h11_s97,ga,84,11,11,97,177.23507183049165,163.88772074268255,148.47467666356837,1802.7649281695085,18.74460420012474,26.16430429997854,3669.790005912775,84,11700.0,11,True,True,True,True,True,,,,11700.0,11700.0,,97,97,44.90890850010328,26.172546499874443,
nn_n84_k11_h11_s97,nn,84,11,11,97,196.96607109160863,162.0939935371265,141.05313378694635,1783.033928908391,18.74460420012474,0.3945488999597728,3537.085374216481,84,11700.0,11,True,True,True,True,True,,,,11700.0,11700.0,,97,97,19.139153100084517,0.3945786000695079,
proposed_n84_k11_h11_s97,proposed,84,11,11,97,161.22893394502648,165.34282418681576,145.43513414579218,1818.7710660549733,15.21990830008872,13458.596105400007,4152.792643722914,84,11700.0,11,True,True,True,True,True,False,64.0,False,11700.0,11700.0,,97,97,13473.816013700096,13458.596217700047,dual_labeled_canonical_bundle_sova
pso_n84_k11_h11_s97,pso,84,11,11,97,193.50740604504296,162.40841763226882,141.8827865575886,1786.492593954957,18.74460420012474,17.151120000053197,3483.056834818735,84,11700.0,11,True,True,True,True,True,,,,11700.0,11700.0,,97,97,35.89572420017794,17.15660410001874,
aco_n84_k11_h19_s97,aco,84,11,19,97,110.18669349522746,169.98302786407024,159.0343237245756,1869.8133065047723,19.05599040002562,29.323615599889308,3289.1063193955483,84,11700.0,11,True,True,True,True,True,,,,11700.0,11700.0,,97,97,48.37960599991493,29.325413800077516,
ga_n84_k11_h19_s97,ga,84,11,19,97,116.0249208059334,169.45227992673333,159.1101741072506,1863.975079194067,19.05599040002562,27.57454359997064,2947.2091680425438,84,11700.0,11,True,True,True,True,True,,,,11700.0,11700.0,,97,97,46.63053399999626,27.583552399883047,
nn_n84_k11_h19_s97,nn,84,11,19,97,138.62535427223366,167.3976950661606,157.54816168726245,1841.3746457277664,19.05599040002562,0.3815146998967975,3243.9336062442267,84,11700.0,11,True,True,True,True,True,,,,11700.0,11700.0,,97,97,19.43750509992242,0.3815405999775976,
proposed_n84_k11_h19_s97,proposed,84,11,19,97,105.28480320914588,170.42865425371403,156.52659783476605,1874.7151967908544,16.89627999998629,1005.2629120999482,3138.364900798746,84,11700.0,11,True,True,True,True,True,False,56.0,False,11700.0,11700.0,,97,97,1022.1591920999344,1005.2630616000388,dual_labeled_canonical_bundle_sova
pso_n84_k11_h19_s97,pso,84,11,19,97,133.99150819071005,167.81895380084455,156.25232890940094,1846.00849180929,19.05599040002562,18.66447890014388,2892.626458783169,84,11700.0,11,True,True,True,True,True,,,,11700.0,11700.0,,97,97,37.7204693001695,18.674006500048563,
aco_n84_k12_h04_s7,aco,84,12,4,7,84.44561334316249,172.96286555473645,161.23180520883304,2075.5543866568373,15.086173499934375,23.079528799979016,2544.8615474499866,84,11700.0,12,True,True,True,True,True,,,,11700.0,11700.0,h04/k12/hourly.csv,7,7,38.16570229991339,23.079528799979016,
ga_n84_k12_h04_s7,ga,84,12,4,7,87.68805840699082,172.69266179941744,164.08725634994758,2072.311941593009,15.086173499934375,19.12186990003101,2501.95168523198,84,11700.0,12,True,True,True,True,True,,,,11700.0,11700.0,h04/k12/hourly.csv,7,7,34.20804339996539,19.12186990003101,
nn_n84_k12_h04_s7,nn,84,12,4,7,105.47237545447848,171.21063537879346,162.290458800615,2054.5276245455216,15.086173499934375,0.2927928999997675,2807.1488386405213,84,11700.0,12,True,True,True,True,True,,,,11700.0,11700.0,h04/k12/hourly.csv,7,7,15.378966399934145,0.2927928999997675,
proposed_n84_k12_h04_s7,proposed,84,12,4,7,82.62345141061512,173.11471238244874,160.94820138023434,2077.376548589385,15.086173499934375,3019.514787300024,2907.7425990837114,84,11700.0,12,True,True,True,True,True,False,64.0,False,11700.0,11700.0,h04/k12/hourly.csv,7,7,3034.6009607999586,3019.514787300024,
pso_n84_k12_h04_s7,pso,84,12,4,7,99.43923054542424,171.71339745454796,160.99245818557702,2060.560769454576,15.086173499934375,14.506656900048256,2737.5038143554534,84,11700.0,12,True,True,True,True,True,,,,11700.0,11700.0,h04/k12/hourly.csv,7,7,29.59283039998263,14.506656900048256,
aco_n84_k12_h11_s7,aco,84,12,11,7,170.96135959375962,165.75322003385335,144.2542008427169,1989.0386404062403,12.83031290001236,23.02138749998994,3925.534995687392,84,11700.0,12,True,True,True,True,True,,,,11700.0,11700.0,h11/k12/hourly.csv,7,7,35.8517004000023,23.02138749998994,
ga_n84_k12_h11_s7,ga,84,12,11,7,177.75732863676467,165.1868892802696,147.3691490955792,1982.242671363236,12.83031290001236,19.87380499998108,3584.33790102387,84,11700.0,12,True,True,True,True,True,,,,11700.0,11700.0,h11/k12/hourly.csv,7,7,32.70411789999344,19.87380499998108,
nn_n84_k12_h11_s7,nn,84,12,11,7,205.77820577686228,162.85181618526147,145.78301676843856,1954.2217942231373,12.83031290001236,0.2897749999538064,2888.3030936974333,84,11700.0,12,True,True,True,True,True,,,,11700.0,11700.0,h11/k12/hourly.csv,7,7,13.120087899966167,0.2897749999538064,
proposed_n84_k12_h11_s7,proposed,84,12,11,7,165.23361379647187,166.23053218362733,147.02392724465005,1994.766386203528,12.83031290001236,3221.925184900174,3501.593200727614,84,11700.0,12,True,True,True,True,True,False,64.0,False,11700.0,11700.0,h11/k12/hourly.csv,7,7,3234.7554978001863,3221.925184900174,
pso_n84_k12_h11_s7,pso,84,12,11,7,191.3970805179172,164.05024329017357,140.79362701381143,1968.6029194820828,12.83031290001236,13.360263200011104,4147.775417844653,84,11700.0,12,True,True,True,True,True,,,,11700.0,11700.0,h11/k12/hourly.csv,7,7,26.190576100023463,13.360263200011104,
aco_n84_k12_h19_s7,aco,84,12,19,7,114.08643748972796,170.49279687585602,151.50943565712052,2045.913562510272,14.24992879992351,24.667975099990144,3466.529642176538,84,11700.0,12,True,True,True,True,True,,,,11700.0,11700.0,h19/k12/hourly.csv,7,7,38.91790389991365,24.667975099990144,
ga_n84_k12_h19_s7,ga,84,12,19,7,115.1260798259638,170.406160014503,158.13404432607402,2044.873920174036,14.24992879992351,21.02315520006232,2971.2064601867414,84,11700.0,12,True,True,True,True,True,,,,11700.0,11700.0,h19/k12/hourly.csv,7,7,35.27308399998583,21.02315520006232,
nn_n84_k12_h19_s7,nn,84,12,19,7,135.52024470198225,168.7066462748348,156.79361035237577,2024.4797552980176,14.24992879992351,0.3474391000345349,3243.9336062442267,84,11700.0,12,True,True,True,True,True,,,,11700.0,11700.0,h19/k12/hourly.csv,7,7,14.597367899958044,0.3474391000345349,
proposed_n84_k12_h19_s7,proposed,84,12,19,7,106.4814209548332,171.1265482537639,151.0689304632052,2053.518579045167,14.24992879992351,2147.67159020016,3092.360590018653,84,11700.0,12,True,True,True,True,True,False,60.0,True,11700.0,11700.0,h19/k12/hourly.csv,7,7,2161.921519000084,2147.67159020016,
pso_n84_k12_h19_s7,pso,84,12,19,7,132.32771527047015,168.97269039412748,156.99927902276107,2027.6722847295296,14.24992879992351,13.37595049990341,3319.0631001482025,84,11700.0,12,True,True,True,True,True,,,,11700.0,11700.0,h19/k12/hourly.csv,7,7,27.62587929982692,13.37595049990341,
aco_n84_k12_h04_s17,aco,84,12,4,17,85.5148873248828,172.87375938959312,160.1755403710547,2074.4851126751173,20.818934199865907,27.18851329991594,2748.793543500533,84,11700.0,12,True,True,True,True,True,,,,11700.0,11700.0,,17,17,48.00744749978185,27.19047819986008,
ga_n84_k12_h04_s17,ga,84,12,4,17,86.91314685305845,172.75723776224513,164.70854783452046,2073.0868531469414,20.818934199865907,25.954172699945047,2645.6842444954973,84,11700.0,12,True,True,True,True,True,,,,11700.0,11700.0,,17,17,46.77310689981096,25.96834350004792,
nn_n84_k12_h04_s17,nn,84,12,4,17,102.45899233499564,171.46175063875037,161.36080729188288,2057.5410076650046,20.818934199865907,0.4215977001003921,3123.752748737067,84,11700.0,12,True,True,True,True,True,,,,11700.0,11700.0,,17,17,21.2405318999663,0.4216318000108003,
proposed_n84_k12_h04_s17,proposed,84,12,4,17,81.54953476100998,173.2042054365825,161.167203606116,2078.45046523899,20.818934199865907,5000.453726300038,2801.856401636762,84,11700.0,12,True,True,True,True,True,False,64.0,False,11700.0,11700.0,,17,17,5021.272660499904,5000.453861499904,dual_labeled_canonical_bundle_sova
pso_n84_k12_h04_s17,pso,84,12,4,17,97.5263343702433,171.8728054691464,165.4167492970399,2062.473665629757,20.818934199865907,16.964253300102428,2724.25253193504,84,11700.0,12,True,True,True,True,True,,,,11700.0,11700.0,,17,17,37.783187499968335,16.972931399941444,
aco_n84_k12_h11_s17,aco,84,12,11,17,169.86823365529077,165.84431386205912,151.34617347649908,1990.1317663447091,18.47115239989944,29.574403199832886,3457.7944606272745,84,11700.0,12,True,True,True,True,True,,,,11700.0,11700.0,,17,17,48.04555559973232,29.57796919997781,
ga_n84_k12_h11_s17,ga,84,12,11,17,180.77793310295297,164.9351722414206,141.55176297906723,1979.2220668970472,18.47115239989944,26.62629799987189,4140.471652909278,84,11700.0,12,True,True,True,True,True,,,,11700.0,11700.0,,17,17,45.09745039977133,26.634759600041438,
nn_n84_k12_h11_s17,nn,84,12,11,17,214.52149857381485,162.1232084521821,144.33853546422782,1945.4785014261847,18.47115239989944,0.3486770999152213,3034.0993878321005,84,11700.0,12,True,True,True,True,True,,,,11700.0,11700.0,,17,17,18.81982949981466,0.3487195998895913,
proposed_n84_k12_h11_s17,proposed,84,12,11,17,169.01141171093704,165.91571569075526,148.75312261840222,1990.988588289063,16.48626619996503,3406.595572500024,3524.8274654405727,84,11700.0,12,True,True,True,True,True,False,64.0,False,11700.0,11700.0,,17,17,3423.081838699989,3406.5957074000034,dual_labeled_canonical_bundle_sova
pso_n84_k12_h11_s17,pso,84,12,11,17,206.27593084671832,162.81033909610682,145.38506900616787,1953.7240691532816,18.47115239989944,20.922130399849262,2994.657995009285,84,11700.0,12,True,True,True,True,True,,,,11700.0,11700.0,,17,17,39.393282799748704,20.933245899854228,
aco_n84_k12_h19_s17,aco,84,12,19,17,113.52843112160392,170.539297406533,159.99955255330983,2046.471568878396,18.11644250014797,29.329238899983466,2580.140770877245,84,11700.0,12,True,True,True,True,True,,,,11700.0,11700.0,,17,17,47.44568140013144,29.331275899894536,
ga_n84_k12_h19_s17,ga,84,12,19,17,120.55212294705456,169.9539897544121,162.32853578822747,2039.4478770529452,18.11644250014797,33.49013409996405,3001.507577456732,84,11700.0,12,True,True,True,True,True,,,,11700.0,11700.0,,17,17,51.60657660011202,33.502561799949035,
nn_n84_k12_h19_s17,nn,84,12,19,17,132.05271434812283,168.99560713765644,161.28987872738813,2027.947285651877,18.11644250014797,0.3122860000003129,3243.9336062442267,84,11700.0,12,True,True,True,True,True,,,,11700.0,11700.0,,17,17,18.42872850014828,0.3123102998360991,
proposed_n84_k12_h19_s17,proposed,84,12,19,17,106.1042068477418,171.1579827626882,159.01938327879023,2053.895793152258,17.08023860002868,1928.6141514999329,3120.914742404369,84,11700.0,12,True,True,True,True,True,False,58.0,False,11700.0,11700.0,,17,17,1945.6943900999613,1928.614305499941,dual_labeled_canonical_bundle_sova
pso_n84_k12_h19_s17,pso,84,12,19,17,128.55755205156296,169.28687066236975,160.47390250309397,2031.442447948437,18.11644250014797,19.514729500049725,3615.399345002344,84,11700.0,12,True,True,True,True,True,,,,11700.0,11700.0,,17,17,37.631172000197694,19.52385329990648,
aco_n84_k12_h04_s27,aco,84,12,4,27,84.77784682266174,172.93517943144488,161.18298692792266,2075.2221531773384,24.48870660015382,42.76837019994855,2678.6768392465124,84,11700.0,12,True,True,True,True,True,,,,11700.0,11700.0,,27,27,67.25707680010237,42.771069899899885,
ga_n84_k12_h04_s27,ga,84,12,4,27,85.19807335146533,172.90016055404456,160.98545400740815,2074.801926648535,24.48870660015382,51.17969379993156,3018.501981989723,84,11700.0,12,True,True,True,True,True,,,,11700.0,11700.0,,27,27,75.66840040008537,51.19740219996311,
nn_n84_k12_h04_s27,nn,84,12,4,27,102.48685636366238,171.45942863636148,162.98629574924115,2057.5131436363376,24.48870660015382,0.5847351998090744,2860.440458901196,84,11700.0,12,True,True,True,True,True,,,,11700.0,11700.0,,27,27,25.073441799962893,0.5847722999751568,
proposed_n84_k12_h04_s27,proposed,84,12,4,27,84.17232028349717,172.9856399763752,160.80633196737182,2075.827679716502,17.504887799965218,2316.613466099836,2668.7544537841923,84,11700.0,12,True,True,True,True,True,False,55.0,False,11700.0,11700.0,,27,27,2334.118353899801,2316.6135710000526,dual_labeled_canonical_bundle_sova
pso_n84_k12_h04_s27,pso,84,12,4,27,96.34500024619835,171.97124997948347,163.2878944032313,2063.654999753802,24.48870660015382,34.106548300012946,2497.457092068252,84,11700.0,12,True,True,True,True,True,,,,11700.0,11700.0,,27,27,58.595254900166765,34.1181065000128,
aco_n84_k12_h11_s27,aco,84,12,11,27,173.4367077389604,165.5469410217533,143.51298654489136,1986.56329226104,22.4289883999154,40.02069759997539,4140.159166396018,84,11700.0,12,True,True,True,True,True,,,,11700.0,11700.0,,27,27,62.44968599989079,40.023225700017065,
ga_n84_k12_h11_s27,ga,84,12,11,27,181.4569939411117,164.8785838382407,137.01823914102943,1978.5430060588883,22.4289883999154,45.2180223998148,4196.969167188072,84,11700.0,12,True,True,True,True,True,,,,11700.0,11700.0,,27,27,67.6470107997302,45.2339194000233,
nn_n84_k12_h11_s27,nn,84,12,11,27,204.5878965556374,162.95100862036355,146.21732848533176,1955.4121034443624,22.4289883999154,0.5048585999757051,2916.845513307661,84,11700.0,12,True,True,True,True,True,,,,11700.0,11700.0,,27,27,22.933846999891102,0.5048988000489771,
proposed_n84_k12_h11_s27,proposed,84,12,11,27,167.85802689989745,166.01183109167522,146.7400408286571,1992.1419731001024,15.81294699991122,3667.326238899957,3552.2948228809164,84,11700.0,12,True,True,True,True,True,False,64.0,False,11700.0,11700.0,,27,27,3683.1391858998686,3667.3264756000135,dual_labeled_canonical_bundle_sova
pso_n84_k12_h11_s27,pso,84,12,11,27,197.42040039115813,163.5482999674035,150.47997090144216,1962.5795996088416,22.4289883999154,29.27144550019875,3022.2445739844966,84,11700.0,12,True,True,True,True,True,,,,11700.0,11700.0,,27,27,51.70043390011415,29.27870650007389,
aco_n84_k12_h19_s27,aco,84,12,19,27,110.3891635281765,170.80090303931863,153.67363221805525,2049.6108364718234,20.56724360003136,35.77685689995997,2859.180928633421,84,11700.0,12,True,True,True,True,True,,,,11700.0,11700.0,,27,27,56.34410049999133,35.78045529988594,
ga_n84_k12_h19_s27,ga,84,12,19,27,111.18251454827258,170.73479045431063,158.5108824425256,2048.8174854517274,20.56724360003136,40.6799514000304,2919.048024158895,84,11700.0,12,True,True,True,True,True,,,,11700.0,11700.0,,27,27,61.247195000061765,40.69430100009777,
nn_n84_k12_h19_s27,nn,84,12,19,27,135.24478850783868,168.7296009576801,156.80659014150245,2024.7552114921612,20.56724360003136,0.5147345999721438,3067.732891000528,84,11700.0,12,True,True,True,True,True,,,,11700.0,11700.0,,27,27,21.081978200003505,0.51476059993729,
proposed_n84_k12_h19_s27,proposed,84,12,19,27,105.78270411353444,171.18477465720548,149.3827548884085,2054.2172958864658,15.395549700129775,3541.756339600077,3267.981527996957,84,11700.0,12,True,True,True,True,True,False,64.0,False,11700.0,11700.0,,27,27,3557.1518893002067,3541.7564500998706,dual_labeled_canonical_bundle_sova
pso_n84_k12_h19_s27,pso,84,12,19,27,125.82468042663736,169.5146099644469,157.00819265787155,2034.175319573363,20.56724360003136,23.240114900050685,3042.965538281017,84,11700.0,12,True,True,True,True,True,,,,11700.0,11700.0,,27,27,43.807358500082046,23.247506099985912,
aco_n84_k12_h04_s37,aco,84,12,4,37,85.05801771628744,172.91183185697605,161.6593268149856,2074.9419822837126,23.83722439990379,39.334396000020206,3082.703284453217,84,11700.0,12,True,True,True,True,True,,,,11700.0,11700.0,,37,37,63.171620399924,39.33747799997218,
ga_n84_k12_h04_s37,ga,84,12,4,37,85.82534476292427,172.84788793642295,161.00378800177614,2074.1746552370755,23.83722439990379,52.09794640005566,3000.921071147742,84,11700.0,12,True,True,True,True,True,,,,11700.0,11700.0,,37,37,75.93517079995945,52.11862409999594,
nn_n84_k12_h04_s37,nn,84,12,4,37,101.96125835151668,171.50322847070694,163.15158630529132,2058.038741648483,23.83722439990379,0.4476001001894474,2974.305414773677,84,11700.0,12,True,True,True,True,True,,,,11700.0,11700.0,,37,37,24.28482450009324,0.4476347998715937,
proposed_n84_k12_h04_s37,proposed,84,12,4,37,80.66918926073123,173.2775675616057,162.60586002668649,2079.3308107392686,16.107363000046462,2411.849358599866,2876.3307038425737,84,11700.0,12,True,True,True,True,True,False,58.0,False,11700.0,11700.0,,37,37,2427.9567215999123,2411.8494849000126,dual_labeled_canonical_bundle_sova
pso_n84_k12_h04_s37,pso,84,12,4,37,98.63150632841892,171.7807078059651,163.11243746335117,2061.3684936715813,23.83722439990379,31.131701699923724,2887.611775879559,84,11700.0,12,True,True,True,True,True,,,,11700.0,11700.0,,37,37,54.96892609982751,31.14339230000041,
aco_n84_k12_h11_s37,aco,84,12,11,37,170.75453088612943,165.7704557594892,148.0154346183898,1989.2454691138705,15.113846400054172,22.138547099893916,3521.4400698495697,84,11700.0,12,True,True,True,True,True,,,,11700.0,11700.0,,37,37,37.25239349994808,22.1407981000375,
ga_n84_k12_h11_s37,ga,84,12,11,37,175.84984251825878,165.34584645681176,150.9632952051559,1984.1501574817407,15.113846400054172,21.074857499916103,2971.506149956625,84,11700.0,12,True,True,True,True,True,,,,11700.0,11700.0,,37,37,36.18870389997028,21.085732500068843,
nn_n84_k12_h11_s37,nn,84,12,11,37,206.5669931457336,162.7860839045222,147.46361879931118,1953.4330068542663,15.113846400054172,0.3135058998595923,3204.2735476488606,84,11700.0,12,True,True,True,True,True,,,,11700.0,11700.0,,37,37,15.427352299913764,0.3136692999396473,
proposed_n84_k12_h11_s37,proposed,84,12,11,37,166.4360119357376,166.13033233868853,149.3233324928286,1993.5639880642625,15.113846400054172,6444.693711599801,3508.6135516199342,84,11700.0,12,True,True,True,True,True,False,61.0,False,11700.0,11700.0,,37,37,6459.807557999855,6444.693811099976,dual_labeled_canonical_bundle_sova
pso_n84_k12_h11_s37,pso,84,12,11,37,200.0341085121957,163.33049095731704,148.87217904540165,1959.9658914878044,15.113846400054172,12.835395199945197,3204.2735476488606,84,11700.0,12,True,True,True,True,True,,,,11700.0,11700.0,,37,37,27.949241599999368,12.841770899947733,
aco_n84_k12_h19_s37,aco,84,12,19,37,113.0987537356385,170.5751038553635,155.9758242002536,2046.9012462643616,20.16990700014867,36.97412089980208,2905.618553182738,84,11700.0,12,True,True,True,True,True,,,,11700.0,11700.0,,37,37,57.14402789995074,36.9761298999656,
ga_n84_k12_h19_s37,ga,84,12,19,37,117.78142079344497,170.18488160054625,155.58410668943893,2042.218579206555,20.16990700014867,51.26662790006958,2996.523751004932,84,11700.0,12,True,True,True,True,True,,,,11700.0,11700.0,,37,37,71.43653490021825,51.281569600105286,
nn_n84_k12_h19_s37,nn,84,12,19,37,131.1570127200736,169.07024893999386,154.4747706482474,2028.8429872799263,20.16990700014867,0.4484524000436067,3047.85614602155,84,11700.0,12,True,True,True,True,True,,,,11700.0,11700.0,,37,37,20.61835940019228,0.4484818999189883,
proposed_n84_k12_h19_s37,proposed,84,12,19,37,105.29790187080052,171.22517484409994,158.16981680750095,2054.7020981291994,15.67174689983949,1928.7047743999865,3170.874437300253,84,11700.0,12,True,True,True,True,True,False,59.0,False,11700.0,11700.0,,37,37,1944.376521299826,1928.7048954998609,dual_labeled_canonical_bundle_sova
pso_n84_k12_h19_s37,pso,84,12,19,37,123.5233175077154,169.7063902076904,154.6743400876084,2036.476682492285,20.16990700014867,30.592472599819303,3095.236143142637,84,11700.0,12,True,True,True,True,True,,,,11700.0,11700.0,,37,37,50.76237959996797,30.603355400031436,
aco_n84_k12_h04_s47,aco,84,12,4,47,85.378620096454,172.88511499196215,158.3245526885807,2074.621379903546,17.24627839983441,22.477201600093395,3267.8205320939555,84,11700.0,12,True,True,True,True,True,,,,11700.0,11700.0,,47,47,39.72347999992781,22.47954230010509,
ga_n84_k12_h04_s47,ga,84,12,4,47,86.8440147420356,172.76299877149702,161.1680743757785,2073.1559852579644,17.24627839983441,25.41144120017998,2609.0537510866257,84,11700.0,12,True,True,True,True,True,,,,11700.0,11700.0,,47,47,42.65771960001439,25.42268379987217,
nn_n84_k12_h04_s47,nn,84,12,4,47,101.55884592546327,171.53676283954474,162.97761747497606,2058.441154074537,17.24627839983441,0.2996782001573592,2665.0782481686856,84,11700.0,12,True,True,True,True,True,,,,11700.0,11700.0,,47,47,17.54595659999177,0.2997801001183688,
proposed_n84_k12_h04_s47,proposed,84,12,4,47,82.08951621942256,173.1592069817148,164.45988210465003,2077.9104837805776,17.24627839983441,2914.1395664999727,2637.008571146212,84,11700.0,12,True,True,True,True,True,False,64.0,False,11700.0,11700.0,,47,47,2931.385844899807,2914.139676199993,dual_labeled_canonical_bundle_sova
pso_n84_k12_h04_s47,pso,84,12,4,47,95.63594941000744,172.03033754916603,163.47989230197342,2064.3640505899925,17.24627839983441,16.818556600017473,2934.448360628203,84,11700.0,12,True,True,True,True,True,,,,11700.0,11700.0,,47,47,34.06483499985188,16.82976060011424,
aco_n84_k12_h11_s47,aco,84,12,11,47,172.16702766090364,165.6527476949247,145.91884491877477,1987.8329723390964,19.11991379992105,33.22689180006273,3576.841957536496,84,11700.0,12,True,True,True,True,True,,,,11700.0,11700.0,,47,47,52.34680559998378,33.22990100015886,
ga_n84_k12_h11_s47,ga,84,12,11,47,178.33733550956953,165.13855537420253,148.7039014734056,1981.6626644904304,19.11991379992105,33.94175329990685,3060.002087897063,84,11700.0,12,True,True,True,True,True,,,,11700.0,11700.0,,47,47,53.0616670998279,33.95183310005814,
nn_n84_k12_h11_s47,nn,84,12,11,47,198.15421419747867,163.48714881687678,145.73051313858875,1961.8457858025213,19.11991379992105,0.4608396999537945,3161.219551548455,84,11700.0,12,True,True,True,True,True,,,,11700.0,11700.0,,47,47,19.580753499874845,0.4608679998200387,
proposed_n84_k12_h11_s47,proposed,84,12,11,47,165.55770097484884,166.2035249187626,149.0772793340765,1994.4422990251512,15.239087499910966,3412.396993299946,3190.5341165495665,84,11700.0,12,True,True,True,True,True,False,64.0,False,11700.0,11700.0,,47,47,3427.636080799857,3412.397095100023,dual_labeled_canonical_bundle_sova
pso_n84_k12_h11_s47,pso,84,12,11,47,187.19904825893343,164.40007931175555,147.54029996081934,1972.8009517410665,19.11991379992105,21.007844100007787,2995.5312434250195,84,11700.0,12,True,True,True,True,True,,,,11700.0,11700.0,,47,47,40.12775789992884,21.01409020018764,
aco_n84_k12_h19_s47,aco,84,12,19,47,113.16207361601398,170.5698271986655,157.66472052662652,2046.837926383986,21.857479800004512,38.40203420002945,3088.822719478938,84,11700.0,12,True,True,True,True,True,,,,11700.0,11700.0,,47,47,60.25951400003396,38.40526879997924,
ga_n84_k12_h19_s47,ga,84,12,19,47,116.3914396390658,170.30071336341118,162.18602390653427,2043.6085603609345,21.857479800004512,37.18059789994732,2941.0701227029367,84,11700.0,12,True,True,True,True,True,,,,11700.0,11700.0,,47,47,59.03807769995183,37.196224300190806,
nn_n84_k12_h19_s47,nn,84,12,19,47,131.99184813507344,169.00067932207722,161.06528612339775,2028.0081518649265,21.857479800004512,0.4836250999942422,3243.9336062442267,84,11700.0,12,True,True,True,True,True,,,,11700.0,11700.0,,47,47,22.341104899998754,0.4836590997874737,
proposed_n84_k12_h19_s47,proposed,84,12,19,47,108.42099228541804,170.9649173095485,155.79268542366995,2051.579007714582,15.736035800073296,3072.422886000015,3023.5752983437897,84,11700.0,12,True,True,True,True,True,False,63.0,False,11700.0,11700.0,,47,47,3088.158921800088,3072.423005199991,dual_labeled_canonical_bundle_sova
pso_n84_k12_h19_s47,pso,84,12,19,47,128.68742916303304,169.27604756974725,161.48634388830507,2031.3125708369669,21.857479800004512,24.241883400129154,3230.3790598761047,84,11700.0,12,True,True,True,True,True,,,,11700.0,11700.0,,47,47,46.09936320013367,24.251252599991854,
aco_n84_k12_h04_s57,aco,84,12,4,57,83.48572642965856,173.0428561308618,161.75821139548805,2076.5142735703416,22.6921932999976,37.79456529999152,2906.742182114965,84,11700.0,12,True,True,True,True,True,,,,11700.0,11700.0,,57,57,60.48675859998912,37.7977328998968,
ga_n84_k12_h04_s57,ga,84,12,4,57,86.09480312175836,172.8254330731868,164.03196177734955,2073.905196878241,22.6921932999976,40.39353820006363,2656.00927428781,84,11700.0,12,True,True,True,True,True,,,,11700.0,11700.0,,57,57,63.08573150006123,40.40868739993312,
nn_n84_k12_h04_s57,nn,84,12,4,57,105.39159640049289,171.2173669666256,158.6731192692076,2054.6084035995077,22.6921932999976,0.4910673999693244,2848.6231909972907,84,11700.0,12,True,True,True,True,True,,,,11700.0,11700.0,,57,57,23.18326069996692,0.4910901999101043,
proposed_n84_k12_h04_s57,proposed,84,12,4,57,81.08008947408861,173.24332587715926,161.5792109641821,2078.919910525912,16.248119700001553,2960.889724400128,3048.110844137509,84,11700.0,12,True,True,True,True,True,False,64.0,False,11700.0,11700.0,,57,57,2977.137844100129,2960.8898316000123,dual_labeled_canonical_bundle_sova
pso_n84_k12_h04_s57,pso,84,12,4,57,100.42559519884507,171.63120040009622,161.4271364602072,2059.5744048011547,22.6921932999976,22.27937090001069,2777.5141000904355,84,11700.0,12,True,True,True,True,True,,,,11700.0,11700.0,,57,57,44.97156420000829,22.288936499971896,
aco_n84_k12_h11_s57,aco,84,12,11,57,170.53977299588936,165.78835225034257,147.42493662607964,1989.4602270041107,21.18093500006944,38.876757599879056,3498.0798307495597,84,11700.0,12,True,True,True,True,True,,,,11700.0,11700.0,,57,57,60.057692599948496,38.87979719997384,
ga_n84_k12_h11_s57,ga,84,12,11,57,178.68158950470564,165.10986754127453,151.723492496119,1981.3184104952943,21.18093500006944,38.35390229988843,2876.644049086946,84,11700.0,12,True,True,True,True,True,,,,11700.0,11700.0,,57,57,59.53483729995787,38.36260260012932,
nn_n84_k12_h11_s57,nn,84,12,11,57,204.10794419365112,162.99100465052908,147.1089528420298,1955.892055806349,21.18093500006944,0.4645370999351144,2918.838085428247,84,11700.0,12,True,True,True,True,True,,,,11700.0,11700.0,,57,57,21.645472100004557,0.4645766001194715,
proposed_n84_k12_h11_s57,proposed,84,12,11,57,169.4359964179707,165.88033363183578,149.88115994114344,1990.5640035820293,15.339851800119504,3941.99899670016,3012.8599487200217,84,11700.0,12,True,True,True,True,True,False,64.0,False,11700.0,11700.0,,57,57,3957.33884850028,3941.9991166000254,dual_labeled_canonical_bundle_sova
pso_n84_k12_h11_s57,pso,84,12,11,57,190.5843452350512,164.1179712304124,149.3010250164255,1969.4156547649488,21.18093500006944,28.048939700005576,2823.187176971132,84,11700.0,12,True,True,True,True,True,,,,11700.0,11700.0,,57,57,49.229874700075015,28.057961400132623,
aco_n84_k12_h19_s57,aco,84,12,19,57,112.25423735645924,170.64548022029507,158.04933828707874,2047.7457626435407,15.575202099978924,21.91946310014464,2722.575526033369,84,11700.0,12,True,True,True,True,True,,,,11700.0,11700.0,,57,57,37.49466520012356,21.921199900098145,
ga_n84_k12_h19_s57,ga,84,12,19,57,117.88456331693774,170.17628639025517,162.18574729695152,2042.1154366830624,15.575202099978924,21.22025929996744,2704.8602473669434,84,11700.0,12,True,True,True,True,True,,,,11700.0,11700.0,,57,57,36.79546139994636,21.22898410004564,
nn_n84_k12_h19_s57,nn,84,12,19,57,131.95859099342556,169.00345075054787,161.07232272070905,2028.0414090065744,15.575202099978924,0.2914013999979943,3243.9336062442267,84,11700.0,12,True,True,True,True,True,,,,11700.0,11700.0,,57,57,15.866603499976918,0.2914297999814152,
proposed_n84_k12_h19_s57,proposed,84,12,19,57,106.12852959467271,171.1559558671106,154.59046036711874,2053.8714704053277,15.575202099978924,2218.3678478999063,3213.0181569399238,84,11700.0,12,True,True,True,True,True,False,59.0,False,11700.0,11700.0,,57,57,2233.9430499998853,2218.367935899878,dual_labeled_canonical_bundle_sova
pso_n84_k12_h19_s57,pso,84,12,19,57,128.93613536668795,169.255322052776,160.08305653259222,2031.063864633312,15.575202099978924,14.72112759994343,3601.8447986342217,84,11700.0,12,True,True,True,True,True,,,,11700.0,11700.0,,57,57,30.296329699922357,14.727834399789572,
aco_n84_k12_h04_s67,aco,84,12,4,67,84.51151828224208,172.95737347647983,163.57681977974633,2075.488481717758,22.504164300160483,36.09865940012969,2724.3460220389384,84,11700.0,12,True,True,True,True,True,,,,11700.0,11700.0,,67,67,58.60282370029017,36.10190330003388,
ga_n84_k12_h04_s67,ga,84,12,4,67,86.76718540651524,172.76940121612373,165.46389104571935,2073.232814593485,22.504164300160483,41.172436699969694,2665.720374108098,84,11700.0,12,True,True,True,True,True,,,,11700.0,11700.0,,67,67,63.67660100013018,41.18528910004534,
nn_n84_k12_h04_s67,nn,84,12,4,67,105.87037099958124,171.17746908336824,161.78058922217625,2054.129629000419,22.504164300160483,0.4661652001086622,3005.689449360073,84,11700.0,12,True,True,True,True,True,,,,11700.0,11700.0,,67,67,22.970329500269145,0.466200000140816,
proposed_n84_k12_h04_s67,proposed,84,12,4,67,85.28398274971967,172.89300143752337,157.6595445539884,2074.7160172502804,16.167904200032353,2381.1762217001524,3197.9481660114134,84,11700.0,12,True,True,True,True,True,False,64.0,False,11700.0,11700.0,,67,67,2397.3441259001847,2381.176332499832,dual_labeled_canonical_bundle_sova
pso_n84_k12_h04_s67,pso,84,12,4,67,100.85776363229466,171.59518636397544,163.58388549896512,2059.142236367705,22.504164300160483,24.71491470001638,2614.9963519613666,84,11700.0,12,True,True,True,True,True,,,,11700.0,11700.0,,67,67,47.21907900017686,24.72571879997849,
aco_n84_k12_h11_s67,aco,84,12,11,67,176.04442732388048,165.3296310563433,150.69751193158237,1983.95557267612,19.173249900108203,32.42488029995002,2809.0542237216923,84,11700.0,12,True,True,True,True,True,,,,11700.0,11700.0,,67,67,51.59813020005822,32.42699770000763,
ga_n84_k12_h11_s67,ga,84,12,11,67,184.5524083389801,164.62063263841833,139.47875086749562,1975.44759166102,19.173249900108203,32.03230779990554,4076.087399735274,84,11700.0,12,True,True,True,True,True,,,,11700.0,11700.0,,67,67,51.20555770001374,32.04751960001886,
nn_n84_k12_h11_s67,nn,84,12,11,67,204.0150107307417,162.9987491057715,146.1001920771485,1955.9849892692584,19.173249900108203,0.4228697000071406,3025.1845814514,84,11700.0,12,True,True,True,True,True,,,,11700.0,11700.0,,67,67,19.596119600115344,0.4229073000606149,
proposed_n84_k12_h11_s67,proposed,84,12,11,67,171.06849917852796,165.7442917351227,147.6300747032395,1988.931500821472,15.403965500183403,2770.810488999821,3866.397594418768,84,11700.0,12,True,True,True,True,True,False,64.0,True,11700.0,11700.0,,67,67,2786.2144545000046,2770.8105763997883,dual_labeled_canonical_bundle_sova
pso_n84_k12_h11_s67,pso,84,12,11,67,193.3313806815028,163.88905160987477,146.4390348689822,1966.668619318497,19.173249900108203,22.241835499880835,2993.2946037447937,84,11700.0,12,True,True,True,True,True,,,,11700.0,11700.0,,67,67,41.41508539998904,22.24898839998059,
aco_n84_k12_h19_s67,aco,84,12,19,67,108.62468991860364,170.94794250678305,155.86129743274614,2051.3753100813965,19.60395130002871,32.251307599944994,3056.446894898877,84,11700.0,12,True,True,True,True,True,,,,11700.0,11700.0,,67,67,51.855258899973705,32.25398729997687,
ga_n84_k12_h19_s67,ga,84,12,19,67,120.43940548787133,169.96338287601074,160.06725201694613,2039.5605945121288,19.60395130002871,30.13566999998875,3395.2311773841016,84,11700.0,12,True,True,True,True,True,,,,11700.0,11700.0,,67,67,49.73962130001746,30.146660699974746,
nn_n84_k12_h19_s67,nn,84,12,19,67,139.41521338003628,168.38206555166366,156.98721461760255,2020.584786619964,19.60395130002871,0.4101073001511395,3243.9336062442267,84,11700.0,12,True,True,True,True,True,,,,11700.0,11700.0,,67,67,20.01405860017985,0.4101298002060503,
proposed_n84_k12_h19_s67,proposed,84,12,19,67,106.05630016072612,171.16197498660617,154.2886340278156,2053.943699839274,16.073398099979386,2591.4871129998937,3326.515003499648,84,11700.0,12,True,True,True,True,True,False,56.0,False,11700.0,11700.0,,67,67,2607.560511099873,2591.4872582999524,dual_labeled_canonical_bundle_sova
pso_n84_k12_h19_s67,pso,84,12,19,67,135.9333963254339,168.6722169728805,157.19600172460844,2024.066603674566,19.60395130002871,19.642209900077432,3601.8447986342217,84,11700.0,12,True,True,True,True,True,,,,11700.0,11700.0,,67,67,39.246161200106144,19.64934799983166,
aco_n84_k12_h04_s77,aco,84,12,4,77,83.25384634593603,173.06217947117202,161.1900102847572,2076.746153654064,20.72170550003648,31.31631870009005,2692.723220217049,84,11700.0,12,True,True,True,True,True,,,,11700.0,11700.0,,77,77,52.03802420012653,31.318073299946263,
ga_n84_k12_h04_s77,ga,84,12,4,77,85.93092836122538,172.8390893032312,164.61313677634155,2074.0690716387744,20.72170550003648,29.253161000087857,2518.033223760817,84,11700.0,12,True,True,True,True,True,,,,11700.0,11700.0,,77,77,49.974866500124335,29.2645962999668,
nn_n84_k12_h04_s77,nn,84,12,4,77,103.29359282922812,171.3922005975643,164.23247899802476,2056.706407170772,20.72170550003648,0.4282957001123577,2689.9058607360503,84,11700.0,12,True,True,True,True,True,,,,11700.0,11700.0,,77,77,21.15000120014884,0.4283320000395179,
proposed_n84_k12_h04_s77,proposed,84,12,4,77,79.42084092192286,173.38159658983977,160.57038934591748,2080.5791590780773,16.35325639997609,7036.120052399812,2668.7544537841923,84,11700.0,12,True,True,True,True,True,False,64.0,False,11700.0,11700.0,,77,77,7052.473308799788,7036.120153900003,dual_labeled_canonical_bundle_sova
pso_n84_k12_h04_s77,pso,84,12,4,77,96.78517823584356,171.93456848034637,164.41800591134376,2063.214821764157,20.72170550003648,18.315938499988988,2629.74454706474,84,11700.0,12,True,True,True,True,True,,,,11700.0,11700.0,,77,77,39.037644000025466,18.324278000043705,
aco_n84_k12_h11_s77,aco,84,12,11,77,170.45854433103295,165.79512130574724,139.6300696228834,1989.541455668967,20.65652010007761,37.817399400053546,4525.313618575119,84,11700.0,12,True,True,True,True,True,,,,11700.0,11700.0,,77,77,58.47391950013116,37.820071999914944,
ga_n84_k12_h11_s77,ga,84,12,11,77,182.33941626686476,164.80504864442796,138.68064587182232,1977.6605837331356,20.65652010007761,32.32190510001965,3998.063779097312,84,11700.0,12,True,True,True,True,True,,,,11700.0,11700.0,,77,77,52.97842520009726,32.331642400007695,
nn_n84_k12_h11_s77,nn,84,12,11,77,200.06716366363727,163.32773636136355,145.50074847162313,1959.9328363363627,20.65652010007761,0.431342399911955,2979.351316709742,84,11700.0,12,True,True,True,True,True,,,,11700.0,11700.0,,77,77,21.08786249998957,0.4313777999486774,
proposed_n84_k12_h11_s77,proposed,84,12,11,77,164.9484493171331,166.25429589023892,149.36286464254286,1995.051550682867,15.027600700035691,3167.937287699897,3574.4651989353647,84,11700.0,12,True,True,True,True,True,False,54.0,False,11700.0,11700.0,,77,77,3182.9648883999325,3167.937481699977,dual_labeled_canonical_bundle_sova
pso_n84_k12_h11_s77,pso,84,12,11,77,192.1359033150188,163.98867472374843,145.5156854662233,1967.8640966849807,20.65652010007761,21.828728400170803,2968.409230651024,84,11700.0,12,True,True,True,True,True,,,,11700.0,11700.0,,77,77,42.48524850024842,21.83652459993027,
aco_n84_k12_h19_s77,aco,84,12,19,77,110.21369427228274,170.81552547730976,156.24053503987645,2049.7863057277173,19.775650799972937,35.20993370003998,3141.224466703451,84,11700.0,12,True,True,True,True,True,,,,11700.0,11700.0,,77,77,54.98558450001292,35.21308729983866,
ga_n84_k12_h19_s77,ga,84,12,19,77,116.2692285110563,170.31089762407865,153.4233533427224,2043.730771488944,19.775650799972937,38.204760199878365,3036.0215997742816,84,11700.0,12,True,True,True,True,True,,,,11700.0,11700.0,,77,77,57.9804109998513,38.222792899934575,
nn_n84_k12_h19_s77,nn,84,12,19,77,137.56135753641084,168.53655353863243,156.85035393000925,2022.438642463589,19.775650799972937,0.4358818000182509,2947.732891000528,84,11700.0,12,True,True,True,True,True,,,,11700.0,11700.0,,77,77,20.211532599991187,0.4359150000382215,
proposed_n84_k12_h19_s77,proposed,84,12,19,77,105.15931758247297,171.23672353479392,160.65474779488449,2054.840682417527,15.555054800119253,3082.192281599855,2872.350416388059,84,11700.0,12,True,True,True,True,True,False,64.0,False,11700.0,11700.0,,77,77,3097.7473363999743,3082.192389699864,dual_labeled_canonical_bundle_sova
pso_n84_k12_h19_s77,pso,84,12,19,77,132.33219681080064,168.97231693243327,157.05710796000704,2027.6678031891995,19.775650799972937,20.59287569997832,3079.2197776282646,84,11700.0,12,True,True,True,True,True,,,,11700.0,11700.0,,77,77,40.36852649995126,20.599495300091803,
aco_n84_k12_h04_s87,aco,84,12,4,87,83.39241818577857,173.05063181785178,159.61197330695632,2076.607581814221,19.42014080006629,30.110727000050247,2770.2654043321704,84,11700.0,12,True,True,True,True,True,,,,11700.0,11700.0,,87,87,49.53086780011654,30.11400269996375,
ga_n84_k12_h04_s87,ga,84,12,4,87,87.50497579096782,172.70791868408602,164.50413563164508,2072.495024209032,19.42014080006629,26.3426140001975,2857.3004751989247,84,11700.0,12,True,True,True,True,True,,,,11700.0,11700.0,,87,87,45.76275480026379,26.35161479981616,
nn_n84_k12_h04_s87,nn,84,12,4,87,104.961715489441,171.25319037587994,159.16017647843694,2055.038284510559,19.42014080006629,0.3776767998933792,3402.4898880800624,84,11700.0,12,True,True,True,True,True,,,,11700.0,11700.0,,87,87,19.79781759995967,0.3777001998387277,
proposed_n84_k12_h04_s87,proposed,84,12,4,87,82.96243452826629,173.08646378931113,162.1157331579004,2077.0375654717336,15.606327699963003,12704.758413600037,2760.8618965934534,84,11700.0,12,True,True,True,True,True,False,64.0,False,11700.0,11700.0,,87,87,12720.3647413,12704.758514599876,dual_labeled_canonical_bundle_sova
pso_n84_k12_h04_s87,pso,84,12,4,87,98.95511062365154,171.75374078136238,162.47162795081366,2061.0448893763487,19.42014080006629,20.93756600003689,3170.05057001781,84,11700.0,12,True,True,True,True,True,,,,11700.0,11700.0,,87,87,40.35770680010319,20.94591320003383,
aco_n84_k12_h11_s87,aco,84,12,11,87,170.73883310870312,165.77176390760806,150.53631205643137,1989.2611668912969,14.868080499814823,22.54703879985027,3693.321928433537,84,11700.0,12,True,True,True,True,True,,,,11700.0,11700.0,,87,87,37.41511929966509,22.54922699998133,
ga_n84_k12_h11_s87,ga,84,12,11,87,178.7284202522256,165.1059649789812,149.2676933196875,1981.2715797477745,14.868080499814823,21.244408700149503,3346.796420766085,84,11700.0,12,True,True,True,True,True,,,,11700.0,11700.0,,87,87,36.11248919996433,21.2529038998764,
nn_n84_k12_h11_s87,nn,84,12,11,87,197.43812557400395,163.546822868833,147.09005965354254,1962.561874425996,14.868080499814823,0.3050915000494569,3052.1260284174487,84,11700.0,12,True,True,True,True,True,,,,11700.0,11700.0,,87,87,15.17317199986428,0.305145800113678,
proposed_n84_k12_h11_s87,proposed,84,12,11,87,166.61197576276732,166.11566868643607,145.52101282038237,1993.388024237233,14.868080499814823,8077.64237320004,4043.554743010349,84,11700.0,12,True,True,True,True,True,False,64.0,False,11700.0,11700.0,,87,87,8092.510453699855,8077.64248499996,dual_labeled_canonical_bundle_sova
pso_n84_k12_h11_s87,pso,84,12,11,87,187.7658657082733,164.35284452431054,148.03211371739155,1972.2341342917264,14.868080499814823,13.58219929994084,2972.964198413318,84,11700.0,12,True,True,True,True,True,,,,11700.0,11700.0,,87,87,28.450279799755663,13.58887180010788,
aco_n84_k12_h19_s87,aco,84,12,19,87,112.0922873103398,170.65897605747168,157.10937079283482,2047.90771268966,18.71096369996667,30.62205750006251,2974.015012952583,84,11700.0,12,True,True,True,True,True,,,,11700.0,11700.0,,87,87,49.33302120002918,30.624220799887556,
ga_n84_k12_h19_s87,ga,84,12,19,87,118.21859443065244,170.1484504641123,162.949979531512,2041.7814055693475,18.71096369996667,27.06054949993268,2663.6828541972345,84,11700.0,12,True,True,True,True,True,,,,11700.0,11700.0,,87,87,45.77151319989935,27.07203090004623,
nn_n84_k12_h19_s87,nn,84,12,19,87,132.13664891885273,168.9886125900956,161.25704005811374,2027.8633510811476,18.71096369996667,0.5204488001763821,3243.9336062442267,84,11700.0,12,True,True,True,True,True,,,,11700.0,11700.0,,87,87,19.23141250014305,0.5204770001582801,
proposed_n84_k12_h19_s87,proposed,84,12,19,87,105.41242460072446,171.21563128327296,157.3306548092061,2054.5875753992755,15.35312519990839,3557.260378799867,2773.048585254462,84,11700.0,12,True,True,True,True,True,False,64.0,False,11700.0,11700.0,,87,87,3572.613503999776,3557.2604970999528,dual_labeled_canonical_bundle_sova
pso_n84_k12_h19_s87,pso,84,12,19,87,127.74687050171693,169.35442745819026,160.46338345466688,2032.253129498283,18.71096369996667,18.092047300189734,3601.8447986342217,84,11700.0,12,True,True,True,True,True,,,,11700.0,11700.0,,87,87,36.8030110001564,18.10000609979033,
aco_n84_k12_h04_s97,aco,84,12,4,97,83.95907949835187,173.00341004180402,162.46364980614484,2076.040920501648,19.70777099998668,30.46316340006888,3118.8954785118203,84,11700.0,12,True,True,True,True,True,,,,11700.0,11700.0,,97,97,50.17093440005556,30.46506819990464,
ga_n84_k12_h04_s97,ga,84,12,4,97,87.9839204544654,172.66800662879453,164.46447839854775,2072.0160795455345,19.70777099998668,36.98384070000611,2712.636226702152,84,11700.0,12,True,True,True,True,True,,,,11700.0,11700.0,,97,97,56.69161169999279,36.99337360006757,
nn_n84_k12_h04_s97,nn,84,12,4,97,103.75147513721924,171.35404373856508,161.3702204033832,2056.248524862781,19.70777099998668,0.415989400120452,3038.661189902605,84,11700.0,12,True,True,True,True,True,,,,11700.0,11700.0,,97,97,20.12376040010713,0.4160244001541286,
proposed_n84_k12_h04_s97,proposed,84,12,4,97,79.27332290306938,173.39388975807756,161.84202237895016,2080.726677096931,15.976102199871091,11357.317127000077,2734.6478068545607,84,11700.0,12,True,True,True,True,True,False,64.0,False,11700.0,11700.0,,97,97,11373.293229199946,11357.317243899915,dual_labeled_canonical_bundle_sova
pso_n84_k12_h04_s97,pso,84,12,4,97,96.68888461707256,171.94259294857727,164.45016653209623,2063.3111153829277,19.70777099998668,24.65321489982307,2732.7583096644985,84,11700.0,12,True,True,True,True,True,,,,11700.0,11700.0,,97,97,44.36098589980975,24.66486619994976,
aco_n84_k12_h11_s97,aco,84,12,11,97,174.14305975039127,165.48807835413405,149.1721217371471,1985.856940249609,15.268577400129288,22.02026499994099,3672.8307158398056,84,11700.0,12,True,True,True,True,True,,,,11700.0,11700.0,,97,97,37.28884240007028,22.022388800047334,
ga_n84_k12_h11_s97,ga,84,12,11,97,180.5141965060455,164.9571502911629,146.33946598289126,1979.4858034939543,15.268577400129288,19.58261049981229,4014.587335960687,84,11700.0,12,True,True,True,True,True,,,,11700.0,11700.0,,97,97,34.85118789994158,19.59386989986524,
nn_n84_k12_h11_s97,nn,84,12,11,97,197.0269201340902,163.58108998882582,141.05313378694635,1962.9730798659095,15.268577400129288,0.3067271001636982,3537.085374216481,84,11700.0,12,True,True,True,True,True,,,,11700.0,11700.0,,97,97,15.575304500292988,0.3067614000756293,
proposed_n84_k12_h11_s97,proposed,84,12,11,97,167.69262889197157,166.02561425900237,146.8430189456014,1992.3073711080283,15.268577400129288,5791.744148100028,4050.869177726002,84,11700.0,12,True,True,True,True,True,False,59.0,True,11700.0,11700.0,,97,97,5807.012725500157,5791.744244699832,dual_labeled_canonical_bundle_sova
pso_n84_k12_h11_s97,pso,84,12,11,97,190.64799285306,164.112667262245,141.05313378694635,1969.35200714694,15.268577400129288,13.810064400080591,3493.9989208774537,84,11700.0,12,True,True,True,True,True,,,,11700.0,11700.0,,97,97,29.07864180020988,13.817821899894623,
aco_n84_k12_h19_s97,aco,84,12,19,97,109.84972475843708,170.8458562701302,155.59983437655683,2050.1502752415627,19.00164879998192,30.939563099993396,3459.685843610167,84,11700.0,12,True,True,True,True,True,,,,11700.0,11700.0,,97,97,49.94121189997532,30.941624299855903,
ga_n84_k12_h19_s97,ga,84,12,19,97,110.18913698995992,170.81757191750333,152.93559546113258,2049.81086301004,19.00164879998192,35.50813449989073,3019.194906483062,84,11700.0,12,True,True,True,True,True,,,,11700.0,11700.0,,97,97,54.50978329987265,35.51966720004566,
nn_n84_k12_h19_s97,nn,84,12,19,97,138.40423995376267,168.46631333718645,157.54816168726245,2021.5957600462373,19.00164879998192,0.4984202999621629,3243.9336062442267,84,11700.0,12,True,True,True,True,True,,,,11700.0,11700.0,,97,97,19.500069099944085,0.4984633999411016,
proposed_n84_k12_h19_s97,proposed,84,12,19,97,111.02491935564844,170.74792338702932,154.50531835017736,2048.975080644352,16.613121799891815,5513.161426199833,3082.902146302963,84,11700.0,12,True,True,True,True,True,False,64.0,False,11700.0,11700.0,,97,97,5529.774547999725,5513.161547300173,dual_labeled_canonical_bundle_sova
pso_n84_k12_h19_s97,pso,84,12,19,97,127.24347618049352,169.39637698495886,160.44912195559374,2032.7565238195064,19.00164879998192,18.670290099922568,3210.466795202227,84,11700.0,12,True,True,True,True,True,,,,11700.0,11700.0,,97,97,37.67193889990449,18.677386400057003,
aco_n84_k13_h04_s7,aco,84,13,4,7,85.56501173657486,173.41807602026347,159.76725599828472,2254.434988263425,14.381356199970469,23.660797300050035,2709.3933941401674,84,11700.0,13,True,True,True,True,True,,,,11700.0,11700.0,h04/k13/hourly.csv,7,7,38.0421535000205,23.660797300050035,
ga_n84_k13_h04_s7,ga,84,13,4,7,85.92715318900358,173.39021898546127,164.4084649905894,2254.0728468109965,14.381356199970469,23.43583139986731,2719.218576869273,84,11700.0,13,True,True,True,True,True,,,,11700.0,11700.0,h04/k13/hourly.csv,7,7,37.81718759983778,23.43583139986731,
nn_n84_k13_h04_s7,nn,84,13,4,7,106.59902338626344,171.80007512413357,162.290458800615,2233.4009766137365,14.381356199970469,0.3129297001287341,2807.1488386405213,84,11700.0,13,True,True,True,True,True,,,,11700.0,11700.0,h04/k13/hourly.csv,7,7,14.694285900099205,0.3129297001287341,
proposed_n84_k13_h04_s7,proposed,84,13,4,7,83.14997897412285,173.60384777122133,161.35598983303586,2256.850021025877,14.381356199970469,2913.86305169994,3223.81704568004,84,11700.0,13,True,True,True,True,True,False,64.0,False,11700.0,11700.0,h04/k13/hourly.csv,7,7,2928.2444078999106,2913.86305169994,
pso_n84_k13_h04_s7,pso,84,13,4,7,96.21017314306248,172.59921745053364,160.99245818557702,2243.789826856937,14.381356199970469,15.788625900167972,2824.00195249503,84,11700.0,13,True,True,True,True,True,,,,11700.0,11700.0,h04/k13/hourly.csv,7,7,30.16998210013844,15.788625900167972,
aco_n84_k13_h11_s7,aco,84,13,11,7,174.78310027043636,166.55514613304334,146.70362163325458,2165.2168997295635,12.391251099994406,22.979379400145262,3891.9347474559218,84,11700.0,13,True,True,True,True,True,,,,11700.0,11700.0,h11/k13/hourly.csv,7,7,35.37063050013967,22.979379400145262,
ga_n84_k13_h11_s7,ga,84,13,11,7,191.86502628045383,165.24115182458047,148.1466564912714,2148.134973719546,12.391251099994406,18.0255750999786,3128.7587023204146,84,11700.0,13,True,True,True,True,True,,,,11700.0,11700.0,h11/k13/hourly.csv,7,7,30.41682619997301,18.0255750999786,
nn_n84_k13_h11_s7,nn,84,13,11,7,208.1324434155312,163.98981204495914,145.78301676843856,2131.8675565844687,12.391251099994406,0.2839760000351816,2888.3030936974333,84,11700.0,13,True,True,True,True,True,,,,11700.0,11700.0,h11/k13/hourly.csv,7,7,12.675227100029588,0.2839760000351816,
proposed_n84_k13_h11_s7,proposed,84,13,11,7,171.79928044015043,166.78467073537303,145.27551748156543,2168.2007195598494,12.391251099994406,2635.5242594999727,3903.333012511172,84,11700.0,13,True,True,True,True,True,False,62.0,False,11700.0,11700.0,h11/k13/hourly.csv,7,7,2647.915510599967,2635.5242594999727,
pso_n84_k13_h11_s7,pso,84,13,11,7,196.53038698382207,164.8822779243214,145.9247696966841,2143.469613016178,12.391251099994406,12.636928900144994,2954.8921872102424,84,11700.0,13,True,True,True,True,True,,,,11700.0,11700.0,h11/k13/hourly.csv,7,7,25.0281800001394,12.636928900144994,
aco_n84_k13_h19_s7,aco,84,13,19,7,112.56243187005778,171.34135139461094,162.36669829588627,2227.437568129942,14.545028500026092,25.169349000090733,2696.788963897785,84,11700.0,13,True,True,True,True,True,,,,11700.0,11700.0,h19/k13/hourly.csv,7,7,39.714377500116825,25.169349000090733,
ga_n84_k13_h19_s7,ga,84,13,19,7,122.13218664747843,170.6052164117324,160.5355827652447,2217.8678133525214,14.545028500026092,20.4051515001338,3115.9801683491487,84,11700.0,13,True,True,True,True,True,,,,11700.0,11700.0,h19/k13/hourly.csv,7,7,34.95018000015989,20.4051515001338,
nn_n84_k13_h19_s7,nn,84,13,19,7,137.1075358838224,169.4532664704752,156.79361035237577,2202.892464116177,14.545028500026092,0.3370904999319464,3243.9336062442267,84,11700.0,13,True,True,True,True,True,,,,11700.0,11700.0,h19/k13/hourly.csv,7,7,14.882118999958038,0.3370904999319464,
proposed_n84_k13_h19_s7,proposed,84,13,19,7,107.42769650117414,171.73633103837122,153.31263615600653,2232.572303498826,14.545028500026092,3458.575679999776,2903.757748495256,84,11700.0,13,True,True,True,True,True,False,64.0,False,11700.0,11700.0,h19/k13/hourly.csv,7,7,3473.1207084998023,3458.575679999776,
pso_n84_k13_h19_s7,pso,84,13,19,7,131.17390940335903,169.90969927666467,156.6569033074683,2208.826090596641,14.545028500026092,15.639532400062308,3209.6160668745383,84,11700.0,13,True,True,True,True,True,,,,11700.0,11700.0,h19/k13/hourly.csv,7,7,30.1845609000884,15.639532400062308,
aco_n84_k13_h04_s17,aco,84,13,4,17,86.50476715806055,173.34578714168765,163.7077967251804,2253.4952328419395,18.69499329989776,28.54618120007217,2913.700978880156,84,11700.0,13,True,True,True,True,True,,,,11700.0,11700.0,,17,17,47.24117449996993,28.54862630018033,
ga_n84_k13_h04_s17,ga,84,13,4,17,88.88020236777737,173.16306135632482,166.38241497261933,2251.119797632223,18.69499329989776,28.27585640014149,2722.3433693321326,84,11700.0,13,True,True,True,True,True,,,,11700.0,11700.0,,17,17,46.97084970003925,28.289521200116724,
nn_n84_k13_h04_s17,nn,84,13,4,17,105.33370801005204,171.89740707614985,161.36080729188288,2234.666291989948,18.69499329989776,0.3541623998899013,3123.752748737067,84,11700.0,13,True,True,True,True,True,,,,11700.0,11700.0,,17,17,19.04915569978766,0.3542301000561565,
proposed_n84_k13_h04_s17,proposed,84,13,4,17,84.6104199767357,173.49150615563573,161.81490243838627,2255.3895800232644,18.69499329989776,3216.601340000052,2815.5575330273714,84,11700.0,13,True,True,True,True,True,False,64.0,False,11700.0,11700.0,,17,17,3235.2963332999498,3216.601492500165,dual_labeled_canonical_bundle_sova
pso_n84_k13_h04_s17,pso,84,13,4,17,97.62148960496216,172.49065464577214,165.4201537408347,2242.3785103950377,18.69499329989776,19.43702429998666,2841.438230464428,84,11700.0,13,True,True,True,True,True,,,,11700.0,11700.0,,17,17,38.13201759988442,19.44774840003811,
aco_n84_k13_h11_s17,aco,84,13,11,17,180.76520202495757,166.09498445961864,148.63305399043594,2159.2347979750425,19.09837829996832,29.05703549995087,3982.404571460935,84,11700.0,13,True,True,True,True,True,,,,11700.0,11700.0,,17,17,48.15541379991919,29.05948920012452,
ga_n84_k13_h11_s17,ga,84,13,11,17,185.0252617217862,165.7672875598626,142.63987354326653,2154.974738278214,19.09837829996832,27.423068000003692,4261.197341502454,84,11700.0,13,True,True,True,True,True,,,,11700.0,11700.0,,17,17,46.52144629997201,27.43390000006184,
nn_n84_k13_h11_s17,nn,84,13,11,17,206.1767295421638,164.1402515736797,144.33853546422782,2133.8232704578363,19.09837829996832,0.442367099924013,3034.0993878321005,84,11700.0,13,True,True,True,True,True,,,,11700.0,11700.0,,17,17,19.54074539989233,0.4423998999409377,
proposed_n84_k13_h11_s17,proposed,84,13,11,17,176.4630799091225,166.4259169300675,148.4890115994664,2163.5369200908776,16.284170599887148,2798.634052400012,3723.484987980958,84,11700.0,13,True,True,True,True,True,False,64.0,False,11700.0,11700.0,,17,17,2814.9182229998987,2798.6341804999392,dual_labeled_canonical_bundle_sova
pso_n84_k13_h11_s17,pso,84,13,11,17,196.62258510816528,164.87518576091037,145.9757772188073,2143.377414891834,19.09837829996832,18.69078069995157,3034.0993878321005,84,11700.0,13,True,True,True,True,True,,,,11700.0,11700.0,,17,17,37.78915899991989,18.69817249989137,
aco_n84_k13_h19_s17,aco,84,13,19,17,113.42461102359108,171.27502992126225,155.9055760485684,2226.575388976409,16.600179000059143,25.561942300060764,3165.931133133597,84,11700.0,13,True,True,True,True,True,,,,11700.0,11700.0,,17,17,42.16212130011991,25.563877299893647,
ga_n84_k13_h19_s17,ga,84,13,19,17,117.93970972022602,170.9277146369057,159.0376807121901,2222.060290279774,16.600179000059143,28.682485199999064,2707.701435133763,84,11700.0,13,True,True,True,True,True,,,,11700.0,11700.0,,17,17,45.28266420005821,28.69442850002088,
nn_n84_k13_h19_s17,nn,84,13,19,17,133.80459192411882,169.7073390827601,161.28987872738813,2206.195408075881,16.600179000059143,0.3686104000080377,3243.9336062442267,84,11700.0,13,True,True,True,True,True,,,,11700.0,11700.0,,17,17,16.96878940006718,0.368681900203228,
proposed_n84_k13_h19_s17,proposed,84,13,19,17,107.47416538482206,171.73275650885986,157.0297533889935,2232.525834615178,16.600179000059143,1347.348617099924,2822.953982325875,84,11700.0,13,True,True,True,True,True,False,64.0,False,11700.0,11700.0,,17,17,1363.9487960999832,1347.348725100048,dual_labeled_canonical_bundle_sova
pso_n84_k13_h19_s17,pso,84,13,19,17,127.7613467238417,170.17220409816602,156.32851425919765,2212.2386532761584,16.600179000059143,16.611695100087672,2998.3701780126244,84,11700.0,13,True,True,True,True,True,,,,11700.0,11700.0,,17,17,33.211874100146815,16.619484200142324,
aco_n84_k13_h04_s27,aco,84,13,4,27,83.44462954218307,173.581182342909,160.3832397547091,2256.555370457817,25.762583900010213,49.712733700172976,2735.526387606404,84,11700.0,13,True,True,True,True,True,,,,11700.0,11700.0,,27,27,75.47531760018319,49.7169617000036,
ga_n84_k13_h04_s27,ga,84,13,4,27,87.37854006798263,173.27857384092442,164.66822856273748,2252.6214599320174,25.762583900010213,42.80047779995948,2580.5015793017037,84,11700.0,13,True,True,True,True,True,,,,11700.0,11700.0,,27,27,68.5630616999697,42.81846610014327,
nn_n84_k13_h04_s27,nn,84,13,4,27,103.85500081398474,172.01115378353964,162.98629574924115,2236.1449991860154,25.762583900010213,0.6186697999946773,2679.958837254358,84,11700.0,13,True,True,True,True,True,,,,11700.0,11700.0,,27,27,26.38125370000489,0.6187056000344455,
proposed_n84_k13_h04_s27,proposed,84,13,4,27,83.62951605729202,173.56696030328524,157.7845840811647,2256.370483942708,17.35013879998587,10900.555694199866,3423.634942666095,84,11700.0,13,True,True,True,True,True,False,64.0,False,11700.0,11700.0,,27,27,10917.905832999852,10900.55584029993,dual_labeled_canonical_bundle_sova
pso_n84_k13_h04_s27,pso,84,13,4,27,93.85192185419886,172.78062139583088,163.26947987825744,2246.1480781458013,25.762583900010213,25.134972100146115,2669.636312251916,84,11700.0,13,True,True,True,True,True,,,,11700.0,11700.0,,27,27,50.89755600015633,25.14331080019474,
aco_n84_k13_h11_s27,aco,84,13,11,27,175.21278067350218,166.522093794346,146.3721293979024,2164.787219326498,22.2901594999712,38.08686950011179,3562.2258800570708,84,11700.0,13,True,True,True,True,True,,,,11700.0,11700.0,,27,27,60.377029000082985,38.08931920002215,
ga_n84_k13_h11_s27,ga,84,13,11,27,182.8544256655579,165.93427494880325,143.76366666059238,2157.1455743344422,22.2901594999712,37.79639340005815,4005.343923323897,84,11700.0,13,True,True,True,True,True,,,,11700.0,11700.0,,27,27,60.08655290002935,37.8113959999755,
nn_n84_k13_h11_s27,nn,84,13,11,27,206.9987855867873,164.07701649332407,146.21732848533176,2133.001214413213,22.2901594999712,0.5770606999285519,2916.845513307661,84,11700.0,13,True,True,True,True,True,,,,11700.0,11700.0,,27,27,22.867220199899748,0.5770970999728888,
proposed_n84_k13_h11_s27,proposed,84,13,11,27,172.45869159300972,166.7339468005377,148.76415141229086,2167.54130840699,15.923157500103116,2035.0786522999408,3543.088151751412,84,11700.0,13,True,True,True,True,True,False,56.0,False,11700.0,11700.0,,27,27,2051.001809800044,2035.0787738000508,dual_labeled_canonical_bundle_sova
pso_n84_k13_h11_s27,pso,84,13,11,27,202.26965373812905,164.44079586629778,146.6586720944185,2137.730346261871,22.2901594999712,22.07611249992624,2868.304118975381,84,11700.0,13,True,True,True,True,True,,,,11700.0,11700.0,,27,27,44.36627199989744,22.08587609999813,
aco_n84_k13_h19_s27,aco,84,13,19,27,114.09715114921116,171.22329606544528,154.7298043931587,2225.902848850789,15.532103599980474,22.834322500042617,2921.1703603343967,84,11700.0,13,True,True,True,True,True,,,,11700.0,11700.0,,27,27,38.36642610002309,22.83702239999548,
ga_n84_k13_h19_s27,ga,84,13,19,27,116.8698293065362,171.01001313026643,158.59391343862984,2223.130170693464,15.532103599980474,29.13713749987073,2978.306301943521,84,11700.0,13,True,True,True,True,True,,,,11700.0,11700.0,,27,27,44.669241099851206,29.149973899824545,
nn_n84_k13_h19_s27,nn,84,13,19,27,136.9584972482632,169.46473098090286,156.80659014150245,2203.041502751737,15.532103599980474,0.3401895998977124,3067.732891000528,84,11700.0,13,True,True,True,True,True,,,,11700.0,11700.0,,27,27,15.872293199878186,0.340222500031814,
proposed_n84_k13_h19_s27,proposed,84,13,19,27,106.81367892554738,171.78356315957328,153.9853787079219,2233.1863210744527,15.532103599980474,637.3506539000664,2792.848531628049,84,11700.0,13,True,True,True,True,True,False,45.0,True,11700.0,11700.0,,27,27,652.8827575000469,637.3507399999071,dual_labeled_canonical_bundle_sova
pso_n84_k13_h19_s27,pso,84,13,19,27,123.38979796664428,170.5084770794889,158.579204787639,2216.610202033356,15.532103599980474,16.55020650010556,2838.059101137544,84,11700.0,13,True,True,True,True,True,,,,11700.0,11700.0,,27,27,32.08231010008603,16.56326560000889,
aco_n84_k13_h04_s37,aco,84,13,4,37,83.13673236592055,173.60486674108304,160.35209299962472,2256.8632676340794,26.55241300002672,43.27463279990479,2756.344615187568,84,11700.0,13,True,True,True,True,True,,,,11700.0,11700.0,,37,37,69.82704579993151,43.27886840002611,
ga_n84_k13_h04_s37,ga,84,13,4,37,86.89536088317821,173.31574147052476,161.43048683846308,2253.104639116822,26.55241300002672,46.343912300188094,3016.2025138643703,84,11700.0,13,True,True,True,True,True,,,,11700.0,11700.0,,37,37,72.89632530021481,46.36194199998863,
nn_n84_k13_h04_s37,nn,84,13,4,37,103.63899421559096,172.02776967572376,163.15158630529132,2236.361005784409,26.55241300002672,0.5447551999241114,2597.001615625739,84,11700.0,13,True,True,True,True,True,,,,11700.0,11700.0,,37,37,27.09716819995083,0.5447975001297891,
proposed_n84_k13_h04_s37,proposed,84,13,4,37,82.62040071421399,173.64458456044505,160.342141039473,2257.379599285786,16.6013960998971,5070.117105399957,3216.9322488255416,84,11700.0,13,True,True,True,True,True,False,64.0,False,11700.0,11700.0,,37,37,5086.718501499854,5070.117194099817,dual_labeled_canonical_bundle_sova
pso_n84_k13_h04_s37,pso,84,13,4,37,94.57597457327311,172.72492503282515,163.33806977699388,2245.424025426727,26.55241300002672,35.08004379994236,2803.97596520954,84,11700.0,13,True,True,True,True,True,,,,11700.0,11700.0,,37,37,61.63245679996908,35.0924895000644,
aco_n84_k13_h11_s37,aco,84,13,11,37,174.0102470765298,166.6145963787285,150.00015707190633,2165.9897529234704,22.94204629980959,36.63398950011469,3251.6840572698347,84,11700.0,13,True,True,True,True,True,,,,11700.0,11700.0,,37,37,59.57603579992429,36.637204699916765,
ga_n84_k13_h11_s37,ga,84,13,11,37,176.2346527636312,166.44348824895147,146.64867702117397,2163.765347236369,22.94204629980959,42.482496599899605,3323.103079397502,84,11700.0,13,True,True,True,True,True,,,,11700.0,11700.0,,37,37,65.4245428997092,42.49678539996967,
nn_n84_k13_h11_s37,nn,84,13,11,37,201.36158965970264,164.51064694925364,147.46361879931118,2138.638410340297,22.94204629980959,0.5414895000867546,3052.1260284174487,84,11700.0,13,True,True,True,True,True,,,,11700.0,11700.0,,37,37,23.483535799896345,0.54153549997136,
proposed_n84_k13_h11_s37,proposed,84,13,11,37,174.02541874010382,166.61342932768432,146.40242215772037,2165.974581259896,15.265111099928616,5452.71033650008,3816.3208033416095,84,11700.0,13,True,True,True,True,True,False,64.0,False,11700.0,11700.0,,37,37,5467.975447600009,5452.710433800006,dual_labeled_canonical_bundle_sova
pso_n84_k13_h11_s37,pso,84,13,11,37,191.69377306145216,165.25432514911907,148.87217904540165,2148.306226938548,22.94204629980959,24.29639889998361,2888.97963821302,84,11700.0,13,True,True,True,True,True,,,,11700.0,11700.0,,37,37,47.238445199793205,24.303575299913064,
aco_n84_k13_h19_s37,aco,84,13,19,37,112.16653894983382,171.37180469616663,152.0066926239586,2227.833461050166,21.00620669987984,38.92981659993529,2852.3812157636867,84,11700.0,13,True,True,True,True,True,,,,11700.0,11700.0,,37,37,59.93602329981513,38.93284650007263,
ga_n84_k13_h19_s37,ga,84,13,19,37,116.68217632623106,171.0244479749053,161.8986140202298,2223.317823673769,21.00620669987984,37.18936609989032,2860.1996775583816,84,11700.0,13,True,True,True,True,True,,,,11700.0,11700.0,,37,37,58.19557279977016,37.20221380004659,
nn_n84_k13_h19_s37,nn,84,13,19,37,133.3246712486604,169.74425605779535,154.4747706482474,2206.67532875134,21.00620669987984,0.4674811998847872,3047.85614602155,84,11700.0,13,True,True,True,True,True,,,,11700.0,11700.0,,37,37,21.473687899764627,0.4675182001665234,
proposed_n84_k13_h19_s37,proposed,84,13,19,37,107.27936050835892,171.747741499357,152.73900289849223,2232.720639491641,15.07134549994953,4452.449845400173,3194.1919691827843,84,11700.0,13,True,True,True,True,True,False,60.0,True,11700.0,11700.0,,37,37,4467.521190900123,4452.449947499903,dual_labeled_canonical_bundle_sova
pso_n84_k13_h19_s37,pso,84,13,19,37,121.31557132026022,170.66803297536458,155.77940590730023,2218.6844286797395,21.00620669987984,28.78414210001938,3127.617005550828,84,11700.0,13,True,True,True,True,True,,,,11700.0,11700.0,,37,37,49.79034879989922,28.795244600158185,
aco_n84_k13_h04_s47,aco,84,13,4,47,85.85827230009417,173.39551751537738,164.10329258056817,2254.141727699906,22.180832099867985,35.36742879985832,2353.076675858975,84,11700.0,13,True,True,True,True,True,,,,11700.0,11700.0,,47,47,57.5482608997263,35.36955550010316,
ga_n84_k13_h04_s47,ga,84,13,4,47,86.51459380385215,173.3450312458575,164.277861868813,2253.485406196148,22.180832099867985,38.831738100154325,2425.1623229326906,84,11700.0,13,True,True,True,True,True,,,,11700.0,11700.0,,47,47,61.01257020002231,38.84299490018748,
nn_n84_k13_h04_s47,nn,84,13,4,47,104.71081337060744,171.94532204841482,162.97761747497606,2235.2891866293926,22.180832099867985,0.4775858998764306,2719.1164948605065,84,11700.0,13,True,True,True,True,True,,,,11700.0,11700.0,,47,47,22.65841799974441,0.4776280000805855,
proposed_n84_k13_h04_s47,proposed,84,13,4,47,80.62823676365532,173.79782794125728,164.5992198008321,2259.3717632363446,16.05062080011703,2714.506977299927,2555.1960391244834,84,11700.0,13,True,True,True,True,True,False,64.0,False,11700.0,11700.0,,47,47,2730.557598100044,2714.507079599891,dual_labeled_canonical_bundle_sova
pso_n84_k13_h04_s47,pso,84,13,4,47,99.15243808266082,172.37288937825684,163.48196094598612,2240.847561917339,22.180832099867985,22.21645849989727,2617.503814355454,84,11700.0,13,True,True,True,True,True,,,,11700.0,11700.0,,47,47,44.397290599765256,22.226301500108093,
aco_n84_k13_h11_s47,aco,84,13,11,47,179.63939199644977,166.18158523104233,140.95990138707944,2160.36060800355,20.908744300017133,38.77969909994863,3103.5908115436264,84,11700.0,13,True,True,True,True,True,,,,11700.0,11700.0,,47,47,59.68844339996576,38.783087299903855,
ga_n84_k13_h11_s47,ga,84,13,11,47,182.62890469278807,165.95162271593938,146.16176848553454,2157.371095307212,20.908744300017133,42.03730170009658,3554.512140253692,84,11700.0,13,True,True,True,True,True,,,,11700.0,11700.0,,47,47,62.94604600011371,42.04927279986441,
nn_n84_k13_h11_s47,nn,84,13,11,47,200.5396522386832,164.5738729047167,145.73051313858875,2139.460347761317,20.908744300017133,0.4912833999842405,3161.219551548455,84,11700.0,13,True,True,True,True,True,,,,11700.0,11700.0,,47,47,21.40002770000137,0.4913069999311119,
proposed_n84_k13_h11_s47,proposed,84,13,11,47,175.70993345562889,166.48385127264393,148.7466885738012,2164.290066544372,15.34280820004642,2080.5164369998965,3173.288644590197,84,11700.0,13,True,True,True,True,True,False,64.0,False,11700.0,11700.0,,47,47,2095.859245199943,2080.5165312998,dual_labeled_canonical_bundle_sova
pso_n84_k13_h11_s47,pso,84,13,11,47,190.69967714477065,165.33079406578688,147.08472212261017,2149.3003228552293,20.908744300017133,27.351311299949884,3039.1129037648006,84,11700.0,13,True,True,True,True,True,,,,11700.0,11700.0,,47,47,48.26005559996702,27.36131910001859,
aco_n84_k13_h19_s47,aco,84,13,19,47,113.29148353280324,171.28527049747666,159.30087452919906,2226.7085164671967,21.791747499955815,36.3910813999828,2910.161138921069,84,11700.0,13,True,True,True,True,True,,,,11700.0,11700.0,,47,47,58.18282889993861,36.39404179994017,
ga_n84_k13_h19_s47,ga,84,13,19,47,120.56191204216172,170.72600676598756,159.93772935645313,2219.4380879578384,21.791747499955815,34.25524799991399,3285.401773373273,84,11700.0,13,True,True,True,True,True,,,,11700.0,11700.0,,47,47,56.04699549986981,34.265697200084105,
nn_n84_k13_h19_s47,nn,84,13,19,47,136.9818371093397,169.46293560697387,161.06528612339775,2203.0181628906603,21.791747499955815,0.5040574998129159,3243.9336062442267,84,11700.0,13,True,True,True,True,True,,,,11700.0,11700.0,,47,47,22.29580499976873,0.5040976998861879,
proposed_n84_k13_h19_s47,proposed,84,13,19,47,108.25544431368432,171.6726581297166,156.22837636646148,2231.744555686316,15.44739679992199,2151.417033999925,3078.1010739405388,84,11700.0,13,True,True,True,True,True,False,63.0,True,11700.0,11700.0,,47,47,2166.8644307998475,2151.417135699885,dual_labeled_canonical_bundle_sova
pso_n84_k13_h19_s47,pso,84,13,19,47,127.88283447876954,170.1628588862485,155.4292605626964,2212.1171655212306,21.791747499955815,26.16448000003584,3319.0631001482025,84,11700.0,13,True,True,True,True,True,,,,11700.0,11700.0,,47,47,47.956227499991655,26.176387599902228,
aco_n84_k13_h04_s57,aco,84,13,4,57,84.92950392758576,173.46696123633956,159.11575693438138,2255.0704960724142,15.899678900139406,22.15757109993137,3198.2953836247616,84,11700.0,13,True,True,True,True,True,,,,11700.0,11700.0,,57,57,38.05725000007078,22.159781499998644,
ga_n84_k13_h04_s57,ga,84,13,4,57,89.02487400919121,173.15193276852375,163.12480679796772,2250.975125990809,15.899678900139406,25.90711100003682,2791.4709931723496,84,11700.0,13,True,True,True,True,True,,,,11700.0,11700.0,,57,57,41.80678990017623,25.918066899990663,
nn_n84_k13_h04_s57,nn,84,13,4,57,105.63800018290466,171.8739999859304,158.6731192692076,2234.3619998170952,15.899678900139406,0.3229803999420255,2848.6231909972907,84,11700.0,13,True,True,True,True,True,,,,11700.0,11700.0,,57,57,16.222659300081432,0.3230499001219868,
proposed_n84_k13_h04_s57,proposed,84,13,4,57,83.22698823027217,173.59792398228677,158.4315379351268,2256.773011769728,15.899678900139406,3682.9380607998464,2985.274562053223,84,11700.0,13,True,True,True,True,True,False,64.0,False,11700.0,11700.0,,57,57,3698.837739699986,3682.9381718998775,dual_labeled_canonical_bundle_sova
pso_n84_k13_h04_s57,pso,84,13,4,57,97.54768933023551,172.49633158998188,162.47662979704438,2242.4523106697643,15.899678900139406,16.729192500002682,2800.5133582608173,84,11700.0,13,True,True,True,True,True,,,,11700.0,11700.0,,57,57,32.62887140014209,16.73714779992588,
aco_n84_k13_h11_s57,aco,84,13,11,57,175.90339785744604,166.46896939558107,152.04934210644856,2164.096602142554,19.822530299890783,35.8724276998546,3104.697600278164,84,11700.0,13,True,True,True,True,True,,,,11700.0,11700.0,,57,57,55.69495799974538,35.874653799925,
ga_n84_k13_h11_s57,ga,84,13,11,57,185.2148732615524,165.75270205680366,147.48262035165243,2154.785126738448,19.822530299890783,32.95162530010566,3023.4175944408703,84,11700.0,13,True,True,True,True,True,,,,11700.0,11700.0,,57,57,52.77415559999645,32.96413729991764,
nn_n84_k13_h11_s57,nn,84,13,11,57,206.41399222858576,164.1220005978011,147.1089528420298,2133.586007771414,19.822530299890783,0.5068137000780553,2918.838085428247,84,11700.0,13,True,True,True,True,True,,,,11700.0,11700.0,,57,57,20.32934399996884,0.506849099881947,
proposed_n84_k13_h11_s57,proposed,84,13,11,57,170.90772521067396,166.85325190687124,149.37660244486608,2169.092274789326,15.171852699946612,3455.586106200004,3360.149354927675,84,11700.0,13,True,True,True,True,True,False,64.0,False,11700.0,11700.0,,57,57,3470.7579588999506,3455.5862017998006,dual_labeled_canonical_bundle_sova
pso_n84_k13_h11_s57,pso,84,13,11,57,195.31593500707973,164.97569730714773,147.1256087968504,2144.6840649929204,19.822530299890783,23.43015639996156,2936.955616345993,84,11700.0,13,True,True,True,True,True,,,,11700.0,11700.0,,57,57,43.25268669985235,23.437230499926955,
aco_n84_k13_h19_s57,aco,84,13,19,57,114.2427115474629,171.2120991117336,156.01279256114546,2225.757288452537,20.373733199900016,34.04144850000739,2574.1934216697614,84,11700.0,13,True,True,True,True,True,,,,11700.0,11700.0,,57,57,54.41518169990741,34.04339190013707,
ga_n84_k13_h19_s57,ga,84,13,19,57,119.0655456831619,170.84111187052602,156.8991114737185,2220.934454316838,20.373733199900016,40.03599869995378,3202.357074904377,84,11700.0,13,True,True,True,True,True,,,,11700.0,11700.0,,57,57,60.4097318998538,40.04746869998053,
nn_n84_k13_h19_s57,nn,84,13,19,57,133.69500086502293,169.71576916422902,161.07232272070905,2206.304999134977,20.373733199900016,0.5509208000730723,3243.9336062442267,84,11700.0,13,True,True,True,True,True,,,,11700.0,11700.0,,57,57,20.92465399997309,0.550957600120455,
proposed_n84_k13_h19_s57,proposed,84,13,19,57,105.79937051956712,171.86158688311022,152.51583690319478,2234.200629480433,15.812853700015694,1978.9394253001085,3039.6557423981703,84,11700.0,13,True,True,True,True,True,False,64.0,False,11700.0,11700.0,,57,57,1994.752279000124,1978.9395320999904,dual_labeled_canonical_bundle_sova
pso_n84_k13_h19_s57,pso,84,13,19,57,128.50954826989232,170.11465013308523,155.4059309626078,2211.490451730108,20.373733199900016,25.479214700171724,3249.9738099340666,84,11700.0,13,True,True,True,True,True,,,,11700.0,11700.0,,57,57,45.85294790007174,25.490139700006694,
aco_n84_k13_h04_s67,aco,84,13,4,67,86.21483632166729,173.36808951371788,160.92285480784344,2253.7851636783325,22.357266400009397,36.02084859996103,2906.8453916047324,84,11700.0,13,True,True,True,True,True,,,,11700.0,11700.0,,67,67,58.37811499997042,36.02425190014765,
ga_n84_k13_h04_s67,ga,84,13,4,67,85.82017183115624,173.3984483206803,158.9590805027574,2254.179828168844,22.357266400009397,48.69087880011648,2787.9949031086494,84,11700.0,13,True,True,True,True,True,,,,11700.0,11700.0,,67,67,71.04814520012587,48.71125930012204,
nn_n84_k13_h04_s67,nn,84,13,4,67,108.80898174921964,171.6300783269831,161.78058922217625,2231.1910182507804,22.357266400009397,0.5369762000627816,3005.689449360073,84,11700.0,13,True,True,True,True,True,,,,11700.0,11700.0,,67,67,22.89424260007217,0.5370008000172675,
proposed_n84_k13_h04_s67,proposed,84,13,4,67,81.70387730829486,173.7150863609004,160.45899524141754,2258.296122691705,16.58965969993733,7846.718529800186,3167.7230738333096,84,11700.0,13,True,True,True,True,True,False,63.0,False,11700.0,11700.0,,67,67,7863.308189500123,7846.718627100112,dual_labeled_canonical_bundle_sova
pso_n84_k13_h04_s67,pso,84,13,4,67,102.70838929082008,172.09935466993693,163.58388549896512,2237.29161070918,22.357266400009397,24.356197099899877,2614.9963519613666,84,11700.0,13,True,True,True,True,True,,,,11700.0,11700.0,,67,67,46.71346349990927,24.366611200151965,
aco_n84_k13_h11_s67,aco,84,13,11,67,183.6832921355384,165.87051598957396,144.2821767159018,2156.316707864461,19.1279330002144,32.644623999949545,4276.306433575872,84,11700.0,13,True,True,True,True,True,,,,11700.0,11700.0,,67,67,51.77255700016394,32.64671689993702,
ga_n84_k13_h11_s67,ga,84,13,11,67,185.7199330656821,165.71385130263982,141.3599744997778,2154.280066934318,19.1279330002144,29.217825999949127,4054.855552136276,84,11700.0,13,True,True,True,True,True,,,,11700.0,11700.0,,67,67,48.345759000163525,29.226521600037813,
nn_n84_k13_h11_s67,nn,84,13,11,67,206.19633685503405,164.13874331884352,146.1001920771485,2133.803663144966,19.1279330002144,0.4880479001440108,3025.1845814514,84,11700.0,13,True,True,True,True,True,,,,11700.0,11700.0,,67,67,19.61598090035841,0.4880858000833541,
proposed_n84_k13_h11_s67,proposed,84,13,11,67,171.63846528138316,166.7970411322013,151.40562857347751,2168.361534718617,15.379071799805388,978.4715672000312,3187.5927304664533,84,11700.0,13,True,True,True,True,True,False,64.0,False,11700.0,11700.0,,67,67,993.8506389998364,978.4716662999708,dual_labeled_canonical_bundle_sova
pso_n84_k13_h11_s67,pso,84,13,11,67,196.776704281251,164.86333043990376,143.2053703391544,2143.223295718749,19.1279330002144,20.38661090005189,3125.14734053096,84,11700.0,13,True,True,True,True,True,,,,11700.0,11700.0,,67,67,39.51454390026629,20.394950499990955,
aco_n84_k13_h19_s67,aco,84,13,19,67,113.38055353998118,171.278418958463,156.1504843218404,2226.619446460019,15.467325599864123,22.65895299986005,2804.2178513534977,84,11700.0,13,True,True,True,True,True,,,,11700.0,11700.0,,67,67,38.12627859972417,22.660949500044808,
ga_n84_k13_h19_s67,ga,84,13,19,67,116.51174039414038,171.03755843121996,162.45496110239907,2223.48825960586,15.467325599864123,26.690863500116397,2626.6146421431968,84,11700.0,13,True,True,True,True,True,,,,11700.0,11700.0,,67,67,42.15818909998052,26.702301299897957,
nn_n84_k13_h19_s67,nn,84,13,19,67,133.77336868096415,169.70974087069504,161.21020629971903,2206.226631319036,15.467325599864123,0.3672588001936674,3243.9336062442267,84,11700.0,13,True,True,True,True,True,,,,11700.0,11700.0,,67,67,15.834584400057793,0.3673436997924,
proposed_n84_k13_h19_s67,proposed,84,13,19,67,107.55541045465972,171.72650688810307,152.86749638288063,2232.44458954534,15.467325599864123,882.3747384999879,3153.2027653730133,84,11700.0,13,True,True,True,True,True,False,58.0,True,11700.0,11700.0,,67,67,897.842064099852,882.3748335998971,dual_labeled_canonical_bundle_sova
pso_n84_k13_h19_s67,pso,84,13,19,67,129.08607173967394,170.07030217387123,155.58877744737916,2210.913928260326,15.467325599864123,13.80944410013035,3253.6913121317334,84,11700.0,13,True,True,True,True,True,,,,11700.0,11700.0,,67,67,29.276769699994475,13.818570100003852,
aco_n84_k13_h04_s77,aco,84,13,4,77,84.2034382291454,173.5228124439119,158.92788637926634,2255.7965617708546,16.185370499966666,22.273903799941763,2837.103691137215,84,11700.0,13,True,True,True,True,True,,,,11700.0,11700.0,,77,77,38.45927429990843,22.27590789995156,
ga_n84_k13_h04_s77,ga,84,13,4,77,91.11391154748831,172.99123757327013,164.46062720457812,2248.886088452512,16.185370499966666,22.33054450014606,2856.9893135275643,84,11700.0,13,True,True,True,True,True,,,,11700.0,11700.0,,77,77,38.51591500011273,22.343743699835613,
nn_n84_k13_h04_s77,nn,84,13,4,77,105.29970588424204,171.90002262428908,164.23247899802476,2234.700294115758,16.185370499966666,0.3208331000059843,2679.958837254358,84,11700.0,13,True,True,True,True,True,,,,11700.0,11700.0,,77,77,16.50620359997265,0.3210297999903559,
proposed_n84_k13_h04_s77,proposed,84,13,4,77,83.77183754464328,173.5560124965659,159.4878229598711,2256.2281624553566,16.185370499966666,8183.1701106999535,3059.762156160357,84,11700.0,13,True,True,True,True,True,False,64.0,False,11700.0,11700.0,,77,77,8199.35548119992,8183.170210899785,dual_labeled_canonical_bundle_sova
pso_n84_k13_h04_s77,pso,84,13,4,77,96.35076014644297,172.58840306565824,164.41800591134376,2243.649239853557,16.185370499966666,15.983058899873868,2910.895592638321,84,11700.0,13,True,True,True,True,True,,,,11700.0,11700.0,,77,77,32.168429399840534,15.991201299941167,
aco_n84_k13_h11_s77,aco,84,13,11,77,173.66789642117342,166.64093104452513,144.50650379636636,2166.3321035788267,15.088240600191057,22.535767900059,4267.415051168932,84,11700.0,13,True,True,True,True,True,,,,11700.0,11700.0,,77,77,37.624008500250056,22.53773280000314,
ga_n84_k13_h11_s77,ga,84,13,11,77,187.1769428988823,165.6017736231629,148.84539179408358,2152.8230571011177,15.088240600191057,21.139208999928087,2892.366539406171,84,11700.0,13,True,True,True,True,True,,,,11700.0,11700.0,,77,77,36.22744960011914,21.148909599985927,
nn_n84_k13_h11_s77,nn,84,13,11,77,202.43987492693287,164.42770192869745,145.50074847162313,2137.560125073067,15.088240600191057,0.3149155001156032,2979.351316709742,84,11700.0,13,True,True,True,True,True,,,,11700.0,11700.0,,77,77,15.40315610030666,0.3149530999362468,
proposed_n84_k13_h11_s77,proposed,84,13,11,77,168.02894907990617,167.0746962246226,152.21623388011022,2171.971050920094,15.088240600191057,5106.377518200083,3404.8274654405727,84,11700.0,13,True,True,True,True,True,False,64.0,False,11700.0,11700.0,,77,77,5121.465758800274,5106.377637299942,dual_labeled_canonical_bundle_sova
pso_n84_k13_h11_s77,pso,84,13,11,77,190.1598095913012,165.37232233913068,137.8197520049771,2149.8401904086986,15.088240600191057,15.780283299973236,4050.769424211542,84,11700.0,13,True,True,True,True,True,,,,11700.0,11700.0,,77,77,30.86852390016429,15.788096399977803,
aco_n84_k13_h19_s77,aco,84,13,19,77,109.83673460252204,171.5510204151906,158.4696241758519,2230.163265397478,15.322683400008827,22.529236299917105,3093.279459710689,84,11700.0,13,True,True,True,True,True,,,,11700.0,11700.0,,77,77,37.85191969992593,22.53131469991058,
ga_n84_k13_h19_s77,ga,84,13,19,77,113.22279212740752,171.29055445173788,158.6093485762646,2226.7772078725925,15.322683400008827,22.977447599871084,2801.9274924913843,84,11700.0,13,True,True,True,True,True,,,,11700.0,11700.0,,77,77,38.30013099987991,22.987070300150663,
nn_n84_k13_h19_s77,nn,84,13,19,77,139.56780222025017,169.26401521382692,156.85035393000925,2200.43219777975,15.322683400008827,0.3122912000399083,2947.732891000528,84,11700.0,13,True,True,True,True,True,,,,11700.0,11700.0,,77,77,15.634974600048736,0.3123238999396562,
proposed_n84_k13_h19_s77,proposed,84,13,19,77,106.49034896310376,171.80843469514588,153.96773942787863,2233.509651036896,15.322683400008827,2014.6495761999397,2792.848531628049,84,11700.0,13,True,True,True,True,True,False,52.0,True,11700.0,11700.0,,77,77,2029.9722595999483,2014.6496848999525,dual_labeled_canonical_bundle_sova
pso_n84_k13_h19_s77,pso,84,13,19,77,124.1690591893396,170.44853390851233,157.78362068466578,2215.83094081066,15.322683400008827,16.775283300084993,3462.3508893564854,84,11700.0,13,True,True,True,True,True,,,,11700.0,11700.0,,77,77,32.09796670009382,16.78327769995667,
aco_n84_k13_h04_s87,aco,84,13,4,87,86.37345439432777,173.35588812351324,160.34771856883157,2253.626545605672,19.546583499992263,29.27049220004119,2593.4388539569104,84,11700.0,13,True,True,True,True,True,,,,11700.0,11700.0,,87,87,48.817075700033456,29.272352400003,
ga_n84_k13_h04_s87,ga,84,13,4,87,91.3163021817642,172.97566906294122,164.25777828615884,2248.683697818236,19.546583499992263,27.582573600113392,2931.198542597888,84,11700.0,13,True,True,True,True,True,,,,11700.0,11700.0,,87,87,47.12915710010566,27.59128970000893,
nn_n84_k13_h04_s87,nn,84,13,4,87,107.28079065774578,171.7476314878657,159.16017647843694,2232.719209342254,19.546583499992263,0.4245798999909311,3402.4898880800624,84,11700.0,13,True,True,True,True,True,,,,11700.0,11700.0,,87,87,19.9711633999832,0.4246004999149591,
proposed_n84_k13_h04_s87,proposed,84,13,4,87,86.34648133419785,173.35796297429246,164.90163401927535,2253.653518665802,15.985799400135877,2492.6999833001755,2933.943638385328,84,11700.0,13,True,True,True,True,True,False,64.0,False,11700.0,11700.0,,87,87,2508.6857827003114,2492.700087300036,dual_labeled_canonical_bundle_sova
pso_n84_k13_h04_s87,pso,84,13,4,87,101.14562433333109,172.21956735897453,157.47649719762592,2238.854375666669,19.546583499992263,19.501517000142485,3210.6210508605136,84,11700.0,13,True,True,True,True,True,,,,11700.0,11700.0,,87,87,39.04810050013475,19.51114120008424,
aco_n84_k13_h11_s87,aco,84,13,11,87,172.58273003587945,166.7244053818554,144.43835255750793,2167.4172699641204,18.13954499992542,29.89027809980325,4273.205261248605,84,11700.0,13,True,True,True,True,True,,,,11700.0,11700.0,,87,87,48.029823099728674,29.89300150005147,
ga_n84_k13_h11_s87,ga,84,13,11,87,183.63808819277,165.87399321594077,149.1005222971248,2156.36191180723,18.13954499992542,25.46788619994186,3530.5576372157666,84,11700.0,13,True,True,True,True,True,,,,11700.0,11700.0,,87,87,43.60743119986728,25.48035879991949,
nn_n84_k13_h11_s87,nn,84,13,11,87,199.8651420412568,164.6257583045187,147.09005965354254,2140.1348579587434,18.13954499992542,0.3932401000056416,3052.1260284174487,84,11700.0,13,True,True,True,True,True,,,,11700.0,11700.0,,87,87,18.53278509993106,0.3932769999373704,
proposed_n84_k13_h11_s87,proposed,84,13,11,87,169.17694200914326,166.98638907621975,143.03376610314697,2170.823057990857,15.434233399806544,9474.673002099851,4371.527324891045,84,11700.0,13,True,True,True,True,True,False,64.0,False,11700.0,11700.0,,87,87,9490.107235499658,9474.673130499898,dual_labeled_canonical_bundle_sova
pso_n84_k13_h11_s87,pso,84,13,11,87,190.32741597207388,165.35942954060968,147.61267421885768,2149.672584027926,18.13954499992542,20.104814500082284,3028.328418487248,84,11700.0,13,True,True,True,True,True,,,,11700.0,11700.0,,87,87,38.2443595000077,20.117457000073045,
aco_n84_k13_h19_s87,aco,84,13,19,87,113.20119152354673,171.29221603665025,154.9338314241782,2226.7988084764534,18.575237800134342,31.18387160007842,3599.062270768239,84,11700.0,13,True,True,True,True,True,,,,11700.0,11700.0,,87,87,49.759109400212765,31.18613020004705,
ga_n84_k13_h19_s87,ga,84,13,19,87,121.56770320774496,170.64863821478883,162.1782103562893,2218.432296792255,18.575237800134342,28.26943560014479,2544.123832798853,84,11700.0,13,True,True,True,True,True,,,,11700.0,11700.0,,87,87,46.844673400279135,28.281357999891043,
nn_n84_k13_h19_s87,nn,84,13,19,87,133.88872092872637,169.7008676208672,161.25704005811374,2206.1112790712737,18.575237800134342,0.4325127999763936,3243.9336062442267,84,11700.0,13,True,True,True,True,True,,,,11700.0,11700.0,,87,87,19.00775060011074,0.4325377000495791,
proposed_n84_k13_h19_s87,proposed,84,13,19,87,107.26642395766966,171.74873661864078,157.3306548092061,2232.7335760423302,14.65485529997386,1087.2822658999355,2773.048585254462,84,11700.0,13,True,True,True,True,True,False,59.0,False,11700.0,11700.0,,87,87,1101.9371211999096,1087.2824055000674,dual_labeled_canonical_bundle_sova
pso_n84_k13_h19_s87,pso,84,13,19,87,128.12541452582823,170.1441988826286,156.70240382620665,2211.874585474172,18.575237800134342,20.53940680017695,3017.1662623967813,84,11700.0,13,True,True,True,True,True,,,,11700.0,11700.0,,87,87,39.114644600311294,20.5506659001112,
aco_n84_k13_h04_s97,aco,84,13,4,97,84.89411720090347,173.4696832922382,160.7584674464074,2255.1058827990964,20.42148939985782,30.97809279989451,2790.762499033884,84,11700.0,13,True,True,True,True,True,,,,11700.0,11700.0,,97,97,51.39958219975233,30.98013939987868,
ga_n84_k13_h04_s97,ga,84,13,4,97,86.811258731508,173.32221086680707,164.49311252313535,2253.188741268492,20.42148939985782,30.7942721999716,3113.6931121203447,84,11700.0,13,True,True,True,True,True,,,,11700.0,11700.0,,97,97,51.21576159982942,30.80751880002208,
nn_n84_k13_h04_s97,nn,84,13,4,97,105.58567797659894,171.87802477103085,161.3702204033832,2234.414322023401,20.42148939985782,0.3993544999975711,2962.9686382327304,84,11700.0,13,True,True,True,True,True,,,,11700.0,11700.0,,97,97,20.82084389985539,0.399393499828875,
proposed_n84_k13_h04_s97,proposed,84,13,4,97,80.8240044282716,173.78276889013296,161.84202237895016,2259.1759955717284,15.85499390005134,16085.7988012,2673.1276549943173,84,11700.0,13,True,True,True,True,True,False,64.0,False,11700.0,11700.0,,97,97,16101.65379510005,16085.798982099865,dual_labeled_canonical_bundle_sova
pso_n84_k13_h04_s97,pso,84,13,4,97,95.81435360830235,172.62966510705365,164.46557577786098,2244.185646391697,20.42148939985782,20.76846900000237,2953.9826666768204,84,11700.0,13,True,True,True,True,True,,,,11700.0,11700.0,,97,97,41.18995839986019,20.77611400000751,
aco_n84_k13_h11_s97,aco,84,13,11,97,178.40704385326876,166.27638124205623,144.10607778707603,2161.592956146731,16.136411000043154,22.31103440001607,3780.8433228844337,84,11700.0,13,True,True,True,True,True,,,,11700.0,11700.0,,97,97,38.44744540005922,22.313158200122416,
ga_n84_k13_h11_s97,ga,84,13,11,97,179.96416975168293,166.1566023267936,145.96488768518873,2160.035830248317,16.136411000043154,19.13989649992436,3248.821526701426,84,11700.0,13,True,True,True,True,True,,,,11700.0,11700.0,,97,97,35.276307499967515,19.14796970016323,
nn_n84_k13_h11_s97,nn,84,13,11,97,199.2393279753346,164.67389784805118,141.05313378694635,2140.7606720246654,16.136411000043154,0.3279354001861065,3537.085374216481,84,11700.0,13,True,True,True,True,True,,,,11700.0,11700.0,,97,97,16.46434640022926,0.3279730000067502,
proposed_n84_k13_h11_s97,proposed,84,13,11,97,173.34813618130025,166.66552798605383,148.4465619098569,2166.6518638187,16.136411000043154,6100.659800099907,3440.8512691888345,84,11700.0,13,True,True,True,True,True,False,64.0,False,11700.0,11700.0,,97,97,6116.796211099951,6100.659939899808,dual_labeled_canonical_bundle_sova
pso_n84_k13_h11_s97,pso,84,13,11,97,192.32891296805712,165.20546823322638,144.66910462368102,2147.671087031943,16.136411000043154,12.948788799811156,3392.5667936715463,84,11700.0,13,True,True,True,True,True,,,,11700.0,11700.0,,97,97,29.08519979985431,12.955865600146351,
aco_n84_k13_h19_s97,aco,84,13,19,97,114.1340720969191,171.2204559925447,157.34794350169187,2225.865927903081,18.83902799990028,30.34349870006554,3402.522496075158,84,11700.0,13,True,True,True,True,True,,,,11700.0,11700.0,,97,97,49.18252669996582,30.345518899848685,
ga_n84_k13_h19_s97,ga,84,13,19,97,118.96963737307742,170.84848943284018,163.49348456673667,2221.0303626269224,18.83902799990028,30.26529409992509,3112.1458892956102,84,11700.0,13,True,True,True,True,True,,,,11700.0,11700.0,,97,97,49.10432209982537,30.277166899992157,
nn_n84_k13_h19_s97,nn,84,13,19,97,135.31413239719723,169.59122058483098,160.96576359374808,2204.685867602803,18.83902799990028,0.3885023000184446,3243.9336062442267,84,11700.0,13,True,True,True,True,True,,,,11700.0,11700.0,,97,97,19.22753029991873,0.3885315998923033,
proposed_n84_k13_h19_s97,proposed,84,13,19,97,107.04730211082298,171.76559214532128,153.90343178062807,2232.9526978891768,15.973260800121352,753.736342899967,2773.048585254462,84,11700.0,13,True,True,True,True,True,False,52.0,False,11700.0,11700.0,,97,97,769.7096037000883,753.7364917001687,dual_labeled_canonical_bundle_sova
pso_n84_k13_h19_s97,pso,84,13,19,97,128.83805192121153,170.0893806214453,156.7340680547587,2211.161948078789,18.83902799990028,19.806999000022188,2966.409864205194,84,11700.0,13,True,True,True,True,True,,,,11700.0,11700.0,,97,97,38.64602699992247,19.81588199990801,
aco_n84_k14_h04_s7,aco,84,14,4,7,86.80037661819532,173.79997309870032,164.32440261504982,2433.1996233818045,13.875811799895018,24.048612900078297,2692.723220217049,84,11700.0,14,True,True,True,True,True,,,,11700.0,11700.0,h04/k14/hourly.csv,7,7,37.92442469997332,24.048612900078297,
ga_n84_k14_h04_s7,ga,84,14,4,7,87.43633016308367,173.75454784549402,163.8685720100486,2432.563669836916,13.875811799895018,21.410699399886653,2845.377978847979,84,11700.0,14,True,True,True,True,True,,,,11700.0,11700.0,h04/k14/hourly.csv,7,7,35.28651119978167,21.410699399886653,
nn_n84_k14_h04_s7,nn,84,14,4,7,107.62441103271009,172.31254206909213,162.290458800615,2412.37558896729,13.875811799895018,0.3197341000195592,2807.1488386405213,84,11700.0,14,True,True,True,True,True,,,,11700.0,11700.0,h04/k14/hourly.csv,7,7,14.195545899914578,0.3197341000195592,
proposed_n84_k14_h04_s7,proposed,84,14,4,7,81.64555816173345,174.16817441701906,164.72792769679552,2438.3544418382667,13.875811799895018,2274.5955488998443,2691.204761782897,84,11700.0,14,True,True,True,True,True,False,64.0,False,11700.0,11700.0,h04/k14/hourly.csv,7,7,2288.47136069974,2274.5955488998443,
pso_n84_k14_h04_s7,pso,84,14,4,7,100.35089966487848,172.83207859536583,161.447710665079,2419.6491003351216,13.875811799895018,14.175435499986634,2775.0648807772263,84,11700.0,14,True,True,True,True,True,,,,11700.0,11700.0,h04/k14/hourly.csv,7,7,28.05124729988165,14.175435499986634,
aco_n84_k14_h11_s7,aco,84,14,11,7,181.593376862662,167.02904450980986,142.80232473016466,2338.406623137338,12.329932799795642,23.355334699852392,3853.124116398888,84,11700.0,14,True,True,True,True,True,,,,11700.0,11700.0,h11/k14/hourly.csv,7,7,35.685267499648035,23.355334699852392,
ga_n84_k14_h11_s7,ga,84,14,11,7,185.64035772786573,166.7399744480096,149.23005042622236,2334.3596422721344,12.329932799795642,18.41496980004013,2987.0898810621147,84,11700.0,14,True,True,True,True,True,,,,11700.0,11700.0,h11/k14/hourly.csv,7,7,30.74490259983577,18.41496980004013,
nn_n84_k14_h11_s7,nn,84,14,11,7,211.02472701580453,164.92680521315685,145.78301676843856,2308.975272984196,12.329932799795642,0.3155080999713391,2888.3030936974333,84,11700.0,14,True,True,True,True,True,,,,11700.0,11700.0,h11/k14/hourly.csv,7,7,12.645440899766982,0.3155080999713391,
proposed_n84_k14_h11_s7,proposed,84,14,11,7,172.2395821063041,167.69717270669256,147.02392724465005,2347.760417893696,12.329932799795642,2963.34665880003,3413.288644590197,84,11700.0,14,True,True,True,True,True,False,64.0,False,11700.0,11700.0,h11/k14/hourly.csv,7,7,2975.6765915998258,2963.34665880003,
pso_n84_k14_h11_s7,pso,84,14,11,7,203.45724842107268,165.46733939849483,145.9247696966841,2316.5427515789274,12.329932799795642,12.473248000023888,2954.8921872102424,84,11700.0,14,True,True,True,True,True,,,,11700.0,11700.0,h11/k14/hourly.csv,7,7,24.80318079981953,12.473248000023888,
aco_n84_k14_h19_s7,aco,84,14,19,7,114.24355087716764,171.8397463659166,153.98731549722785,2405.756449122832,14.174143900163472,24.931022699922323,2989.3784924101747,84,11700.0,14,True,True,True,True,True,,,,11700.0,11700.0,h19/k14/hourly.csv,7,7,39.1051666000858,24.931022699922323,
ga_n84_k14_h19_s7,ga,84,14,19,7,123.015099536368,171.21320717597374,158.13219847565324,2396.984900463632,14.174143900163472,23.77542359987273,3380.597762191396,84,11700.0,14,True,True,True,True,True,,,,11700.0,11700.0,h19/k14/hourly.csv,7,7,37.9495675000362,23.77542359987273,
nn_n84_k14_h19_s7,nn,84,14,19,7,139.24174985566833,170.0541607245951,156.79361035237577,2380.758250144332,14.174143900163472,0.3664914001710713,3243.9336062442267,84,11700.0,14,True,True,True,True,True,,,,11700.0,11700.0,h19/k14/hourly.csv,7,7,14.540635300334545,0.3664914001710713,
proposed_n84_k14_h19_s7,proposed,84,14,19,7,109.21912913044214,172.19863363353986,156.7977245222237,2410.780870869558,14.174143900163472,1151.5691416999323,2957.9157624406835,84,11700.0,14,True,True,True,True,True,False,64.0,False,11700.0,11700.0,h19/k14/hourly.csv,7,7,1165.7432856000958,1151.5691416999323,
pso_n84_k14_h19_s7,pso,84,14,19,7,133.42771352815242,170.4694490337034,157.46459352797893,2386.572286471848,14.174143900163472,14.91132860002108,3351.85179877765,84,11700.0,14,True,True,True,True,True,,,,11700.0,11700.0,h19/k14/hourly.csv,7,7,29.08547250018455,14.91132860002108,
aco_n84_k14_h04_s17,aco,84,14,4,17,87.69555554582719,173.73603174672664,160.7392183753284,2432.304444454173,17.446533600101247,28.86573430011049,2567.1821936921388,84,11700.0,14,True,True,True,True,True,,,,11700.0,11700.0,,17,17,46.31226790021174,28.86781940003857,
ga_n84_k14_h04_s17,ga,84,14,4,17,91.8419776803405,173.43985873711853,164.62198812861172,2428.1580223196597,17.446533600101247,32.62368270009756,2285.519428906551,84,11700.0,14,True,True,True,True,True,,,,11700.0,11700.0,,17,17,50.07021630019881,32.63657720014453,
nn_n84_k14_h04_s17,nn,84,14,4,17,112.44644880513422,171.96811079963325,161.36080729188288,2407.5535511948656,17.446533600101247,0.4687632001005113,3123.752748737067,84,11700.0,14,True,True,True,True,True,,,,11700.0,11700.0,,17,17,17.91529680020176,0.4688013999257236,
proposed_n84_k14_h04_s17,proposed,84,14,4,17,82.74784089492928,174.0894399360765,164.7179924425196,2437.252159105071,19.53526589996181,3964.640085799853,2921.542908395761,84,11700.0,14,True,True,True,True,True,False,64.0,False,11700.0,11700.0,,17,17,3984.175351699814,3964.6401923999656,dual_labeled_canonical_bundle_sova
pso_n84_k14_h04_s17,pso,84,14,4,17,104.14560799141384,172.5610280006133,166.31179747345186,2415.8543920085863,17.446533600101247,22.160730599891394,2678.946210505253,84,11700.0,14,True,True,True,True,True,,,,11700.0,11700.0,,17,17,39.60726419999264,22.17206420004368,
aco_n84_k14_h11_s17,aco,84,14,11,17,180.6198132319456,167.09858476914675,141.8396989354139,2339.3801867680545,18.323279100004584,27.61647480004467,4392.896603121665,84,11700.0,14,True,True,True,True,True,,,,11700.0,11700.0,,17,17,45.93975390004925,27.61874569999054,
ga_n84_k14_h11_s17,ga,84,14,11,17,185.33918815840943,166.7614865601136,140.3010363633677,2334.6608118415907,18.323279100004584,24.43364039994776,4071.416980380561,84,11700.0,14,True,True,True,True,True,,,,11700.0,11700.0,,17,17,42.756919499952346,24.44233030010946,
nn_n84_k14_h11_s17,nn,84,14,11,17,217.6336399850148,164.45474000107038,144.33853546422782,2302.3663600149853,18.323279100004584,0.4525172999128699,3034.0993878321005,84,11700.0,14,True,True,True,True,True,,,,11700.0,11700.0,,17,17,18.775796399917454,0.452544700121507,
proposed_n84_k14_h11_s17,proposed,84,14,11,17,178.95280335251118,167.21765690339203,146.2561360627936,2341.047196647489,16.507177599938586,5531.75653129979,3771.321125883533,84,11700.0,14,True,True,True,True,True,False,62.0,True,11700.0,11700.0,,17,17,5548.263708899729,5531.756647699978,dual_labeled_canonical_bundle_sova
pso_n84_k14_h11_s17,pso,84,14,11,17,207.9116573559632,165.1491673317169,145.38506900616787,2312.088342644037,18.323279100004584,18.80985109996982,2994.657995009285,84,11700.0,14,True,True,True,True,True,,,,11700.0,11700.0,,17,17,37.1331301999744,18.81716559990309,
aco_n84_k14_h19_s17,aco,84,14,19,17,117.01191845877882,171.64200582437294,157.54884657325164,2402.988081541221,17.47964849998243,31.09333759988658,2883.2298184625924,84,11700.0,14,True,True,True,True,True,,,,11700.0,11700.0,,17,17,48.57298609986901,31.096098199952397,
ga_n84_k14_h19_s17,ga,84,14,19,17,115.14781354969227,171.77515617502198,161.9958066794339,2404.852186450308,17.47964849998243,40.81422280007973,3036.3495271005872,84,11700.0,14,True,True,True,True,True,,,,11700.0,11700.0,,17,17,58.293871300062165,40.83264970011078,
nn_n84_k14_h19_s17,nn,84,14,19,17,136.48449627735314,170.25110740876048,161.28987872738813,2383.515503722647,17.47964849998243,0.3454436000902205,3243.9336062442267,84,11700.0,14,True,True,True,True,True,,,,11700.0,11700.0,,17,17,17.825092100072652,0.3454696999397129,
proposed_n84_k14_h19_s17,proposed,84,14,19,17,109.2095746868878,172.19931609379373,156.32644105781424,2410.7904253131123,16.455520699964836,1879.845456799958,2761.807872333348,84,11700.0,14,True,True,True,True,True,False,61.0,True,11700.0,11700.0,,17,17,1896.3009774999227,1879.8455655002035,dual_labeled_canonical_bundle_sova
pso_n84_k14_h19_s17,pso,84,14,19,17,132.63675196081886,170.52594628851293,160.43527818650554,2387.363248039181,17.47964849998243,27.09429270005785,2887.0263960909333,84,11700.0,14,True,True,True,True,True,,,,11700.0,11700.0,,17,17,44.57394120004028,27.10549969994463,
aco_n84_k14_h04_s27,aco,84,14,4,27,85.91351339611403,173.86332047170615,159.33895328714254,2434.086486603886,17.467385899974033,24.96253319992684,2805.574971245441,84,11700.0,14,True,True,True,True,True,,,,11700.0,11700.0,,27,27,42.42991909990087,24.964627999812365,
ga_n84_k14_h04_s27,ga,84,14,4,27,89.81065869329879,173.58495295047868,164.5190501087729,2430.1893413067014,17.467385899974033,33.073210099944845,2467.224292254044,84,11700.0,14,True,True,True,True,True,,,,11700.0,11700.0,,27,27,50.54059599991888,33.09576050005853,
nn_n84_k14_h04_s27,nn,84,14,4,27,105.15753919883709,172.48874720008305,162.98629574924115,2414.842460801163,17.467385899974033,0.4334672000259161,2679.958837254358,84,11700.0,14,True,True,True,True,True,,,,11700.0,11700.0,,27,27,17.90085309999995,0.4335169999394566,
proposed_n84_k14_h04_s27,proposed,84,14,4,27,83.99383624952605,174.000440267891,164.5007365268966,2436.006163750474,17.467385899974033,1799.734751699958,3083.210282953245,84,11700.0,14,True,True,True,True,True,False,56.0,False,11700.0,11700.0,,27,27,1817.202137599932,1799.7348631001078,dual_labeled_canonical_bundle_sova
pso_n84_k14_h04_s27,pso,84,14,4,27,94.6671719511174,173.23805914634875,162.73587034428928,2425.3328280488827,17.467385899974033,19.99846739997156,2563.34759149935,84,11700.0,14,True,True,True,True,True,,,,11700.0,11700.0,,27,27,37.46585329994559,20.008338700048625,
aco_n84_k14_h11_s27,aco,84,14,11,27,181.91399172354576,167.00614344831817,140.36868704776762,2338.0860082764543,20.45188720012084,36.56259249988943,4055.7809524736376,84,11700.0,14,True,True,True,True,True,,,,11700.0,11700.0,,27,27,57.01447970001027,36.56610569986515,
ga_n84_k14_h11_s27,ga,84,14,11,27,188.16182871705124,166.55986937735346,144.56646294595825,2331.8381712829487,20.45188720012084,36.318560200044885,4036.994405145779,84,11700.0,14,True,True,True,True,True,,,,11700.0,11700.0,,27,27,56.77044740016572,36.33289960003458,
nn_n84_k14_h11_s27,nn,84,14,11,27,210.0922379489537,164.99341157507473,146.21732848533176,2309.907762051046,20.45188720012084,0.5579437999986112,2916.845513307661,84,11700.0,14,True,True,True,True,True,,,,11700.0,11700.0,,27,27,21.009831000119448,0.557986699976027,
proposed_n84_k14_h11_s27,proposed,84,14,11,27,171.77022175270247,167.73069844623552,149.60497464673534,2348.2297782472974,17.9616133000236,4209.5691780000925,3514.7233809105046,84,11700.0,14,True,True,True,True,True,False,64.0,False,11700.0,11700.0,,27,27,4227.530791300116,4209.569300200092,dual_labeled_canonical_bundle_sova
pso_n84_k14_h11_s27,pso,84,14,11,27,196.99259850207903,165.92910010699435,145.47935310047694,2323.007401497921,20.45188720012084,27.01313120010309,2868.304118975381,84,11700.0,14,True,True,True,True,True,,,,11700.0,11700.0,,27,27,47.465018400223926,27.021586700109765,
aco_n84_k14_h19_s27,aco,84,14,19,27,115.85547738503024,171.72460875821213,155.7384187614078,2404.14452261497,15.254900299943984,22.20906970021315,3396.199173925258,84,11700.0,14,True,True,True,True,True,,,,11700.0,11700.0,,27,27,37.46397000015713,22.211045400006697,
ga_n84_k14_h19_s27,ga,84,14,19,27,117.28699679739428,171.6223573716147,153.36276987906163,2402.7130032026057,15.254900299943984,27.14630679995753,3294.223486941757,84,11700.0,14,True,True,True,True,True,,,,11700.0,11700.0,,27,27,42.40120709990151,27.157783900154755,
nn_n84_k14_h19_s27,nn,84,14,19,27,139.0098151936355,170.0707274861689,156.80659014150245,2380.9901848063646,15.254900299943984,0.3355472998227924,3067.732891000528,84,11700.0,14,True,True,True,True,True,,,,11700.0,11700.0,,27,27,15.590447599766776,0.3355801999568939,
proposed_n84_k14_h19_s27,proposed,84,14,19,27,109.61000701424511,172.17071378469677,152.8595988400691,2410.389992985755,15.254900299943984,2433.1488654999994,2951.765257795366,84,11700.0,14,True,True,True,True,True,False,57.0,True,11700.0,11700.0,,27,27,2448.403765799944,2433.148964499822,dual_labeled_canonical_bundle_sova
pso_n84_k14_h19_s27,pso,84,14,19,27,128.3578188417885,170.83158436844366,156.80659014150245,2391.6421811582118,15.254900299943984,18.330853500170637,3624.7391406125066,84,11700.0,14,True,True,True,True,True,,,,11700.0,11700.0,,27,27,33.58575380011462,18.34078820003197,
aco_n84_k14_h04_s37,aco,84,14,4,37,87.34561898312349,173.76102721549117,159.91251896712913,2432.6543810168764,22.665852800011635,40.407470900099725,2713.093948997475,84,11700.0,14,True,True,True,True,True,,,,11700.0,11700.0,,37,37,63.07332370011136,40.410274599911645,
ga_n84_k14_h04_s37,ga,84,14,4,37,89.3553302339822,173.6174764118584,164.67063779224412,2430.6446697660176,22.665852800011635,43.61630290001631,2646.004356563021,84,11700.0,14,True,True,True,True,True,,,,11700.0,11700.0,,37,37,66.28215570002794,43.6284302000422,
nn_n84_k14_h04_s37,nn,84,14,4,37,104.9156515730607,172.50602488763852,163.15158630529132,2415.0843484269394,22.665852800011635,0.6309576001949608,2597.001615625739,84,11700.0,14,True,True,True,True,True,,,,11700.0,11700.0,,37,37,23.2968104002066,0.6309872998390347,
proposed_n84_k14_h04_s37,proposed,84,14,4,37,81.597823629917,174.1715840264345,162.57046525696933,2438.402176370083,16.386425100034103,2136.282943899976,3235.3096138885494,84,11700.0,14,True,True,True,True,True,False,61.0,False,11700.0,11700.0,,37,37,2152.66936900001,2136.283062099945,dual_labeled_canonical_bundle_sova
pso_n84_k14_h04_s37,pso,84,14,4,37,95.27927059622652,173.19433781455524,163.24043626272868,2424.720729403773,22.665852800011635,30.915569399949163,2633.366931426958,84,11700.0,14,True,True,True,True,True,,,,11700.0,11700.0,,37,37,53.5814221999608,30.927755400072783,
aco_n84_k14_h11_s37,aco,84,14,11,37,177.66799903847266,167.30942864010908,147.71541975150598,2342.3320009615272,23.004210900049657,40.54516729991883,3652.964720000376,84,11700.0,14,True,True,True,True,True,,,,11700.0,11700.0,,37,37,63.54937819996849,40.54867159994319,
ga_n84_k14_h11_s37,ga,84,14,11,37,187.92870971787696,166.57652073443737,149.23295232178046,2332.0712902821238,23.004210900049657,40.61514400015585,3618.985910455222,84,11700.0,14,True,True,True,True,True,,,,11700.0,11700.0,,37,37,63.61935490020551,40.62768390006386,
nn_n84_k14_h11_s37,nn,84,14,11,37,206.4274549117376,165.25518179201873,147.46361879931118,2313.5725450882624,23.004210900049657,0.5153429999481887,3052.1260284174487,84,11700.0,14,True,True,True,True,True,,,,11700.0,11700.0,,37,37,23.519553899997845,0.5153671000152826,
proposed_n84_k14_h11_s37,proposed,84,14,11,37,171.43230409886573,167.7548354215096,150.66470578304222,2348.5676959011344,15.141457700170577,10820.667933399787,3316.139603504607,84,11700.0,14,True,True,True,True,True,False,64.0,False,11700.0,11700.0,,37,37,10835.80939109996,10820.668151699938,dual_labeled_canonical_bundle_sova
pso_n84_k14_h11_s37,pso,84,14,11,37,197.0698366532462,165.92358309619672,148.87217904540165,2322.930163346754,23.004210900049657,27.309212200110775,2852.964198413318,84,11700.0,14,True,True,True,True,True,,,,11700.0,11700.0,,37,37,50.31342310016044,27.319939399836585,
aco_n84_k14_h19_s37,aco,84,14,19,37,113.0481504240927,171.92513211256482,155.8632931832688,2406.9518495759075,22.49853580002673,38.197255600010976,2948.985204073009,84,11700.0,14,True,True,True,True,True,,,,11700.0,11700.0,,37,37,60.695791400037706,38.20044940011576,
ga_n84_k14_h19_s37,ga,84,14,19,37,115.49840469262868,171.75011395052653,158.78898178782345,2404.501595307371,22.49853580002673,41.60060290014371,2614.484796313682,84,11700.0,14,True,True,True,True,True,,,,11700.0,11700.0,,37,37,64.09913870017044,41.61756889987737,
nn_n84_k14_h19_s37,nn,84,14,19,37,135.18484433058296,170.34393969067264,154.4747706482474,2384.815155669417,22.49853580002673,0.5942969000898302,3047.85614602155,84,11700.0,14,True,True,True,True,True,,,,11700.0,11700.0,,37,37,23.09283270011656,0.594340099953115,
proposed_n84_k14_h19_s37,proposed,84,14,19,37,108.40993073866116,172.25643351866705,154.0173508823383,2411.5900692613386,16.048992000054568,8480.127060899977,3395.0820058681547,84,11700.0,14,True,True,True,True,True,False,64.0,False,11700.0,11700.0,,37,37,8496.176052900031,8480.127166199964,dual_labeled_canonical_bundle_sova
pso_n84_k14_h19_s37,pso,84,14,19,37,122.5699820281406,171.24500128370423,155.9758242002536,2397.43001797186,22.49853580002673,25.60035889991559,3036.9300825896557,84,11700.0,14,True,True,True,True,True,,,,11700.0,11700.0,,37,37,48.09889469994232,25.610960599966347,
aco_n84_k14_h04_s47,aco,84,14,4,47,87.7853127818304,173.72962051558355,160.95575173175004,2432.2146872181697,16.465428699972108,22.681622399948537,2485.3353194931083,84,11700.0,14,True,True,True,True,True,,,,11700.0,11700.0,,47,47,39.147051099920645,22.68377640005201,
ga_n84_k14_h04_s47,ga,84,14,4,47,89.70355089044406,173.59260350782543,161.1880781146374,2430.296449109556,16.465428699972108,24.776907099876556,2741.813649557684,84,11700.0,14,True,True,True,True,True,,,,11700.0,11700.0,,47,47,41.24233579984866,24.787038000067696,
nn_n84_k14_h04_s47,nn,84,14,4,47,105.97344943638576,172.43046789740103,162.97761747497606,2414.0265505636144,16.465428699972108,0.3324126999359578,2665.0782481686856,84,11700.0,14,True,True,True,True,True,,,,11700.0,11700.0,,47,47,16.797841399908066,0.3324478999711573,
proposed_n84_k14_h04_s47,proposed,84,14,4,47,86.48186238693155,173.8227241152192,165.90594270709414,2433.5181376130686,16.465428699972108,1286.4208050000016,2689.5461918120545,84,11700.0,14,True,True,True,True,True,False,64.0,False,11700.0,11700.0,,47,47,1302.8862336999737,1286.4209064999595,dual_labeled_canonical_bundle_sova
pso_n84_k14_h04_s47,pso,84,14,4,47,100.20138914700652,172.84275791807096,163.12090804056618,2419.798610852993,16.465428699972108,17.437238699989393,2985.913567094835,84,11700.0,14,True,True,True,True,True,,,,11700.0,11700.0,,47,47,33.9026673999615,17.445303000044078,
aco_n84_k14_h11_s47,aco,84,14,11,47,183.7508283638732,166.87494083115192,151.87001120005203,2336.249171636127,21.609967000084,38.93911470007152,3064.9806336621486,84,11700.0,14,True,True,True,True,True,,,,11700.0,11700.0,,47,47,60.54908170015551,38.94257299997844,
ga_n84_k14_h11_s47,ga,84,14,11,47,189.77465858766791,166.444667243738,149.92951827890352,2330.225341412332,21.609967000084,43.70181949995458,3227.9251291952773,84,11700.0,14,True,True,True,True,True,,,,11700.0,11700.0,,47,47,65.31178650003858,43.715934599982575,
nn_n84_k14_h11_s47,nn,84,14,11,47,203.46969762605147,165.46645016956774,145.73051313858875,2316.5303023739484,21.609967000084,0.5307297999970615,3161.219551548455,84,11700.0,14,True,True,True,True,True,,,,11700.0,11700.0,,47,47,22.14069680008106,0.5307668999303132,
proposed_n84_k14_h11_s47,proposed,84,14,11,47,173.78521092322555,167.58677064834106,149.08179123121326,2346.2147890767747,15.35891990014352,3871.298392300029,3063.841248760427,84,11700.0,14,True,True,True,True,True,False,64.0,False,11700.0,11700.0,,47,47,3886.657312200172,3871.298524199985,dual_labeled_canonical_bundle_sova
pso_n84_k14_h11_s47,pso,84,14,11,47,191.01428142131937,166.35612275562002,147.54029996081934,2328.9857185786805,21.609967000084,32.241487600142136,2995.5312434250195,84,11700.0,14,True,True,True,True,True,,,,11700.0,11700.0,,47,47,53.85145460022613,32.25212109996937,
aco_n84_k14_h19_s47,aco,84,14,19,47,113.72033037354414,171.87711925903255,156.50317965023584,2406.279669626456,15.44467470003292,23.14251659996808,2641.761349960805,84,11700.0,14,True,True,True,True,True,,,,11700.0,11700.0,,47,47,38.587191300001,23.144656399963424,
ga_n84_k14_h19_s47,ga,84,14,19,47,118.857474444318,171.5101803968344,163.45789354968628,2401.142525555682,15.44467470003292,27.40192599990405,2796.3126161297496,84,11700.0,14,True,True,True,True,True,,,,11700.0,11700.0,,47,47,42.84660069993697,27.413507600082085,
nn_n84_k14_h19_s47,nn,84,14,19,47,138.76330847972363,170.08833510859117,161.06528612339775,2381.2366915202765,15.44467470003292,0.331824199995026,3243.9336062442267,84,11700.0,14,True,True,True,True,True,,,,11700.0,11700.0,,47,47,15.776498900027946,0.3318545001093298,
proposed_n84_k14_h19_s47,proposed,84,14,19,47,109.3334629808635,172.19046692993834,158.0567706776645,2410.6665370191367,15.44467470003292,1451.2998986002058,2724.387090668962,84,11700.0,14,True,True,True,True,True,False,64.0,False,11700.0,11700.0,,47,47,1466.7445733002387,1451.3000030000694,dual_labeled_canonical_bundle_sova
pso_n84_k14_h19_s47,pso,84,14,19,47,129.639676646327,170.74002309669095,157.08519400028328,2390.3603233536733,15.44467470003292,17.32242689980194,3402.6081969692377,84,11700.0,14,True,True,True,True,True,,,,11700.0,11700.0,,47,47,32.76710159983486,17.330977800069377,
aco_n84_k14_h04_s57,aco,84,14,4,57,86.70234325893885,173.80697548150437,164.16673892277026,2433.297656741061,22.638535499805585,38.10211730003357,2847.608287908677,84,11700.0,14,True,True,True,True,True,,,,11700.0,11700.0,,57,57,60.740652799839154,38.10499679995701,
ga_n84_k14_h04_s57,ga,84,14,4,57,89.80047932473582,173.58568004823314,164.48988309647956,2430.199520675264,22.638535499805585,40.25309949996881,2488.568740549365,84,11700.0,14,True,True,True,True,True,,,,11700.0,11700.0,,57,57,62.8916349997744,40.26699099992402,
nn_n84_k14_h04_s57,nn,84,14,4,57,107.19744573319775,172.3430395904859,158.6731192692076,2412.8025542668024,22.638535499805585,0.563532599946484,2848.6231909972907,84,11700.0,14,True,True,True,True,True,,,,11700.0,11700.0,,57,57,23.20206809975207,0.5635673999786377,
proposed_n84_k14_h04_s57,proposed,84,14,4,57,83.47870288074812,174.037235508518,164.61567253693173,2436.521297119252,16.447127900086343,2246.116776499897,2921.542908395761,84,11700.0,14,True,True,True,True,True,False,64.0,False,11700.0,11700.0,,57,57,2262.563904399984,2246.1168720999267,dual_labeled_canonical_bundle_sova
pso_n84_k14_h04_s57,pso,84,14,4,57,96.93539969378035,173.0760428790157,163.1495110185025,2423.06460030622,22.638535499805585,29.66092659998685,2734.6742455762355,84,11700.0,14,True,True,True,True,True,,,,11700.0,11700.0,,57,57,52.29946209979244,29.673471400048584,
aco_n84_k14_h11_s57,aco,84,14,11,57,175.04040251576654,167.49711410601668,142.7410790575999,2344.9595974842337,19.749264299869537,35.00793879991397,3825.039868568808,84,11700.0,14,True,True,True,True,True,,,,11700.0,11700.0,,57,57,54.75720309978351,35.00993880000897,
ga_n84_k14_h11_s57,ga,84,14,11,57,186.8853816786204,166.65104416581283,148.17983749783775,2333.11461832138,19.749264299869537,33.451243499992415,2871.913693731037,84,11700.0,14,True,True,True,True,True,,,,11700.0,11700.0,,57,57,53.20050779986195,33.46179910004139,
nn_n84_k14_h11_s57,nn,84,14,11,57,209.1827753698912,165.0583731878649,147.1089528420298,2310.8172246301087,19.749264299869537,0.5001786998473108,2918.838085428247,84,11700.0,14,True,True,True,True,True,,,,11700.0,11700.0,,57,57,20.249442999716848,0.5002156000118703,
proposed_n84_k14_h11_s57,proposed,84,14,11,57,175.66969162762058,167.4521648837414,148.69928023362536,2344.3303083723795,15.073663799790666,2493.046936100116,3370.572630154489,84,11700.0,14,True,True,True,True,True,False,64.0,False,11700.0,11700.0,,57,57,2508.1205998999067,2493.0470172001515,dual_labeled_canonical_bundle_sova
pso_n84_k14_h11_s57,pso,84,14,11,57,194.9908086363132,166.07208509740622,147.1256087968504,2325.009191363687,19.749264299869537,25.27314139995724,2936.955616345993,84,11700.0,14,True,True,True,True,True,,,,11700.0,11700.0,,57,57,45.02240569982678,25.28100459999405,
aco_n84_k14_h19_s57,aco,84,14,19,57,111.52099651532627,172.03421453461957,156.20913885778654,2408.4790034846737,22.03716720012017,37.436350899981335,2779.171279179917,84,11700.0,14,True,True,True,True,True,,,,11700.0,11700.0,,57,57,59.4735181001015,37.43877700017765,
ga_n84_k14_h19_s57,ga,84,14,19,57,117.12121924342888,171.6341986254694,158.69218037527563,2402.878780756572,22.03716720012017,43.00856730015949,3127.05432985418,84,11700.0,14,True,True,True,True,True,,,,11700.0,11700.0,,57,57,65.04573450027965,43.02298590005376,
nn_n84_k14_h19_s57,nn,84,14,19,57,135.8858774293915,170.2938658979006,161.07232272070905,2384.1141225706083,22.03716720012017,0.5877436001319438,3243.9336062442267,84,11700.0,14,True,True,True,True,True,,,,11700.0,11700.0,,57,57,22.62491080025211,0.5877844998613,
proposed_n84_k14_h19_s57,proposed,84,14,19,57,109.74129621190916,172.16133598486363,154.35362689086446,2410.2587037880908,15.97617319994606,2651.326128900051,2922.2935485058074,84,11700.0,14,True,True,True,True,True,False,64.0,False,11700.0,11700.0,,57,57,2667.302302099997,2651.326230800012,dual_labeled_canonical_bundle_sova
pso_n84_k14_h19_s57,pso,84,14,19,57,130.46384400163424,170.68115399988326,158.24733000865547,2389.5361559983658,22.03716720012017,23.206803099950776,3319.0631001482025,84,11700.0,14,True,True,True,True,True,,,,11700.0,11700.0,,57,57,45.24397030007094,23.21424619993195,
aco_n84_k14_h04_s67,aco,84,14,4,67,85.67342857481432,173.88046938751327,164.31463980302934,2434.3265714251856,21.426496099913493,32.84708460001275,2709.4130683055146,84,11700.0,14,True,True,True,True,True,,,,11700.0,11700.0,,67,67,54.27358069992624,32.84931470011361,
ga_n84_k14_h04_s67,ga,84,14,4,67,90.26959888197234,173.55217150843055,163.72513701260783,2429.730401118028,21.426496099913493,38.63389809988439,2566.4060646728803,84,11700.0,14,True,True,True,True,True,,,,11700.0,11700.0,,67,67,60.06039419979789,38.64680230012164,
nn_n84_k14_h04_s67,nn,84,14,4,67,110.42820049168046,172.1122713934514,161.78058922217625,2409.57179950832,21.426496099913493,0.4729265000205487,3005.689449360073,84,11700.0,14,True,True,True,True,True,,,,11700.0,11700.0,,67,67,21.89942259993404,0.4729508000891655,
proposed_n84_k14_h04_s67,proposed,84,14,4,67,82.4965373620227,174.10739018842696,164.87474070901965,2437.503462637977,16.076201900141314,2099.535342299845,3051.0465197706285,84,11700.0,14,True,True,True,True,True,False,56.0,False,11700.0,11700.0,,67,67,2115.6115441999864,2099.5354645999614,dual_labeled_canonical_bundle_sova
pso_n84_k14_h04_s67,pso,84,14,4,67,103.5674953550025,172.60232176035697,163.59221320489647,2416.4325046449976,21.426496099913493,24.43401420000009,2938.854305803525,84,11700.0,14,True,True,True,True,True,,,,11700.0,11700.0,,67,67,45.86051029991359,24.44265959993936,
aco_n84_k14_h11_s67,aco,84,14,11,67,179.15652019979834,167.20310570001442,150.3761984092803,2340.8434798002017,14.8445211998187,22.822629200061783,3058.2396540346253,84,11700.0,14,True,True,True,True,True,,,,11700.0,11700.0,,67,67,37.66715039988048,22.824675499927253,
ga_n84_k14_h11_s67,ga,84,14,11,67,191.11773987621476,166.34873286598466,153.3818895462116,2328.8822601237853,14.8445211998187,28.24151339987293,2842.708797612498,84,11700.0,14,True,True,True,True,True,,,,11700.0,11700.0,,67,67,43.08603459969163,28.253235300071537,
nn_n84_k14_h11_s67,nn,84,14,11,67,209.15382209201653,165.06044127914168,146.1001920771485,2310.8461779079835,14.8445211998187,0.3342571000102907,3025.1845814514,84,11700.0,14,True,True,True,True,True,,,,11700.0,11700.0,,67,67,15.178778299828991,0.3343525000382215,
proposed_n84_k14_h11_s67,proposed,84,14,11,67,178.38580990745712,167.25815643518163,147.17075666085515,2341.6141900925427,14.8445211998187,1541.3275088001974,3607.287736453191,84,11700.0,14,True,True,True,True,True,False,64.0,False,11700.0,11700.0,,67,67,1556.172030000016,1541.32762310002,dual_labeled_canonical_bundle_sova
pso_n84_k14_h11_s67,pso,84,14,11,67,194.86257610894447,166.0812445636468,146.4390348689822,2325.1374238910557,14.8445211998187,15.00150000001304,2993.2946037447937,84,11700.0,14,True,True,True,True,True,,,,11700.0,11700.0,,67,67,29.84602119983174,15.008124199928716,
aco_n84_k14_h19_s67,aco,84,14,19,67,113.8085256726088,171.87081959481364,152.07608229994486,2406.191474327391,19.86617910000496,33.7170547998976,2852.3812157636867,84,11700.0,14,True,True,True,True,True,,,,11700.0,11700.0,,67,67,53.58323389990255,33.71931990003213,
ga_n84_k14_h19_s67,ga,84,14,19,67,119.54876165759514,171.4608027387432,161.53814207498414,2400.451238342405,19.86617910000496,37.10708860005252,2968.862656122108,84,11700.0,14,True,True,True,True,True,,,,11700.0,11700.0,,67,67,56.97326770005748,37.12638239981607,
nn_n84_k14_h19_s67,nn,84,14,19,67,136.38246499271258,170.25839535766335,161.21020629971903,2383.617535007287,19.86617910000496,0.5100525999441743,3243.9336062442267,84,11700.0,14,True,True,True,True,True,,,,11700.0,11700.0,,67,67,20.37623169994913,0.5100946999154985,
proposed_n84_k14_h19_s67,proposed,84,14,19,67,108.28733369940558,172.26519045004244,154.51835466366396,2411.7126663005943,15.600727000040932,1301.9575141000096,2792.848531628049,84,11700.0,14,True,True,True,True,True,False,60.0,True,11700.0,11700.0,,67,67,1317.5582411000505,1301.9576507001184,dual_labeled_canonical_bundle_sova
pso_n84_k14_h19_s67,pso,84,14,19,67,132.53357375054955,170.533316160675,161.2403084363425,2387.4664262494503,19.86617910000496,20.44185629999265,3346.3854604923326,84,11700.0,14,True,True,True,True,True,,,,11700.0,11700.0,,67,67,40.30803539999761,20.44829019997269,
aco_n84_k14_h04_s77,aco,84,14,4,77,86.27747403984814,173.837323282868,159.90786116988957,2433.722525960152,16.12540219980292,22.219162800116464,2976.3417774522877,84,11700.0,14,True,True,True,True,True,,,,11700.0,11700.0,,77,77,38.344564999919385,22.221098500071093,
ga_n84_k14_h04_s77,ga,84,14,4,77,92.80960715241002,173.37074234625643,165.8351539321946,2427.19039284759,16.12540219980292,24.66623149998486,3035.163390758356,84,11700.0,14,True,True,True,True,True,,,,11700.0,11700.0,,77,77,40.79163369978778,24.67718659993261,
nn_n84_k14_h04_s77,nn,84,14,4,77,107.09670255806006,172.3502355315671,164.23247899802476,2412.90329744194,16.12540219980292,0.3203405998647213,2679.958837254358,84,11700.0,14,True,True,True,True,True,,,,11700.0,11700.0,,77,77,16.44574279966764,0.3203735998831689,
proposed_n84_k14_h04_s77,proposed,84,14,4,77,81.49037208378576,174.17925913687245,164.83480130382125,2438.5096279162144,16.12540219980292,9307.198401500003,2921.542908395761,84,11700.0,14,True,True,True,True,True,False,64.0,False,11700.0,11700.0,,77,77,9323.323803699808,9307.198503099848,dual_labeled_canonical_bundle_sova
pso_n84_k14_h04_s77,pso,84,14,4,77,99.24733065764651,172.91090495302524,164.03313999920087,2420.7526693423533,16.12540219980292,16.02671659993939,2869.5592532379646,84,11700.0,14,True,True,True,True,True,,,,11700.0,11700.0,,77,77,32.15211879974231,16.036422399803996,
aco_n84_k14_h11_s77,aco,84,14,11,77,176.71320761156082,167.37762802774566,151.42751790840992,2343.286792388439,21.07933639991097,36.5341049998533,3491.2752977572613,84,11700.0,14,True,True,True,True,True,,,,11700.0,11700.0,,77,77,57.61344139976427,36.53739199996926,
ga_n84_k14_h11_s77,ga,84,14,11,77,187.11622806293428,166.63455513836183,149.02790171175994,2332.883771937066,21.07933639991097,29.29895809991285,3030.0312495845947,84,11700.0,14,True,True,True,True,True,,,,11700.0,11700.0,,77,77,50.378294499823824,29.311057299841195,
nn_n84_k14_h11_s77,nn,84,14,11,77,205.51337001311003,165.32047357049214,145.50074847162313,2314.48662998689,21.07933639991097,0.5420874000992626,2979.351316709742,84,11700.0,14,True,True,True,True,True,,,,11700.0,11700.0,,77,77,21.621423800010238,0.5421295000705868,
proposed_n84_k14_h11_s77,proposed,84,14,11,77,175.9262878081508,167.43383658513207,145.5063590443497,2344.073712191849,14.852956400020048,12816.5553121001,4756.089323702344,84,11700.0,14,True,True,True,True,True,False,64.0,False,11700.0,11700.0,,77,77,12831.40826850012,12816.555426900042,dual_labeled_canonical_bundle_sova
pso_n84_k14_h11_s77,pso,84,14,11,77,194.9368757721449,166.0759374448468,146.7732694974648,2325.063124227855,21.07933639991097,26.73802539985627,2979.351316709742,84,11700.0,14,True,True,True,True,True,,,,11700.0,11700.0,,77,77,47.81736179976724,26.749111599987373,
aco_n84_k14_h19_s77,aco,84,14,19,77,112.66797783498342,171.9522872975012,157.51358195940728,2407.3320221650165,15.497162299929188,23.7154365000315,2883.2298184625924,84,11700.0,14,True,True,True,True,True,,,,11700.0,11700.0,,77,77,39.21259879996069,23.71816290006973,
ga_n84_k14_h19_s77,ga,84,14,19,77,121.24516232041184,171.3396312628277,154.95030495663522,2398.754837679588,15.497162299929188,36.11600050004199,2903.194106812617,84,11700.0,14,True,True,True,True,True,,,,11700.0,11700.0,,77,77,51.61316279997118,36.13812389993109,
nn_n84_k14_h19_s77,nn,84,14,19,77,136.41102210829487,170.25635556369323,162.33726373794036,2383.5889778917053,15.497162299929188,0.3381596999242902,2660.4620220769784,84,11700.0,14,True,True,True,True,True,,,,11700.0,11700.0,,77,77,15.835321999853477,0.3381926000583917,
proposed_n84_k14_h19_s77,proposed,84,14,19,77,108.54074296534192,172.24708978818987,153.96773942787863,2411.459257034658,15.497162299929188,6659.701394199859,2792.848531628049,84,11700.0,14,True,True,True,True,True,False,60.0,True,11700.0,11700.0,,77,77,6675.1985564997885,6659.701502700103,dual_labeled_canonical_bundle_sova
pso_n84_k14_h19_s77,pso,84,14,19,77,129.08056088397046,170.77995993685926,156.9770939488435,2390.919439116029,15.497162299929188,14.137517800088972,3402.6081969692377,84,11700.0,14,True,True,True,True,True,,,,11700.0,11700.0,,77,77,29.63468010001816,14.144177600042894,
aco_n84_k14_h04_s87,aco,84,14,4,87,87.42034718434415,173.75568948683255,164.25367684098964,2432.579652815656,16.115747099975124,22.588043100200597,2305.58309282686,84,11700.0,14,True,True,True,True,True,,,,11700.0,11700.0,,87,87,38.70379020017572,22.59021840011701,
ga_n84_k14_h04_s87,ga,84,14,4,87,95.4209450037211,173.18421821401992,165.13050397602373,2424.579054996279,16.115747099975124,22.18854120001197,2905.6804298778206,84,11700.0,14,True,True,True,True,True,,,,11700.0,11700.0,,87,87,38.30428829998709,22.1983827999793,
nn_n84_k14_h04_s87,nn,84,14,4,87,114.40712455013175,171.82806253213343,159.16017647843694,2405.592875449868,16.115747099975124,0.3875176000874489,3402.4898880800624,84,11700.0,14,True,True,True,True,True,,,,11700.0,11700.0,,87,87,16.503264700062573,0.3875736999325454,
proposed_n84_k14_h04_s87,proposed,84,14,4,87,83.69240204836842,174.0219712822594,163.1335259413251,2436.307597951632,16.115747099975124,3428.268736799946,3024.3090283076326,84,11700.0,14,True,True,True,True,True,False,64.0,False,11700.0,11700.0,,87,87,3444.384483899921,3428.2689237000886,dual_labeled_canonical_bundle_sova
pso_n84_k14_h04_s87,pso,84,14,4,87,106.92039762014588,172.36282874141813,159.1339062220261,2413.079602379854,16.115747099975124,16.780760399997234,3102.341134985144,84,11700.0,14,True,True,True,True,True,,,,11700.0,11700.0,,87,87,32.89650749997236,16.79119240003638,
aco_n84_k14_h11_s87,aco,84,14,11,87,183.04835236585012,166.92511768815356,144.12652151854928,2336.95164763415,18.074395300121974,30.576456499984488,4072.344760435198,84,11700.0,14,True,True,True,True,True,,,,11700.0,11700.0,,87,87,48.65085180010647,30.57832119986415,
ga_n84_k14_h11_s87,ga,84,14,11,87,187.81236996833871,166.58483071654723,139.64680243237058,2332.187630031661,18.074395300121974,28.55776369990781,4209.29365791392,84,11700.0,14,True,True,True,True,True,,,,11700.0,11700.0,,87,87,46.63215900002979,28.567297300091013,
nn_n84_k14_h11_s87,nn,84,14,11,87,202.89481896323733,165.50751293119734,147.09005965354254,2317.1051810367626,18.074395300121974,0.4570960002020001,3052.1260284174487,84,11700.0,14,True,True,True,True,True,,,,11700.0,11700.0,,87,87,18.531491300323975,0.4571322000119835,
proposed_n84_k14_h11_s87,proposed,84,14,11,87,172.15702731008005,167.7030694778514,146.18826523198572,2347.84297268992,15.124580200063065,10829.14578700019,4085.430782199626,84,11700.0,14,True,True,True,True,True,False,64.0,False,11700.0,11700.0,,87,87,10844.270367200254,10829.145919800038,dual_labeled_canonical_bundle_sova
pso_n84_k14_h11_s87,pso,84,14,11,87,191.11570054444755,166.34887853253946,148.44209147540053,2328.8842994555525,18.074395300121974,19.883603299967945,3004.2628343740103,84,11700.0,14,True,True,True,True,True,,,,11700.0,11700.0,,87,87,37.95799860008992,19.89706620015204,
aco_n84_k14_h19_s87,aco,84,14,19,87,114.74971798860685,171.80359157224237,158.1116241655996,2405.250282011393,18.69351590005681,30.268658599816263,3415.7898705174453,84,11700.0,14,True,True,True,True,True,,,,11700.0,11700.0,,87,87,48.96217449987307,30.270801599835977,
ga_n84_k14_h19_s87,ga,84,14,19,87,120.85938586331606,171.36718672404885,162.9522971523743,2399.140614136684,18.69351590005681,30.43419070006348,2873.787409758586,84,11700.0,14,True,True,True,True,True,,,,11700.0,11700.0,,87,87,49.12770660012029,30.44344860012643,
nn_n84_k14_h19_s87,nn,84,14,19,87,135.98044769354345,170.2871108790326,161.25704005811374,2384.0195523064567,18.69351590005681,0.4972875998355448,3243.9336062442267,84,11700.0,14,True,True,True,True,True,,,,11700.0,11700.0,,87,87,19.190803499892358,0.4973129001446068,
proposed_n84_k14_h19_s87,proposed,84,14,19,87,109.59276640547392,172.17194525675183,157.3306548092061,2410.407233594526,14.917605799855664,5731.356990900124,3421.431318689086,84,11700.0,14,True,True,True,True,True,False,64.0,False,11700.0,11700.0,,87,87,5746.274596699979,5731.357098799897,dual_labeled_canonical_bundle_sova
pso_n84_k14_h19_s87,pso,84,14,19,87,130.5367839297884,170.6759440050151,157.75551918875786,2389.463216070212,18.69351590005681,20.636214999947697,3319.0631001482025,84,11700.0,14,True,True,True,True,True,,,,11700.0,11700.0,,87,87,39.329730900004506,20.64379599993117,
aco_n84_k14_h04_s97,aco,84,14,4,97,86.81910558477037,173.79863531537353,165.544524475931,2433.180894415229,19.787659500027075,31.40767899993807,2664.843603762441,84,11700.0,14,True,True,True,True,True,,,,11700.0,11700.0,,97,97,51.195338499965146,31.40982889989391,
ga_n84_k14_h04_s97,ga,84,14,4,97,89.02635663560588,173.64097452602817,163.2220505070562,2430.9736433643943,19.787659500027075,39.44849850004539,3119.102115988125,84,11700.0,14,True,True,True,True,True,,,,11700.0,11700.0,,97,97,59.236158000072464,39.46633580001071,
nn_n84_k14_h04_s97,nn,84,14,4,97,107.33516528239662,172.3332024798288,161.3702204033832,2412.6648347176038,19.787659500027075,0.4250787000637501,2962.9686382327304,84,11700.0,14,True,True,True,True,True,,,,11700.0,11700.0,,97,97,20.212738200090826,0.4251011998858303,
proposed_n84_k14_h04_s97,proposed,84,14,4,97,81.34650445202027,174.18953539628427,164.73093306796585,2438.65349554798,15.838588600046933,8410.56559480005,2746.1742231561107,84,11700.0,14,True,True,True,True,True,False,64.0,False,11700.0,11700.0,,97,97,8426.404183400096,8410.565706399968,dual_labeled_canonical_bundle_sova
pso_n84_k14_h04_s97,pso,84,14,4,97,98.71450669585806,172.94896380743873,164.46557577786098,2421.285493304142,19.787659500027075,22.855984800029542,2944.475769480669,84,11700.0,14,True,True,True,True,True,,,,11700.0,11700.0,,97,97,42.64364430005662,22.86397990002297,
aco_n84_k14_h11_s97,aco,84,14,11,97,176.91368049455994,167.36330853610283,138.1245745718499,2343.08631950544,18.64495259989053,30.36025970010087,4888.578061417436,84,11700.0,14,True,True,True,True,True,,,,11700.0,11700.0,,97,97,49.0052122999914,30.36247290018946,
ga_n84_k14_h11_s97,ga,84,14,11,97,185.44110662785815,166.7542066694387,135.51377879322337,2334.558893372142,18.64495259989053,26.70292539987713,3943.173373623999,84,11700.0,14,True,True,True,True,True,,,,11700.0,11700.0,,97,97,45.34787799976766,26.711625500116497,
nn_n84_k14_h11_s97,nn,84,14,11,97,202.4067206232472,165.5423770983395,141.05313378694635,2317.593279376753,18.64495259989053,0.4422024001833051,3537.085374216481,84,11700.0,14,True,True,True,True,True,,,,11700.0,11700.0,,97,97,19.087155000073835,0.4422345999628305,
proposed_n84_k14_h11_s97,proposed,84,14,11,97,174.93516623680011,167.5046309830857,146.58063469919867,2345.0648337632,15.013357299845666,4770.159596800106,4002.30706115198,84,11700.0,14,True,True,True,True,True,False,64.0,False,11700.0,11700.0,,97,97,4785.172954099951,4770.159714899957,dual_labeled_canonical_bundle_sova
pso_n84_k14_h11_s97,pso,84,14,11,97,193.6257638221787,166.16958829841582,145.1837066859604,2326.3742361778213,18.64495259989053,19.98734540003352,3483.0568348187344,84,11700.0,14,True,True,True,True,True,,,,11700.0,11700.0,,97,97,38.63229799992405,19.994116199901327,
aco_n84_k14_h19_s97,aco,84,14,19,97,114.16442626003898,171.84539812428292,158.50696469158615,2405.835573739961,18.96442069998011,30.37594860000536,2680.139489503542,84,11700.0,14,True,True,True,True,True,,,,11700.0,11700.0,,97,97,49.34036929998547,30.378321700030934,
ga_n84_k14_h19_s97,ga,84,14,19,97,120.83298936763266,171.36907218802622,163.99473644626073,2399.1670106323672,18.96442069998011,31.40162799996324,2782.96887099702,84,11700.0,14,True,True,True,True,True,,,,11700.0,11700.0,,97,97,50.36604869994335,31.4138448999729,
nn_n84_k14_h19_s97,nn,84,14,19,97,137.2738963133331,170.1947216919048,160.96576359374808,2382.726103686667,18.96442069998011,0.4582728999666869,3243.9336062442267,84,11700.0,14,True,True,True,True,True,,,,11700.0,11700.0,,97,97,19.4226935999468,0.4583085000049323,
proposed_n84_k14_h19_s97,proposed,84,14,19,97,108.34621892626548,172.2609843624096,157.110438340099,2411.6537810737345,16.027672299882397,1162.0362482001074,2761.807872333348,84,11700.0,14,True,True,True,True,True,False,58.0,True,11700.0,11700.0,,97,97,1178.0639204999898,1162.0363829999696,dual_labeled_canonical_bundle_sova
pso_n84_k14_h19_s97,pso,84,14,19,97,131.5555397536305,170.60317573188354,158.5080061360626,2388.444460246369,18.96442069998011,20.1326115000993,3026.604314548515,84,11700.0,14,True,True,True,True,True,,,,11700.0,11700.0,,97,97,39.09703220007941,20.139832800021395,
