RUN C:\Users\guild\.conda\envs\tsp\python.exe -m scripts.scalability --sizes 84 100 120 140 160 180 200 220 240 260 280 300 350 --bins-per-vehicle 8.4 --start-hour 11 --spatial-seeds 107 117 127 137 147 157 167 177 187 197 --demand-seeds 7 17 --parallel-jobs 2 --methods proposed nn aco pso ga --bins-csv C:\Users\guild\Dropbox\research\code\TSP_new_new\TSP-FactorGraph\simul\scalability_bins_500.csv --output C:\Users\guild\Dropbox\research\code\TSP_new_new\TSP-FactorGraph\results\scalability\spatial_mc\scalability_runs.csv --figure-dir C:\Users\guild\Dropbox\research\code\TSP_new_new\TSP-FactorGraph\figures\scalability --max-rounds 64 --assignment-rounds 1 --damping 0.7 --tolerance 0.001 --improvement-tolerance 1e-09 --exact-global-limit 14 --maximum-exact-trellis-bins 20 --stagnation-patience 8 --oracle-slots 3 --hypercube-radii 1 2 4 8 12 16 24 32 --no-canonicalize-vehicle-symmetry --no-symmetry-dual-path --global-assignment-trajectory --ga-population 100 --ga-generations 500 --pso-particles 60 --pso-iterations 200 --aco-ants 60 --aco-iterations 150 --resume
PARALLEL execution with 2 worker processes; one oracle is shared by all methods inside each instance
DONE proposed_n84_k10_h11_sp107_ds7: E=212.198 kWh, solver=28.58 s, oracle=18.36 s, feasible=True
DONE proposed_n84_k10_h11_sp107_ds17: E=213.913 kWh, solver=45.61 s, oracle=18.39 s, feasible=True
DONE proposed_n84_k10_h11_sp117_ds17: E=221.549 kWh, solver=36.02 s, oracle=17.87 s, feasible=True
DONE proposed_n84_k10_h11_sp117_ds7: E=195.938 kWh, solver=83.02 s, oracle=16.70 s, feasible=True
DONE proposed_n84_k10_h11_sp127_ds7: E=203.022 kWh, solver=18.59 s, oracle=14.97 s, feasible=True
DONE proposed_n84_k10_h11_sp127_ds17: E=200.085 kWh, solver=21.02 s, oracle=15.04 s, feasible=True
DONE proposed_n84_k10_h11_sp137_ds7: E=183.229 kWh, solver=37.79 s, oracle=14.99 s, feasible=True
DONE proposed_n84_k10_h11_sp137_ds17: E=194.303 kWh, solver=72.54 s, oracle=14.97 s, feasible=True
DONE proposed_n84_k10_h11_sp147_ds7: E=193.650 kWh, solver=36.44 s, oracle=14.93 s, feasible=True
DONE proposed_n84_k10_h11_sp157_ds7: E=211.190 kWh, solver=26.79 s, oracle=15.21 s, feasible=True
DONE proposed_n84_k10_h11_sp147_ds17: E=185.449 kWh, solver=49.01 s, oracle=14.94 s, feasible=True
DONE proposed_n84_k10_h11_sp167_ds7: E=200.814 kWh, solver=21.54 s, oracle=15.32 s, feasible=True
DONE nn_n84_k10_h11_sp167_ds7: E=235.725 kWh, solver=0.24 s, oracle=15.32 s, feasible=True
DONE aco_n84_k10_h11_sp167_ds7: E=205.903 kWh, solver=22.23 s, oracle=15.32 s, feasible=True
DONE pso_n84_k10_h11_sp167_ds7: E=228.347 kWh, solver=11.29 s, oracle=15.32 s, feasible=True
DONE ga_n84_k10_h11_sp167_ds7: E=220.050 kWh, solver=17.13 s, oracle=15.32 s, feasible=True
DONE proposed_n84_k10_h11_sp157_ds17: E=208.801 kWh, solver=105.98 s, oracle=15.63 s, feasible=True
DONE proposed_n84_k10_h11_sp167_ds17: E=194.827 kWh, solver=35.62 s, oracle=15.72 s, feasible=True
DONE proposed_n84_k10_h11_sp177_ds7: E=203.401 kWh, solver=21.15 s, oracle=15.59 s, feasible=True
DONE proposed_n84_k10_h11_sp187_ds7: E=193.890 kWh, solver=36.39 s, oracle=14.99 s, feasible=True
DONE proposed_n84_k10_h11_sp177_ds17: E=197.653 kWh, solver=48.20 s, oracle=14.90 s, feasible=True
DONE proposed_n84_k10_h11_sp197_ds7: E=233.231 kWh, solver=21.02 s, oracle=15.33 s, feasible=True
DONE proposed_n84_k10_h11_sp187_ds17: E=197.478 kWh, solver=49.44 s, oracle=15.10 s, feasible=True
DONE proposed_n84_k10_h11_sp197_ds17: E=207.553 kWh, solver=24.42 s, oracle=15.41 s, feasible=True
DONE proposed_n100_k12_h11_sp107_ds7: E=240.059 kWh, solver=40.34 s, oracle=18.82 s, feasible=True
DONE nn_n100_k12_h11_sp107_ds7: E=304.651 kWh, solver=0.40 s, oracle=18.82 s, feasible=True
DONE aco_n100_k12_h11_sp107_ds7: E=254.747 kWh, solver=30.69 s, oracle=18.82 s, feasible=True
DONE proposed_n100_k12_h11_sp107_ds17: E=241.109 kWh, solver=46.14 s, oracle=18.41 s, feasible=True
DONE pso_n100_k12_h11_sp107_ds7: E=288.570 kWh, solver=16.29 s, oracle=18.82 s, feasible=True
DONE ga_n100_k12_h11_sp107_ds7: E=285.027 kWh, solver=20.28 s, oracle=18.82 s, feasible=True
DONE proposed_n100_k12_h11_sp117_ds7: E=231.271 kWh, solver=68.43 s, oracle=17.78 s, feasible=True
DONE proposed_n100_k12_h11_sp127_ds7: E=256.501 kWh, solver=28.11 s, oracle=18.00 s, feasible=True
DONE nn_n100_k12_h11_sp127_ds7: E=294.167 kWh, solver=0.38 s, oracle=18.00 s, feasible=True
DONE proposed_n100_k12_h11_sp117_ds17: E=227.086 kWh, solver=123.60 s, oracle=17.94 s, feasible=True
DONE aco_n100_k12_h11_sp127_ds7: E=241.111 kWh, solver=25.63 s, oracle=18.00 s, feasible=True
DONE pso_n100_k12_h11_sp127_ds7: E=289.601 kWh, solver=16.75 s, oracle=18.00 s, feasible=True
DONE ga_n100_k12_h11_sp127_ds7: E=265.444 kWh, solver=24.14 s, oracle=18.00 s, feasible=True
DONE proposed_n100_k12_h11_sp127_ds17: E=222.119 kWh, solver=38.39 s, oracle=18.02 s, feasible=True
DONE proposed_n100_k12_h11_sp137_ds7: E=229.669 kWh, solver=69.61 s, oracle=18.64 s, feasible=True
DONE proposed_n100_k12_h11_sp137_ds17: E=234.051 kWh, solver=96.00 s, oracle=18.33 s, feasible=True
DONE proposed_n100_k12_h11_sp147_ds7: E=225.334 kWh, solver=40.65 s, oracle=17.88 s, feasible=True
DONE nn_n100_k12_h11_sp147_ds7: E=257.990 kWh, solver=0.39 s, oracle=17.88 s, feasible=True
DONE aco_n100_k12_h11_sp147_ds7: E=234.433 kWh, solver=26.05 s, oracle=17.88 s, feasible=True
DONE pso_n100_k12_h11_sp147_ds7: E=248.990 kWh, solver=16.34 s, oracle=17.88 s, feasible=True
DONE ga_n100_k12_h11_sp147_ds7: E=244.398 kWh, solver=23.13 s, oracle=17.88 s, feasible=True
DONE proposed_n100_k12_h11_sp157_ds7: E=237.937 kWh, solver=46.76 s, oracle=19.05 s, feasible=True
DONE nn_n100_k12_h11_sp157_ds7: E=293.406 kWh, solver=0.40 s, oracle=19.05 s, feasible=True
DONE aco_n100_k12_h11_sp157_ds7: E=246.736 kWh, solver=26.49 s, oracle=19.05 s, feasible=True
DONE proposed_n100_k12_h11_sp147_ds17: E=219.393 kWh, solver=179.35 s, oracle=18.07 s, feasible=True
DONE pso_n100_k12_h11_sp157_ds7: E=284.008 kWh, solver=18.25 s, oracle=19.05 s, feasible=True
DONE ga_n100_k12_h11_sp157_ds7: E=270.061 kWh, solver=24.44 s, oracle=19.05 s, feasible=True
DONE proposed_n100_k12_h11_sp157_ds17: E=235.659 kWh, solver=129.05 s, oracle=18.67 s, feasible=True
DONE proposed_n100_k12_h11_sp167_ds7: E=226.452 kWh, solver=150.85 s, oracle=18.60 s, feasible=True
DONE proposed_n100_k12_h11_sp167_ds17: E=220.866 kWh, solver=71.57 s, oracle=18.93 s, feasible=True
DONE nn_n100_k12_h11_sp167_ds17: E=262.775 kWh, solver=0.39 s, oracle=18.93 s, feasible=True
DONE proposed_n100_k12_h11_sp177_ds7: E=232.507 kWh, solver=37.51 s, oracle=17.61 s, feasible=True
DONE aco_n100_k12_h11_sp167_ds17: E=237.408 kWh, solver=24.97 s, oracle=18.93 s, feasible=True
DONE pso_n100_k12_h11_sp167_ds17: E=258.903 kWh, solver=14.26 s, oracle=18.93 s, feasible=True
DONE ga_n100_k12_h11_sp167_ds17: E=253.700 kWh, solver=22.68 s, oracle=18.93 s, feasible=True
DONE proposed_n100_k12_h11_sp187_ds7: E=223.106 kWh, solver=27.96 s, oracle=17.62 s, feasible=True
DONE proposed_n100_k12_h11_sp187_ds17: E=212.579 kWh, solver=61.66 s, oracle=17.73 s, feasible=True
DONE proposed_n100_k12_h11_sp177_ds17: E=218.620 kWh, solver=199.73 s, oracle=17.49 s, feasible=True
DONE proposed_n100_k12_h11_sp197_ds7: E=243.014 kWh, solver=51.19 s, oracle=17.80 s, feasible=True
DONE proposed_n100_k12_h11_sp197_ds17: E=260.499 kWh, solver=57.22 s, oracle=17.91 s, feasible=True
DONE proposed_n120_k14_h11_sp107_ds7: E=285.399 kWh, solver=47.29 s, oracle=21.68 s, feasible=True
DONE proposed_n120_k14_h11_sp107_ds17: E=284.350 kWh, solver=96.87 s, oracle=21.28 s, feasible=True
DONE nn_n120_k14_h11_sp107_ds17: E=339.727 kWh, solver=0.64 s, oracle=21.28 s, feasible=True
DONE proposed_n120_k14_h11_sp117_ds7: E=265.259 kWh, solver=58.12 s, oracle=21.20 s, feasible=True
DONE aco_n120_k14_h11_sp107_ds17: E=288.388 kWh, solver=32.96 s, oracle=21.28 s, feasible=True
DONE pso_n120_k14_h11_sp107_ds17: E=328.473 kWh, solver=26.66 s, oracle=21.28 s, feasible=True
DONE ga_n120_k14_h11_sp107_ds17: E=310.199 kWh, solver=38.38 s, oracle=21.28 s, feasible=True
DONE proposed_n120_k14_h11_sp127_ds7: E=264.745 kWh, solver=57.65 s, oracle=21.43 s, feasible=True
DONE nn_n120_k14_h11_sp127_ds7: E=325.253 kWh, solver=0.62 s, oracle=21.43 s, feasible=True
DONE aco_n120_k14_h11_sp127_ds7: E=280.365 kWh, solver=32.09 s, oracle=21.43 s, feasible=True
DONE pso_n120_k14_h11_sp127_ds7: E=323.992 kWh, solver=23.93 s, oracle=21.43 s, feasible=True
DONE proposed_n120_k14_h11_sp117_ds17: E=263.537 kWh, solver=205.09 s, oracle=21.64 s, feasible=True
DONE nn_n120_k14_h11_sp117_ds17: E=318.959 kWh, solver=0.61 s, oracle=21.64 s, feasible=True
DONE ga_n120_k14_h11_sp127_ds7: E=300.619 kWh, solver=37.29 s, oracle=21.43 s, feasible=True
DONE aco_n120_k14_h11_sp117_ds17: E=274.894 kWh, solver=33.68 s, oracle=21.64 s, feasible=True
DONE pso_n120_k14_h11_sp117_ds17: E=310.688 kWh, solver=26.15 s, oracle=21.64 s, feasible=True
DONE ga_n120_k14_h11_sp117_ds17: E=292.073 kWh, solver=35.19 s, oracle=21.64 s, feasible=True
DONE proposed_n120_k14_h11_sp127_ds17: E=266.714 kWh, solver=93.25 s, oracle=22.10 s, feasible=True
DONE nn_n120_k14_h11_sp127_ds17: E=322.809 kWh, solver=0.61 s, oracle=22.10 s, feasible=True
DONE aco_n120_k14_h11_sp127_ds17: E=281.093 kWh, solver=34.19 s, oracle=22.10 s, feasible=True
DONE pso_n120_k14_h11_sp127_ds17: E=315.401 kWh, solver=29.15 s, oracle=22.10 s, feasible=True
DONE proposed_n120_k14_h11_sp137_ds7: E=274.750 kWh, solver=107.29 s, oracle=21.32 s, feasible=True
DONE nn_n120_k14_h11_sp137_ds7: E=327.116 kWh, solver=0.60 s, oracle=21.32 s, feasible=True
DONE ga_n120_k14_h11_sp127_ds17: E=308.524 kWh, solver=37.23 s, oracle=22.10 s, feasible=True
DONE aco_n120_k14_h11_sp137_ds7: E=282.679 kWh, solver=32.58 s, oracle=21.32 s, feasible=True
DONE pso_n120_k14_h11_sp137_ds7: E=317.617 kWh, solver=28.93 s, oracle=21.32 s, feasible=True
DONE ga_n120_k14_h11_sp137_ds7: E=306.801 kWh, solver=42.19 s, oracle=21.32 s, feasible=True
DONE proposed_n120_k14_h11_sp137_ds17: E=261.048 kWh, solver=128.72 s, oracle=21.93 s, feasible=True
DONE nn_n120_k14_h11_sp137_ds17: E=316.139 kWh, solver=0.60 s, oracle=21.93 s, feasible=True
DONE proposed_n120_k14_h11_sp147_ds7: E=261.326 kWh, solver=75.73 s, oracle=21.14 s, feasible=True
DONE nn_n120_k14_h11_sp147_ds7: E=307.014 kWh, solver=0.59 s, oracle=21.14 s, feasible=True
DONE aco_n120_k14_h11_sp137_ds17: E=281.586 kWh, solver=33.54 s, oracle=21.93 s, feasible=True
DONE aco_n120_k14_h11_sp147_ds7: E=271.489 kWh, solver=33.14 s, oracle=21.14 s, feasible=True
DONE pso_n120_k14_h11_sp137_ds17: E=307.955 kWh, solver=27.26 s, oracle=21.93 s, feasible=True
DONE pso_n120_k14_h11_sp147_ds7: E=298.668 kWh, solver=26.35 s, oracle=21.14 s, feasible=True
DONE ga_n120_k14_h11_sp137_ds17: E=307.247 kWh, solver=33.39 s, oracle=21.93 s, feasible=True
DONE ga_n120_k14_h11_sp147_ds7: E=291.708 kWh, solver=33.30 s, oracle=21.14 s, feasible=True
DONE proposed_n120_k14_h11_sp157_ds7: E=281.281 kWh, solver=60.31 s, oracle=21.60 s, feasible=True
DONE nn_n120_k14_h11_sp157_ds7: E=338.291 kWh, solver=0.59 s, oracle=21.60 s, feasible=True
DONE proposed_n120_k14_h11_sp147_ds17: E=246.926 kWh, solver=116.60 s, oracle=21.32 s, feasible=True
DONE aco_n120_k14_h11_sp157_ds7: E=285.850 kWh, solver=34.16 s, oracle=21.60 s, feasible=True
DONE pso_n120_k14_h11_sp157_ds7: E=329.278 kWh, solver=28.16 s, oracle=21.60 s, feasible=True
DONE ga_n120_k14_h11_sp157_ds7: E=312.616 kWh, solver=38.01 s, oracle=21.60 s, feasible=True
DONE proposed_n120_k14_h11_sp157_ds17: E=278.252 kWh, solver=115.26 s, oracle=21.94 s, feasible=True
DONE nn_n120_k14_h11_sp157_ds17: E=329.135 kWh, solver=0.63 s, oracle=21.94 s, feasible=True
DONE aco_n120_k14_h11_sp157_ds17: E=283.935 kWh, solver=32.90 s, oracle=21.94 s, feasible=True
DONE proposed_n120_k14_h11_sp167_ds7: E=266.486 kWh, solver=85.36 s, oracle=21.35 s, feasible=True
DONE nn_n120_k14_h11_sp167_ds7: E=313.199 kWh, solver=0.62 s, oracle=21.35 s, feasible=True
DONE pso_n120_k14_h11_sp157_ds17: E=315.274 kWh, solver=29.17 s, oracle=21.94 s, feasible=True
DONE aco_n120_k14_h11_sp167_ds7: E=264.066 kWh, solver=33.18 s, oracle=21.35 s, feasible=True
DONE pso_n120_k14_h11_sp167_ds7: E=309.067 kWh, solver=25.91 s, oracle=21.35 s, feasible=True
DONE ga_n120_k14_h11_sp157_ds17: E=297.744 kWh, solver=40.92 s, oracle=21.94 s, feasible=True
DONE ga_n120_k14_h11_sp167_ds7: E=293.649 kWh, solver=35.67 s, oracle=21.35 s, feasible=True
DONE proposed_n120_k14_h11_sp177_ds7: E=271.821 kWh, solver=46.06 s, oracle=21.69 s, feasible=True
DONE nn_n120_k14_h11_sp177_ds7: E=343.885 kWh, solver=0.62 s, oracle=21.69 s, feasible=True
DONE proposed_n120_k14_h11_sp167_ds17: E=263.760 kWh, solver=83.33 s, oracle=22.32 s, feasible=True
DONE nn_n120_k14_h11_sp167_ds17: E=292.273 kWh, solver=0.60 s, oracle=22.32 s, feasible=True
DONE aco_n120_k14_h11_sp177_ds7: E=286.319 kWh, solver=33.65 s, oracle=21.69 s, feasible=True
DONE aco_n120_k14_h11_sp167_ds17: E=267.970 kWh, solver=32.18 s, oracle=22.32 s, feasible=True
DONE pso_n120_k14_h11_sp177_ds7: E=338.853 kWh, solver=27.42 s, oracle=21.69 s, feasible=True
DONE pso_n120_k14_h11_sp167_ds17: E=286.530 kWh, solver=25.08 s, oracle=22.32 s, feasible=True
DONE ga_n120_k14_h11_sp177_ds7: E=327.323 kWh, solver=40.91 s, oracle=21.69 s, feasible=True
DONE ga_n120_k14_h11_sp167_ds17: E=276.995 kWh, solver=37.12 s, oracle=22.32 s, feasible=True
DONE proposed_n120_k14_h11_sp187_ds7: E=266.181 kWh, solver=53.52 s, oracle=21.34 s, feasible=True
DONE nn_n120_k14_h11_sp187_ds7: E=309.513 kWh, solver=0.62 s, oracle=21.34 s, feasible=True
DONE aco_n120_k14_h11_sp187_ds7: E=276.980 kWh, solver=32.44 s, oracle=21.34 s, feasible=True
DONE pso_n120_k14_h11_sp187_ds7: E=305.155 kWh, solver=27.80 s, oracle=21.34 s, feasible=True
DONE ga_n120_k14_h11_sp187_ds7: E=290.193 kWh, solver=37.10 s, oracle=21.34 s, feasible=True
DONE proposed_n120_k14_h11_sp177_ds17: E=271.700 kWh, solver=255.36 s, oracle=21.11 s, feasible=True
DONE nn_n120_k14_h11_sp177_ds17: E=331.903 kWh, solver=0.59 s, oracle=21.11 s, feasible=True
DONE proposed_n120_k14_h11_sp187_ds17: E=256.598 kWh, solver=75.74 s, oracle=21.31 s, feasible=True
DONE nn_n120_k14_h11_sp187_ds17: E=309.882 kWh, solver=0.65 s, oracle=21.31 s, feasible=True
DONE aco_n120_k14_h11_sp177_ds17: E=278.088 kWh, solver=33.37 s, oracle=21.11 s, feasible=True
DONE aco_n120_k14_h11_sp187_ds17: E=266.252 kWh, solver=33.56 s, oracle=21.31 s, feasible=True
DONE pso_n120_k14_h11_sp177_ds17: E=324.689 kWh, solver=26.30 s, oracle=21.11 s, feasible=True
DONE pso_n120_k14_h11_sp187_ds17: E=303.118 kWh, solver=30.76 s, oracle=21.31 s, feasible=True
DONE ga_n120_k14_h11_sp177_ds17: E=301.838 kWh, solver=38.32 s, oracle=21.11 s, feasible=True
DONE ga_n120_k14_h11_sp187_ds17: E=291.336 kWh, solver=42.51 s, oracle=21.31 s, feasible=True
DONE proposed_n120_k14_h11_sp197_ds7: E=287.330 kWh, solver=82.77 s, oracle=21.31 s, feasible=True
DONE nn_n120_k14_h11_sp197_ds7: E=332.998 kWh, solver=0.59 s, oracle=21.31 s, feasible=True
DONE aco_n120_k14_h11_sp197_ds7: E=286.954 kWh, solver=33.33 s, oracle=21.31 s, feasible=True
DONE pso_n120_k14_h11_sp197_ds7: E=330.677 kWh, solver=26.94 s, oracle=21.31 s, feasible=True
DONE proposed_n120_k14_h11_sp197_ds17: E=274.303 kWh, solver=160.45 s, oracle=21.40 s, feasible=True
DONE nn_n120_k14_h11_sp197_ds17: E=326.233 kWh, solver=0.63 s, oracle=21.40 s, feasible=True
DONE ga_n120_k14_h11_sp197_ds7: E=313.406 kWh, solver=40.74 s, oracle=21.31 s, feasible=True
DONE aco_n120_k14_h11_sp197_ds17: E=286.787 kWh, solver=33.07 s, oracle=21.40 s, feasible=True
DONE pso_n120_k14_h11_sp197_ds17: E=319.170 kWh, solver=27.37 s, oracle=21.40 s, feasible=True
DONE ga_n120_k14_h11_sp197_ds17: E=306.738 kWh, solver=39.42 s, oracle=21.40 s, feasible=True
DONE proposed_n140_k17_h11_sp107_ds7: E=322.246 kWh, solver=70.43 s, oracle=24.94 s, feasible=True
DONE nn_n140_k17_h11_sp107_ds7: E=411.332 kWh, solver=1.04 s, oracle=24.94 s, feasible=True
DONE aco_n140_k17_h11_sp107_ds7: E=340.096 kWh, solver=40.83 s, oracle=24.94 s, feasible=True
DONE pso_n140_k17_h11_sp107_ds7: E=399.475 kWh, solver=41.52 s, oracle=24.94 s, feasible=True
DONE ga_n140_k17_h11_sp107_ds7: E=372.819 kWh, solver=56.52 s, oracle=24.94 s, feasible=True
DONE proposed_n140_k17_h11_sp107_ds17: E=306.314 kWh, solver=149.25 s, oracle=24.90 s, feasible=True
DONE nn_n140_k17_h11_sp107_ds17: E=401.530 kWh, solver=1.00 s, oracle=24.90 s, feasible=True
DONE aco_n140_k17_h11_sp107_ds17: E=326.730 kWh, solver=42.71 s, oracle=24.90 s, feasible=True
DONE pso_n140_k17_h11_sp107_ds17: E=389.295 kWh, solver=39.57 s, oracle=24.90 s, feasible=True
DONE proposed_n140_k17_h11_sp117_ds7: E=298.371 kWh, solver=100.37 s, oracle=24.92 s, feasible=True
DONE nn_n140_k17_h11_sp117_ds7: E=361.187 kWh, solver=0.97 s, oracle=24.92 s, feasible=True
DONE ga_n140_k17_h11_sp107_ds17: E=369.753 kWh, solver=51.25 s, oracle=24.90 s, feasible=True
DONE aco_n140_k17_h11_sp117_ds7: E=320.528 kWh, solver=41.99 s, oracle=24.92 s, feasible=True
DONE pso_n140_k17_h11_sp117_ds7: E=350.119 kWh, solver=39.28 s, oracle=24.92 s, feasible=True
DONE ga_n140_k17_h11_sp117_ds7: E=338.124 kWh, solver=49.04 s, oracle=24.92 s, feasible=True
DONE proposed_n140_k17_h11_sp127_ds7: E=295.271 kWh, solver=75.12 s, oracle=24.78 s, feasible=True
DONE nn_n140_k17_h11_sp127_ds7: E=365.707 kWh, solver=0.97 s, oracle=24.78 s, feasible=True
DONE aco_n140_k17_h11_sp127_ds7: E=311.041 kWh, solver=42.91 s, oracle=24.78 s, feasible=True
DONE proposed_n140_k17_h11_sp117_ds17: E=306.964 kWh, solver=225.03 s, oracle=25.69 s, feasible=True
DONE nn_n140_k17_h11_sp117_ds17: E=354.102 kWh, solver=1.00 s, oracle=25.69 s, feasible=True
DONE pso_n140_k17_h11_sp127_ds7: E=360.815 kWh, solver=38.74 s, oracle=24.78 s, feasible=True
DONE aco_n140_k17_h11_sp117_ds17: E=311.550 kWh, solver=44.07 s, oracle=25.69 s, feasible=True
DONE pso_n140_k17_h11_sp117_ds17: E=345.324 kWh, solver=39.30 s, oracle=25.69 s, feasible=True
DONE ga_n140_k17_h11_sp127_ds7: E=345.495 kWh, solver=52.69 s, oracle=24.78 s, feasible=True
DONE ga_n140_k17_h11_sp117_ds17: E=336.085 kWh, solver=50.07 s, oracle=25.69 s, feasible=True
DONE proposed_n140_k17_h11_sp137_ds7: E=314.971 kWh, solver=90.37 s, oracle=25.21 s, feasible=True
DONE nn_n140_k17_h11_sp137_ds7: E=373.605 kWh, solver=1.00 s, oracle=25.21 s, feasible=True
DONE proposed_n140_k17_h11_sp127_ds17: E=323.572 kWh, solver=139.66 s, oracle=25.29 s, feasible=True
DONE nn_n140_k17_h11_sp127_ds17: E=371.459 kWh, solver=1.00 s, oracle=25.29 s, feasible=True
DONE aco_n140_k17_h11_sp137_ds7: E=326.096 kWh, solver=44.40 s, oracle=25.21 s, feasible=True
DONE aco_n140_k17_h11_sp127_ds17: E=312.501 kWh, solver=43.62 s, oracle=25.29 s, feasible=True
DONE pso_n140_k17_h11_sp137_ds7: E=366.426 kWh, solver=42.29 s, oracle=25.21 s, feasible=True
DONE pso_n140_k17_h11_sp127_ds17: E=369.160 kWh, solver=41.36 s, oracle=25.29 s, feasible=True
DONE ga_n140_k17_h11_sp137_ds7: E=340.044 kWh, solver=53.24 s, oracle=25.21 s, feasible=True
DONE ga_n140_k17_h11_sp127_ds17: E=343.875 kWh, solver=57.82 s, oracle=25.29 s, feasible=True
DONE proposed_n140_k17_h11_sp147_ds7: E=305.792 kWh, solver=82.04 s, oracle=25.04 s, feasible=True
DONE nn_n140_k17_h11_sp147_ds7: E=363.232 kWh, solver=0.99 s, oracle=25.04 s, feasible=True
DONE aco_n140_k17_h11_sp147_ds7: E=313.653 kWh, solver=40.66 s, oracle=25.04 s, feasible=True
DONE pso_n140_k17_h11_sp147_ds7: E=356.198 kWh, solver=37.97 s, oracle=25.04 s, feasible=True
DONE proposed_n140_k17_h11_sp137_ds17: E=310.695 kWh, solver=213.27 s, oracle=24.96 s, feasible=True
DONE nn_n140_k17_h11_sp137_ds17: E=364.195 kWh, solver=0.98 s, oracle=24.96 s, feasible=True
DONE ga_n140_k17_h11_sp147_ds7: E=340.075 kWh, solver=50.18 s, oracle=25.04 s, feasible=True
DONE aco_n140_k17_h11_sp137_ds17: E=321.061 kWh, solver=45.38 s, oracle=24.96 s, feasible=True
DONE pso_n140_k17_h11_sp137_ds17: E=357.603 kWh, solver=42.76 s, oracle=24.96 s, feasible=True
DONE ga_n140_k17_h11_sp137_ds17: E=345.232 kWh, solver=59.13 s, oracle=24.96 s, feasible=True
DONE proposed_n140_k17_h11_sp147_ds17: E=292.862 kWh, solver=148.35 s, oracle=24.93 s, feasible=True
DONE nn_n140_k17_h11_sp147_ds17: E=341.671 kWh, solver=1.06 s, oracle=24.93 s, feasible=True
DONE aco_n140_k17_h11_sp147_ds17: E=302.682 kWh, solver=41.95 s, oracle=24.93 s, feasible=True
DONE pso_n140_k17_h11_sp147_ds17: E=333.767 kWh, solver=36.39 s, oracle=24.93 s, feasible=True
DONE ga_n140_k17_h11_sp147_ds17: E=320.532 kWh, solver=51.81 s, oracle=24.93 s, feasible=True
DONE proposed_n140_k17_h11_sp157_ds7: E=317.228 kWh, solver=141.35 s, oracle=25.20 s, feasible=True
DONE nn_n140_k17_h11_sp157_ds7: E=373.523 kWh, solver=0.99 s, oracle=25.20 s, feasible=True
DONE aco_n140_k17_h11_sp157_ds7: E=330.907 kWh, solver=41.38 s, oracle=25.20 s, feasible=True
DONE pso_n140_k17_h11_sp157_ds7: E=362.230 kWh, solver=39.19 s, oracle=25.20 s, feasible=True
DONE proposed_n140_k17_h11_sp157_ds17: E=310.871 kWh, solver=79.48 s, oracle=24.90 s, feasible=True
DONE nn_n140_k17_h11_sp157_ds17: E=373.530 kWh, solver=1.04 s, oracle=24.90 s, feasible=True
DONE ga_n140_k17_h11_sp157_ds7: E=354.592 kWh, solver=53.10 s, oracle=25.20 s, feasible=True
DONE aco_n140_k17_h11_sp157_ds17: E=324.051 kWh, solver=43.07 s, oracle=24.90 s, feasible=True
DONE pso_n140_k17_h11_sp157_ds17: E=369.800 kWh, solver=37.23 s, oracle=24.90 s, feasible=True
DONE ga_n140_k17_h11_sp157_ds17: E=338.530 kWh, solver=58.44 s, oracle=24.90 s, feasible=True
DONE proposed_n140_k17_h11_sp167_ds17: E=294.525 kWh, solver=123.00 s, oracle=24.89 s, feasible=True
DONE nn_n140_k17_h11_sp167_ds17: E=344.599 kWh, solver=1.04 s, oracle=24.89 s, feasible=True
DONE aco_n140_k17_h11_sp167_ds17: E=307.113 kWh, solver=41.69 s, oracle=24.89 s, feasible=True
DONE pso_n140_k17_h11_sp167_ds17: E=340.106 kWh, solver=35.54 s, oracle=24.89 s, feasible=True
DONE proposed_n140_k17_h11_sp167_ds7: E=314.441 kWh, solver=361.23 s, oracle=25.16 s, feasible=True
DONE nn_n140_k17_h11_sp167_ds7: E=360.534 kWh, solver=1.02 s, oracle=25.16 s, feasible=True
DONE ga_n140_k17_h11_sp167_ds17: E=335.727 kWh, solver=53.47 s, oracle=24.89 s, feasible=True
DONE aco_n140_k17_h11_sp167_ds7: E=308.587 kWh, solver=41.72 s, oracle=25.16 s, feasible=True
DONE pso_n140_k17_h11_sp167_ds7: E=354.825 kWh, solver=39.30 s, oracle=25.16 s, feasible=True
DONE ga_n140_k17_h11_sp167_ds7: E=333.989 kWh, solver=46.61 s, oracle=25.16 s, feasible=True
DONE proposed_n140_k17_h11_sp177_ds7: E=324.233 kWh, solver=99.29 s, oracle=25.22 s, feasible=True
DONE nn_n140_k17_h11_sp177_ds7: E=368.480 kWh, solver=0.97 s, oracle=25.22 s, feasible=True
DONE aco_n140_k17_h11_sp177_ds7: E=327.533 kWh, solver=43.02 s, oracle=25.22 s, feasible=True
DONE pso_n140_k17_h11_sp177_ds7: E=362.075 kWh, solver=40.52 s, oracle=25.22 s, feasible=True
DONE ga_n140_k17_h11_sp177_ds7: E=352.120 kWh, solver=57.42 s, oracle=25.22 s, feasible=True
DONE proposed_n140_k17_h11_sp177_ds17: E=297.537 kWh, solver=220.65 s, oracle=25.11 s, feasible=True
DONE nn_n140_k17_h11_sp177_ds17: E=366.466 kWh, solver=1.02 s, oracle=25.11 s, feasible=True
DONE proposed_n140_k17_h11_sp187_ds7: E=302.978 kWh, solver=56.03 s, oracle=24.97 s, feasible=True
DONE nn_n140_k17_h11_sp187_ds7: E=359.639 kWh, solver=1.03 s, oracle=24.97 s, feasible=True
DONE aco_n140_k17_h11_sp177_ds17: E=317.191 kWh, solver=41.69 s, oracle=25.11 s, feasible=True
DONE aco_n140_k17_h11_sp187_ds7: E=316.820 kWh, solver=41.24 s, oracle=24.97 s, feasible=True
DONE pso_n140_k17_h11_sp177_ds17: E=358.701 kWh, solver=41.04 s, oracle=25.11 s, feasible=True
DONE pso_n140_k17_h11_sp187_ds7: E=349.652 kWh, solver=40.85 s, oracle=24.97 s, feasible=True
DONE ga_n140_k17_h11_sp177_ds17: E=345.699 kWh, solver=55.43 s, oracle=25.11 s, feasible=True
DONE ga_n140_k17_h11_sp187_ds7: E=336.880 kWh, solver=54.08 s, oracle=24.97 s, feasible=True
DONE proposed_n140_k17_h11_sp187_ds17: E=302.538 kWh, solver=101.52 s, oracle=26.02 s, feasible=True
DONE nn_n140_k17_h11_sp187_ds17: E=359.856 kWh, solver=1.06 s, oracle=26.02 s, feasible=True
DONE proposed_n140_k17_h11_sp197_ds7: E=337.350 kWh, solver=134.16 s, oracle=26.00 s, feasible=True
DONE nn_n140_k17_h11_sp197_ds7: E=354.155 kWh, solver=0.97 s, oracle=26.00 s, feasible=True
DONE aco_n140_k17_h11_sp187_ds17: E=315.514 kWh, solver=40.59 s, oracle=26.02 s, feasible=True
DONE pso_n140_k17_h11_sp187_ds17: E=345.561 kWh, solver=39.86 s, oracle=26.02 s, feasible=True
DONE aco_n140_k17_h11_sp197_ds7: E=333.891 kWh, solver=41.57 s, oracle=26.00 s, feasible=True
DONE pso_n140_k17_h11_sp197_ds7: E=347.653 kWh, solver=39.16 s, oracle=26.00 s, feasible=True
DONE ga_n140_k17_h11_sp187_ds17: E=338.781 kWh, solver=69.02 s, oracle=26.02 s, feasible=True
DONE ga_n140_k17_h11_sp197_ds7: E=347.845 kWh, solver=47.85 s, oracle=26.00 s, feasible=True
DONE proposed_n140_k17_h11_sp197_ds17: E=348.617 kWh, solver=237.28 s, oracle=25.08 s, feasible=True
DONE nn_n140_k17_h11_sp197_ds17: E=361.177 kWh, solver=1.03 s, oracle=25.08 s, feasible=True
DONE proposed_n160_k19_h11_sp107_ds7: E=359.657 kWh, solver=245.50 s, oracle=28.82 s, feasible=True
DONE nn_n160_k19_h11_sp107_ds7: E=438.739 kWh, solver=1.45 s, oracle=28.82 s, feasible=True
DONE aco_n140_k17_h11_sp197_ds17: E=334.914 kWh, solver=43.36 s, oracle=25.08 s, feasible=True
DONE pso_n140_k17_h11_sp197_ds17: E=352.792 kWh, solver=39.42 s, oracle=25.08 s, feasible=True
DONE aco_n160_k19_h11_sp107_ds7: E=376.170 kWh, solver=54.57 s, oracle=28.82 s, feasible=True
DONE ga_n140_k17_h11_sp197_ds17: E=349.595 kWh, solver=49.63 s, oracle=25.08 s, feasible=True
DONE pso_n160_k19_h11_sp107_ds7: E=429.510 kWh, solver=51.47 s, oracle=28.82 s, feasible=True
DONE ga_n160_k19_h11_sp107_ds7: E=412.608 kWh, solver=61.79 s, oracle=28.82 s, feasible=True
DONE proposed_n160_k19_h11_sp107_ds17: E=356.382 kWh, solver=309.41 s, oracle=29.31 s, feasible=True
DONE nn_n160_k19_h11_sp107_ds17: E=418.347 kWh, solver=1.46 s, oracle=29.31 s, feasible=True
DONE proposed_n160_k19_h11_sp117_ds7: E=349.563 kWh, solver=289.90 s, oracle=28.54 s, feasible=True
DONE nn_n160_k19_h11_sp117_ds7: E=392.976 kWh, solver=1.42 s, oracle=28.54 s, feasible=True
DONE aco_n160_k19_h11_sp107_ds17: E=368.072 kWh, solver=48.82 s, oracle=29.31 s, feasible=True
DONE aco_n160_k19_h11_sp117_ds7: E=361.953 kWh, solver=51.92 s, oracle=28.54 s, feasible=True
DONE pso_n160_k19_h11_sp107_ds17: E=413.204 kWh, solver=55.06 s, oracle=29.31 s, feasible=True
DONE pso_n160_k19_h11_sp117_ds7: E=383.132 kWh, solver=49.73 s, oracle=28.54 s, feasible=True
DONE ga_n160_k19_h11_sp107_ds17: E=401.074 kWh, solver=74.47 s, oracle=29.31 s, feasible=True
DONE ga_n160_k19_h11_sp117_ds7: E=375.084 kWh, solver=63.15 s, oracle=28.54 s, feasible=True
DONE proposed_n160_k19_h11_sp127_ds7: E=338.371 kWh, solver=121.98 s, oracle=28.70 s, feasible=True
DONE nn_n160_k19_h11_sp127_ds7: E=412.509 kWh, solver=1.48 s, oracle=28.70 s, feasible=True
DONE aco_n160_k19_h11_sp127_ds7: E=345.154 kWh, solver=52.72 s, oracle=28.70 s, feasible=True
DONE pso_n160_k19_h11_sp127_ds7: E=404.999 kWh, solver=50.11 s, oracle=28.70 s, feasible=True
DONE ga_n160_k19_h11_sp127_ds7: E=390.328 kWh, solver=69.29 s, oracle=28.70 s, feasible=True
DONE proposed_n160_k19_h11_sp117_ds17: E=353.674 kWh, solver=385.98 s, oracle=28.86 s, feasible=True
DONE nn_n160_k19_h11_sp117_ds17: E=387.826 kWh, solver=1.48 s, oracle=28.86 s, feasible=True
DONE aco_n160_k19_h11_sp117_ds17: E=353.642 kWh, solver=53.31 s, oracle=28.86 s, feasible=True
DONE pso_n160_k19_h11_sp117_ds17: E=382.832 kWh, solver=54.35 s, oracle=28.86 s, feasible=True
DONE ga_n160_k19_h11_sp117_ds17: E=364.343 kWh, solver=65.84 s, oracle=28.86 s, feasible=True
DONE proposed_n160_k19_h11_sp127_ds17: E=331.317 kWh, solver=310.09 s, oracle=28.90 s, feasible=True
DONE nn_n160_k19_h11_sp127_ds17: E=394.076 kWh, solver=1.48 s, oracle=28.90 s, feasible=True
DONE aco_n160_k19_h11_sp127_ds17: E=338.802 kWh, solver=52.42 s, oracle=28.90 s, feasible=True
DONE proposed_n160_k19_h11_sp137_ds7: E=346.643 kWh, solver=167.57 s, oracle=29.16 s, feasible=True
DONE nn_n160_k19_h11_sp137_ds7: E=410.243 kWh, solver=1.45 s, oracle=29.16 s, feasible=True
DONE pso_n160_k19_h11_sp127_ds17: E=390.305 kWh, solver=57.18 s, oracle=28.90 s, feasible=True
DONE aco_n160_k19_h11_sp137_ds7: E=359.440 kWh, solver=53.08 s, oracle=29.16 s, feasible=True
DONE ga_n160_k19_h11_sp127_ds17: E=379.320 kWh, solver=65.83 s, oracle=28.90 s, feasible=True
DONE pso_n160_k19_h11_sp137_ds7: E=408.100 kWh, solver=53.97 s, oracle=29.16 s, feasible=True
DONE ga_n160_k19_h11_sp137_ds7: E=391.107 kWh, solver=63.44 s, oracle=29.16 s, feasible=True
DONE proposed_n160_k19_h11_sp147_ds7: E=333.332 kWh, solver=118.51 s, oracle=28.89 s, feasible=True
DONE nn_n160_k19_h11_sp147_ds7: E=391.603 kWh, solver=1.51 s, oracle=28.89 s, feasible=True
DONE aco_n160_k19_h11_sp147_ds7: E=345.166 kWh, solver=53.36 s, oracle=28.89 s, feasible=True
DONE pso_n160_k19_h11_sp147_ds7: E=385.913 kWh, solver=51.45 s, oracle=28.89 s, feasible=True
DONE proposed_n160_k19_h11_sp137_ds17: E=341.346 kWh, solver=314.53 s, oracle=29.81 s, feasible=True
DONE nn_n160_k19_h11_sp137_ds17: E=394.725 kWh, solver=1.48 s, oracle=29.81 s, feasible=True
DONE aco_n160_k19_h11_sp137_ds17: E=356.702 kWh, solver=51.21 s, oracle=29.81 s, feasible=True
DONE ga_n160_k19_h11_sp147_ds7: E=376.956 kWh, solver=62.54 s, oracle=28.89 s, feasible=True
DONE pso_n160_k19_h11_sp137_ds17: E=390.710 kWh, solver=53.37 s, oracle=29.81 s, feasible=True
DONE ga_n160_k19_h11_sp137_ds17: E=381.086 kWh, solver=73.42 s, oracle=29.81 s, feasible=True
DONE proposed_n160_k19_h11_sp147_ds17: E=325.583 kWh, solver=213.35 s, oracle=29.24 s, feasible=True
DONE nn_n160_k19_h11_sp147_ds17: E=393.338 kWh, solver=1.51 s, oracle=29.24 s, feasible=True
DONE proposed_n160_k19_h11_sp157_ds7: E=346.629 kWh, solver=115.03 s, oracle=28.86 s, feasible=True
DONE nn_n160_k19_h11_sp157_ds7: E=405.383 kWh, solver=1.47 s, oracle=28.86 s, feasible=True
DONE aco_n160_k19_h11_sp147_ds17: E=340.973 kWh, solver=50.92 s, oracle=29.24 s, feasible=True
DONE aco_n160_k19_h11_sp157_ds7: E=364.453 kWh, solver=53.18 s, oracle=28.86 s, feasible=True
DONE pso_n160_k19_h11_sp147_ds17: E=388.813 kWh, solver=51.81 s, oracle=29.24 s, feasible=True
DONE pso_n160_k19_h11_sp157_ds7: E=396.429 kWh, solver=51.95 s, oracle=28.86 s, feasible=True
DONE ga_n160_k19_h11_sp147_ds17: E=374.449 kWh, solver=69.47 s, oracle=29.24 s, feasible=True
DONE ga_n160_k19_h11_sp157_ds7: E=386.889 kWh, solver=62.55 s, oracle=28.86 s, feasible=True
DONE proposed_n160_k19_h11_sp157_ds17: E=340.802 kWh, solver=246.08 s, oracle=29.01 s, feasible=True
DONE nn_n160_k19_h11_sp157_ds17: E=401.266 kWh, solver=1.49 s, oracle=29.01 s, feasible=True
DONE aco_n160_k19_h11_sp157_ds17: E=349.125 kWh, solver=51.54 s, oracle=29.01 s, feasible=True
DONE pso_n160_k19_h11_sp157_ds17: E=395.556 kWh, solver=53.98 s, oracle=29.01 s, feasible=True
DONE ga_n160_k19_h11_sp157_ds17: E=383.860 kWh, solver=65.46 s, oracle=29.01 s, feasible=True
DONE proposed_n160_k19_h11_sp167_ds7: E=344.908 kWh, solver=588.73 s, oracle=28.87 s, feasible=True
DONE nn_n160_k19_h11_sp167_ds7: E=413.643 kWh, solver=1.50 s, oracle=28.87 s, feasible=True
DONE aco_n160_k19_h11_sp167_ds7: E=361.049 kWh, solver=50.47 s, oracle=28.87 s, feasible=True
DONE pso_n160_k19_h11_sp167_ds7: E=404.663 kWh, solver=51.30 s, oracle=28.87 s, feasible=True
DONE proposed_n160_k19_h11_sp167_ds17: E=349.169 kWh, solver=272.48 s, oracle=28.97 s, feasible=True
DONE nn_n160_k19_h11_sp167_ds17: E=405.104 kWh, solver=1.49 s, oracle=28.97 s, feasible=True
DONE ga_n160_k19_h11_sp167_ds7: E=382.575 kWh, solver=60.86 s, oracle=28.87 s, feasible=True
DONE aco_n160_k19_h11_sp167_ds17: E=358.650 kWh, solver=52.19 s, oracle=28.97 s, feasible=True
DONE pso_n160_k19_h11_sp167_ds17: E=400.305 kWh, solver=55.66 s, oracle=28.97 s, feasible=True
DONE ga_n160_k19_h11_sp167_ds17: E=389.456 kWh, solver=65.39 s, oracle=28.97 s, feasible=True
DONE proposed_n160_k19_h11_sp177_ds7: E=348.690 kWh, solver=136.40 s, oracle=29.03 s, feasible=True
DONE nn_n160_k19_h11_sp177_ds7: E=413.270 kWh, solver=1.47 s, oracle=29.03 s, feasible=True
DONE aco_n160_k19_h11_sp177_ds7: E=361.476 kWh, solver=51.96 s, oracle=29.03 s, feasible=True
DONE pso_n160_k19_h11_sp177_ds7: E=408.330 kWh, solver=54.33 s, oracle=29.03 s, feasible=True
DONE ga_n160_k19_h11_sp177_ds7: E=395.917 kWh, solver=65.22 s, oracle=29.03 s, feasible=True
DONE proposed_n160_k19_h11_sp187_ds7: E=350.995 kWh, solver=111.41 s, oracle=29.07 s, feasible=True
DONE nn_n160_k19_h11_sp187_ds7: E=421.808 kWh, solver=1.52 s, oracle=29.07 s, feasible=True
DONE proposed_n160_k19_h11_sp177_ds17: E=331.754 kWh, solver=359.07 s, oracle=28.71 s, feasible=True
DONE nn_n160_k19_h11_sp177_ds17: E=395.272 kWh, solver=1.46 s, oracle=28.71 s, feasible=True
DONE aco_n160_k19_h11_sp187_ds7: E=359.308 kWh, solver=52.62 s, oracle=29.07 s, feasible=True
DONE aco_n160_k19_h11_sp177_ds17: E=340.920 kWh, solver=53.50 s, oracle=28.71 s, feasible=True
DONE pso_n160_k19_h11_sp187_ds7: E=415.416 kWh, solver=49.50 s, oracle=29.07 s, feasible=True
DONE pso_n160_k19_h11_sp177_ds17: E=394.359 kWh, solver=54.51 s, oracle=28.71 s, feasible=True
DONE ga_n160_k19_h11_sp187_ds7: E=399.641 kWh, solver=81.04 s, oracle=29.07 s, feasible=True
DONE ga_n160_k19_h11_sp177_ds17: E=385.267 kWh, solver=68.98 s, oracle=28.71 s, feasible=True
DONE proposed_n160_k19_h11_sp187_ds17: E=349.365 kWh, solver=199.05 s, oracle=28.92 s, feasible=True
DONE proposed_n160_k19_h11_sp197_ds7: E=351.948 kWh, solver=171.94 s, oracle=29.08 s, feasible=True
DONE nn_n160_k19_h11_sp197_ds7: E=418.584 kWh, solver=1.44 s, oracle=29.08 s, feasible=True
DONE nn_n160_k19_h11_sp187_ds17: E=407.948 kWh, solver=1.47 s, oracle=28.92 s, feasible=True
DONE aco_n160_k19_h11_sp187_ds17: E=356.860 kWh, solver=50.71 s, oracle=28.92 s, feasible=True
DONE aco_n160_k19_h11_sp197_ds7: E=362.073 kWh, solver=52.02 s, oracle=29.08 s, feasible=True
DONE pso_n160_k19_h11_sp187_ds17: E=402.056 kWh, solver=54.29 s, oracle=28.92 s, feasible=True
DONE pso_n160_k19_h11_sp197_ds7: E=415.856 kWh, solver=53.93 s, oracle=29.08 s, feasible=True
DONE ga_n160_k19_h11_sp187_ds17: E=377.702 kWh, solver=62.40 s, oracle=28.92 s, feasible=True
DONE ga_n160_k19_h11_sp197_ds7: E=393.705 kWh, solver=65.68 s, oracle=29.08 s, feasible=True
DONE proposed_n180_k21_h11_sp107_ds7: E=395.706 kWh, solver=206.89 s, oracle=32.96 s, feasible=True
DONE nn_n180_k21_h11_sp107_ds7: E=460.692 kWh, solver=2.02 s, oracle=32.96 s, feasible=True
DONE aco_n180_k21_h11_sp107_ds7: E=414.567 kWh, solver=60.34 s, oracle=32.96 s, feasible=True
DONE proposed_n160_k19_h11_sp197_ds17: E=357.621 kWh, solver=321.60 s, oracle=28.95 s, feasible=True
DONE nn_n160_k19_h11_sp197_ds17: E=394.160 kWh, solver=1.50 s, oracle=28.95 s, feasible=True
DONE pso_n180_k21_h11_sp107_ds7: E=450.684 kWh, solver=69.53 s, oracle=32.96 s, feasible=True
DONE aco_n160_k19_h11_sp197_ds17: E=363.274 kWh, solver=52.52 s, oracle=28.95 s, feasible=True
DONE pso_n160_k19_h11_sp197_ds17: E=392.708 kWh, solver=52.90 s, oracle=28.95 s, feasible=True
DONE ga_n180_k21_h11_sp107_ds7: E=440.090 kWh, solver=82.63 s, oracle=32.96 s, feasible=True
DONE ga_n160_k19_h11_sp197_ds17: E=382.830 kWh, solver=60.98 s, oracle=28.95 s, feasible=True
DONE proposed_n180_k21_h11_sp117_ds7: E=376.181 kWh, solver=240.25 s, oracle=32.88 s, feasible=True
DONE nn_n180_k21_h11_sp117_ds7: E=444.990 kWh, solver=2.04 s, oracle=32.88 s, feasible=True
DONE proposed_n180_k21_h11_sp107_ds17: E=387.148 kWh, solver=303.97 s, oracle=33.24 s, feasible=True
DONE nn_n180_k21_h11_sp107_ds17: E=450.628 kWh, solver=1.98 s, oracle=33.24 s, feasible=True
DONE aco_n180_k21_h11_sp117_ds7: E=394.049 kWh, solver=63.35 s, oracle=32.88 s, feasible=True
DONE aco_n180_k21_h11_sp107_ds17: E=398.368 kWh, solver=64.61 s, oracle=33.24 s, feasible=True
DONE pso_n180_k21_h11_sp117_ds7: E=443.025 kWh, solver=67.26 s, oracle=32.88 s, feasible=True
DONE pso_n180_k21_h11_sp107_ds17: E=446.718 kWh, solver=69.54 s, oracle=33.24 s, feasible=True
DONE ga_n180_k21_h11_sp117_ds7: E=433.169 kWh, solver=78.33 s, oracle=32.88 s, feasible=True
DONE ga_n180_k21_h11_sp107_ds17: E=439.645 kWh, solver=94.49 s, oracle=33.24 s, feasible=True
DONE proposed_n180_k21_h11_sp127_ds7: E=369.295 kWh, solver=239.64 s, oracle=32.66 s, feasible=True
DONE nn_n180_k21_h11_sp127_ds7: E=458.719 kWh, solver=2.07 s, oracle=32.66 s, feasible=True
DONE aco_n180_k21_h11_sp127_ds7: E=384.830 kWh, solver=61.34 s, oracle=32.66 s, feasible=True
DONE pso_n180_k21_h11_sp127_ds7: E=449.481 kWh, solver=67.35 s, oracle=32.66 s, feasible=True
DONE ga_n180_k21_h11_sp127_ds7: E=431.726 kWh, solver=85.01 s, oracle=32.66 s, feasible=True
DONE proposed_n180_k21_h11_sp117_ds17: E=392.368 kWh, solver=521.42 s, oracle=32.80 s, feasible=True
DONE nn_n180_k21_h11_sp117_ds17: E=455.949 kWh, solver=2.05 s, oracle=32.80 s, feasible=True
DONE aco_n180_k21_h11_sp117_ds17: E=385.717 kWh, solver=63.15 s, oracle=32.80 s, feasible=True
DONE pso_n180_k21_h11_sp117_ds17: E=447.421 kWh, solver=66.67 s, oracle=32.80 s, feasible=True
DONE ga_n180_k21_h11_sp117_ds17: E=430.379 kWh, solver=77.08 s, oracle=32.80 s, feasible=True
DONE proposed_n180_k21_h11_sp127_ds17: E=363.262 kWh, solver=336.70 s, oracle=33.14 s, feasible=True
DONE nn_n180_k21_h11_sp127_ds17: E=456.631 kWh, solver=2.05 s, oracle=33.14 s, feasible=True
DONE aco_n180_k21_h11_sp127_ds17: E=381.443 kWh, solver=62.05 s, oracle=33.14 s, feasible=True
DONE pso_n180_k21_h11_sp127_ds17: E=442.479 kWh, solver=68.61 s, oracle=33.14 s, feasible=True
DONE proposed_n180_k21_h11_sp137_ds7: E=376.404 kWh, solver=221.09 s, oracle=32.71 s, feasible=True
DONE nn_n180_k21_h11_sp137_ds7: E=446.878 kWh, solver=2.00 s, oracle=32.71 s, feasible=True
DONE aco_n180_k21_h11_sp137_ds7: E=393.307 kWh, solver=65.50 s, oracle=32.71 s, feasible=True
DONE ga_n180_k21_h11_sp127_ds17: E=417.442 kWh, solver=93.09 s, oracle=33.14 s, feasible=True
DONE pso_n180_k21_h11_sp137_ds7: E=442.889 kWh, solver=66.39 s, oracle=32.71 s, feasible=True
DONE ga_n180_k21_h11_sp137_ds7: E=422.353 kWh, solver=88.26 s, oracle=32.71 s, feasible=True
DONE proposed_n180_k21_h11_sp147_ds7: E=374.299 kWh, solver=298.81 s, oracle=33.42 s, feasible=True
DONE nn_n180_k21_h11_sp147_ds7: E=457.956 kWh, solver=2.07 s, oracle=33.42 s, feasible=True
DONE proposed_n180_k21_h11_sp137_ds17: E=368.324 kWh, solver=437.89 s, oracle=34.75 s, feasible=True
DONE nn_n180_k21_h11_sp137_ds17: E=437.801 kWh, solver=2.03 s, oracle=34.75 s, feasible=True
DONE aco_n180_k21_h11_sp147_ds7: E=385.325 kWh, solver=62.90 s, oracle=33.42 s, feasible=True
DONE aco_n180_k21_h11_sp137_ds17: E=386.788 kWh, solver=63.25 s, oracle=34.75 s, feasible=True
DONE pso_n180_k21_h11_sp147_ds7: E=444.101 kWh, solver=68.70 s, oracle=33.42 s, feasible=True
DONE pso_n180_k21_h11_sp137_ds17: E=432.543 kWh, solver=71.62 s, oracle=34.75 s, feasible=True
DONE ga_n180_k21_h11_sp147_ds7: E=439.899 kWh, solver=82.05 s, oracle=33.42 s, feasible=True
DONE ga_n180_k21_h11_sp137_ds17: E=421.925 kWh, solver=116.88 s, oracle=34.75 s, feasible=True
DONE proposed_n180_k21_h11_sp157_ds7: E=375.399 kWh, solver=143.69 s, oracle=33.05 s, feasible=True
DONE nn_n180_k21_h11_sp157_ds7: E=453.333 kWh, solver=2.03 s, oracle=33.05 s, feasible=True
DONE aco_n180_k21_h11_sp157_ds7: E=396.057 kWh, solver=66.67 s, oracle=33.05 s, feasible=True
DONE pso_n180_k21_h11_sp157_ds7: E=437.235 kWh, solver=69.95 s, oracle=33.05 s, feasible=True
DONE proposed_n180_k21_h11_sp147_ds17: E=363.760 kWh, solver=362.11 s, oracle=33.22 s, feasible=True
DONE nn_n180_k21_h11_sp147_ds17: E=422.994 kWh, solver=2.08 s, oracle=33.22 s, feasible=True
DONE ga_n180_k21_h11_sp157_ds7: E=421.457 kWh, solver=84.10 s, oracle=33.05 s, feasible=True
DONE aco_n180_k21_h11_sp147_ds17: E=378.820 kWh, solver=69.08 s, oracle=33.22 s, feasible=True
DONE pso_n180_k21_h11_sp147_ds17: E=415.269 kWh, solver=69.72 s, oracle=33.22 s, feasible=True
DONE ga_n180_k21_h11_sp147_ds17: E=417.787 kWh, solver=100.67 s, oracle=33.22 s, feasible=True
DONE proposed_n180_k21_h11_sp157_ds17: E=377.964 kWh, solver=331.26 s, oracle=33.24 s, feasible=True
DONE nn_n180_k21_h11_sp157_ds17: E=449.959 kWh, solver=2.07 s, oracle=33.24 s, feasible=True
DONE aco_n180_k21_h11_sp157_ds17: E=387.320 kWh, solver=66.32 s, oracle=33.24 s, feasible=True
DONE proposed_n180_k21_h11_sp167_ds7: E=383.835 kWh, solver=257.12 s, oracle=32.64 s, feasible=True
DONE nn_n180_k21_h11_sp167_ds7: E=449.131 kWh, solver=2.00 s, oracle=32.64 s, feasible=True
DONE pso_n180_k21_h11_sp157_ds17: E=430.421 kWh, solver=71.47 s, oracle=33.24 s, feasible=True
DONE aco_n180_k21_h11_sp167_ds7: E=399.081 kWh, solver=63.69 s, oracle=32.64 s, feasible=True
DONE ga_n180_k21_h11_sp157_ds17: E=421.136 kWh, solver=92.72 s, oracle=33.24 s, feasible=True
DONE pso_n180_k21_h11_sp167_ds7: E=442.816 kWh, solver=65.74 s, oracle=32.64 s, feasible=True
DONE ga_n180_k21_h11_sp167_ds7: E=435.605 kWh, solver=77.64 s, oracle=32.64 s, feasible=True
DONE proposed_n180_k21_h11_sp167_ds17: E=383.693 kWh, solver=336.33 s, oracle=33.59 s, feasible=True
DONE nn_n180_k21_h11_sp167_ds17: E=454.961 kWh, solver=2.55 s, oracle=33.59 s, feasible=True
DONE proposed_n180_k21_h11_sp177_ds7: E=390.364 kWh, solver=309.81 s, oracle=32.97 s, feasible=True
DONE nn_n180_k21_h11_sp177_ds7: E=460.973 kWh, solver=2.11 s, oracle=32.97 s, feasible=True
DONE aco_n180_k21_h11_sp167_ds17: E=392.029 kWh, solver=67.95 s, oracle=33.59 s, feasible=True
DONE aco_n180_k21_h11_sp177_ds7: E=395.359 kWh, solver=65.86 s, oracle=32.97 s, feasible=True
DONE pso_n180_k21_h11_sp167_ds17: E=446.208 kWh, solver=72.20 s, oracle=33.59 s, feasible=True
DONE pso_n180_k21_h11_sp177_ds7: E=453.620 kWh, solver=70.60 s, oracle=32.97 s, feasible=True
DONE ga_n180_k21_h11_sp167_ds17: E=431.982 kWh, solver=85.74 s, oracle=33.59 s, feasible=True
DONE ga_n180_k21_h11_sp177_ds7: E=448.588 kWh, solver=86.53 s, oracle=32.97 s, feasible=True
DONE proposed_n180_k21_h11_sp187_ds7: E=387.412 kWh, solver=118.63 s, oracle=33.14 s, feasible=True
DONE nn_n180_k21_h11_sp187_ds7: E=490.784 kWh, solver=2.18 s, oracle=33.14 s, feasible=True
DONE aco_n180_k21_h11_sp187_ds7: E=398.052 kWh, solver=60.99 s, oracle=33.14 s, feasible=True
DONE pso_n180_k21_h11_sp187_ds7: E=478.810 kWh, solver=70.43 s, oracle=33.14 s, feasible=True
DONE proposed_n180_k21_h11_sp177_ds17: E=361.670 kWh, solver=385.52 s, oracle=33.53 s, feasible=True
DONE nn_n180_k21_h11_sp177_ds17: E=447.402 kWh, solver=2.26 s, oracle=33.53 s, feasible=True
DONE ga_n180_k21_h11_sp187_ds7: E=450.447 kWh, solver=82.88 s, oracle=33.14 s, feasible=True
DONE aco_n180_k21_h11_sp177_ds17: E=379.225 kWh, solver=64.36 s, oracle=33.53 s, feasible=True
DONE pso_n180_k21_h11_sp177_ds17: E=442.949 kWh, solver=67.88 s, oracle=33.53 s, feasible=True
DONE ga_n180_k21_h11_sp177_ds17: E=427.369 kWh, solver=88.12 s, oracle=33.53 s, feasible=True
DONE proposed_n180_k21_h11_sp197_ds7: E=387.443 kWh, solver=231.30 s, oracle=32.80 s, feasible=True
DONE nn_n180_k21_h11_sp197_ds7: E=446.009 kWh, solver=2.14 s, oracle=32.80 s, feasible=True
DONE aco_n180_k21_h11_sp197_ds7: E=393.495 kWh, solver=62.49 s, oracle=32.80 s, feasible=True
DONE proposed_n180_k21_h11_sp187_ds17: E=380.308 kWh, solver=529.83 s, oracle=33.00 s, feasible=True
DONE nn_n180_k21_h11_sp187_ds17: E=439.734 kWh, solver=2.23 s, oracle=33.00 s, feasible=True
DONE pso_n180_k21_h11_sp197_ds7: E=444.517 kWh, solver=72.57 s, oracle=32.80 s, feasible=True
DONE aco_n180_k21_h11_sp187_ds17: E=387.344 kWh, solver=63.49 s, oracle=33.00 s, feasible=True
DONE ga_n180_k21_h11_sp197_ds7: E=434.725 kWh, solver=81.24 s, oracle=32.80 s, feasible=True
DONE pso_n180_k21_h11_sp187_ds17: E=431.511 kWh, solver=69.03 s, oracle=33.00 s, feasible=True
DONE ga_n180_k21_h11_sp187_ds17: E=420.252 kWh, solver=108.86 s, oracle=33.00 s, feasible=True
DONE proposed_n180_k21_h11_sp197_ds17: E=380.367 kWh, solver=387.35 s, oracle=34.13 s, feasible=True
DONE nn_n180_k21_h11_sp197_ds17: E=443.131 kWh, solver=2.14 s, oracle=34.13 s, feasible=True
DONE aco_n180_k21_h11_sp197_ds17: E=393.941 kWh, solver=61.14 s, oracle=34.13 s, feasible=True
DONE pso_n180_k21_h11_sp197_ds17: E=437.145 kWh, solver=68.26 s, oracle=34.13 s, feasible=True
DONE proposed_n200_k24_h11_sp107_ds7: E=436.124 kWh, solver=458.37 s, oracle=36.66 s, feasible=True
DONE nn_n200_k24_h11_sp107_ds7: E=505.629 kWh, solver=2.97 s, oracle=36.66 s, feasible=True
DONE ga_n180_k21_h11_sp197_ds17: E=420.660 kWh, solver=88.79 s, oracle=34.13 s, feasible=True
DONE aco_n200_k24_h11_sp107_ds7: E=449.341 kWh, solver=71.38 s, oracle=36.66 s, feasible=True
DONE pso_n200_k24_h11_sp107_ds7: E=501.728 kWh, solver=86.25 s, oracle=36.66 s, feasible=True
DONE ga_n200_k24_h11_sp107_ds7: E=489.312 kWh, solver=126.72 s, oracle=36.66 s, feasible=True
DONE proposed_n200_k24_h11_sp107_ds17: E=437.123 kWh, solver=604.42 s, oracle=37.65 s, feasible=True
DONE nn_n200_k24_h11_sp107_ds17: E=512.146 kWh, solver=2.90 s, oracle=37.65 s, feasible=True
DONE proposed_n200_k24_h11_sp117_ds7: E=433.110 kWh, solver=378.57 s, oracle=36.78 s, feasible=True
DONE nn_n200_k24_h11_sp117_ds7: E=493.399 kWh, solver=2.93 s, oracle=36.78 s, feasible=True
DONE aco_n200_k24_h11_sp107_ds17: E=432.205 kWh, solver=77.66 s, oracle=37.65 s, feasible=True
DONE aco_n200_k24_h11_sp117_ds7: E=438.077 kWh, solver=78.90 s, oracle=36.78 s, feasible=True
DONE pso_n200_k24_h11_sp107_ds17: E=501.611 kWh, solver=96.89 s, oracle=37.65 s, feasible=True
DONE pso_n200_k24_h11_sp117_ds7: E=488.605 kWh, solver=87.89 s, oracle=36.78 s, feasible=True
DONE ga_n200_k24_h11_sp107_ds17: E=484.595 kWh, solver=107.81 s, oracle=37.65 s, feasible=True
DONE ga_n200_k24_h11_sp117_ds7: E=475.385 kWh, solver=103.53 s, oracle=36.78 s, feasible=True
DONE proposed_n200_k24_h11_sp127_ds7: E=416.435 kWh, solver=307.39 s, oracle=38.60 s, feasible=True
DONE nn_n200_k24_h11_sp127_ds7: E=510.127 kWh, solver=2.98 s, oracle=38.60 s, feasible=True
DONE aco_n200_k24_h11_sp127_ds7: E=419.801 kWh, solver=74.51 s, oracle=38.60 s, feasible=True
DONE pso_n200_k24_h11_sp127_ds7: E=499.783 kWh, solver=89.21 s, oracle=38.60 s, feasible=True
DONE proposed_n200_k24_h11_sp117_ds17: E=429.498 kWh, solver=498.54 s, oracle=37.76 s, feasible=True
DONE nn_n200_k24_h11_sp117_ds17: E=494.921 kWh, solver=4.01 s, oracle=37.76 s, feasible=True
DONE aco_n200_k24_h11_sp117_ds17: E=436.014 kWh, solver=90.09 s, oracle=37.76 s, feasible=True
DONE ga_n200_k24_h11_sp127_ds7: E=474.165 kWh, solver=132.91 s, oracle=38.60 s, feasible=True
DONE pso_n200_k24_h11_sp117_ds17: E=489.503 kWh, solver=91.49 s, oracle=37.76 s, feasible=True
DONE ga_n200_k24_h11_sp117_ds17: E=470.937 kWh, solver=119.02 s, oracle=37.76 s, feasible=True
DONE proposed_n200_k24_h11_sp127_ds17: E=407.332 kWh, solver=408.36 s, oracle=38.07 s, feasible=True
DONE nn_n200_k24_h11_sp127_ds17: E=492.208 kWh, solver=3.14 s, oracle=38.07 s, feasible=True
DONE proposed_n200_k24_h11_sp137_ds7: E=415.067 kWh, solver=257.77 s, oracle=37.04 s, feasible=True
DONE nn_n200_k24_h11_sp137_ds7: E=491.448 kWh, solver=3.24 s, oracle=37.04 s, feasible=True
DONE aco_n200_k24_h11_sp127_ds17: E=421.898 kWh, solver=83.97 s, oracle=38.07 s, feasible=True
DONE aco_n200_k24_h11_sp137_ds7: E=422.661 kWh, solver=80.99 s, oracle=37.04 s, feasible=True
DONE pso_n200_k24_h11_sp127_ds17: E=484.581 kWh, solver=97.23 s, oracle=38.07 s, feasible=True
DONE pso_n200_k24_h11_sp137_ds7: E=478.851 kWh, solver=93.68 s, oracle=37.04 s, feasible=True
DONE ga_n200_k24_h11_sp127_ds17: E=467.161 kWh, solver=117.05 s, oracle=38.07 s, feasible=True
DONE ga_n200_k24_h11_sp137_ds7: E=458.805 kWh, solver=124.23 s, oracle=37.04 s, feasible=True
DONE proposed_n200_k24_h11_sp137_ds17: E=412.408 kWh, solver=319.95 s, oracle=37.90 s, feasible=True
DONE nn_n200_k24_h11_sp137_ds17: E=498.128 kWh, solver=2.95 s, oracle=37.90 s, feasible=True
DONE proposed_n200_k24_h11_sp147_ds7: E=411.846 kWh, solver=340.20 s, oracle=37.45 s, feasible=True
DONE nn_n200_k24_h11_sp147_ds7: E=505.845 kWh, solver=2.97 s, oracle=37.45 s, feasible=True
DONE aco_n200_k24_h11_sp137_ds17: E=427.576 kWh, solver=79.49 s, oracle=37.90 s, feasible=True
DONE aco_n200_k24_h11_sp147_ds7: E=424.519 kWh, solver=79.22 s, oracle=37.45 s, feasible=True
DONE pso_n200_k24_h11_sp137_ds17: E=476.826 kWh, solver=99.01 s, oracle=37.90 s, feasible=True
DONE pso_n200_k24_h11_sp147_ds7: E=496.935 kWh, solver=95.55 s, oracle=37.45 s, feasible=True
DONE ga_n200_k24_h11_sp137_ds17: E=461.877 kWh, solver=141.61 s, oracle=37.90 s, feasible=True
DONE ga_n200_k24_h11_sp147_ds7: E=477.135 kWh, solver=109.60 s, oracle=37.45 s, feasible=True
DONE proposed_n200_k24_h11_sp157_ds7: E=417.123 kWh, solver=217.72 s, oracle=37.26 s, feasible=True
DONE nn_n200_k24_h11_sp157_ds7: E=481.056 kWh, solver=2.91 s, oracle=37.26 s, feasible=True
DONE aco_n200_k24_h11_sp157_ds7: E=433.250 kWh, solver=79.22 s, oracle=37.26 s, feasible=True
DONE pso_n200_k24_h11_sp157_ds7: E=473.180 kWh, solver=84.43 s, oracle=37.26 s, feasible=True
DONE ga_n200_k24_h11_sp157_ds7: E=459.574 kWh, solver=101.38 s, oracle=37.26 s, feasible=True
DONE proposed_n200_k24_h11_sp147_ds17: E=407.202 kWh, solver=531.77 s, oracle=38.14 s, feasible=True
DONE nn_n200_k24_h11_sp147_ds17: E=477.845 kWh, solver=3.10 s, oracle=38.14 s, feasible=True
DONE aco_n200_k24_h11_sp147_ds17: E=421.386 kWh, solver=86.53 s, oracle=38.14 s, feasible=True
DONE pso_n200_k24_h11_sp147_ds17: E=472.488 kWh, solver=90.55 s, oracle=38.14 s, feasible=True
DONE ga_n200_k24_h11_sp147_ds17: E=458.564 kWh, solver=129.31 s, oracle=38.14 s, feasible=True
DONE proposed_n200_k24_h11_sp157_ds17: E=415.836 kWh, solver=599.30 s, oracle=38.50 s, feasible=True
DONE nn_n200_k24_h11_sp157_ds17: E=491.408 kWh, solver=2.94 s, oracle=38.50 s, feasible=True
DONE aco_n200_k24_h11_sp157_ds17: E=427.043 kWh, solver=81.36 s, oracle=38.50 s, feasible=True
DONE proposed_n200_k24_h11_sp167_ds7: E=438.653 kWh, solver=382.93 s, oracle=36.75 s, feasible=True
DONE nn_n200_k24_h11_sp167_ds7: E=505.492 kWh, solver=3.02 s, oracle=36.75 s, feasible=True
DONE pso_n200_k24_h11_sp157_ds17: E=483.759 kWh, solver=92.17 s, oracle=38.50 s, feasible=True
DONE aco_n200_k24_h11_sp167_ds7: E=436.433 kWh, solver=77.45 s, oracle=36.75 s, feasible=True
DONE ga_n200_k24_h11_sp157_ds17: E=458.923 kWh, solver=113.98 s, oracle=38.50 s, feasible=True
DONE pso_n200_k24_h11_sp167_ds7: E=491.277 kWh, solver=95.95 s, oracle=36.75 s, feasible=True
DONE ga_n200_k24_h11_sp167_ds7: E=473.040 kWh, solver=103.19 s, oracle=36.75 s, feasible=True
DONE proposed_n200_k24_h11_sp177_ds7: E=425.480 kWh, solver=440.74 s, oracle=38.52 s, feasible=True
DONE nn_n200_k24_h11_sp177_ds7: E=486.177 kWh, solver=2.93 s, oracle=38.52 s, feasible=True
DONE aco_n200_k24_h11_sp177_ds7: E=427.164 kWh, solver=78.39 s, oracle=38.52 s, feasible=True
DONE proposed_n200_k24_h11_sp167_ds17: E=417.126 kWh, solver=661.67 s, oracle=38.51 s, feasible=True
DONE nn_n200_k24_h11_sp167_ds17: E=486.012 kWh, solver=2.99 s, oracle=38.51 s, feasible=True
DONE pso_n200_k24_h11_sp177_ds7: E=480.592 kWh, solver=88.36 s, oracle=38.52 s, feasible=True
DONE aco_n200_k24_h11_sp167_ds17: E=432.046 kWh, solver=84.95 s, oracle=38.51 s, feasible=True
DONE pso_n200_k24_h11_sp167_ds17: E=477.283 kWh, solver=91.03 s, oracle=38.51 s, feasible=True
DONE ga_n200_k24_h11_sp177_ds7: E=472.026 kWh, solver=134.12 s, oracle=38.52 s, feasible=True
DONE ga_n200_k24_h11_sp167_ds17: E=468.091 kWh, solver=104.08 s, oracle=38.51 s, feasible=True
DONE proposed_n200_k24_h11_sp187_ds7: E=426.290 kWh, solver=323.40 s, oracle=37.48 s, feasible=True
DONE nn_n200_k24_h11_sp187_ds7: E=493.582 kWh, solver=3.07 s, oracle=37.48 s, feasible=True
DONE aco_n200_k24_h11_sp187_ds7: E=441.763 kWh, solver=79.63 s, oracle=37.48 s, feasible=True
DONE pso_n200_k24_h11_sp187_ds7: E=485.415 kWh, solver=91.13 s, oracle=37.48 s, feasible=True
DONE ga_n200_k24_h11_sp187_ds7: E=473.945 kWh, solver=106.79 s, oracle=37.48 s, feasible=True
DONE proposed_n200_k24_h11_sp177_ds17: E=398.218 kWh, solver=803.39 s, oracle=38.86 s, feasible=True
DONE nn_n200_k24_h11_sp177_ds17: E=493.738 kWh, solver=3.01 s, oracle=38.86 s, feasible=True
DONE aco_n200_k24_h11_sp177_ds17: E=412.152 kWh, solver=80.59 s, oracle=38.86 s, feasible=True
DONE pso_n200_k24_h11_sp177_ds17: E=485.494 kWh, solver=90.91 s, oracle=38.86 s, feasible=True
DONE ga_n200_k24_h11_sp177_ds17: E=467.063 kWh, solver=107.34 s, oracle=38.86 s, feasible=True
DONE proposed_n200_k24_h11_sp187_ds17: E=411.649 kWh, solver=681.20 s, oracle=38.43 s, feasible=True
DONE nn_n200_k24_h11_sp187_ds17: E=505.088 kWh, solver=3.03 s, oracle=38.43 s, feasible=True
DONE aco_n200_k24_h11_sp187_ds17: E=428.275 kWh, solver=80.48 s, oracle=38.43 s, feasible=True
DONE pso_n200_k24_h11_sp187_ds17: E=492.687 kWh, solver=93.96 s, oracle=38.43 s, feasible=True
DONE proposed_n200_k24_h11_sp197_ds7: E=421.536 kWh, solver=490.10 s, oracle=37.73 s, feasible=True
DONE nn_n200_k24_h11_sp197_ds7: E=492.523 kWh, solver=3.24 s, oracle=37.73 s, feasible=True
DONE aco_n200_k24_h11_sp197_ds7: E=434.013 kWh, solver=83.56 s, oracle=37.73 s, feasible=True
DONE ga_n200_k24_h11_sp187_ds17: E=473.677 kWh, solver=167.58 s, oracle=38.43 s, feasible=True
DONE pso_n200_k24_h11_sp197_ds7: E=485.488 kWh, solver=87.76 s, oracle=37.73 s, feasible=True
DONE ga_n200_k24_h11_sp197_ds7: E=478.839 kWh, solver=132.23 s, oracle=37.73 s, feasible=True
DONE proposed_n200_k24_h11_sp197_ds17: E=423.917 kWh, solver=542.64 s, oracle=39.10 s, feasible=True
DONE nn_n200_k24_h11_sp197_ds17: E=491.156 kWh, solver=2.95 s, oracle=39.10 s, feasible=True
DONE proposed_n220_k26_h11_sp107_ds7: E=466.849 kWh, solver=428.73 s, oracle=40.58 s, feasible=True
DONE nn_n220_k26_h11_sp107_ds7: E=559.762 kWh, solver=4.34 s, oracle=40.58 s, feasible=True
DONE aco_n200_k24_h11_sp197_ds17: E=438.681 kWh, solver=75.74 s, oracle=39.10 s, feasible=True
DONE aco_n220_k26_h11_sp107_ds7: E=483.151 kWh, solver=96.07 s, oracle=40.58 s, feasible=True
DONE pso_n200_k24_h11_sp197_ds17: E=479.268 kWh, solver=92.16 s, oracle=39.10 s, feasible=True
DONE pso_n220_k26_h11_sp107_ds7: E=554.192 kWh, solver=115.36 s, oracle=40.58 s, feasible=True
DONE ga_n200_k24_h11_sp197_ds17: E=474.696 kWh, solver=113.17 s, oracle=39.10 s, feasible=True
DONE ga_n220_k26_h11_sp107_ds7: E=537.565 kWh, solver=130.50 s, oracle=40.58 s, feasible=True
DONE proposed_n220_k26_h11_sp117_ds7: E=462.095 kWh, solver=496.55 s, oracle=42.16 s, feasible=True
DONE nn_n220_k26_h11_sp117_ds7: E=558.868 kWh, solver=3.94 s, oracle=42.16 s, feasible=True
DONE aco_n220_k26_h11_sp117_ds7: E=464.130 kWh, solver=97.91 s, oracle=42.16 s, feasible=True
DONE proposed_n220_k26_h11_sp107_ds17: E=468.434 kWh, solver=725.76 s, oracle=43.43 s, feasible=True
DONE nn_n220_k26_h11_sp107_ds17: E=543.526 kWh, solver=3.80 s, oracle=43.43 s, feasible=True
DONE pso_n220_k26_h11_sp117_ds7: E=551.692 kWh, solver=108.16 s, oracle=42.16 s, feasible=True
DONE aco_n220_k26_h11_sp107_ds17: E=471.840 kWh, solver=98.10 s, oracle=43.43 s, feasible=True
DONE pso_n220_k26_h11_sp107_ds17: E=538.663 kWh, solver=116.22 s, oracle=43.43 s, feasible=True
DONE ga_n220_k26_h11_sp117_ds7: E=514.858 kWh, solver=146.61 s, oracle=42.16 s, feasible=True
DONE ga_n220_k26_h11_sp107_ds17: E=526.304 kWh, solver=183.29 s, oracle=43.43 s, feasible=True
DONE proposed_n220_k26_h11_sp127_ds7: E=434.371 kWh, solver=429.57 s, oracle=41.27 s, feasible=True
DONE nn_n220_k26_h11_sp127_ds7: E=549.469 kWh, solver=3.86 s, oracle=41.27 s, feasible=True
DONE proposed_n220_k26_h11_sp117_ds17: E=469.896 kWh, solver=646.89 s, oracle=42.79 s, feasible=True
DONE nn_n220_k26_h11_sp117_ds17: E=549.059 kWh, solver=4.10 s, oracle=42.79 s, feasible=True
DONE aco_n220_k26_h11_sp127_ds7: E=469.134 kWh, solver=96.37 s, oracle=41.27 s, feasible=True
DONE aco_n220_k26_h11_sp117_ds17: E=463.552 kWh, solver=95.09 s, oracle=42.79 s, feasible=True
DONE pso_n220_k26_h11_sp127_ds7: E=533.669 kWh, solver=118.47 s, oracle=41.27 s, feasible=True
DONE pso_n220_k26_h11_sp117_ds17: E=536.715 kWh, solver=120.06 s, oracle=42.79 s, feasible=True
DONE ga_n220_k26_h11_sp127_ds7: E=510.539 kWh, solver=142.05 s, oracle=41.27 s, feasible=True
DONE ga_n220_k26_h11_sp117_ds17: E=517.109 kWh, solver=177.56 s, oracle=42.79 s, feasible=True
DONE proposed_n220_k26_h11_sp127_ds17: E=446.426 kWh, solver=337.91 s, oracle=41.59 s, feasible=True
DONE nn_n220_k26_h11_sp127_ds17: E=546.855 kWh, solver=3.80 s, oracle=41.59 s, feasible=True
DONE aco_n220_k26_h11_sp127_ds17: E=457.248 kWh, solver=92.69 s, oracle=41.59 s, feasible=True
DONE pso_n220_k26_h11_sp127_ds17: E=531.573 kWh, solver=117.69 s, oracle=41.59 s, feasible=True
DONE proposed_n220_k26_h11_sp137_ds7: E=439.307 kWh, solver=508.07 s, oracle=41.70 s, feasible=True
DONE nn_n220_k26_h11_sp137_ds7: E=521.550 kWh, solver=3.77 s, oracle=41.70 s, feasible=True
DONE aco_n220_k26_h11_sp137_ds7: E=465.877 kWh, solver=91.07 s, oracle=41.70 s, feasible=True
DONE ga_n220_k26_h11_sp127_ds17: E=507.745 kWh, solver=153.02 s, oracle=41.59 s, feasible=True
DONE pso_n220_k26_h11_sp137_ds7: E=514.594 kWh, solver=110.24 s, oracle=41.70 s, feasible=True
DONE ga_n220_k26_h11_sp137_ds7: E=500.321 kWh, solver=136.79 s, oracle=41.70 s, feasible=True
DONE proposed_n220_k26_h11_sp137_ds17: E=436.648 kWh, solver=449.73 s, oracle=43.03 s, feasible=True
DONE nn_n220_k26_h11_sp137_ds17: E=521.159 kWh, solver=3.90 s, oracle=43.03 s, feasible=True
DONE aco_n220_k26_h11_sp137_ds17: E=462.567 kWh, solver=96.82 s, oracle=43.03 s, feasible=True
DONE pso_n220_k26_h11_sp137_ds17: E=511.873 kWh, solver=113.40 s, oracle=43.03 s, feasible=True
DONE proposed_n220_k26_h11_sp147_ds7: E=453.493 kWh, solver=476.61 s, oracle=40.67 s, feasible=True
DONE nn_n220_k26_h11_sp147_ds7: E=552.831 kWh, solver=3.82 s, oracle=40.67 s, feasible=True
DONE ga_n220_k26_h11_sp137_ds17: E=494.695 kWh, solver=149.33 s, oracle=43.03 s, feasible=True
DONE aco_n220_k26_h11_sp147_ds7: E=469.993 kWh, solver=96.53 s, oracle=40.67 s, feasible=True
DONE pso_n220_k26_h11_sp147_ds7: E=543.679 kWh, solver=113.56 s, oracle=40.67 s, feasible=True
DONE ga_n220_k26_h11_sp147_ds7: E=521.244 kWh, solver=143.58 s, oracle=40.67 s, feasible=True
DONE proposed_n220_k26_h11_sp157_ds7: E=442.856 kWh, solver=327.30 s, oracle=42.52 s, feasible=True
DONE nn_n220_k26_h11_sp157_ds7: E=555.218 kWh, solver=3.79 s, oracle=42.52 s, feasible=True
DONE proposed_n220_k26_h11_sp147_ds17: E=448.499 kWh, solver=626.75 s, oracle=42.84 s, feasible=True
DONE nn_n220_k26_h11_sp147_ds17: E=561.144 kWh, solver=3.91 s, oracle=42.84 s, feasible=True
DONE aco_n220_k26_h11_sp157_ds7: E=468.307 kWh, solver=92.33 s, oracle=42.52 s, feasible=True
DONE aco_n220_k26_h11_sp147_ds17: E=468.413 kWh, solver=97.37 s, oracle=42.84 s, feasible=True
DONE pso_n220_k26_h11_sp157_ds7: E=535.086 kWh, solver=116.77 s, oracle=42.52 s, feasible=True
DONE pso_n220_k26_h11_sp147_ds17: E=553.517 kWh, solver=120.85 s, oracle=42.84 s, feasible=True
DONE ga_n220_k26_h11_sp157_ds7: E=527.907 kWh, solver=146.66 s, oracle=42.52 s, feasible=True
DONE ga_n220_k26_h11_sp147_ds17: E=515.180 kWh, solver=160.19 s, oracle=42.84 s, feasible=True
DONE proposed_n220_k26_h11_sp157_ds17: E=447.393 kWh, solver=451.77 s, oracle=43.04 s, feasible=True
DONE nn_n220_k26_h11_sp157_ds17: E=530.027 kWh, solver=3.75 s, oracle=43.04 s, feasible=True
DONE proposed_n220_k26_h11_sp167_ds7: E=446.880 kWh, solver=417.63 s, oracle=42.18 s, feasible=True
DONE nn_n220_k26_h11_sp167_ds7: E=537.572 kWh, solver=3.79 s, oracle=42.18 s, feasible=True
DONE aco_n220_k26_h11_sp157_ds17: E=465.816 kWh, solver=98.22 s, oracle=43.04 s, feasible=True
DONE aco_n220_k26_h11_sp167_ds7: E=464.095 kWh, solver=96.37 s, oracle=42.18 s, feasible=True
DONE pso_n220_k26_h11_sp157_ds17: E=523.050 kWh, solver=119.93 s, oracle=43.04 s, feasible=True
DONE pso_n220_k26_h11_sp167_ds7: E=532.145 kWh, solver=114.07 s, oracle=42.18 s, feasible=True
DONE ga_n220_k26_h11_sp157_ds17: E=510.084 kWh, solver=132.53 s, oracle=43.04 s, feasible=True
DONE ga_n220_k26_h11_sp167_ds7: E=518.654 kWh, solver=139.45 s, oracle=42.18 s, feasible=True
DONE proposed_n220_k26_h11_sp177_ds7: E=451.939 kWh, solver=324.93 s, oracle=40.94 s, feasible=True
DONE nn_n220_k26_h11_sp177_ds7: E=545.782 kWh, solver=3.72 s, oracle=40.94 s, feasible=True
DONE aco_n220_k26_h11_sp177_ds7: E=467.525 kWh, solver=98.22 s, oracle=40.94 s, feasible=True
DONE pso_n220_k26_h11_sp177_ds7: E=536.344 kWh, solver=115.31 s, oracle=40.94 s, feasible=True
DONE proposed_n220_k26_h11_sp167_ds17: E=444.838 kWh, solver=635.55 s, oracle=41.95 s, feasible=True
DONE nn_n220_k26_h11_sp167_ds17: E=516.284 kWh, solver=3.84 s, oracle=41.95 s, feasible=True
DONE ga_n220_k26_h11_sp177_ds7: E=522.095 kWh, solver=145.08 s, oracle=40.94 s, feasible=True
DONE aco_n220_k26_h11_sp167_ds17: E=460.760 kWh, solver=90.10 s, oracle=41.95 s, feasible=True
DONE pso_n220_k26_h11_sp167_ds17: E=508.023 kWh, solver=110.94 s, oracle=41.95 s, feasible=True
DONE ga_n220_k26_h11_sp167_ds17: E=495.520 kWh, solver=135.41 s, oracle=41.95 s, feasible=True
DONE proposed_n220_k26_h11_sp187_ds7: E=464.342 kWh, solver=272.71 s, oracle=41.86 s, feasible=True
DONE nn_n220_k26_h11_sp187_ds7: E=548.085 kWh, solver=3.79 s, oracle=41.86 s, feasible=True
DONE aco_n220_k26_h11_sp187_ds7: E=481.252 kWh, solver=91.73 s, oracle=41.86 s, feasible=True
DONE pso_n220_k26_h11_sp187_ds7: E=537.432 kWh, solver=111.84 s, oracle=41.86 s, feasible=True
DONE proposed_n220_k26_h11_sp177_ds17: E=454.395 kWh, solver=754.65 s, oracle=43.02 s, feasible=True
DONE nn_n220_k26_h11_sp177_ds17: E=531.815 kWh, solver=3.82 s, oracle=43.02 s, feasible=True
DONE aco_n220_k26_h11_sp177_ds17: E=462.847 kWh, solver=94.75 s, oracle=43.02 s, feasible=True
DONE ga_n220_k26_h11_sp187_ds7: E=523.825 kWh, solver=137.51 s, oracle=41.86 s, feasible=True
DONE pso_n220_k26_h11_sp177_ds17: E=519.313 kWh, solver=119.11 s, oracle=43.02 s, feasible=True
DONE ga_n220_k26_h11_sp177_ds17: E=511.685 kWh, solver=132.21 s, oracle=43.02 s, feasible=True
DONE proposed_n220_k26_h11_sp187_ds17: E=451.238 kWh, solver=466.27 s, oracle=43.24 s, feasible=True
DONE nn_n220_k26_h11_sp187_ds17: E=527.821 kWh, solver=3.85 s, oracle=43.24 s, feasible=True
DONE aco_n220_k26_h11_sp187_ds17: E=471.244 kWh, solver=98.22 s, oracle=43.24 s, feasible=True
DONE pso_n220_k26_h11_sp187_ds17: E=519.600 kWh, solver=115.47 s, oracle=43.24 s, feasible=True
DONE ga_n220_k26_h11_sp187_ds17: E=503.496 kWh, solver=135.21 s, oracle=43.24 s, feasible=True
DONE proposed_n220_k26_h11_sp197_ds17: E=436.165 kWh, solver=330.17 s, oracle=41.51 s, feasible=True
DONE nn_n220_k26_h11_sp197_ds17: E=522.949 kWh, solver=4.33 s, oracle=41.51 s, feasible=True
DONE aco_n220_k26_h11_sp197_ds17: E=459.153 kWh, solver=95.19 s, oracle=41.51 s, feasible=True
DONE pso_n220_k26_h11_sp197_ds17: E=514.378 kWh, solver=113.51 s, oracle=41.51 s, feasible=True
DONE proposed_n220_k26_h11_sp197_ds7: E=439.137 kWh, solver=1252.21 s, oracle=40.37 s, feasible=True
DONE nn_n220_k26_h11_sp197_ds7: E=544.003 kWh, solver=3.78 s, oracle=40.37 s, feasible=True
DONE aco_n220_k26_h11_sp197_ds7: E=458.527 kWh, solver=88.63 s, oracle=40.37 s, feasible=True
DONE ga_n220_k26_h11_sp197_ds17: E=506.767 kWh, solver=153.21 s, oracle=41.51 s, feasible=True
DONE pso_n220_k26_h11_sp197_ds7: E=536.217 kWh, solver=108.40 s, oracle=40.37 s, feasible=True
DONE ga_n220_k26_h11_sp197_ds7: E=498.605 kWh, solver=133.15 s, oracle=40.37 s, feasible=True
DONE proposed_n240_k29_h11_sp107_ds7: E=497.935 kWh, solver=855.49 s, oracle=46.62 s, feasible=True
DONE nn_n240_k29_h11_sp107_ds7: E=592.759 kWh, solver=4.96 s, oracle=46.62 s, feasible=True
DONE aco_n240_k29_h11_sp107_ds7: E=510.337 kWh, solver=110.19 s, oracle=46.62 s, feasible=True
DONE proposed_n240_k29_h11_sp107_ds17: E=476.549 kWh, solver=850.36 s, oracle=45.95 s, feasible=True
DONE nn_n240_k29_h11_sp107_ds17: E=576.515 kWh, solver=5.03 s, oracle=45.95 s, feasible=True
DONE pso_n240_k29_h11_sp107_ds7: E=590.139 kWh, solver=138.87 s, oracle=46.62 s, feasible=True
DONE aco_n240_k29_h11_sp107_ds17: E=497.542 kWh, solver=112.22 s, oracle=45.95 s, feasible=True
DONE ga_n240_k29_h11_sp107_ds7: E=571.655 kWh, solver=188.02 s, oracle=46.62 s, feasible=True
DONE pso_n240_k29_h11_sp107_ds17: E=569.753 kWh, solver=140.86 s, oracle=45.95 s, feasible=True
DONE ga_n240_k29_h11_sp107_ds17: E=562.952 kWh, solver=195.98 s, oracle=45.95 s, feasible=True
DONE proposed_n240_k29_h11_sp117_ds7: E=492.123 kWh, solver=613.35 s, oracle=45.94 s, feasible=True
DONE nn_n240_k29_h11_sp117_ds7: E=584.415 kWh, solver=5.06 s, oracle=45.94 s, feasible=True
DONE aco_n240_k29_h11_sp117_ds7: E=494.657 kWh, solver=109.78 s, oracle=45.94 s, feasible=True
DONE pso_n240_k29_h11_sp117_ds7: E=575.176 kWh, solver=140.08 s, oracle=45.94 s, feasible=True
DONE ga_n240_k29_h11_sp117_ds7: E=561.852 kWh, solver=175.31 s, oracle=45.94 s, feasible=True
DONE proposed_n240_k29_h11_sp117_ds17: E=502.612 kWh, solver=845.00 s, oracle=44.80 s, feasible=True
DONE nn_n240_k29_h11_sp117_ds17: E=568.415 kWh, solver=5.12 s, oracle=44.80 s, feasible=True
DONE aco_n240_k29_h11_sp117_ds17: E=492.052 kWh, solver=113.09 s, oracle=44.80 s, feasible=True
DONE pso_n240_k29_h11_sp117_ds17: E=565.161 kWh, solver=142.90 s, oracle=44.80 s, feasible=True
DONE proposed_n240_k29_h11_sp127_ds7: E=475.063 kWh, solver=372.71 s, oracle=46.01 s, feasible=True
DONE nn_n240_k29_h11_sp127_ds7: E=598.440 kWh, solver=4.98 s, oracle=46.01 s, feasible=True
DONE ga_n240_k29_h11_sp117_ds17: E=559.863 kWh, solver=167.50 s, oracle=44.80 s, feasible=True
DONE aco_n240_k29_h11_sp127_ds7: E=498.677 kWh, solver=107.34 s, oracle=46.01 s, feasible=True
DONE pso_n240_k29_h11_sp127_ds7: E=590.342 kWh, solver=138.65 s, oracle=46.01 s, feasible=True
DONE ga_n240_k29_h11_sp127_ds7: E=568.886 kWh, solver=180.24 s, oracle=46.01 s, feasible=True
DONE proposed_n240_k29_h11_sp127_ds17: E=484.142 kWh, solver=509.36 s, oracle=45.87 s, feasible=True
DONE nn_n240_k29_h11_sp127_ds17: E=589.101 kWh, solver=5.05 s, oracle=45.87 s, feasible=True
DONE aco_n240_k29_h11_sp127_ds17: E=501.293 kWh, solver=114.74 s, oracle=45.87 s, feasible=True
DONE pso_n240_k29_h11_sp127_ds17: E=579.436 kWh, solver=143.53 s, oracle=45.87 s, feasible=True
DONE ga_n240_k29_h11_sp127_ds17: E=559.639 kWh, solver=167.19 s, oracle=45.87 s, feasible=True
DONE proposed_n240_k29_h11_sp137_ds7: E=480.393 kWh, solver=553.94 s, oracle=44.46 s, feasible=True
DONE nn_n240_k29_h11_sp137_ds7: E=577.009 kWh, solver=5.82 s, oracle=44.46 s, feasible=True
DONE aco_n240_k29_h11_sp137_ds7: E=497.986 kWh, solver=111.13 s, oracle=44.46 s, feasible=True
DONE pso_n240_k29_h11_sp137_ds7: E=567.985 kWh, solver=140.68 s, oracle=44.46 s, feasible=True
DONE ga_n240_k29_h11_sp137_ds7: E=554.826 kWh, solver=177.80 s, oracle=44.46 s, feasible=True
DONE proposed_n240_k29_h11_sp137_ds17: E=475.618 kWh, solver=695.92 s, oracle=46.04 s, feasible=True
DONE nn_n240_k29_h11_sp137_ds17: E=566.698 kWh, solver=5.00 s, oracle=46.04 s, feasible=True
DONE aco_n240_k29_h11_sp137_ds17: E=490.892 kWh, solver=115.87 s, oracle=46.04 s, feasible=True
DONE proposed_n240_k29_h11_sp147_ds7: E=492.024 kWh, solver=445.85 s, oracle=45.26 s, feasible=True
DONE nn_n240_k29_h11_sp147_ds7: E=576.976 kWh, solver=4.92 s, oracle=45.26 s, feasible=True
DONE pso_n240_k29_h11_sp137_ds17: E=554.884 kWh, solver=145.35 s, oracle=46.04 s, feasible=True
DONE aco_n240_k29_h11_sp147_ds7: E=507.941 kWh, solver=116.52 s, oracle=45.26 s, feasible=True
DONE ga_n240_k29_h11_sp137_ds17: E=531.919 kWh, solver=185.35 s, oracle=46.04 s, feasible=True
DONE pso_n240_k29_h11_sp147_ds7: E=572.744 kWh, solver=141.37 s, oracle=45.26 s, feasible=True
DONE ga_n240_k29_h11_sp147_ds7: E=565.928 kWh, solver=169.29 s, oracle=45.26 s, feasible=True
DONE proposed_n240_k29_h11_sp157_ds7: E=482.557 kWh, solver=332.44 s, oracle=45.82 s, feasible=True
DONE nn_n240_k29_h11_sp157_ds7: E=574.202 kWh, solver=4.85 s, oracle=45.82 s, feasible=True
DONE aco_n240_k29_h11_sp157_ds7: E=506.244 kWh, solver=108.27 s, oracle=45.82 s, feasible=True
DONE pso_n240_k29_h11_sp157_ds7: E=562.970 kWh, solver=138.85 s, oracle=45.82 s, feasible=True
DONE proposed_n240_k29_h11_sp147_ds17: E=474.493 kWh, solver=815.22 s, oracle=47.42 s, feasible=True
DONE nn_n240_k29_h11_sp147_ds17: E=584.528 kWh, solver=5.09 s, oracle=47.42 s, feasible=True
DONE aco_n240_k29_h11_sp147_ds17: E=499.771 kWh, solver=110.11 s, oracle=47.42 s, feasible=True
DONE ga_n240_k29_h11_sp157_ds7: E=555.889 kWh, solver=194.20 s, oracle=45.82 s, feasible=True
DONE pso_n240_k29_h11_sp147_ds17: E=580.823 kWh, solver=150.14 s, oracle=47.42 s, feasible=True
DONE ga_n240_k29_h11_sp147_ds17: E=568.547 kWh, solver=171.37 s, oracle=47.42 s, feasible=True
DONE proposed_n240_k29_h11_sp157_ds17: E=485.916 kWh, solver=447.05 s, oracle=46.27 s, feasible=True
DONE nn_n240_k29_h11_sp157_ds17: E=564.778 kWh, solver=4.99 s, oracle=46.27 s, feasible=True
DONE aco_n240_k29_h11_sp157_ds17: E=502.143 kWh, solver=104.52 s, oracle=46.27 s, feasible=True
DONE pso_n240_k29_h11_sp157_ds17: E=545.143 kWh, solver=141.38 s, oracle=46.27 s, feasible=True
DONE proposed_n240_k29_h11_sp167_ds7: E=482.591 kWh, solver=520.65 s, oracle=45.94 s, feasible=True
DONE nn_n240_k29_h11_sp167_ds7: E=565.153 kWh, solver=5.06 s, oracle=45.94 s, feasible=True
DONE ga_n240_k29_h11_sp157_ds17: E=540.409 kWh, solver=172.93 s, oracle=46.27 s, feasible=True
DONE aco_n240_k29_h11_sp167_ds7: E=503.369 kWh, solver=115.83 s, oracle=45.94 s, feasible=True
DONE pso_n240_k29_h11_sp167_ds7: E=556.559 kWh, solver=140.27 s, oracle=45.94 s, feasible=True
DONE ga_n240_k29_h11_sp167_ds7: E=545.950 kWh, solver=182.68 s, oracle=45.94 s, feasible=True
DONE proposed_n240_k29_h11_sp167_ds17: E=493.061 kWh, solver=709.34 s, oracle=44.85 s, feasible=True
DONE nn_n240_k29_h11_sp167_ds17: E=562.140 kWh, solver=5.27 s, oracle=44.85 s, feasible=True
DONE aco_n240_k29_h11_sp167_ds17: E=496.461 kWh, solver=107.72 s, oracle=44.85 s, feasible=True
DONE proposed_n240_k29_h11_sp177_ds7: E=492.348 kWh, solver=455.66 s, oracle=46.03 s, feasible=True
DONE nn_n240_k29_h11_sp177_ds7: E=602.611 kWh, solver=4.92 s, oracle=46.03 s, feasible=True
DONE aco_n240_k29_h11_sp177_ds7: E=512.421 kWh, solver=108.93 s, oracle=46.03 s, feasible=True
DONE pso_n240_k29_h11_sp167_ds17: E=544.015 kWh, solver=147.70 s, oracle=44.85 s, feasible=True
DONE pso_n240_k29_h11_sp177_ds7: E=590.825 kWh, solver=145.09 s, oracle=46.03 s, feasible=True
DONE ga_n240_k29_h11_sp167_ds17: E=527.718 kWh, solver=176.17 s, oracle=44.85 s, feasible=True
DONE ga_n240_k29_h11_sp177_ds7: E=576.158 kWh, solver=181.46 s, oracle=46.03 s, feasible=True
DONE proposed_n240_k29_h11_sp177_ds17: E=489.714 kWh, solver=494.92 s, oracle=47.98 s, feasible=True
DONE nn_n240_k29_h11_sp177_ds17: E=588.509 kWh, solver=5.16 s, oracle=47.98 s, feasible=True
DONE proposed_n240_k29_h11_sp187_ds7: E=510.870 kWh, solver=420.63 s, oracle=45.66 s, feasible=True
DONE nn_n240_k29_h11_sp187_ds7: E=597.055 kWh, solver=5.13 s, oracle=45.66 s, feasible=True
DONE aco_n240_k29_h11_sp177_ds17: E=495.022 kWh, solver=109.05 s, oracle=47.98 s, feasible=True
DONE aco_n240_k29_h11_sp187_ds7: E=522.184 kWh, solver=116.21 s, oracle=45.66 s, feasible=True
DONE pso_n240_k29_h11_sp177_ds17: E=578.856 kWh, solver=148.90 s, oracle=47.98 s, feasible=True
DONE pso_n240_k29_h11_sp187_ds7: E=588.696 kWh, solver=135.81 s, oracle=45.66 s, feasible=True
DONE ga_n240_k29_h11_sp177_ds17: E=556.881 kWh, solver=182.83 s, oracle=47.98 s, feasible=True
DONE ga_n240_k29_h11_sp187_ds7: E=571.203 kWh, solver=180.02 s, oracle=45.66 s, feasible=True
DONE proposed_n240_k29_h11_sp197_ds7: E=476.870 kWh, solver=472.94 s, oracle=45.67 s, feasible=True
DONE nn_n240_k29_h11_sp197_ds7: E=577.277 kWh, solver=5.07 s, oracle=45.67 s, feasible=True
DONE aco_n240_k29_h11_sp197_ds7: E=499.232 kWh, solver=112.71 s, oracle=45.67 s, feasible=True
DONE proposed_n240_k29_h11_sp187_ds17: E=491.143 kWh, solver=750.04 s, oracle=46.44 s, feasible=True
DONE nn_n240_k29_h11_sp187_ds17: E=590.565 kWh, solver=5.19 s, oracle=46.44 s, feasible=True
DONE pso_n240_k29_h11_sp197_ds7: E=565.947 kWh, solver=141.04 s, oracle=45.67 s, feasible=True
DONE aco_n240_k29_h11_sp187_ds17: E=500.510 kWh, solver=115.45 s, oracle=46.44 s, feasible=True
DONE ga_n240_k29_h11_sp197_ds7: E=547.965 kWh, solver=188.41 s, oracle=45.67 s, feasible=True
DONE pso_n240_k29_h11_sp187_ds17: E=578.165 kWh, solver=144.97 s, oracle=46.44 s, feasible=True
DONE ga_n240_k29_h11_sp187_ds17: E=557.711 kWh, solver=178.60 s, oracle=46.44 s, feasible=True
DONE proposed_n240_k29_h11_sp197_ds17: E=475.882 kWh, solver=502.56 s, oracle=47.23 s, feasible=True
DONE nn_n240_k29_h11_sp197_ds17: E=556.906 kWh, solver=5.00 s, oracle=47.23 s, feasible=True
DONE aco_n240_k29_h11_sp197_ds17: E=499.987 kWh, solver=109.31 s, oracle=47.23 s, feasible=True
DONE pso_n240_k29_h11_sp197_ds17: E=548.496 kWh, solver=143.35 s, oracle=47.23 s, feasible=True
DONE ga_n240_k29_h11_sp197_ds17: E=537.807 kWh, solver=159.34 s, oracle=47.23 s, feasible=True
DONE proposed_n260_k31_h11_sp107_ds7: E=546.283 kWh, solver=875.75 s, oracle=50.23 s, feasible=True
DONE nn_n260_k31_h11_sp107_ds7: E=624.975 kWh, solver=6.33 s, oracle=50.23 s, feasible=True
DONE aco_n260_k31_h11_sp107_ds7: E=536.955 kWh, solver=132.12 s, oracle=50.23 s, feasible=True
DONE pso_n260_k31_h11_sp107_ds7: E=621.380 kWh, solver=167.64 s, oracle=50.23 s, feasible=True
DONE ga_n260_k31_h11_sp107_ds7: E=599.353 kWh, solver=196.33 s, oracle=50.23 s, feasible=True
DONE proposed_n260_k31_h11_sp107_ds17: E=512.163 kWh, solver=778.33 s, oracle=50.32 s, feasible=True
DONE nn_n260_k31_h11_sp107_ds17: E=610.734 kWh, solver=6.13 s, oracle=50.32 s, feasible=True
DONE aco_n260_k31_h11_sp107_ds17: E=533.606 kWh, solver=127.04 s, oracle=50.32 s, feasible=True
DONE pso_n260_k31_h11_sp107_ds17: E=608.086 kWh, solver=169.95 s, oracle=50.32 s, feasible=True
DONE ga_n260_k31_h11_sp107_ds17: E=596.153 kWh, solver=200.63 s, oracle=50.32 s, feasible=True
DONE proposed_n260_k31_h11_sp117_ds7: E=529.004 kWh, solver=729.97 s, oracle=48.97 s, feasible=True
DONE nn_n260_k31_h11_sp117_ds7: E=620.727 kWh, solver=6.24 s, oracle=48.97 s, feasible=True
DONE aco_n260_k31_h11_sp117_ds7: E=523.187 kWh, solver=133.00 s, oracle=48.97 s, feasible=True
DONE pso_n260_k31_h11_sp117_ds7: E=616.346 kWh, solver=171.51 s, oracle=48.97 s, feasible=True
DONE ga_n260_k31_h11_sp117_ds7: E=598.638 kWh, solver=188.68 s, oracle=48.97 s, feasible=True
DONE proposed_n260_k31_h11_sp117_ds17: E=523.723 kWh, solver=880.51 s, oracle=49.38 s, feasible=True
DONE nn_n260_k31_h11_sp117_ds17: E=615.235 kWh, solver=6.62 s, oracle=49.38 s, feasible=True
DONE aco_n260_k31_h11_sp117_ds17: E=531.441 kWh, solver=125.88 s, oracle=49.38 s, feasible=True
DONE pso_n260_k31_h11_sp117_ds17: E=607.805 kWh, solver=174.51 s, oracle=49.38 s, feasible=True
DONE proposed_n260_k31_h11_sp127_ds7: E=518.028 kWh, solver=615.37 s, oracle=49.62 s, feasible=True
DONE nn_n260_k31_h11_sp127_ds7: E=631.537 kWh, solver=6.21 s, oracle=49.62 s, feasible=True
DONE ga_n260_k31_h11_sp117_ds17: E=588.604 kWh, solver=196.37 s, oracle=49.38 s, feasible=True
DONE aco_n260_k31_h11_sp127_ds7: E=532.175 kWh, solver=147.01 s, oracle=49.62 s, feasible=True
DONE pso_n260_k31_h11_sp127_ds7: E=626.891 kWh, solver=160.06 s, oracle=49.62 s, feasible=True
DONE ga_n260_k31_h11_sp127_ds7: E=593.800 kWh, solver=186.90 s, oracle=49.62 s, feasible=True
DONE proposed_n260_k31_h11_sp127_ds17: E=522.605 kWh, solver=947.19 s, oracle=51.09 s, feasible=True
DONE nn_n260_k31_h11_sp127_ds17: E=601.065 kWh, solver=6.35 s, oracle=51.09 s, feasible=True
DONE aco_n260_k31_h11_sp127_ds17: E=533.781 kWh, solver=126.79 s, oracle=51.09 s, feasible=True
DONE pso_n260_k31_h11_sp127_ds17: E=591.666 kWh, solver=178.80 s, oracle=51.09 s, feasible=True
DONE proposed_n260_k31_h11_sp137_ds7: E=531.470 kWh, solver=1001.70 s, oracle=48.98 s, feasible=True
DONE nn_n260_k31_h11_sp137_ds7: E=611.384 kWh, solver=6.22 s, oracle=48.98 s, feasible=True
DONE ga_n260_k31_h11_sp127_ds17: E=580.759 kWh, solver=223.00 s, oracle=51.09 s, feasible=True
DONE aco_n260_k31_h11_sp137_ds7: E=541.440 kWh, solver=120.75 s, oracle=48.98 s, feasible=True
DONE pso_n260_k31_h11_sp137_ds7: E=603.346 kWh, solver=174.18 s, oracle=48.98 s, feasible=True
DONE ga_n260_k31_h11_sp137_ds7: E=584.067 kWh, solver=193.78 s, oracle=48.98 s, feasible=True
DONE proposed_n260_k31_h11_sp147_ds7: E=526.680 kWh, solver=426.11 s, oracle=50.20 s, feasible=True
DONE nn_n260_k31_h11_sp147_ds7: E=616.536 kWh, solver=6.21 s, oracle=50.20 s, feasible=True
DONE proposed_n260_k31_h11_sp137_ds17: E=513.822 kWh, solver=855.83 s, oracle=51.28 s, feasible=True
DONE nn_n260_k31_h11_sp137_ds17: E=598.293 kWh, solver=6.24 s, oracle=51.28 s, feasible=True
DONE aco_n260_k31_h11_sp147_ds7: E=542.112 kWh, solver=147.15 s, oracle=50.20 s, feasible=True
DONE aco_n260_k31_h11_sp137_ds17: E=538.358 kWh, solver=127.39 s, oracle=51.28 s, feasible=True
DONE pso_n260_k31_h11_sp147_ds7: E=605.391 kWh, solver=163.59 s, oracle=50.20 s, feasible=True
DONE pso_n260_k31_h11_sp137_ds17: E=589.532 kWh, solver=177.96 s, oracle=51.28 s, feasible=True
DONE ga_n260_k31_h11_sp147_ds7: E=588.881 kWh, solver=200.55 s, oracle=50.20 s, feasible=True
DONE ga_n260_k31_h11_sp137_ds17: E=568.922 kWh, solver=251.51 s, oracle=51.28 s, feasible=True
DONE proposed_n260_k31_h11_sp147_ds17: E=532.198 kWh, solver=752.44 s, oracle=51.58 s, feasible=True
DONE nn_n260_k31_h11_sp147_ds17: E=615.148 kWh, solver=6.42 s, oracle=51.58 s, feasible=True
DONE proposed_n260_k31_h11_sp157_ds7: E=534.009 kWh, solver=672.94 s, oracle=49.97 s, feasible=True
DONE nn_n260_k31_h11_sp157_ds7: E=617.152 kWh, solver=6.19 s, oracle=49.97 s, feasible=True
DONE aco_n260_k31_h11_sp147_ds17: E=527.767 kWh, solver=129.31 s, oracle=51.58 s, feasible=True
DONE aco_n260_k31_h11_sp157_ds7: E=537.911 kWh, solver=129.87 s, oracle=49.97 s, feasible=True
DONE pso_n260_k31_h11_sp147_ds17: E=604.005 kWh, solver=186.73 s, oracle=51.58 s, feasible=True
DONE pso_n260_k31_h11_sp157_ds7: E=608.221 kWh, solver=176.04 s, oracle=49.97 s, feasible=True
DONE ga_n260_k31_h11_sp147_ds17: E=584.266 kWh, solver=208.59 s, oracle=51.58 s, feasible=True
DONE ga_n260_k31_h11_sp157_ds7: E=601.854 kWh, solver=212.92 s, oracle=49.97 s, feasible=True
DONE proposed_n260_k31_h11_sp157_ds17: E=513.306 kWh, solver=599.21 s, oracle=49.45 s, feasible=True
DONE nn_n260_k31_h11_sp157_ds17: E=597.909 kWh, solver=6.38 s, oracle=49.45 s, feasible=True
DONE aco_n260_k31_h11_sp157_ds17: E=541.607 kWh, solver=131.56 s, oracle=49.45 s, feasible=True
DONE proposed_n260_k31_h11_sp167_ds7: E=519.936 kWh, solver=823.55 s, oracle=50.13 s, feasible=True
DONE nn_n260_k31_h11_sp167_ds7: E=615.712 kWh, solver=6.26 s, oracle=50.13 s, feasible=True
DONE pso_n260_k31_h11_sp157_ds17: E=591.730 kWh, solver=168.54 s, oracle=49.45 s, feasible=True
DONE aco_n260_k31_h11_sp167_ds7: E=543.077 kWh, solver=139.43 s, oracle=50.13 s, feasible=True
DONE ga_n260_k31_h11_sp157_ds17: E=577.617 kWh, solver=196.97 s, oracle=49.45 s, feasible=True
DONE pso_n260_k31_h11_sp167_ds7: E=608.745 kWh, solver=169.81 s, oracle=50.13 s, feasible=True
DONE ga_n260_k31_h11_sp167_ds7: E=585.086 kWh, solver=211.95 s, oracle=50.13 s, feasible=True
DONE proposed_n260_k31_h11_sp177_ds7: E=526.102 kWh, solver=703.97 s, oracle=49.95 s, feasible=True
DONE nn_n260_k31_h11_sp177_ds7: E=631.082 kWh, solver=6.39 s, oracle=49.95 s, feasible=True
DONE aco_n260_k31_h11_sp177_ds7: E=550.867 kWh, solver=127.92 s, oracle=49.95 s, feasible=True
DONE proposed_n260_k31_h11_sp167_ds17: E=517.362 kWh, solver=1168.47 s, oracle=50.41 s, feasible=True
DONE nn_n260_k31_h11_sp167_ds17: E=583.628 kWh, solver=6.25 s, oracle=50.41 s, feasible=True
DONE pso_n260_k31_h11_sp177_ds7: E=619.906 kWh, solver=177.01 s, oracle=49.95 s, feasible=True
DONE aco_n260_k31_h11_sp167_ds17: E=532.373 kWh, solver=136.28 s, oracle=50.41 s, feasible=True
DONE ga_n260_k31_h11_sp177_ds7: E=614.451 kWh, solver=198.09 s, oracle=49.95 s, feasible=True
DONE pso_n260_k31_h11_sp167_ds17: E=578.470 kWh, solver=173.06 s, oracle=50.41 s, feasible=True
DONE ga_n260_k31_h11_sp167_ds17: E=575.017 kWh, solver=194.82 s, oracle=50.41 s, feasible=True
DONE proposed_n260_k31_h11_sp177_ds17: E=523.173 kWh, solver=506.68 s, oracle=51.85 s, feasible=True
DONE nn_n260_k31_h11_sp177_ds17: E=623.045 kWh, solver=6.36 s, oracle=51.85 s, feasible=True
DONE aco_n260_k31_h11_sp177_ds17: E=537.953 kWh, solver=136.17 s, oracle=51.85 s, feasible=True
DONE proposed_n260_k31_h11_sp187_ds7: E=538.312 kWh, solver=584.90 s, oracle=49.98 s, feasible=True
DONE nn_n260_k31_h11_sp187_ds7: E=622.958 kWh, solver=6.71 s, oracle=49.98 s, feasible=True
DONE pso_n260_k31_h11_sp177_ds17: E=613.766 kWh, solver=169.50 s, oracle=51.85 s, feasible=True
DONE aco_n260_k31_h11_sp187_ds7: E=558.696 kWh, solver=133.92 s, oracle=49.98 s, feasible=True
DONE ga_n260_k31_h11_sp177_ds17: E=596.054 kWh, solver=209.08 s, oracle=51.85 s, feasible=True
DONE pso_n260_k31_h11_sp187_ds7: E=620.307 kWh, solver=172.23 s, oracle=49.98 s, feasible=True
DONE ga_n260_k31_h11_sp187_ds7: E=595.804 kWh, solver=202.94 s, oracle=49.98 s, feasible=True
DONE proposed_n260_k31_h11_sp187_ds17: E=529.731 kWh, solver=677.73 s, oracle=52.34 s, feasible=True
DONE nn_n260_k31_h11_sp187_ds17: E=610.057 kWh, solver=6.81 s, oracle=52.34 s, feasible=True
DONE aco_n260_k31_h11_sp187_ds17: E=539.657 kWh, solver=135.70 s, oracle=52.34 s, feasible=True
DONE proposed_n260_k31_h11_sp197_ds7: E=519.042 kWh, solver=646.66 s, oracle=49.59 s, feasible=True
DONE nn_n260_k31_h11_sp197_ds7: E=632.635 kWh, solver=6.19 s, oracle=49.59 s, feasible=True
DONE pso_n260_k31_h11_sp187_ds17: E=602.699 kWh, solver=178.89 s, oracle=52.34 s, feasible=True
DONE aco_n260_k31_h11_sp197_ds7: E=529.060 kWh, solver=136.24 s, oracle=49.59 s, feasible=True
DONE ga_n260_k31_h11_sp187_ds17: E=581.778 kWh, solver=232.06 s, oracle=52.34 s, feasible=True
DONE pso_n260_k31_h11_sp197_ds7: E=618.197 kWh, solver=178.08 s, oracle=49.59 s, feasible=True
DONE ga_n260_k31_h11_sp197_ds7: E=602.697 kWh, solver=199.00 s, oracle=49.59 s, feasible=True
DONE proposed_n260_k31_h11_sp197_ds17: E=509.902 kWh, solver=393.63 s, oracle=51.25 s, feasible=True
DONE nn_n260_k31_h11_sp197_ds17: E=614.630 kWh, solver=6.30 s, oracle=51.25 s, feasible=True
DONE aco_n260_k31_h11_sp197_ds17: E=533.105 kWh, solver=135.46 s, oracle=51.25 s, feasible=True
DONE pso_n260_k31_h11_sp197_ds17: E=604.411 kWh, solver=174.48 s, oracle=51.25 s, feasible=True
DONE ga_n260_k31_h11_sp197_ds17: E=586.895 kWh, solver=228.41 s, oracle=51.25 s, feasible=True
DONE proposed_n280_k33_h11_sp107_ds7: E=548.300 kWh, solver=734.22 s, oracle=55.03 s, feasible=True
DONE nn_n280_k33_h11_sp107_ds7: E=672.438 kWh, solver=7.81 s, oracle=55.03 s, feasible=True
DONE aco_n280_k33_h11_sp107_ds7: E=577.336 kWh, solver=155.81 s, oracle=55.03 s, feasible=True
DONE pso_n280_k33_h11_sp107_ds7: E=662.616 kWh, solver=194.38 s, oracle=55.03 s, feasible=True
DONE ga_n280_k33_h11_sp107_ds7: E=640.956 kWh, solver=229.16 s, oracle=55.03 s, feasible=True
DONE proposed_n280_k33_h11_sp107_ds17: E=544.332 kWh, solver=1214.23 s, oracle=55.55 s, feasible=True
DONE nn_n280_k33_h11_sp107_ds17: E=652.738 kWh, solver=7.72 s, oracle=55.55 s, feasible=True
DONE proposed_n280_k33_h11_sp117_ds7: E=556.574 kWh, solver=641.75 s, oracle=53.50 s, feasible=True
DONE nn_n280_k33_h11_sp117_ds7: E=647.796 kWh, solver=7.57 s, oracle=53.50 s, feasible=True
DONE aco_n280_k33_h11_sp117_ds7: E=559.411 kWh, solver=142.76 s, oracle=53.50 s, feasible=True
DONE aco_n280_k33_h11_sp107_ds17: E=582.172 kWh, solver=164.71 s, oracle=55.55 s, feasible=True
DONE pso_n280_k33_h11_sp117_ds7: E=646.085 kWh, solver=208.36 s, oracle=53.50 s, feasible=True
DONE pso_n280_k33_h11_sp107_ds17: E=647.752 kWh, solver=210.91 s, oracle=55.55 s, feasible=True
DONE ga_n280_k33_h11_sp117_ds7: E=627.846 kWh, solver=241.66 s, oracle=53.50 s, feasible=True
DONE ga_n280_k33_h11_sp107_ds17: E=628.726 kWh, solver=249.84 s, oracle=55.55 s, feasible=True
DONE proposed_n280_k33_h11_sp117_ds17: E=544.496 kWh, solver=627.39 s, oracle=54.73 s, feasible=True
DONE nn_n280_k33_h11_sp117_ds17: E=636.417 kWh, solver=7.77 s, oracle=54.73 s, feasible=True
DONE proposed_n280_k33_h11_sp127_ds7: E=567.657 kWh, solver=666.38 s, oracle=55.13 s, feasible=True
DONE nn_n280_k33_h11_sp127_ds7: E=664.233 kWh, solver=8.30 s, oracle=55.13 s, feasible=True
DONE aco_n280_k33_h11_sp117_ds17: E=551.985 kWh, solver=139.57 s, oracle=54.73 s, feasible=True
DONE aco_n280_k33_h11_sp127_ds7: E=566.599 kWh, solver=156.68 s, oracle=55.13 s, feasible=True
DONE pso_n280_k33_h11_sp117_ds17: E=630.675 kWh, solver=197.32 s, oracle=54.73 s, feasible=True
DONE pso_n280_k33_h11_sp127_ds7: E=655.658 kWh, solver=215.24 s, oracle=55.13 s, feasible=True
DONE ga_n280_k33_h11_sp117_ds17: E=625.117 kWh, solver=240.83 s, oracle=54.73 s, feasible=True
DONE ga_n280_k33_h11_sp127_ds7: E=632.729 kWh, solver=299.07 s, oracle=55.13 s, feasible=True
DONE proposed_n280_k33_h11_sp127_ds17: E=564.885 kWh, solver=875.64 s, oracle=56.26 s, feasible=True
DONE nn_n280_k33_h11_sp127_ds17: E=642.264 kWh, solver=7.82 s, oracle=56.26 s, feasible=True
DONE aco_n280_k33_h11_sp127_ds17: E=568.357 kWh, solver=153.87 s, oracle=56.26 s, feasible=True
DONE pso_n280_k33_h11_sp127_ds17: E=631.575 kWh, solver=208.22 s, oracle=56.26 s, feasible=True
DONE proposed_n280_k33_h11_sp137_ds7: E=554.119 kWh, solver=1159.70 s, oracle=54.52 s, feasible=True
DONE nn_n280_k33_h11_sp137_ds7: E=660.069 kWh, solver=8.66 s, oracle=54.52 s, feasible=True
DONE aco_n280_k33_h11_sp137_ds7: E=576.752 kWh, solver=162.63 s, oracle=54.52 s, feasible=True
DONE ga_n280_k33_h11_sp127_ds17: E=612.313 kWh, solver=283.57 s, oracle=56.26 s, feasible=True
DONE pso_n280_k33_h11_sp137_ds7: E=655.721 kWh, solver=198.82 s, oracle=54.52 s, feasible=True
DONE ga_n280_k33_h11_sp137_ds7: E=639.628 kWh, solver=253.15 s, oracle=54.52 s, feasible=True
DONE proposed_n280_k33_h11_sp147_ds7: E=569.587 kWh, solver=964.55 s, oracle=53.03 s, feasible=True
DONE nn_n280_k33_h11_sp147_ds7: E=673.857 kWh, solver=7.68 s, oracle=53.03 s, feasible=True
DONE proposed_n280_k33_h11_sp137_ds17: E=557.902 kWh, solver=1395.07 s, oracle=56.00 s, feasible=True
DONE nn_n280_k33_h11_sp137_ds17: E=640.882 kWh, solver=7.91 s, oracle=56.00 s, feasible=True
DONE aco_n280_k33_h11_sp147_ds7: E=579.548 kWh, solver=168.83 s, oracle=53.03 s, feasible=True
DONE aco_n280_k33_h11_sp137_ds17: E=566.615 kWh, solver=144.85 s, oracle=56.00 s, feasible=True
DONE pso_n280_k33_h11_sp147_ds7: E=670.142 kWh, solver=205.68 s, oracle=53.03 s, feasible=True
DONE pso_n280_k33_h11_sp137_ds17: E=630.670 kWh, solver=209.84 s, oracle=56.00 s, feasible=True
DONE ga_n280_k33_h11_sp147_ds7: E=652.388 kWh, solver=227.38 s, oracle=53.03 s, feasible=True
DONE ga_n280_k33_h11_sp137_ds17: E=606.653 kWh, solver=303.76 s, oracle=56.00 s, feasible=True
DONE proposed_n280_k33_h11_sp157_ds7: E=563.658 kWh, solver=432.49 s, oracle=55.08 s, feasible=True
DONE nn_n280_k33_h11_sp157_ds7: E=647.809 kWh, solver=8.51 s, oracle=55.08 s, feasible=True
DONE aco_n280_k33_h11_sp157_ds7: E=568.291 kWh, solver=144.50 s, oracle=55.08 s, feasible=True
DONE pso_n280_k33_h11_sp157_ds7: E=633.387 kWh, solver=188.17 s, oracle=55.08 s, feasible=True
DONE ga_n280_k33_h11_sp157_ds7: E=620.527 kWh, solver=208.73 s, oracle=55.08 s, feasible=True
DONE proposed_n280_k33_h11_sp157_ds17: E=550.934 kWh, solver=797.36 s, oracle=54.25 s, feasible=True
DONE nn_n280_k33_h11_sp157_ds17: E=643.817 kWh, solver=7.56 s, oracle=54.25 s, feasible=True
DONE proposed_n280_k33_h11_sp147_ds17: E=568.602 kWh, solver=2021.40 s, oracle=57.87 s, feasible=True
DONE nn_n280_k33_h11_sp147_ds17: E=632.558 kWh, solver=7.68 s, oracle=57.87 s, feasible=True
DONE aco_n280_k33_h11_sp157_ds17: E=564.786 kWh, solver=151.98 s, oracle=54.25 s, feasible=True
DONE aco_n280_k33_h11_sp147_ds17: E=563.646 kWh, solver=141.36 s, oracle=57.87 s, feasible=True
DONE pso_n280_k33_h11_sp157_ds17: E=635.536 kWh, solver=212.17 s, oracle=54.25 s, feasible=True
DONE pso_n280_k33_h11_sp147_ds17: E=620.889 kWh, solver=210.87 s, oracle=57.87 s, feasible=True
DONE ga_n280_k33_h11_sp157_ds17: E=606.516 kWh, solver=243.76 s, oracle=54.25 s, feasible=True
DONE ga_n280_k33_h11_sp147_ds17: E=623.137 kWh, solver=225.52 s, oracle=57.87 s, feasible=True
DONE proposed_n280_k33_h11_sp167_ds17: E=550.952 kWh, solver=1175.35 s, oracle=53.19 s, feasible=True
DONE nn_n280_k33_h11_sp167_ds17: E=640.365 kWh, solver=7.78 s, oracle=53.19 s, feasible=True
DONE proposed_n280_k33_h11_sp167_ds7: E=554.729 kWh, solver=1335.29 s, oracle=54.81 s, feasible=True
DONE nn_n280_k33_h11_sp167_ds7: E=656.074 kWh, solver=7.48 s, oracle=54.81 s, feasible=True
DONE aco_n280_k33_h11_sp167_ds17: E=569.446 kWh, solver=151.98 s, oracle=53.19 s, feasible=True
DONE aco_n280_k33_h11_sp167_ds7: E=575.593 kWh, solver=155.48 s, oracle=54.81 s, feasible=True
DONE pso_n280_k33_h11_sp167_ds17: E=630.170 kWh, solver=202.53 s, oracle=53.19 s, feasible=True
DONE pso_n280_k33_h11_sp167_ds7: E=646.558 kWh, solver=210.97 s, oracle=54.81 s, feasible=True
DONE ga_n280_k33_h11_sp167_ds17: E=611.983 kWh, solver=241.43 s, oracle=53.19 s, feasible=True
DONE ga_n280_k33_h11_sp167_ds7: E=635.411 kWh, solver=248.03 s, oracle=54.81 s, feasible=True
DONE proposed_n280_k33_h11_sp177_ds7: E=559.596 kWh, solver=932.21 s, oracle=56.69 s, feasible=True
DONE nn_n280_k33_h11_sp177_ds7: E=678.176 kWh, solver=7.76 s, oracle=56.69 s, feasible=True
DONE aco_n280_k33_h11_sp177_ds7: E=588.611 kWh, solver=169.16 s, oracle=56.69 s, feasible=True
DONE proposed_n280_k33_h11_sp177_ds17: E=536.426 kWh, solver=991.65 s, oracle=54.22 s, feasible=True
DONE nn_n280_k33_h11_sp177_ds17: E=648.793 kWh, solver=7.82 s, oracle=54.22 s, feasible=True
DONE aco_n280_k33_h11_sp177_ds17: E=563.958 kWh, solver=155.63 s, oracle=54.22 s, feasible=True
DONE pso_n280_k33_h11_sp177_ds7: E=659.347 kWh, solver=205.09 s, oracle=56.69 s, feasible=True
DONE pso_n280_k33_h11_sp177_ds17: E=640.840 kWh, solver=209.96 s, oracle=54.22 s, feasible=True
DONE ga_n280_k33_h11_sp177_ds7: E=652.311 kWh, solver=247.78 s, oracle=56.69 s, feasible=True
DONE ga_n280_k33_h11_sp177_ds17: E=628.839 kWh, solver=260.55 s, oracle=54.22 s, feasible=True
DONE proposed_n280_k33_h11_sp187_ds7: E=558.983 kWh, solver=530.78 s, oracle=55.38 s, feasible=True
DONE nn_n280_k33_h11_sp187_ds7: E=659.233 kWh, solver=7.73 s, oracle=55.38 s, feasible=True
DONE aco_n280_k33_h11_sp187_ds7: E=579.498 kWh, solver=159.68 s, oracle=55.38 s, feasible=True
DONE pso_n280_k33_h11_sp187_ds7: E=653.464 kWh, solver=201.04 s, oracle=55.38 s, feasible=True
DONE ga_n280_k33_h11_sp187_ds7: E=637.373 kWh, solver=242.73 s, oracle=55.38 s, feasible=True
DONE proposed_n280_k33_h11_sp187_ds17: E=553.815 kWh, solver=978.79 s, oracle=53.88 s, feasible=True
DONE nn_n280_k33_h11_sp187_ds17: E=630.787 kWh, solver=7.77 s, oracle=53.88 s, feasible=True
DONE aco_n280_k33_h11_sp187_ds17: E=570.948 kWh, solver=137.73 s, oracle=53.88 s, feasible=True
DONE pso_n280_k33_h11_sp187_ds17: E=627.140 kWh, solver=196.60 s, oracle=53.88 s, feasible=True
DONE ga_n280_k33_h11_sp187_ds17: E=613.670 kWh, solver=226.05 s, oracle=53.88 s, feasible=True
DONE proposed_n280_k33_h11_sp197_ds7: E=549.002 kWh, solver=1164.30 s, oracle=54.01 s, feasible=True
DONE nn_n280_k33_h11_sp197_ds7: E=681.987 kWh, solver=8.55 s, oracle=54.01 s, feasible=True
DONE aco_n280_k33_h11_sp197_ds7: E=572.609 kWh, solver=137.08 s, oracle=54.01 s, feasible=True
DONE proposed_n280_k33_h11_sp197_ds17: E=548.563 kWh, solver=761.79 s, oracle=53.96 s, feasible=True
DONE nn_n280_k33_h11_sp197_ds17: E=649.493 kWh, solver=8.57 s, oracle=53.96 s, feasible=True
DONE pso_n280_k33_h11_sp197_ds7: E=674.270 kWh, solver=202.54 s, oracle=54.01 s, feasible=True
DONE aco_n280_k33_h11_sp197_ds17: E=566.218 kWh, solver=171.41 s, oracle=53.96 s, feasible=True
DONE pso_n280_k33_h11_sp197_ds17: E=633.324 kWh, solver=218.70 s, oracle=53.96 s, feasible=True
DONE ga_n280_k33_h11_sp197_ds7: E=638.780 kWh, solver=260.88 s, oracle=54.01 s, feasible=True
DONE ga_n280_k33_h11_sp197_ds17: E=629.778 kWh, solver=247.97 s, oracle=53.96 s, feasible=True
DONE proposed_n300_k36_h11_sp107_ds7: E=592.038 kWh, solver=1043.54 s, oracle=60.07 s, feasible=True
DONE nn_n300_k36_h11_sp107_ds7: E=705.372 kWh, solver=9.56 s, oracle=60.07 s, feasible=True
DONE proposed_n300_k36_h11_sp107_ds17: E=571.035 kWh, solver=841.42 s, oracle=59.27 s, feasible=True
DONE nn_n300_k36_h11_sp107_ds17: E=698.357 kWh, solver=9.61 s, oracle=59.27 s, feasible=True
DONE aco_n300_k36_h11_sp107_ds7: E=624.761 kWh, solver=188.97 s, oracle=60.07 s, feasible=True
DONE aco_n300_k36_h11_sp107_ds17: E=609.461 kWh, solver=178.45 s, oracle=59.27 s, feasible=True
DONE pso_n300_k36_h11_sp107_ds7: E=691.506 kWh, solver=242.68 s, oracle=60.07 s, feasible=True
DONE pso_n300_k36_h11_sp107_ds17: E=688.156 kWh, solver=255.40 s, oracle=59.27 s, feasible=True
DONE ga_n300_k36_h11_sp107_ds7: E=685.972 kWh, solver=313.90 s, oracle=60.07 s, feasible=True
DONE ga_n300_k36_h11_sp107_ds17: E=673.215 kWh, solver=300.36 s, oracle=59.27 s, feasible=True
DONE proposed_n300_k36_h11_sp117_ds7: E=603.623 kWh, solver=852.55 s, oracle=58.78 s, feasible=True
DONE nn_n300_k36_h11_sp117_ds7: E=727.373 kWh, solver=10.78 s, oracle=58.78 s, feasible=True
DONE aco_n300_k36_h11_sp117_ds7: E=606.932 kWh, solver=163.04 s, oracle=58.78 s, feasible=True
DONE pso_n300_k36_h11_sp117_ds7: E=710.922 kWh, solver=229.54 s, oracle=58.78 s, feasible=True
DONE proposed_n300_k36_h11_sp117_ds17: E=579.082 kWh, solver=1426.63 s, oracle=57.77 s, feasible=True
DONE nn_n300_k36_h11_sp117_ds17: E=711.628 kWh, solver=9.83 s, oracle=57.77 s, feasible=True
DONE ga_n300_k36_h11_sp117_ds7: E=703.015 kWh, solver=276.22 s, oracle=58.78 s, feasible=True
DONE aco_n300_k36_h11_sp117_ds17: E=605.127 kWh, solver=181.02 s, oracle=57.77 s, feasible=True
DONE pso_n300_k36_h11_sp117_ds17: E=704.153 kWh, solver=245.22 s, oracle=57.77 s, feasible=True
DONE ga_n300_k36_h11_sp117_ds17: E=686.254 kWh, solver=306.86 s, oracle=57.77 s, feasible=True
DONE proposed_n300_k36_h11_sp127_ds17: E=572.071 kWh, solver=1555.39 s, oracle=58.02 s, feasible=True
DONE nn_n300_k36_h11_sp127_ds17: E=689.512 kWh, solver=9.96 s, oracle=58.02 s, feasible=True
DONE aco_n300_k36_h11_sp127_ds17: E=595.504 kWh, solver=172.68 s, oracle=58.02 s, feasible=True
DONE pso_n300_k36_h11_sp127_ds17: E=682.006 kWh, solver=239.22 s, oracle=58.02 s, feasible=True
DONE proposed_n300_k36_h11_sp127_ds7: E=584.927 kWh, solver=2877.92 s, oracle=58.69 s, feasible=True
DONE nn_n300_k36_h11_sp127_ds7: E=710.360 kWh, solver=9.46 s, oracle=58.69 s, feasible=True
DONE ga_n300_k36_h11_sp127_ds17: E=651.879 kWh, solver=311.01 s, oracle=58.02 s, feasible=True
DONE aco_n300_k36_h11_sp127_ds7: E=603.798 kWh, solver=169.60 s, oracle=58.69 s, feasible=True
DONE pso_n300_k36_h11_sp127_ds7: E=700.443 kWh, solver=235.53 s, oracle=58.69 s, feasible=True
DONE ga_n300_k36_h11_sp127_ds7: E=666.682 kWh, solver=277.35 s, oracle=58.69 s, feasible=True
DONE proposed_n300_k36_h11_sp137_ds7: E=607.535 kWh, solver=1285.40 s, oracle=59.66 s, feasible=True
DONE nn_n300_k36_h11_sp137_ds7: E=707.777 kWh, solver=9.70 s, oracle=59.66 s, feasible=True
DONE aco_n300_k36_h11_sp137_ds7: E=613.114 kWh, solver=192.66 s, oracle=59.66 s, feasible=True
DONE proposed_n300_k36_h11_sp137_ds17: E=592.074 kWh, solver=1032.58 s, oracle=57.93 s, feasible=True
DONE nn_n300_k36_h11_sp137_ds17: E=691.395 kWh, solver=9.72 s, oracle=57.93 s, feasible=True
DONE pso_n300_k36_h11_sp137_ds7: E=699.565 kWh, solver=256.33 s, oracle=59.66 s, feasible=True
DONE aco_n300_k36_h11_sp137_ds17: E=600.681 kWh, solver=170.09 s, oracle=57.93 s, feasible=True
DONE ga_n300_k36_h11_sp137_ds7: E=686.621 kWh, solver=309.96 s, oracle=59.66 s, feasible=True
DONE pso_n300_k36_h11_sp137_ds17: E=687.290 kWh, solver=255.50 s, oracle=57.93 s, feasible=True
DONE ga_n300_k36_h11_sp137_ds17: E=665.645 kWh, solver=281.57 s, oracle=57.93 s, feasible=True
DONE proposed_n300_k36_h11_sp147_ds7: E=585.037 kWh, solver=819.44 s, oracle=60.86 s, feasible=True
DONE nn_n300_k36_h11_sp147_ds7: E=697.343 kWh, solver=9.41 s, oracle=60.86 s, feasible=True
DONE aco_n300_k36_h11_sp147_ds7: E=609.805 kWh, solver=189.98 s, oracle=60.86 s, feasible=True
DONE pso_n300_k36_h11_sp147_ds7: E=686.954 kWh, solver=263.98 s, oracle=60.86 s, feasible=True
DONE proposed_n300_k36_h11_sp147_ds17: E=598.293 kWh, solver=1125.64 s, oracle=58.95 s, feasible=True
DONE nn_n300_k36_h11_sp147_ds17: E=664.852 kWh, solver=9.96 s, oracle=58.95 s, feasible=True
DONE ga_n300_k36_h11_sp147_ds7: E=665.212 kWh, solver=320.24 s, oracle=60.86 s, feasible=True
DONE aco_n300_k36_h11_sp147_ds17: E=598.860 kWh, solver=210.38 s, oracle=58.95 s, feasible=True
DONE pso_n300_k36_h11_sp147_ds17: E=656.232 kWh, solver=260.36 s, oracle=58.95 s, feasible=True
DONE ga_n300_k36_h11_sp147_ds17: E=648.645 kWh, solver=317.05 s, oracle=58.95 s, feasible=True
DONE proposed_n300_k36_h11_sp157_ds7: E=604.665 kWh, solver=1356.16 s, oracle=62.51 s, feasible=True
DONE nn_n300_k36_h11_sp157_ds7: E=686.879 kWh, solver=9.67 s, oracle=62.51 s, feasible=True
DONE aco_n300_k36_h11_sp157_ds7: E=615.493 kWh, solver=157.69 s, oracle=62.51 s, feasible=True
DONE proposed_n300_k36_h11_sp157_ds17: E=579.296 kWh, solver=934.02 s, oracle=60.58 s, feasible=True
DONE nn_n300_k36_h11_sp157_ds17: E=672.984 kWh, solver=10.18 s, oracle=60.58 s, feasible=True
DONE aco_n300_k36_h11_sp157_ds17: E=598.724 kWh, solver=176.55 s, oracle=60.58 s, feasible=True
DONE pso_n300_k36_h11_sp157_ds7: E=681.754 kWh, solver=243.78 s, oracle=62.51 s, feasible=True
DONE pso_n300_k36_h11_sp157_ds17: E=669.183 kWh, solver=250.69 s, oracle=60.58 s, feasible=True
DONE ga_n300_k36_h11_sp157_ds7: E=671.374 kWh, solver=347.87 s, oracle=62.51 s, feasible=True
DONE ga_n300_k36_h11_sp157_ds17: E=657.150 kWh, solver=290.81 s, oracle=60.58 s, feasible=True
DONE proposed_n300_k36_h11_sp167_ds7: E=592.522 kWh, solver=1114.00 s, oracle=59.07 s, feasible=True
DONE nn_n300_k36_h11_sp167_ds7: E=693.755 kWh, solver=9.40 s, oracle=59.07 s, feasible=True
DONE aco_n300_k36_h11_sp167_ds7: E=611.057 kWh, solver=166.94 s, oracle=59.07 s, feasible=True
DONE pso_n300_k36_h11_sp167_ds7: E=689.571 kWh, solver=230.81 s, oracle=59.07 s, feasible=True
DONE proposed_n300_k36_h11_sp167_ds17: E=585.738 kWh, solver=1490.35 s, oracle=57.01 s, feasible=True
DONE nn_n300_k36_h11_sp167_ds17: E=683.379 kWh, solver=9.69 s, oracle=57.01 s, feasible=True
DONE aco_n300_k36_h11_sp167_ds17: E=612.767 kWh, solver=185.83 s, oracle=57.01 s, feasible=True
DONE ga_n300_k36_h11_sp167_ds7: E=676.621 kWh, solver=347.95 s, oracle=59.07 s, feasible=True
DONE pso_n300_k36_h11_sp167_ds17: E=670.742 kWh, solver=240.27 s, oracle=57.01 s, feasible=True
DONE ga_n300_k36_h11_sp167_ds17: E=663.031 kWh, solver=263.03 s, oracle=57.01 s, feasible=True
DONE proposed_n300_k36_h11_sp177_ds7: E=617.901 kWh, solver=1251.19 s, oracle=59.94 s, feasible=True
DONE nn_n300_k36_h11_sp177_ds7: E=713.240 kWh, solver=9.34 s, oracle=59.94 s, feasible=True
DONE proposed_n300_k36_h11_sp177_ds17: E=585.146 kWh, solver=798.87 s, oracle=58.55 s, feasible=True
DONE nn_n300_k36_h11_sp177_ds17: E=685.347 kWh, solver=9.65 s, oracle=58.55 s, feasible=True
DONE aco_n300_k36_h11_sp177_ds7: E=618.449 kWh, solver=175.54 s, oracle=59.94 s, feasible=True
DONE aco_n300_k36_h11_sp177_ds17: E=602.685 kWh, solver=163.65 s, oracle=58.55 s, feasible=True
DONE pso_n300_k36_h11_sp177_ds7: E=702.861 kWh, solver=237.89 s, oracle=59.94 s, feasible=True
DONE pso_n300_k36_h11_sp177_ds17: E=680.330 kWh, solver=254.87 s, oracle=58.55 s, feasible=True
DONE ga_n300_k36_h11_sp177_ds7: E=690.376 kWh, solver=274.31 s, oracle=59.94 s, feasible=True
DONE ga_n300_k36_h11_sp177_ds17: E=670.679 kWh, solver=288.02 s, oracle=58.55 s, feasible=True
DONE proposed_n300_k36_h11_sp187_ds7: E=617.601 kWh, solver=985.05 s, oracle=59.75 s, feasible=True
DONE nn_n300_k36_h11_sp187_ds7: E=713.031 kWh, solver=9.65 s, oracle=59.75 s, feasible=True
DONE aco_n300_k36_h11_sp187_ds7: E=616.376 kWh, solver=180.80 s, oracle=59.75 s, feasible=True
DONE pso_n300_k36_h11_sp187_ds7: E=705.218 kWh, solver=233.90 s, oracle=59.75 s, feasible=True
DONE proposed_n300_k36_h11_sp187_ds17: E=609.996 kWh, solver=1408.33 s, oracle=56.92 s, feasible=True
DONE nn_n300_k36_h11_sp187_ds17: E=665.748 kWh, solver=9.67 s, oracle=56.92 s, feasible=True
DONE aco_n300_k36_h11_sp187_ds17: E=606.578 kWh, solver=181.81 s, oracle=56.92 s, feasible=True
DONE ga_n300_k36_h11_sp187_ds7: E=691.664 kWh, solver=277.97 s, oracle=59.75 s, feasible=True
DONE pso_n300_k36_h11_sp187_ds17: E=652.943 kWh, solver=244.24 s, oracle=56.92 s, feasible=True
DONE ga_n300_k36_h11_sp187_ds17: E=643.147 kWh, solver=279.07 s, oracle=56.92 s, feasible=True
DONE proposed_n300_k36_h11_sp197_ds17: E=584.252 kWh, solver=675.33 s, oracle=58.54 s, feasible=True
DONE nn_n300_k36_h11_sp197_ds17: E=695.519 kWh, solver=9.52 s, oracle=58.54 s, feasible=True
DONE aco_n300_k36_h11_sp197_ds17: E=605.959 kWh, solver=182.98 s, oracle=58.54 s, feasible=True
DONE proposed_n300_k36_h11_sp197_ds7: E=582.835 kWh, solver=1406.10 s, oracle=59.53 s, feasible=True
DONE nn_n300_k36_h11_sp197_ds7: E=730.385 kWh, solver=10.15 s, oracle=59.53 s, feasible=True
DONE aco_n300_k36_h11_sp197_ds7: E=609.867 kWh, solver=177.10 s, oracle=59.53 s, feasible=True
DONE pso_n300_k36_h11_sp197_ds17: E=678.098 kWh, solver=255.04 s, oracle=58.54 s, feasible=True
DONE pso_n300_k36_h11_sp197_ds7: E=718.330 kWh, solver=256.26 s, oracle=59.53 s, feasible=True
DONE ga_n300_k36_h11_sp197_ds17: E=674.564 kWh, solver=339.32 s, oracle=58.54 s, feasible=True
DONE ga_n300_k36_h11_sp197_ds7: E=689.854 kWh, solver=289.67 s, oracle=59.53 s, feasible=True
DONE proposed_n350_k42_h11_sp107_ds7: E=665.029 kWh, solver=1774.99 s, oracle=73.35 s, feasible=True
DONE nn_n350_k42_h11_sp107_ds7: E=801.764 kWh, solver=14.78 s, oracle=73.35 s, feasible=True
DONE aco_n350_k42_h11_sp107_ds7: E=701.306 kWh, solver=255.95 s, oracle=73.35 s, feasible=True
DONE pso_n350_k42_h11_sp107_ds7: E=790.425 kWh, solver=341.65 s, oracle=73.35 s, feasible=True
DONE ga_n350_k42_h11_sp107_ds7: E=777.087 kWh, solver=404.00 s, oracle=73.35 s, feasible=True
DONE proposed_n350_k42_h11_sp107_ds17: E=652.156 kWh, solver=3183.22 s, oracle=68.65 s, feasible=True
DONE nn_n350_k42_h11_sp107_ds17: E=787.414 kWh, solver=14.94 s, oracle=68.65 s, feasible=True
DONE aco_n350_k42_h11_sp107_ds17: E=697.904 kWh, solver=250.25 s, oracle=68.65 s, feasible=True
DONE pso_n350_k42_h11_sp107_ds17: E=780.086 kWh, solver=337.02 s, oracle=68.65 s, feasible=True
DONE ga_n350_k42_h11_sp107_ds17: E=767.235 kWh, solver=419.72 s, oracle=68.65 s, feasible=True
DONE proposed_n350_k42_h11_sp117_ds7: E=674.430 kWh, solver=2487.94 s, oracle=68.07 s, feasible=True
DONE nn_n350_k42_h11_sp117_ds7: E=803.035 kWh, solver=14.91 s, oracle=68.07 s, feasible=True
DONE aco_n350_k42_h11_sp117_ds7: E=688.066 kWh, solver=282.18 s, oracle=68.07 s, feasible=True
DONE pso_n350_k42_h11_sp117_ds7: E=789.370 kWh, solver=343.82 s, oracle=68.07 s, feasible=True
DONE ga_n350_k42_h11_sp117_ds7: E=778.063 kWh, solver=502.81 s, oracle=68.07 s, feasible=True
DONE proposed_n350_k42_h11_sp117_ds17: E=679.568 kWh, solver=2998.31 s, oracle=68.10 s, feasible=True
DONE nn_n350_k42_h11_sp117_ds17: E=814.894 kWh, solver=17.63 s, oracle=68.10 s, feasible=True
DONE aco_n350_k42_h11_sp117_ds17: E=674.304 kWh, solver=289.37 s, oracle=68.10 s, feasible=True
DONE pso_n350_k42_h11_sp117_ds17: E=801.901 kWh, solver=412.43 s, oracle=68.10 s, feasible=True
DONE proposed_n350_k42_h11_sp127_ds7: E=678.933 kWh, solver=2027.08 s, oracle=68.55 s, feasible=True
DONE nn_n350_k42_h11_sp127_ds7: E=814.396 kWh, solver=17.52 s, oracle=68.55 s, feasible=True
DONE ga_n350_k42_h11_sp117_ds17: E=784.755 kWh, solver=465.61 s, oracle=68.10 s, feasible=True
DONE aco_n350_k42_h11_sp127_ds7: E=708.503 kWh, solver=294.01 s, oracle=68.55 s, feasible=True
DONE pso_n350_k42_h11_sp127_ds7: E=806.432 kWh, solver=408.07 s, oracle=68.55 s, feasible=True
DONE ga_n350_k42_h11_sp127_ds7: E=780.609 kWh, solver=469.57 s, oracle=68.55 s, feasible=True
DONE proposed_n350_k42_h11_sp127_ds17: E=677.373 kWh, solver=2387.36 s, oracle=80.74 s, feasible=True
DONE nn_n350_k42_h11_sp127_ds17: E=769.077 kWh, solver=17.59 s, oracle=80.74 s, feasible=True
DONE aco_n350_k42_h11_sp127_ds17: E=696.862 kWh, solver=278.99 s, oracle=80.74 s, feasible=True
DONE pso_n350_k42_h11_sp127_ds17: E=755.004 kWh, solver=409.32 s, oracle=80.74 s, feasible=True
DONE ga_n350_k42_h11_sp127_ds17: E=755.778 kWh, solver=450.10 s, oracle=80.74 s, feasible=True
DONE proposed_n350_k42_h11_sp137_ds7: E=685.941 kWh, solver=3346.01 s, oracle=78.00 s, feasible=True
DONE nn_n350_k42_h11_sp137_ds7: E=812.782 kWh, solver=17.61 s, oracle=78.00 s, feasible=True
DONE aco_n350_k42_h11_sp137_ds7: E=702.197 kWh, solver=305.91 s, oracle=78.00 s, feasible=True
DONE pso_n350_k42_h11_sp137_ds7: E=809.514 kWh, solver=397.08 s, oracle=78.00 s, feasible=True
DONE proposed_n350_k42_h11_sp137_ds17: E=691.122 kWh, solver=1815.67 s, oracle=77.94 s, feasible=True
DONE nn_n350_k42_h11_sp137_ds17: E=806.147 kWh, solver=18.34 s, oracle=77.94 s, feasible=True
DONE aco_n350_k42_h11_sp137_ds17: E=698.924 kWh, solver=267.96 s, oracle=77.94 s, feasible=True
DONE ga_n350_k42_h11_sp137_ds7: E=787.432 kWh, solver=543.50 s, oracle=78.00 s, feasible=True
DONE pso_n350_k42_h11_sp137_ds17: E=799.988 kWh, solver=407.35 s, oracle=77.94 s, feasible=True
DONE ga_n350_k42_h11_sp137_ds17: E=783.465 kWh, solver=463.22 s, oracle=77.94 s, feasible=True
DONE proposed_n350_k42_h11_sp147_ds7: E=687.604 kWh, solver=1065.21 s, oracle=82.06 s, feasible=True
DONE nn_n350_k42_h11_sp147_ds7: E=797.627 kWh, solver=17.69 s, oracle=82.06 s, feasible=True
DONE aco_n350_k42_h11_sp147_ds7: E=691.023 kWh, solver=276.79 s, oracle=82.06 s, feasible=True
DONE pso_n350_k42_h11_sp147_ds7: E=790.534 kWh, solver=385.72 s, oracle=82.06 s, feasible=True
DONE ga_n350_k42_h11_sp147_ds7: E=783.032 kWh, solver=437.77 s, oracle=82.06 s, feasible=True
DONE proposed_n350_k42_h11_sp147_ds17: E=685.782 kWh, solver=2664.14 s, oracle=77.10 s, feasible=True
DONE nn_n350_k42_h11_sp147_ds17: E=799.435 kWh, solver=17.29 s, oracle=77.10 s, feasible=True
DONE proposed_n350_k42_h11_sp157_ds7: E=669.547 kWh, solver=1407.47 s, oracle=78.56 s, feasible=True
DONE nn_n350_k42_h11_sp157_ds7: E=809.444 kWh, solver=17.18 s, oracle=78.56 s, feasible=True
DONE aco_n350_k42_h11_sp147_ds17: E=678.242 kWh, solver=323.19 s, oracle=77.10 s, feasible=True
DONE aco_n350_k42_h11_sp157_ds7: E=707.671 kWh, solver=289.38 s, oracle=78.56 s, feasible=True
DONE pso_n350_k42_h11_sp147_ds17: E=788.796 kWh, solver=416.63 s, oracle=77.10 s, feasible=True
DONE pso_n350_k42_h11_sp157_ds7: E=799.702 kWh, solver=421.09 s, oracle=78.56 s, feasible=True
DONE ga_n350_k42_h11_sp147_ds17: E=770.949 kWh, solver=512.59 s, oracle=77.10 s, feasible=True
DONE ga_n350_k42_h11_sp157_ds7: E=783.795 kWh, solver=517.85 s, oracle=78.56 s, feasible=True
DONE proposed_n350_k42_h11_sp167_ds7: E=690.569 kWh, solver=2623.64 s, oracle=79.92 s, feasible=True
DONE nn_n350_k42_h11_sp167_ds7: E=790.469 kWh, solver=19.91 s, oracle=79.92 s, feasible=True
DONE aco_n350_k42_h11_sp167_ds7: E=694.017 kWh, solver=273.13 s, oracle=79.92 s, feasible=True
DONE pso_n350_k42_h11_sp167_ds7: E=787.199 kWh, solver=386.13 s, oracle=79.92 s, feasible=True
DONE ga_n350_k42_h11_sp167_ds7: E=761.273 kWh, solver=555.63 s, oracle=79.92 s, feasible=True
DONE proposed_n350_k42_h11_sp157_ds17: E=679.176 kWh, solver=6723.86 s, oracle=88.34 s, feasible=True
DONE nn_n350_k42_h11_sp157_ds17: E=782.113 kWh, solver=17.14 s, oracle=88.34 s, feasible=True
DONE proposed_n350_k42_h11_sp167_ds17: E=686.832 kWh, solver=2723.51 s, oracle=75.28 s, feasible=True
DONE nn_n350_k42_h11_sp167_ds17: E=772.418 kWh, solver=19.68 s, oracle=75.28 s, feasible=True
DONE aco_n350_k42_h11_sp157_ds17: E=691.950 kWh, solver=300.72 s, oracle=88.34 s, feasible=True
DONE aco_n350_k42_h11_sp167_ds17: E=689.213 kWh, solver=280.81 s, oracle=75.28 s, feasible=True
DONE pso_n350_k42_h11_sp157_ds17: E=775.555 kWh, solver=425.92 s, oracle=88.34 s, feasible=True
DONE pso_n350_k42_h11_sp167_ds17: E=767.889 kWh, solver=425.92 s, oracle=75.28 s, feasible=True
DONE ga_n350_k42_h11_sp157_ds17: E=759.739 kWh, solver=548.98 s, oracle=88.34 s, feasible=True
DONE ga_n350_k42_h11_sp167_ds17: E=749.188 kWh, solver=687.38 s, oracle=75.28 s, feasible=True
DONE proposed_n350_k42_h11_sp177_ds7: E=667.610 kWh, solver=2463.29 s, oracle=77.24 s, feasible=True
DONE nn_n350_k42_h11_sp177_ds7: E=800.952 kWh, solver=16.82 s, oracle=77.24 s, feasible=True
DONE aco_n350_k42_h11_sp177_ds7: E=706.903 kWh, solver=310.52 s, oracle=77.24 s, feasible=True
DONE pso_n350_k42_h11_sp177_ds7: E=790.394 kWh, solver=386.81 s, oracle=77.24 s, feasible=True
DONE ga_n350_k42_h11_sp177_ds7: E=781.828 kWh, solver=437.56 s, oracle=77.24 s, feasible=True
DONE proposed_n350_k42_h11_sp187_ds7: E=682.075 kWh, solver=2691.37 s, oracle=75.21 s, feasible=True
DONE nn_n350_k42_h11_sp187_ds7: E=778.498 kWh, solver=16.72 s, oracle=75.21 s, feasible=True
DONE aco_n350_k42_h11_sp187_ds7: E=700.578 kWh, solver=289.56 s, oracle=75.21 s, feasible=True
DONE pso_n350_k42_h11_sp187_ds7: E=771.063 kWh, solver=376.19 s, oracle=75.21 s, feasible=True
DONE ga_n350_k42_h11_sp187_ds7: E=764.705 kWh, solver=449.01 s, oracle=75.21 s, feasible=True
DONE proposed_n350_k42_h11_sp187_ds17: E=688.167 kWh, solver=3523.08 s, oracle=75.37 s, feasible=True
DONE nn_n350_k42_h11_sp187_ds17: E=775.150 kWh, solver=16.81 s, oracle=75.37 s, feasible=True
DONE aco_n350_k42_h11_sp187_ds17: E=685.193 kWh, solver=270.26 s, oracle=75.37 s, feasible=True
DONE pso_n350_k42_h11_sp187_ds17: E=767.530 kWh, solver=394.30 s, oracle=75.37 s, feasible=True
DONE ga_n350_k42_h11_sp187_ds17: E=746.992 kWh, solver=498.90 s, oracle=75.37 s, feasible=True
DONE proposed_n350_k42_h11_sp197_ds7: E=683.143 kWh, solver=1820.57 s, oracle=78.24 s, feasible=True
DONE nn_n350_k42_h11_sp197_ds7: E=791.543 kWh, solver=17.09 s, oracle=78.24 s, feasible=True
DONE aco_n350_k42_h11_sp197_ds7: E=704.458 kWh, solver=273.00 s, oracle=78.24 s, feasible=True
DONE pso_n350_k42_h11_sp197_ds7: E=781.862 kWh, solver=368.52 s, oracle=78.24 s, feasible=True
DONE ga_n350_k42_h11_sp197_ds7: E=767.749 kWh, solver=480.30 s, oracle=78.24 s, feasible=True
DONE proposed_n350_k42_h11_sp197_ds17: E=678.223 kWh, solver=997.30 s, oracle=75.80 s, feasible=True
DONE nn_n350_k42_h11_sp197_ds17: E=774.393 kWh, solver=17.05 s, oracle=75.80 s, feasible=True
DONE aco_n350_k42_h11_sp197_ds17: E=684.662 kWh, solver=268.50 s, oracle=75.80 s, feasible=True
DONE pso_n350_k42_h11_sp197_ds17: E=765.027 kWh, solver=390.31 s, oracle=75.80 s, feasible=True
DONE ga_n350_k42_h11_sp197_ds17: E=757.070 kWh, solver=556.52 s, oracle=75.80 s, feasible=True
