run_id,method,n_bins,vehicles,start_hour,seed,energy_kwh,battery_remaining_mean_kwh,battery_remaining_min_kwh,battery_remaining_total_kwh,oracle_prep_s,runtime_s,makespan_s,served_bins,served_demand_kg,active_vehicles,exact_coverage,capacity_feasible,battery_feasible,return_feasible,feasible,exact_global_factor_graph,route_message_mode,rounds,converged,spatial_seed,demand_seed,solver_seed,layout_id,bins_per_vehicle_target,bins_per_vehicle,assignment_edges,total_runtime_s,wall_runtime_s,energy_per_bin_kwh,total_demand_kg,minimum_route_bins,maximum_route_bins
aco_n84_k10_h11_sp107_ds7,aco,84,10,11,7,230.01818301081164,156.99818169891884,142.78616635570154,1569.9818169891885,25.49543809995521,39.10279619996436,3514.443572264151,84,13168.0,10,True,True,True,True,True,,,,,107,7,107000328,spatial_seed_107,8.4,8.4,840,64.59823429991957,39.10468679992482,2.7383117025096624,13168.0,1,14
ga_n84_k10_h11_sp107_ds7,ga,84,10,11,7,237.0451551768292,156.29548448231708,141.11464043120088,1562.9548448231708,25.49543809995521,27.58585039991885,4406.448364778868,84,13168.0,10,True,True,True,True,True,,,,,107,7,107000328,spatial_seed_107,8.4,8.4,840,53.08128849987406,27.599495199974623,2.82196613305749,13168.0,1,15
nn_n84_k10_h11_sp107_ds7,nn,84,10,11,7,266.8052964654875,153.31947035345124,137.6916556742259,1533.1947035345124,25.49543809995521,0.3684231999795884,4017.239416033191,84,13168.0,10,True,True,True,True,True,,,,,107,7,107000328,spatial_seed_107,8.4,8.4,840,25.8638612999348,0.3684566000010818,3.1762535293510417,13168.0,1,14
proposed_n84_k10_h11_sp107_ds7,proposed,84,10,11,7,212.19840782291467,158.78015921770853,140.25411368504456,1587.8015921770852,18.363256499986164,28.57835599995451,3590.7577979099246,84,13168.0,10,True,True,True,True,True,False,global_assignment_boundary_sova,64.0,False,107,7,107000328,spatial_seed_107,8.4,8.4,840,46.94161249994068,28.60402619995876,2.5261715217013654,13168.0,1,15
pso_n84_k10_h11_sp107_ds7,pso,84,10,11,7,257.5694361201944,154.24305638798057,137.70006156287707,1542.4305638798055,25.49543809995521,17.11292629991658,4021.075671595623,84,13168.0,10,True,True,True,True,True,,,,,107,7,107000328,spatial_seed_107,8.4,8.4,840,42.60836439987179,17.120700899977237,3.066302810954695,13168.0,1,14
aco_n84_k10_h11_sp107_ds17,aco,84,10,11,17,232.36428008595476,156.76357199140452,125.0128396721009,1567.6357199140452,25.510465800063685,39.05633310007397,5097.9165177762425,84,12390.0,10,True,True,True,True,True,,,,,107,17,107000338,spatial_seed_107,8.4,8.4,840,64.56679890013766,39.05801719997544,2.7662414295946998,12390.0,1,15
ga_n84_k10_h11_sp107_ds17,ga,84,10,11,17,236.16544265887285,156.38345573411272,144.60378043717424,1563.8345573411273,25.510465800063685,27.912137200008143,3415.8327725695835,84,12390.0,10,True,True,True,True,True,,,,,107,17,107000338,spatial_seed_107,8.4,8.4,840,53.42260300007183,27.92374359990936,2.811493364986581,12390.0,1,13
nn_n84_k10_h11_sp107_ds17,nn,84,10,11,17,261.24285858627604,153.87571414137238,138.5184810868401,1538.757141413724,25.510465800063685,0.3777939999708906,3795.058814583993,84,12390.0,10,True,True,True,True,True,,,,,107,17,107000338,spatial_seed_107,8.4,8.4,840,25.88825980003457,0.3778374999528751,3.1100340307890004,12390.0,1,13
proposed_n84_k10_h11_sp107_ds17,proposed,84,10,11,17,213.91327488683555,158.60867251131646,140.80981709356843,1586.0867251131644,18.392451599997003,45.6063254000037,4124.773787149544,84,12390.0,10,True,True,True,True,True,False,global_assignment_boundary_sova,64.0,False,107,17,107000338,spatial_seed_107,8.4,8.4,840,63.9987770000007,45.65495480003301,2.546586605795661,12390.0,1,15
pso_n84_k10_h11_sp107_ds17,pso,84,10,11,17,250.14019026104984,154.985980973895,142.93840557223746,1549.8598097389502,25.510465800063685,19.82612430001609,3378.811389372183,84,12390.0,10,True,True,True,True,True,,,,,107,17,107000338,spatial_seed_107,8.4,8.4,840,45.336590100079775,19.833714800071903,2.9778594078696408,12390.0,1,13
aco_n84_k10_h11_sp117_ds7,aco,84,10,11,7,202.12440734217483,159.7875592657825,117.8577411938514,1597.875592657825,21.56662569998298,34.05160290002823,5256.848479477965,84,13168.0,10,True,True,True,True,True,,,,,117,7,117000358,spatial_seed_117,8.4,8.4,840,55.61822860001121,34.05453620001208,2.4062429445497004,13168.0,1,15
ga_n84_k10_h11_sp117_ds7,ga,84,10,11,7,218.02970276495145,158.19702972350484,138.52044159504433,1581.9702972350483,21.56662569998298,44.49757340003271,3443.9825446370664,84,13168.0,10,True,True,True,True,True,,,,,117,7,117000358,spatial_seed_117,8.4,8.4,840,66.06419910001568,44.515721099916846,2.595591699582755,13168.0,1,13
nn_n84_k10_h11_sp117_ds7,nn,84,10,11,7,245.3216049778123,155.46783950221877,136.2058706712171,1554.6783950221875,21.56662569998298,0.378163699992001,3789.6474889978304,84,13168.0,10,True,True,True,True,True,,,,,117,7,117000358,spatial_seed_117,8.4,8.4,840,21.94478939997498,0.3781967000104487,2.9204952973549085,13168.0,1,14
proposed_n84_k10_h11_sp117_ds7,proposed,84,10,11,7,195.9379823757513,160.40620176242487,126.84791975797506,1604.0620176242487,16.697305600042455,83.01583170000231,5577.945784950472,84,13168.0,10,True,True,True,True,True,False,global_assignment_boundary_sova,64.0,False,117,7,117000358,spatial_seed_117,8.4,8.4,840,99.71313730004476,83.11713959998451,2.332595028282753,13168.0,1,16
pso_n84_k10_h11_sp117_ds7,pso,84,10,11,7,233.05702544273373,156.69429745572663,141.46243166976524,1566.9429745572663,21.56662569998298,24.157451699953526,3487.6225361510988,84,13168.0,10,True,True,True,True,True,,,,,117,7,117000358,spatial_seed_117,8.4,8.4,840,45.724077399936505,24.16868430003524,2.7744883981277826,13168.0,1,14
aco_n84_k10_h11_sp117_ds17,aco,84,10,11,17,201.8356553461396,159.81643446538607,123.16053008894522,1598.1643446538606,21.791989300050773,33.99660459998995,5260.088892143037,84,12390.0,10,True,True,True,True,True,,,,,117,17,117000368,spatial_seed_117,8.4,8.4,840,55.78859390004072,33.999713200028054,2.402805420787376,12390.0,1,14
ga_n84_k10_h11_sp117_ds17,ga,84,10,11,17,216.6787856099784,158.33212143900215,114.37136079054584,1583.3212143900216,21.791989300050773,36.60050059994683,5402.953131025647,84,12390.0,10,True,True,True,True,True,,,,,117,17,117000368,spatial_seed_117,8.4,8.4,840,58.3924898999976,36.61363660008647,2.579509352499743,12390.0,1,14
nn_n84_k10_h11_sp117_ds17,nn,84,10,11,17,238.273628598333,156.1726371401667,131.41429361632638,1561.726371401667,21.791989300050773,0.3347717999713495,3869.808304940234,84,12390.0,10,True,True,True,True,True,,,,,117,17,117000368,spatial_seed_117,8.4,8.4,840,22.12676110002212,0.3348065000027418,2.836590816646821,12390.0,1,15
proposed_n84_k10_h11_sp117_ds17,proposed,84,10,11,17,221.549058364128,157.84509416358722,140.51413637050095,1578.450941635872,17.87127820000751,36.02338150003925,3876.4078662110896,84,12390.0,10,True,True,True,True,True,False,global_assignment_boundary_sova,64.0,False,117,17,117000368,spatial_seed_117,8.4,8.4,840,53.89465970004676,36.04177790001268,2.6374887900491424,12390.0,1,15
pso_n84_k10_h11_sp117_ds17,pso,84,10,11,17,231.80763464108284,156.81923653589172,114.5834340742164,1568.1923653589172,21.791989300050773,24.900983099942096,5126.660518523444,84,12390.0,10,True,True,True,True,True,,,,,117,17,117000368,spatial_seed_117,8.4,8.4,840,46.69297239999287,24.91235520003829,2.759614698108129,12390.0,1,15
aco_n84_k10_h11_sp127_ds7,aco,84,10,11,7,210.2494552290737,158.97505447709264,133.85243676272322,1589.7505447709264,24.28038809995633,35.08945179998409,4002.8574349031433,84,13168.0,10,True,True,True,True,True,,,,,127,7,127000388,spatial_seed_127,8.4,8.4,840,59.369839899940416,35.0914630999323,2.50296970510802,13168.0,1,13
ga_n84_k10_h11_sp127_ds7,ga,84,10,11,7,221.46972475773657,157.85302752422635,139.54233939476893,1578.5302752422635,24.28038809995633,42.16260659997352,4585.003093188838,84,13168.0,10,True,True,True,True,True,,,,,127,7,127000388,spatial_seed_127,8.4,8.4,840,66.44299469992984,42.177739799954,2.6365443423540067,13168.0,1,16
nn_n84_k10_h11_sp127_ds7,nn,84,10,11,7,254.09452512156423,154.5905474878436,133.52037626860022,1545.9054748784358,24.28038809995633,0.3498281999491155,4184.083281057889,84,13168.0,10,True,True,True,True,True,,,,,127,7,127000388,spatial_seed_127,8.4,8.4,840,24.63021629990544,0.3498608000809327,3.024934822875765,13168.0,1,15
proposed_n84_k10_h11_sp127_ds7,proposed,84,10,11,7,203.02156461553184,159.69784353844682,139.67111234785804,1596.9784353844682,14.968314400000963,18.59263299999293,3972.260163100149,84,13168.0,10,True,True,True,True,True,False,global_assignment_boundary_sova,64.0,False,127,7,127000388,spatial_seed_127,8.4,8.4,840,33.56094739999389,18.60220279998612,2.4169233882801406,13168.0,1,14
pso_n84_k10_h11_sp127_ds7,pso,84,10,11,7,247.140155726474,155.28598442735262,133.52037626860022,1552.859844273526,24.28038809995633,22.59654870000668,4184.083281057889,84,13168.0,10,True,True,True,True,True,,,,,127,7,127000388,spatial_seed_127,8.4,8.4,840,46.876936799963005,22.6056826999411,2.9421447110294525,13168.0,1,15
aco_n84_k10_h11_sp127_ds17,aco,84,10,11,17,203.6753227762668,159.63246772237332,137.99748470060635,1596.3246772237333,24.279433999909088,37.27836580004077,4401.227423101082,84,12390.0,10,True,True,True,True,True,,,,,127,17,127000398,spatial_seed_127,8.4,8.4,840,61.55779979994986,37.28092260006815,2.424706223526986,12390.0,1,14
ga_n84_k10_h11_sp127_ds17,ga,84,10,11,17,211.50060356174097,158.8499396438259,129.77635853706815,1588.499396438259,24.279433999909088,38.73599339998327,4079.268607101217,84,12390.0,10,True,True,True,True,True,,,,,127,17,127000398,spatial_seed_127,8.4,8.4,840,63.01542739989236,38.74942259991076,2.517864328115964,12390.0,1,15
nn_n84_k10_h11_sp127_ds17,nn,84,10,11,17,249.8912144516243,155.01087855483755,134.01749675725586,1550.1087855483756,24.279433999909088,0.3457519999938085,4140.454538613493,84,12390.0,10,True,True,True,True,True,,,,,127,17,127000398,spatial_seed_127,8.4,8.4,840,24.625185999902897,0.345783400000073,2.9748954101383847,12390.0,1,15
proposed_n84_k10_h11_sp127_ds17,proposed,84,10,11,17,200.08463469482885,159.99153653051712,135.21892577952966,1599.9153653051712,15.03540160000557,21.015374500013426,4381.706514104921,84,12390.0,10,True,True,True,True,True,False,global_assignment_boundary_sova,64.0,False,127,17,127000398,spatial_seed_127,8.4,8.4,840,36.05077610001899,21.035662000009324,2.3819599368432005,12390.0,1,14
pso_n84_k10_h11_sp127_ds17,pso,84,10,11,17,240.85093348734387,155.91490665126562,137.7182333474207,1559.1490665126562,24.279433999909088,23.88248370005749,3785.4405089677807,84,12390.0,10,True,True,True,True,True,,,,,127,17,127000398,spatial_seed_127,8.4,8.4,840,48.16191769996658,23.891988499904983,2.8672730177064745,12390.0,1,15
aco_n84_k10_h11_sp137_ds7,aco,84,10,11,7,193.4759514391217,160.65240485608783,142.8007240000954,1606.5240485608783,24.35133470001165,38.26824400003534,3825.005992958793,84,13168.0,10,True,True,True,True,True,,,,,137,7,137000418,spatial_seed_137,8.4,8.4,840,62.619578700046986,38.27181639999617,2.3032851361800204,13168.0,1,15
ga_n84_k10_h11_sp137_ds7,ga,84,10,11,7,216.57167066143927,158.34283293385607,133.13600267512015,1583.4283293385608,24.35133470001165,34.08221440005582,5151.040768827901,84,13168.0,10,True,True,True,True,True,,,,,137,7,137000418,spatial_seed_137,8.4,8.4,840,58.43354910006747,34.094217699952424,2.578234174540944,13168.0,1,15
nn_n84_k10_h11_sp137_ds7,nn,84,10,11,7,253.00560072497947,154.69943992750206,134.37904769196322,1546.9943992750204,24.35133470001165,0.3455015999497846,4623.403163029427,84,13168.0,10,True,True,True,True,True,,,,,137,7,137000418,spatial_seed_137,8.4,8.4,840,24.696836299961436,0.3455376999918371,3.0119714372021367,13168.0,1,14
proposed_n84_k10_h11_sp137_ds7,proposed,84,10,11,7,183.22864679154063,161.6771353208459,145.55039934100722,1616.7713532084597,14.990789800009225,37.78993269999046,3902.546466034181,84,13168.0,10,True,True,True,True,True,False,global_assignment_boundary_sova,64.0,False,137,7,137000418,spatial_seed_137,8.4,8.4,840,52.78072249999968,37.82007150002755,2.181293414185008,13168.0,1,16
pso_n84_k10_h11_sp137_ds7,pso,84,10,11,7,248.219935184462,155.1780064815538,135.18850038028643,1551.780064815538,24.35133470001165,24.25035250000656,4998.378614866057,84,13168.0,10,True,True,True,True,True,,,,,137,7,137000418,spatial_seed_137,8.4,8.4,840,48.601687200018205,24.257814300013703,2.9549992283864523,13168.0,1,14
aco_n84_k10_h11_sp137_ds17,aco,84,10,11,17,194.44925488193093,160.5550745118069,142.09024044665853,1605.550745118069,24.244012199924327,37.46286400000099,3597.5429988962856,84,12390.0,10,True,True,True,True,True,,,,,137,17,137000428,spatial_seed_137,8.4,8.4,840,61.70687619992532,37.46595919993706,2.3148720819277493,12390.0,1,14
ga_n84_k10_h11_sp137_ds17,ga,84,10,11,17,204.72916791455845,159.52708320854416,138.26540417382824,1595.2708320854415,24.244012199924327,36.674431000021286,4357.874291458058,84,12390.0,10,True,True,True,True,True,,,,,137,17,137000428,spatial_seed_137,8.4,8.4,840,60.918443199945614,36.690386799979024,2.4372519989828385,12390.0,1,16
nn_n84_k10_h11_sp137_ds17,nn,84,10,11,17,226.83327337900485,157.3166726620995,142.4923682642471,1573.1667266209952,24.244012199924327,0.3848203999223187,3935.129152884793,84,12390.0,10,True,True,True,True,True,,,,,137,17,137000428,spatial_seed_137,8.4,8.4,840,24.62883259984665,0.3848519999301061,2.70039611165482,12390.0,1,15
proposed_n84_k10_h11_sp137_ds17,proposed,84,10,11,17,194.3029258039607,160.56970741960393,141.6080052003727,1605.6970741960392,14.966827099968214,72.53953180002281,3952.658729396104,84,12390.0,10,True,True,True,True,True,False,global_assignment_boundary_sova,64.0,False,137,17,137000428,spatial_seed_137,8.4,8.4,840,87.50635889999103,72.60041109996382,2.3131300690947705,12390.0,1,17
pso_n84_k10_h11_sp137_ds17,pso,84,10,11,17,222.6324065602824,157.73675934397176,143.3093873192969,1577.3675934397177,24.244012199924327,26.062560299993493,3946.982436144511,84,12390.0,10,True,True,True,True,True,,,,,137,17,137000428,spatial_seed_137,8.4,8.4,840,50.30657249991782,26.07190310000442,2.650385792384314,12390.0,1,15
aco_n84_k10_h11_sp147_ds7,aco,84,10,11,7,199.8998045377376,160.01001954622626,145.11986342633338,1600.1001954622625,22.74190880008973,35.89961249998305,3135.527828630836,84,13168.0,10,True,True,True,True,True,,,,,147,7,147000448,spatial_seed_147,8.4,8.4,840,58.64152130007278,35.90178339998238,2.37975957783021,13168.0,1,14
ga_n84_k10_h11_sp147_ds7,ga,84,10,11,7,212.42843449368883,158.75715655063112,141.6828648997784,1587.5715655063111,22.74190880008973,37.68684560002293,4198.467251652717,84,13168.0,10,True,True,True,True,True,,,,,147,7,147000448,spatial_seed_147,8.4,8.4,840,60.428754400112666,37.69943389995024,2.5289099344486763,13168.0,1,16
nn_n84_k10_h11_sp147_ds7,nn,84,10,11,7,257.30363554777813,154.2696364452222,137.99998388963644,1542.696364452222,22.74190880008973,0.3707114999415353,3803.9992562898856,84,13168.0,10,True,True,True,True,True,,,,,147,7,147000448,spatial_seed_147,8.4,8.4,840,23.112620300031267,0.3707608999684453,3.06313851842593,13168.0,1,14
proposed_n84_k10_h11_sp147_ds7,proposed,84,10,11,7,193.64993265756223,160.63500673424377,135.13804858831114,1606.3500673424378,14.929474899952766,36.435244799999055,4636.064686742289,84,13168.0,10,True,True,True,True,True,False,global_assignment_boundary_sova,64.0,False,147,7,147000448,spatial_seed_147,8.4,8.4,840,51.36471969995182,36.4708237000159,2.305356341161456,13168.0,1,15
pso_n84_k10_h11_sp147_ds7,pso,84,10,11,7,240.91286768767696,155.9087132312323,133.39223862832716,1559.087132312323,22.74190880008973,21.704646600061096,3565.1428388318686,84,13168.0,10,True,True,True,True,True,,,,,147,7,147000448,spatial_seed_147,8.4,8.4,840,44.44655540015083,21.71272329997737,2.8680103296152017,13168.0,1,14
aco_n84_k10_h11_sp147_ds17,aco,84,10,11,17,192.98362305310556,160.70163769468945,131.76498338584747,1607.0163769468943,23.35602219996508,36.3245246000588,3952.075146497641,84,12390.0,10,True,True,True,True,True,,,,,147,17,147000458,spatial_seed_147,8.4,8.4,840,59.68054680002388,36.32747480005492,2.297424083965542,12390.0,1,15
ga_n84_k10_h11_sp147_ds17,ga,84,10,11,17,212.30948677910487,158.76905132208952,143.85184662913505,1587.6905132208951,23.35602219996508,34.69414949999191,3865.9847258844784,84,12390.0,10,True,True,True,True,True,,,,,147,17,147000458,spatial_seed_147,8.4,8.4,840,58.05017169995699,34.70742059999611,2.527493890227439,12390.0,1,14
nn_n84_k10_h11_sp147_ds17,nn,84,10,11,17,230.30711088845263,156.9692889111547,134.7380460593322,1569.6928891115474,23.35602219996508,0.4010421000421047,4252.203754930891,84,12390.0,10,True,True,True,True,True,,,,,147,17,147000458,spatial_seed_147,8.4,8.4,840,23.757064300007187,0.4010718000354245,2.7417513201006267,12390.0,1,14
proposed_n84_k10_h11_sp147_ds17,proposed,84,10,11,17,185.44863112507457,161.45513688749253,141.10530984425776,1614.5513688749254,14.941833700053394,49.01385360001586,4147.8893194198245,84,12390.0,10,True,True,True,True,True,False,global_assignment_boundary_sova,64.0,False,147,17,147000458,spatial_seed_147,8.4,8.4,840,63.95568730006926,49.06508769997163,2.2077217991080307,12390.0,1,16
pso_n84_k10_h11_sp147_ds17,pso,84,10,11,17,225.2454289330743,157.47545710669257,134.74813288172862,1574.7545710669258,23.35602219996508,20.71642840001732,4252.203754930892,84,12390.0,10,True,True,True,True,True,,,,,147,17,147000458,spatial_seed_147,8.4,8.4,840,44.0724505999824,20.724935400066897,2.681493201584217,12390.0,1,14
aco_n84_k10_h11_sp157_ds7,aco,84,10,11,7,215.9020943309126,158.40979056690873,140.9008137262053,1584.0979056690874,23.08513490005862,34.23986089997925,3502.602652233767,84,13168.0,10,True,True,True,True,True,,,,,157,7,157000478,spatial_seed_157,8.4,8.4,840,57.32499580003787,34.24245380004868,2.57026302774896,13168.0,1,14
ga_n84_k10_h11_sp157_ds7,ga,84,10,11,7,223.8593892534921,157.61406107465078,145.6357685539628,1576.1406107465075,23.08513490005862,26.59107960003894,3240.159740664039,84,13168.0,10,True,True,True,True,True,,,,,157,7,157000478,spatial_seed_157,8.4,8.4,840,49.67621450009756,26.59948930004612,2.66499272920824,13168.0,1,14
nn_n84_k10_h11_sp157_ds7,nn,84,10,11,7,240.5054879260108,155.9494512073989,142.79065099518803,1559.4945120739892,23.08513490005862,0.3435919999610632,3611.82361551948,84,13168.0,10,True,True,True,True,True,,,,,157,7,157000478,spatial_seed_157,8.4,8.4,840,23.428726900019683,0.3436285000061616,2.8631605705477474,13168.0,1,15
proposed_n84_k10_h11_sp157_ds7,proposed,84,10,11,7,211.19000607220025,158.88099939277998,134.648894351787,1588.8099939277995,15.209352599980775,26.78598499996588,4649.8515152744885,84,13168.0,10,True,True,True,True,True,False,global_assignment_boundary_sova,64.0,False,157,7,157000478,spatial_seed_157,8.4,8.4,840,41.99533759994665,26.810483399953227,2.514166738954765,13168.0,1,14
pso_n84_k10_h11_sp157_ds7,pso,84,10,11,7,233.16459612140343,156.68354038785964,142.78516050328955,1566.8354038785965,23.08513490005862,20.374382799956948,3534.8371883452305,84,13168.0,10,True,True,True,True,True,,,,,157,7,157000478,spatial_seed_157,8.4,8.4,840,43.45951770001557,20.384891099995,2.7757690014452794,13168.0,1,15
aco_n84_k10_h11_sp157_ds17,aco,84,10,11,17,213.91408512610627,158.60859148738936,126.80040146795156,1586.0859148738937,23.619583799969405,33.64983970008325,4181.928451161379,84,12390.0,10,True,True,True,True,True,,,,,157,17,157000488,spatial_seed_157,8.4,8.4,840,57.26942350005265,33.65178710001055,2.546596251501265,12390.0,1,15
ga_n84_k10_h11_sp157_ds17,ga,84,10,11,17,225.30347180145952,157.46965281985405,140.51203697300144,1574.6965281985404,23.619583799969405,29.777481199940667,4023.6810232470857,84,12390.0,10,True,True,True,True,True,,,,,157,17,157000488,spatial_seed_157,8.4,8.4,840,53.39706499991007,29.7879892999772,2.6821841881126134,12390.0,1,16
nn_n84_k10_h11_sp157_ds17,nn,84,10,11,17,258.9671607709836,154.10328392290165,137.58715534751846,1541.0328392290164,23.619583799969405,0.3502920999890193,3783.1612065022896,84,12390.0,10,True,True,True,True,True,,,,,157,17,157000488,spatial_seed_157,8.4,8.4,840,23.969875899958424,0.3503314000554383,3.082942390130757,12390.0,1,16
proposed_n84_k10_h11_sp157_ds17,proposed,84,10,11,17,208.8007819123162,159.11992180876837,140.56978064113403,1591.1992180876837,15.62747639999725,105.97821359999944,4794.814413516595,84,12390.0,10,True,True,True,True,True,False,global_assignment_boundary_sova,64.0,False,157,17,157000488,spatial_seed_157,8.4,8.4,840,121.60568999999668,106.1397945000208,2.4857235941942406,12390.0,1,18
pso_n84_k10_h11_sp157_ds17,pso,84,10,11,17,244.77948015915288,155.52205198408473,138.1257771628347,1555.2205198408471,23.619583799969405,20.920995399937965,3687.947178057479,84,12390.0,10,True,True,True,True,True,,,,,157,17,157000488,spatial_seed_157,8.4,8.4,840,44.54057919990737,20.930313399992883,2.914041430466105,12390.0,1,16
aco_n84_k10_h11_sp167_ds7,aco,84,10,11,7,205.90300065437657,159.40969993456233,141.79962196622398,1594.096999345623,15.318408799997997,22.23034790001111,3239.703927708696,84,13168.0,10,True,True,True,True,True,,,,,167,7,167000508,spatial_seed_167,8.4,8.4,840,37.54875670000911,22.23220799997216,2.451226198266388,13168.0,1,15
ga_n84_k10_h11_sp167_ds7,ga,84,10,11,7,220.0502673834608,157.9949732616539,135.12587374410157,1579.9497326165392,15.318408799997997,17.132406299992,4535.361834410381,84,13168.0,10,True,True,True,True,True,,,,,167,7,167000508,spatial_seed_167,8.4,8.4,840,32.450815099989995,17.139302900002804,2.619646040279295,13168.0,1,15
nn_n84_k10_h11_sp167_ds7,nn,84,10,11,7,235.72500952859804,156.4274990471402,135.08600908765175,1564.274990471402,15.318408799997997,0.2444005999714136,4186.228917758459,84,13168.0,10,True,True,True,True,True,,,,,167,7,167000508,spatial_seed_167,8.4,8.4,840,15.56280939996941,0.2444299000198952,2.806250113435691,13168.0,1,14
proposed_n84_k10_h11_sp167_ds7,proposed,84,10,11,7,200.81389950478427,159.91861004952156,132.44640875184186,1599.1861004952157,15.318408799997997,21.538650800008327,3514.339449353296,84,13168.0,10,True,True,True,True,True,False,global_assignment_boundary_sova,64.0,False,167,7,167000508,spatial_seed_167,8.4,8.4,840,36.85705960000632,21.55300440004794,2.3906416607712413,13168.0,1,15
pso_n84_k10_h11_sp167_ds7,pso,84,10,11,7,228.3466828600141,157.16533171399857,138.6023741228958,1571.6533171399858,15.318408799997997,11.294147600012366,4365.180901621285,84,13168.0,10,True,True,True,True,True,,,,,167,7,167000508,spatial_seed_167,8.4,8.4,840,26.61255640001036,11.299561600026207,2.7184128911906447,13168.0,1,14
aco_n84_k10_h11_sp167_ds17,aco,84,10,11,17,204.70871506888795,159.52912849311122,135.43276355347376,1595.2912849311122,21.579726599971764,32.562256400007755,3183.08976727684,84,12390.0,10,True,True,True,True,True,,,,,167,17,167000518,spatial_seed_167,8.4,8.4,840,54.14198299997952,32.56539260002319,2.4370085127248564,12390.0,1,15
ga_n84_k10_h11_sp167_ds17,ga,84,10,11,17,219.17042503543448,158.08295749645657,128.24754406330118,1580.8295749645656,21.579726599971764,28.47396109998226,4236.233631651186,84,12390.0,10,True,True,True,True,True,,,,,167,17,167000518,spatial_seed_167,8.4,8.4,840,50.053687699954025,28.48402099998202,2.609171726612315,12390.0,1,15
nn_n84_k10_h11_sp167_ds17,nn,84,10,11,17,245.63834297584404,155.4361657024156,135.00885752861657,1554.361657024156,21.579726599971764,0.3527911000419408,4078.48703885816,84,12390.0,10,True,True,True,True,True,,,,,167,17,167000518,spatial_seed_167,8.4,8.4,840,21.932517700013705,0.3528208999196067,2.9242659878076678,12390.0,1,15
proposed_n84_k10_h11_sp167_ds17,proposed,84,10,11,17,194.8274107294957,160.51725892705042,133.56199628964282,1605.1725892705042,15.724086600006558,35.61560020002071,3642.5788719951775,84,12390.0,10,True,True,True,True,True,False,global_assignment_boundary_sova,64.0,False,167,17,167000518,spatial_seed_167,8.4,8.4,840,51.33968680002727,35.65958740003407,2.319373937255901,12390.0,1,14
pso_n84_k10_h11_sp167_ds17,pso,84,10,11,17,234.6039439312211,156.5396056068779,135.00885752861657,1565.396056068779,21.579726599971764,17.28701109997928,3916.364291502359,84,12390.0,10,True,True,True,True,True,,,,,167,17,167000518,spatial_seed_167,8.4,8.4,840,38.866737699951045,17.29400999995414,2.7929040944192987,12390.0,1,15
aco_n84_k10_h11_sp177_ds7,aco,84,10,11,7,217.36501851852617,158.2634981481474,144.77624413001683,1582.634981481474,21.63530789990909,31.96771220001392,3330.6691135028627,84,13168.0,10,True,True,True,True,True,,,,,177,7,177000538,spatial_seed_177,8.4,8.4,840,53.603020099923015,31.969577300013043,2.587678791887216,13168.0,1,12
ga_n84_k10_h11_sp177_ds7,ga,84,10,11,7,238.7880414326047,156.12119585673952,139.1870600175446,1561.2119585673952,21.63530789990909,28.239387799985707,4045.7989814636417,84,13168.0,10,True,True,True,True,True,,,,,177,7,177000538,spatial_seed_177,8.4,8.4,840,49.8746956998948,28.25552509992849,2.84271477895958,13168.0,2,13
nn_n84_k10_h11_sp177_ds7,nn,84,10,11,7,257.8239954535203,154.21760045464796,134.47129384043677,1542.1760045464796,21.63530789990909,0.3494196999818086,4171.162359492401,84,13168.0,10,True,True,True,True,True,,,,,177,7,177000538,spatial_seed_177,8.4,8.4,840,21.984727599890903,0.3494433000450954,3.069333279208575,13168.0,1,13
proposed_n84_k10_h11_sp177_ds7,proposed,84,10,11,7,203.40078916618072,159.65992108338193,144.65503855855104,1596.5992108338194,15.590281200013123,21.15110049996292,3490.0468791094195,84,13168.0,10,True,True,True,True,True,False,global_assignment_boundary_sova,64.0,False,177,7,177000538,spatial_seed_177,8.4,8.4,840,36.741381699976046,21.173246999969702,2.421437966264056,13168.0,1,13
pso_n84_k10_h11_sp177_ds7,pso,84,10,11,7,244.3597087535477,155.56402912464523,136.16134958153162,1555.6402912464523,21.63530789990909,21.00652340007946,3964.229960855344,84,13168.0,10,True,True,True,True,True,,,,,177,7,177000538,spatial_seed_177,8.4,8.4,840,42.64183129998855,21.01609309995547,2.909044151827948,13168.0,1,13
aco_n84_k10_h11_sp177_ds17,aco,84,10,11,17,208.3683214457911,159.1631678554209,136.08034755027097,1591.631678554209,22.09894960001111,31.625266299932264,3565.948201257176,84,12390.0,10,True,True,True,True,True,,,,,177,17,177000548,spatial_seed_177,8.4,8.4,840,53.724215899943374,31.627588099916466,2.480575255307037,12390.0,1,15
ga_n84_k10_h11_sp177_ds17,ga,84,10,11,17,217.18319142184552,158.28168085781545,135.0422740561598,1582.8168085781545,22.09894960001111,32.804633200052194,4380.700665729488,84,12390.0,10,True,True,True,True,True,,,,,177,17,177000548,spatial_seed_177,8.4,8.4,840,54.903582800063305,32.82197829999495,2.585514183593399,12390.0,1,13
nn_n84_k10_h11_sp177_ds17,nn,84,10,11,17,250.56558503863144,154.94344149613684,137.2689605932449,1549.4344149613685,22.09894960001111,0.3100623999489471,3863.579368127844,84,12390.0,10,True,True,True,True,True,,,,,177,17,177000548,spatial_seed_177,8.4,8.4,840,22.409011999960057,0.3100864000152796,2.982923631412279,12390.0,1,15
proposed_n84_k10_h11_sp177_ds17,proposed,84,10,11,17,197.65264026584217,160.23473597341578,140.94861329201146,1602.347359734158,14.900161499972455,48.19737579999492,4224.153161445439,84,12390.0,10,True,True,True,True,True,False,global_assignment_boundary_sova,64.0,False,177,17,177000548,spatial_seed_177,8.4,8.4,840,63.09753729996737,48.241160099976696,2.353007622212407,12390.0,1,16
pso_n84_k10_h11_sp177_ds17,pso,84,10,11,17,239.53969904793016,156.04603009520696,139.46458501740344,1560.4603009520697,22.09894960001111,19.202878699987195,3847.846549859735,84,12390.0,10,True,True,True,True,True,,,,,177,17,177000548,spatial_seed_177,8.4,8.4,840,41.30182829999831,19.21457269997336,2.8516630839039303,12390.0,1,15
aco_n84_k10_h11_sp187_ds7,aco,84,10,11,7,204.5836001337037,159.54163998662963,130.10317485281428,1595.4163998662964,21.736988299991932,31.12822720000986,4912.439100911214,84,13168.0,10,True,True,True,True,True,,,,,187,7,187000568,spatial_seed_187,8.4,8.4,840,52.8652155000018,31.13012970006093,2.4355190492107583,13168.0,1,16
ga_n84_k10_h11_sp187_ds7,ga,84,10,11,7,210.52869781561157,158.94713021843884,139.4196255679767,1589.4713021843884,21.736988299991932,27.93062599992845,3440.8321858805944,84,13168.0,10,True,True,True,True,True,,,,,187,7,187000568,spatial_seed_187,8.4,8.4,840,49.66761429992039,27.944234799942933,2.506294021614423,13168.0,1,14
nn_n84_k10_h11_sp187_ds7,nn,84,10,11,7,242.78141212715727,155.72185878728425,137.25173719445763,1557.2185878728426,21.736988299991932,0.3342959999572485,3817.440409682668,84,13168.0,10,True,True,True,True,True,,,,,187,7,187000568,spatial_seed_187,8.4,8.4,840,22.071284299949184,0.3343344000168144,2.8902549062756826,13168.0,1,14
proposed_n84_k10_h11_sp187_ds7,proposed,84,10,11,7,193.88981887360592,160.6110181126394,136.523246393305,1606.110181126394,14.9931078000227,36.386159499990754,4132.08057317862,84,13168.0,10,True,True,True,True,True,False,global_assignment_boundary_sova,64.0,False,187,7,187000568,spatial_seed_187,8.4,8.4,840,51.37926730001345,36.431787299981806,2.3082121294476896,13168.0,1,14
pso_n84_k10_h11_sp187_ds7,pso,84,10,11,7,231.7796736906004,156.82203263094,140.19257782317214,1568.2203263093998,21.736988299991932,15.96256470005028,3197.164535027581,84,13168.0,10,True,True,True,True,True,,,,,187,7,187000568,spatial_seed_187,8.4,8.4,840,37.699553000042215,15.968093600007704,2.7592818296500043,13168.0,1,13
aco_n84_k10_h11_sp187_ds17,aco,84,10,11,17,198.78047128627853,160.12195287137214,132.76352153737585,1601.2195287137215,22.703831700026058,31.70731159998104,4961.818343931344,84,12390.0,10,True,True,True,True,True,,,,,187,17,187000578,spatial_seed_187,8.4,8.4,840,54.4111433000071,31.709613099927083,2.366434181979506,12390.0,1,15
ga_n84_k10_h11_sp187_ds17,ga,84,10,11,17,212.33264330810312,158.7667356691897,143.38372178199114,1587.6673566918969,22.703831700026058,24.379331000032835,3741.0110441858046,84,12390.0,10,True,True,True,True,True,,,,,187,17,187000578,spatial_seed_187,8.4,8.4,840,47.08316270005889,24.390718600014225,2.527769563191704,12390.0,1,14
nn_n84_k10_h11_sp187_ds17,nn,84,10,11,17,221.55277845186396,157.8447221548136,140.8413582335899,1578.447221548136,22.703831700026058,0.3726237000664696,3527.945486838052,84,12390.0,10,True,True,True,True,True,,,,,187,17,187000578,spatial_seed_187,8.4,8.4,840,23.076455400092527,0.3726572000887245,2.637533076807904,12390.0,1,14
proposed_n84_k10_h11_sp187_ds17,proposed,84,10,11,17,197.4781022982402,160.252189770176,130.49630386705255,1602.5218977017598,15.101249200000892,49.44353869999759,5494.194907474975,84,12390.0,10,True,True,True,True,True,False,global_assignment_boundary_sova,64.0,False,187,17,187000578,spatial_seed_187,8.4,8.4,840,64.54478789999848,49.469894500041846,2.3509297892647645,12390.0,1,17
pso_n84_k10_h11_sp187_ds17,pso,84,10,11,17,216.6412280256241,158.33587719743758,140.8413582335899,1583.358771974376,22.703831700026058,18.042764500016347,3470.582288258685,84,12390.0,10,True,True,True,True,True,,,,,187,17,187000578,spatial_seed_187,8.4,8.4,840,40.7465962000424,18.05003229994327,2.5790622384002866,12390.0,1,14
aco_n84_k10_h11_sp197_ds7,aco,84,10,11,7,220.50521528067625,157.94947847193237,127.0452291070814,1579.4947847193237,22.836294100037776,31.430618899990804,3837.005960299193,84,13168.0,10,True,True,True,True,True,,,,,197,7,197000598,spatial_seed_197,8.4,8.4,840,54.26691300002858,31.434632100048475,2.6250620866747174,13168.0,1,14
ga_n84_k10_h11_sp197_ds7,ga,84,10,11,7,245.09345976762788,155.49065402323723,142.2772491334432,1554.9065402323722,22.836294100037776,27.57721039990429,3516.3774287621795,84,13168.0,10,True,True,True,True,True,,,,,197,7,197000598,spatial_seed_197,8.4,8.4,840,50.413504499942064,27.58570900000632,2.9177792829479507,13168.0,1,13
nn_n84_k10_h11_sp197_ds7,nn,84,10,11,7,260.65235291490114,153.9347647085099,136.4438220281059,1539.347647085099,22.836294100037776,0.3165241000242531,3776.3409751336662,84,13168.0,10,True,True,True,True,True,,,,,197,7,197000598,spatial_seed_197,8.4,8.4,840,23.15281820006203,0.316556500038132,3.1030042013678707,13168.0,1,14
proposed_n84_k10_h11_sp197_ds7,proposed,84,10,11,7,233.23146204296384,156.6768537957036,132.19339194626514,1566.7685379570362,15.329487999959383,21.01925399998436,3682.557237250221,84,13168.0,10,True,True,True,True,True,False,global_assignment_boundary_sova,64.0,False,197,7,197000598,spatial_seed_197,8.4,8.4,840,36.34874199994374,21.027919499960262,2.7765650243209983,13168.0,1,13
pso_n84_k10_h11_sp197_ds7,pso,84,10,11,7,250.35702266529947,154.96429773347006,140.37252261657773,1549.6429773347006,22.836294100037776,19.87215109996032,3740.619238633204,84,13168.0,10,True,True,True,True,True,,,,,197,7,197000598,spatial_seed_197,8.4,8.4,840,42.708445199998096,19.881122500053607,2.98044074601547,13168.0,1,14
aco_n84_k10_h11_sp197_ds17,aco,84,10,11,17,225.72941232439797,157.4270587675602,131.3144927399832,1574.270587675602,22.018206699984148,31.39372130006086,4422.761573498275,84,12390.0,10,True,True,True,True,True,,,,,197,17,197000608,spatial_seed_197,8.4,8.4,840,53.41192800004501,31.396692100097425,2.687254908623785,12390.0,1,13
ga_n84_k10_h11_sp197_ds17,ga,84,10,11,17,231.22053250176387,156.8779467498236,124.17686783598796,1568.779467498236,22.018206699984148,27.98176410002634,4856.109427510836,84,12390.0,10,True,True,True,True,True,,,,,197,17,197000608,spatial_seed_197,8.4,8.4,840,49.99997080001049,27.993297600070942,2.7526253869257604,12390.0,1,15
nn_n84_k10_h11_sp197_ds17,nn,84,10,11,17,244.71264592804195,155.52873540719582,132.24858475329722,1555.287354071958,22.018206699984148,0.3349274999927729,4551.476335230111,84,12390.0,10,True,True,True,True,True,,,,,197,17,197000608,spatial_seed_197,8.4,8.4,840,22.35313419997692,0.3349509999388829,2.9132457848576423,12390.0,1,15
proposed_n84_k10_h11_sp197_ds17,proposed,84,10,11,17,207.5526444651464,159.24473555348536,145.32402373148005,1592.4473555348536,15.41321580001386,24.41698219999671,3499.5609964364776,84,12390.0,10,True,True,True,True,True,False,global_assignment_boundary_sova,64.0,False,197,17,197000608,spatial_seed_197,8.4,8.4,840,39.83019800001057,24.434938599995803,2.4708648150612667,12390.0,1,13
pso_n84_k10_h11_sp197_ds17,pso,84,10,11,17,240.259028158595,155.9740971841405,140.0746953403763,1559.740971841405,22.018206699984148,17.758030400029384,3509.486223334124,84,12390.0,10,True,True,True,True,True,,,,,197,17,197000608,spatial_seed_197,8.4,8.4,840,39.77623710001353,17.764360600034706,2.860226525697559,12390.0,1,15
aco_n100_k12_h11_sp107_ds7,aco,100,12,11,7,254.7469810309601,158.77108491408666,118.09415895624583,1905.25301896904,18.818087899999227,30.69486990000587,5729.613369173943,100,15708.0,12,True,True,True,True,True,,,,,107,7,107000328,spatial_seed_107,8.4,8.333333333333334,1200,49.5129578000051,30.697359399986453,2.5474698103096007,15708.0,1,13
ga_n100_k12_h11_sp107_ds7,ga,100,12,11,7,285.02748706144257,156.24770941154645,135.11886853875336,1874.9725129385572,18.818087899999227,20.281814699992537,3903.808905918781,100,15708.0,12,True,True,True,True,True,,,,,107,7,107000328,spatial_seed_107,8.4,8.333333333333334,1200,39.099902599991765,20.2892360999831,2.8502748706144256,15708.0,1,14
nn_n100_k12_h11_sp107_ds7,nn,100,12,11,7,304.65139197441545,154.61238400213205,136.69784282517116,1855.3486080255848,18.818087899999227,0.3960437999921851,3933.316270065288,100,15708.0,12,True,True,True,True,True,,,,,107,7,107000328,spatial_seed_107,8.4,8.333333333333334,1200,19.21413169999141,0.3960768999531865,3.046513919744154,15708.0,1,14
proposed_n100_k12_h11_sp107_ds7,proposed,100,12,11,7,240.05938537328825,159.99505121889266,139.46134606056393,1919.940614626712,18.818087899999227,40.33964929997455,4072.19078782273,100,15708.0,12,True,True,True,True,True,False,global_assignment_boundary_sova,64.0,False,107,7,107000328,spatial_seed_107,8.4,8.333333333333334,1200,59.15773719997378,40.39071310003055,2.4005938537328824,15708.0,1,13
pso_n100_k12_h11_sp107_ds7,pso,100,12,11,7,288.5704913165636,155.95245905695305,135.23340361485322,1871.4295086834368,18.818087899999227,16.285703799978364,3887.0159931928097,100,15708.0,12,True,True,True,True,True,,,,,107,7,107000328,spatial_seed_107,8.4,8.333333333333334,1200,35.10379169997759,16.292951999988873,2.885704913165636,15708.0,1,14
aco_n100_k12_h11_sp107_ds17,aco,100,12,11,17,256.65936441602787,158.61171963199766,128.06443878304236,1903.340635583972,25.14416899997741,38.093351599993184,5008.622633114791,100,14577.0,12,True,True,True,True,True,,,,,107,17,107000338,spatial_seed_107,8.4,8.333333333333334,1200,63.237520599970594,38.09678629995324,2.5665936441602786,14577.0,1,14
ga_n100_k12_h11_sp107_ds17,ga,100,12,11,17,265.69794524745936,157.85850456271172,138.1604814146029,1894.3020547525407,25.14416899997741,39.52336900006048,4108.657262089585,100,14577.0,12,True,True,True,True,True,,,,,107,17,107000338,spatial_seed_107,8.4,8.333333333333334,1200,64.6675380000379,39.53759269998409,2.6569794524745936,14577.0,1,16
nn_n100_k12_h11_sp107_ds17,nn,100,12,11,17,283.0841756581089,156.4096520284909,138.3143099114452,1876.915824341891,25.14416899997741,0.5238877999363467,3991.966402462617,100,14577.0,12,True,True,True,True,True,,,,,107,17,107000338,spatial_seed_107,8.4,8.333333333333334,1200,25.66805679991376,0.52391530002933,2.830841756581089,14577.0,1,17
proposed_n100_k12_h11_sp107_ds17,proposed,100,12,11,17,241.108628056672,159.90761432861066,142.99294299423389,1918.891371943328,18.408114599995315,46.14317399996799,4064.773046643847,100,14577.0,12,True,True,True,True,True,False,global_assignment_boundary_sova,64.0,False,107,17,107000338,spatial_seed_107,8.4,8.333333333333334,1200,64.5512885999633,46.19179190002615,2.41108628056672,14577.0,1,15
pso_n100_k12_h11_sp107_ds17,pso,100,12,11,17,273.4215845648458,157.21486795292952,138.3143099114452,1886.5784154351545,25.14416899997741,26.220846300013363,3991.966402462617,100,14577.0,12,True,True,True,True,True,,,,,107,17,107000338,spatial_seed_107,8.4,8.333333333333334,1200,51.36501529999077,26.229759500012733,2.7342158456484578,14577.0,1,17
aco_n100_k12_h11_sp117_ds7,aco,100,12,11,7,241.0193113272775,159.91505738939355,123.70709415208115,1918.9806886727224,24.802174099953845,43.39731379994191,5435.728724241964,100,15708.0,12,True,True,True,True,True,,,,,117,7,117000358,spatial_seed_117,8.4,8.333333333333334,1200,68.19948789989576,43.40123519999906,2.410193113272775,15708.0,1,14
ga_n100_k12_h11_sp117_ds7,ga,100,12,11,7,267.84402763810937,157.6796643634909,129.81405084622617,1892.1559723618907,24.802174099953845,57.13279709999915,4082.477885817954,100,15708.0,12,True,True,True,True,True,,,,,117,7,117000358,spatial_seed_117,8.4,8.333333333333334,1200,81.934971199953,57.14749149989802,2.6784402763810937,15708.0,1,15
nn_n100_k12_h11_sp117_ds7,nn,100,12,11,7,291.51821384831123,155.70681551264073,129.45909839837515,1868.4817861516888,24.802174099953845,0.5527487000217661,4405.272538142461,100,15708.0,12,True,True,True,True,True,,,,,117,7,117000358,spatial_seed_117,8.4,8.333333333333334,1200,25.35492279997561,0.5527709999587387,2.9151821384831123,15708.0,1,14
proposed_n100_k12_h11_sp117_ds7,proposed,100,12,11,7,231.2713819105108,160.7273848407908,137.8866182918131,1928.7286180894887,17.7778091999935,68.43020899995463,4142.788928211719,100,15708.0,12,True,True,True,True,True,False,global_assignment_boundary_sova,64.0,False,117,7,117000358,spatial_seed_117,8.4,8.333333333333334,1200,86.20801819994813,68.48040239996044,2.312713819105108,15708.0,1,15
pso_n100_k12_h11_sp117_ds7,pso,100,12,11,7,275.35400498349145,157.0538329180424,130.1005516048987,1884.6459950165088,24.802174099953845,32.70542639994528,4359.640499792125,100,15708.0,12,True,True,True,True,True,,,,,117,7,117000358,spatial_seed_117,8.4,8.333333333333334,1200,57.50760049989913,32.715838200063445,2.7535400498349145,15708.0,1,14
aco_n100_k12_h11_sp117_ds17,aco,100,12,11,17,234.0110431539373,160.49907973717188,127.99454301763862,1925.9889568460624,26.569803399965167,39.02470539999194,4048.6046796271226,100,14577.0,12,True,True,True,True,True,,,,,117,17,117000368,spatial_seed_117,8.4,8.333333333333334,1200,65.59450879995711,39.02723749994766,2.3401104315393733,14577.0,1,13
ga_n100_k12_h11_sp117_ds17,ga,100,12,11,17,251.42041772709905,159.04829852274176,133.87227863082083,1908.579582272901,26.569803399965167,47.62368760001846,4180.99457095352,100,14577.0,12,True,True,True,True,True,,,,,117,17,117000368,spatial_seed_117,8.4,8.333333333333334,1200,74.19349099998362,47.63407150004059,2.51420417727099,14577.0,1,15
nn_n100_k12_h11_sp117_ds17,nn,100,12,11,17,272.1883847187762,157.31763460676865,131.37645883995629,1887.811615281224,26.569803399965167,0.5566554000834003,3967.382303905275,100,14577.0,12,True,True,True,True,True,,,,,117,17,117000368,spatial_seed_117,8.4,8.333333333333334,1200,27.126458800048567,0.5566930999048054,2.721883847187762,14577.0,1,15
proposed_n100_k12_h11_sp117_ds17,proposed,100,12,11,17,227.0861287588673,161.07615593676107,136.89476663979443,1932.9138712411327,17.94467340002302,123.59751970000798,3974.046714893184,100,14577.0,12,True,True,True,True,True,False,global_assignment_boundary_sova,64.0,False,117,17,117000368,spatial_seed_117,8.4,8.333333333333334,1200,141.542193100031,123.79553810000652,2.2708612875886733,14577.0,1,15
pso_n100_k12_h11_sp117_ds17,pso,100,12,11,17,265.6666349489333,157.86111375425557,132.7053792318927,1894.3333650510667,26.569803399965167,36.690744099905714,4006.464618939445,100,14577.0,12,True,True,True,True,True,,,,,117,17,117000368,spatial_seed_117,8.4,8.333333333333334,1200,63.26054749987088,36.70139629999176,2.656666349489333,14577.0,1,15
aco_n100_k12_h11_sp127_ds7,aco,100,12,11,7,241.1109393922312,159.9074217173141,140.43936952997308,1918.889060607769,18.00314420001814,25.62506160000339,3898.048972612268,100,15708.0,12,True,True,True,True,True,,,,,127,7,127000388,spatial_seed_127,8.4,8.333333333333334,1200,43.62820580002153,25.62719209998613,2.411109393922312,15708.0,1,15
ga_n100_k12_h11_sp127_ds7,ga,100,12,11,7,265.44352098102627,157.8797065849145,141.1703114318626,1894.5564790189735,18.00314420001814,24.14182660001097,3521.935117334186,100,15708.0,12,True,True,True,True,True,,,,,127,7,127000388,spatial_seed_127,8.4,8.333333333333334,1200,42.14497080002912,24.15154970000731,2.654435209810263,15708.0,1,16
nn_n100_k12_h11_sp127_ds7,nn,100,12,11,7,294.1669986768116,155.48608344359903,141.08334227327333,1865.8330013231885,18.00314420001814,0.3782512000179849,3720.818004698692,100,15708.0,12,True,True,True,True,True,,,,,127,7,127000388,spatial_seed_127,8.4,8.333333333333334,1200,18.381395400036126,0.3783159999875352,2.941669986768116,15708.0,1,16
proposed_n100_k12_h11_sp127_ds7,proposed,100,12,11,7,256.5011299575596,158.62490583687003,144.99794861603007,1903.4988700424403,18.00314420001814,28.110943000006955,3364.19586302168,100,15708.0,12,True,True,True,True,True,False,global_assignment_boundary_sova,64.0,False,127,7,127000388,spatial_seed_127,8.4,8.333333333333334,1200,46.1140872000251,28.13016990001779,2.565011299575596,15708.0,1,14
pso_n100_k12_h11_sp127_ds7,pso,100,12,11,7,289.6008638302242,155.86659468081464,141.08334227327333,1870.399136169776,18.00314420001814,16.75452529999893,3680.0476451337454,100,15708.0,12,True,True,True,True,True,,,,,127,7,127000388,spatial_seed_127,8.4,8.333333333333334,1200,34.75766950001707,16.76202529994771,2.8960086383022423,15708.0,1,16
aco_n100_k12_h11_sp127_ds17,aco,100,12,11,17,241.37130355333431,159.88572470388883,143.75112880750694,1918.6286964466656,26.29719160008244,41.92761440004688,3089.255863566179,100,14577.0,12,True,True,True,True,True,,,,,127,17,127000398,spatial_seed_127,8.4,8.333333333333334,1200,68.22480600012932,41.92972600006033,2.413713035533343,14577.0,1,15
ga_n100_k12_h11_sp127_ds17,ga,100,12,11,17,271.51109094657943,157.37407575445172,142.9644938363752,1888.488909053421,26.29719160008244,44.793908299994655,3637.695564701197,100,14577.0,12,True,True,True,True,True,,,,,127,17,127000398,spatial_seed_127,8.4,8.333333333333334,1200,71.0910999000771,44.816222900059074,2.7151109094657944,14577.0,1,16
nn_n100_k12_h11_sp127_ds17,nn,100,12,11,17,291.7534917507108,155.6872090207741,139.2859595508384,1868.2465082492893,26.29719160008244,0.5485825999639928,3535.0841011690272,100,14577.0,12,True,True,True,True,True,,,,,127,17,127000398,spatial_seed_127,8.4,8.333333333333334,1200,26.845774200046435,0.5486089000478387,2.917534917507108,14577.0,1,15
proposed_n100_k12_h11_sp127_ds17,proposed,100,12,11,17,222.1194941977913,161.49004215018405,142.22145822691206,1937.8805058022087,18.01544809999177,38.38500880001811,4222.99445806006,100,14577.0,12,True,True,True,True,True,False,global_assignment_boundary_sova,64.0,False,127,17,127000398,spatial_seed_127,8.4,8.333333333333334,1200,56.400456900009885,38.44509939994896,2.2211949419779136,14577.0,1,14
pso_n100_k12_h11_sp127_ds17,pso,100,12,11,17,284.9250189536108,156.25624842053244,140.82557055226263,1875.0749810463888,26.29719160008244,31.890253699966703,3499.176588445864,100,14577.0,12,True,True,True,True,True,,,,,127,17,127000398,spatial_seed_127,8.4,8.333333333333334,1200,58.18744530004915,31.90395239996724,2.8492501895361078,14577.0,1,15
aco_n100_k12_h11_sp137_ds7,aco,100,12,11,7,244.06293761549028,159.6614218653758,135.86248269498276,1915.9370623845095,26.63357659999747,41.47971939994022,3995.1627628672895,100,15708.0,12,True,True,True,True,True,,,,,137,7,137000418,spatial_seed_137,8.4,8.333333333333334,1200,68.11329599993769,41.4827114000218,2.4406293761549027,15708.0,1,14
ga_n100_k12_h11_sp137_ds7,ga,100,12,11,7,253.41606847995544,158.88199429333704,140.05296394722905,1906.5839315200449,26.63357659999747,36.85198879998643,4561.785733928064,100,15708.0,12,True,True,True,True,True,,,,,137,7,137000418,spatial_seed_137,8.4,8.333333333333334,1200,63.4855653999839,36.86397349997424,2.5341606847995544,15708.0,1,14
nn_n100_k12_h11_sp137_ds7,nn,100,12,11,7,281.3166330680384,156.55694724433013,138.05189287794434,1878.6833669319617,26.63357659999747,0.5606776000931859,4187.789842937188,100,15708.0,12,True,True,True,True,True,,,,,137,7,137000418,spatial_seed_137,8.4,8.333333333333334,1200,27.19425420009065,0.5607013999251649,2.813166330680384,15708.0,1,14
proposed_n100_k12_h11_sp137_ds7,proposed,100,12,11,7,229.66863916655112,160.86094673612075,141.32325017945826,1930.331360833449,18.64247449999675,69.60573939996539,3819.919261180269,100,15708.0,12,True,True,True,True,True,False,global_assignment_boundary_sova,64.0,False,137,7,137000418,spatial_seed_137,8.4,8.333333333333334,1200,88.24821389996214,69.66975849994924,2.296686391665512,15708.0,1,16
pso_n100_k12_h11_sp137_ds7,pso,100,12,11,7,277.10999093168914,156.90750075569258,138.05189287794434,1882.890009068311,26.63357659999747,27.858665200066756,4187.789842937188,100,15708.0,12,True,True,True,True,True,,,,,137,7,137000418,spatial_seed_137,8.4,8.333333333333334,1200,54.49224180006422,27.86940560000949,2.7710999093168915,15708.0,1,14
aco_n100_k12_h11_sp137_ds17,aco,100,12,11,17,237.4051713490512,160.2162357209124,142.918141648929,1922.5948286509488,26.811116500059143,42.49646030005533,3737.074760599192,100,14577.0,12,True,True,True,True,True,,,,,137,17,137000428,spatial_seed_137,8.4,8.333333333333334,1200,69.30757680011448,42.49914369999897,2.374051713490512,14577.0,1,16
ga_n100_k12_h11_sp137_ds17,ga,100,12,11,17,248.72713481796723,159.2727387651694,138.2412486927996,1911.2728651820328,26.811116500059143,34.2262082999805,4233.9426238794,100,14577.0,12,True,True,True,True,True,,,,,137,17,137000428,spatial_seed_137,8.4,8.333333333333334,1200,61.03732480003964,34.23767850000877,2.4872713481796724,14577.0,1,16
nn_n100_k12_h11_sp137_ds17,nn,100,12,11,17,265.8975246081442,157.8418729493213,136.60858643175544,1894.102475391856,26.811116500059143,0.6820772000355646,4259.046693503598,100,14577.0,12,True,True,True,True,True,,,,,137,17,137000428,spatial_seed_137,8.4,8.333333333333334,1200,27.493193700094707,0.6821115000639111,2.6589752460814418,14577.0,1,16
proposed_n100_k12_h11_sp137_ds17,proposed,100,12,11,17,234.05084608498623,160.49576282625114,141.39712049018584,1925.9491539150133,18.32591690000845,95.9960565000074,4213.217672224597,100,14577.0,12,True,True,True,True,True,False,global_assignment_boundary_sova,64.0,False,137,17,137000428,spatial_seed_137,8.4,8.333333333333334,1200,114.32197340001584,96.07737710000949,2.3405084608498625,14577.0,1,18
pso_n100_k12_h11_sp137_ds17,pso,100,12,11,17,259.3808814062407,158.38492654947996,136.63555152694528,1900.6191185937596,26.811116500059143,27.99218850000761,4244.977697323176,100,14577.0,12,True,True,True,True,True,,,,,137,17,137000428,spatial_seed_137,8.4,8.333333333333334,1200,54.80330500006676,28.004111199988984,2.593808814062407,14577.0,1,16
aco_n100_k12_h11_sp147_ds7,aco,100,12,11,7,234.43289104313124,160.46392574640572,130.8591031791673,1925.5671089568689,17.8790928000235,26.049591900024097,4566.534950164313,100,15708.0,12,True,True,True,True,True,,,,,147,7,147000448,spatial_seed_147,8.4,8.333333333333334,1200,43.9286847000476,26.05240779998712,2.3443289104313125,15708.0,1,14
ga_n100_k12_h11_sp147_ds7,ga,100,12,11,7,244.3981547731888,159.63348710223428,143.5900653467548,1915.6018452268115,17.8790928000235,23.129903300025035,3915.5045203786494,100,15708.0,12,True,True,True,True,True,,,,,147,7,147000448,spatial_seed_147,8.4,8.333333333333334,1200,41.008996100048535,23.139038099965543,2.443981547731888,15708.0,1,15
nn_n100_k12_h11_sp147_ds7,nn,100,12,11,7,257.9904822048824,158.50079314959314,141.51609487196998,1902.0095177951175,17.8790928000235,0.3945315000019036,3358.7353936261197,100,15708.0,12,True,True,True,True,True,,,,,147,7,147000448,spatial_seed_147,8.4,8.333333333333334,1200,18.273624300025403,0.394626299967058,2.579904822048824,15708.0,1,14
proposed_n100_k12_h11_sp147_ds7,proposed,100,12,11,7,225.33412517554075,161.2221562353716,138.2522999583287,1934.6658748244597,17.8790928000235,40.65477659995668,3667.445963600991,100,15708.0,12,True,True,True,True,True,False,global_assignment_boundary_sova,64.0,False,147,7,147000448,spatial_seed_147,8.4,8.333333333333334,1200,58.533869399980176,40.690856600005645,2.2533412517554074,15708.0,1,16
pso_n100_k12_h11_sp147_ds7,pso,100,12,11,7,248.9903062043307,159.25080781630578,143.7162479601596,1911.0096937956691,17.8790928000235,16.336554899986368,3358.7353936261197,100,15708.0,12,True,True,True,True,True,,,,,147,7,147000448,spatial_seed_147,8.4,8.333333333333334,1200,34.21564770000987,16.343969399982598,2.489903062043307,15708.0,1,14
aco_n100_k12_h11_sp147_ds17,aco,100,12,11,17,224.84739751894327,161.2627168734214,141.23663223823607,1935.1526024810569,27.247622900060374,40.24138929997571,3533.989827740091,100,14577.0,12,True,True,True,True,True,,,,,147,17,147000458,spatial_seed_147,8.4,8.333333333333334,1200,67.48901220003609,40.24411070009228,2.2484739751894334,14577.0,1,15
ga_n100_k12_h11_sp147_ds17,ga,100,12,11,17,239.59998335840035,160.0333347201333,128.7390560503919,1920.4000166416,27.247622900060374,52.03288830001839,5020.555906299784,100,14577.0,12,True,True,True,True,True,,,,,147,17,147000458,spatial_seed_147,8.4,8.333333333333334,1200,79.28051120007876,52.04596090002451,2.395999833584004,14577.0,1,14
nn_n100_k12_h11_sp147_ds17,nn,100,12,11,17,253.7516257630876,158.85403118640937,140.54041717570033,1906.2483742369125,27.247622900060374,0.5618969000643119,3748.5952465521545,100,14577.0,12,True,True,True,True,True,,,,,147,17,147000458,spatial_seed_147,8.4,8.333333333333334,1200,27.80951980012469,0.5619327001040801,2.5375162576308763,14577.0,1,15
proposed_n100_k12_h11_sp147_ds17,proposed,100,12,11,17,219.3925366420805,161.71728861315995,142.04639227589377,1940.60746335792,18.069931700010784,179.35085060005076,5186.784058484879,100,14577.0,12,True,True,True,True,True,False,global_assignment_boundary_sova,64.0,False,147,17,147000458,spatial_seed_147,8.4,8.333333333333334,1200,197.42078230006155,179.44911649997812,2.193925366420805,14577.0,1,19
pso_n100_k12_h11_sp147_ds17,pso,100,12,11,17,250.23201598027333,159.1473320016439,140.81610492404246,1909.7679840197268,27.247622900060374,26.381074900040403,3695.450819373573,100,14577.0,12,True,True,True,True,True,,,,,147,17,147000458,spatial_seed_147,8.4,8.333333333333334,1200,53.62869780010078,26.39124340005219,2.5023201598027334,14577.0,1,15
aco_n100_k12_h11_sp157_ds7,aco,100,12,11,7,246.7359415574645,159.43867153687796,138.52046177965337,1913.2640584425355,19.05238750000717,26.49383069999749,3958.043595125152,100,15708.0,12,True,True,True,True,True,,,,,157,7,157000478,spatial_seed_157,8.4,8.333333333333334,1200,45.54621820000466,26.49571449996438,2.467359415574645,15708.0,1,15
ga_n100_k12_h11_sp157_ds7,ga,100,12,11,7,270.0611106992414,157.49490744172988,137.26236629271062,1889.9388893007583,19.05238750000717,24.4374788000132,4238.16928861869,100,15708.0,12,True,True,True,True,True,,,,,157,7,157000478,spatial_seed_157,8.4,8.333333333333334,1200,43.48986630002037,24.44672789995093,2.700611106992414,15708.0,4,14
nn_n100_k12_h11_sp157_ds7,nn,100,12,11,7,293.4064851872446,155.54945956772963,136.05086315179068,1866.5935148127555,19.05238750000717,0.4045559000223875,3958.724962867078,100,15708.0,12,True,True,True,True,True,,,,,157,7,157000478,spatial_seed_157,8.4,8.333333333333334,1200,19.45694340002956,0.4045857000164687,2.9340648518724457,15708.0,1,13
proposed_n100_k12_h11_sp157_ds7,proposed,100,12,11,7,237.9365316972577,160.1719556918952,144.39082305534066,1922.0634683027424,19.05238750000717,46.75951379997423,3283.5062755030644,100,15708.0,12,True,True,True,True,True,False,global_assignment_boundary_sova,64.0,False,157,7,157000478,spatial_seed_157,8.4,8.333333333333334,1200,65.8119012999814,46.81885670003248,2.379365316972577,15708.0,1,15
pso_n100_k12_h11_sp157_ds7,pso,100,12,11,7,284.00830147615113,156.33264154365406,136.16288167572543,1875.9916985238488,19.05238750000717,18.24506909999764,3977.081159343384,100,15708.0,12,True,True,True,True,True,,,,,157,7,157000478,spatial_seed_157,8.4,8.333333333333334,1200,37.29745660000481,18.25278119998984,2.8400830147615115,15708.0,1,13
aco_n100_k12_h11_sp157_ds17,aco,100,12,11,17,243.85137830240745,159.6790518081327,132.13669418189153,1916.1486216975925,26.260875800042413,37.607248199987225,4251.727183345541,100,14577.0,12,True,True,True,True,True,,,,,157,17,157000488,spatial_seed_157,8.4,8.333333333333334,1200,63.86812400002964,37.61033029993996,2.4385137830240744,14577.0,1,16
ga_n100_k12_h11_sp157_ds17,ga,100,12,11,17,263.2107280839562,158.06577265967033,142.710379599216,1896.789271916044,26.260875800042413,39.991304100025445,4142.51696221048,100,14577.0,12,True,True,True,True,True,,,,,157,17,157000488,spatial_seed_157,8.4,8.333333333333334,1200,66.25217990006786,40.0065828000661,2.6321072808395622,14577.0,1,17
nn_n100_k12_h11_sp157_ds17,nn,100,12,11,17,296.27186510250567,155.31067790812452,142.57388919466325,1863.7281348974943,26.260875800042413,0.4789469999959692,3567.136520623154,100,14577.0,12,True,True,True,True,True,,,,,157,17,157000488,spatial_seed_157,8.4,8.333333333333334,1200,26.739822800038382,0.4789774999953806,2.9627186510250567,14577.0,1,17
proposed_n100_k12_h11_sp157_ds17,proposed,100,12,11,17,235.6591409848152,160.3617382512654,141.81936673164006,1924.3408590151848,18.67351980000967,129.0468370000017,3944.248549740755,100,14577.0,12,True,True,True,True,True,False,global_assignment_boundary_sova,64.0,False,157,17,157000488,spatial_seed_157,8.4,8.333333333333334,1200,147.72035680001136,129.2235139000113,2.356591409848152,14577.0,1,17
pso_n100_k12_h11_sp157_ds17,pso,100,12,11,17,292.09557980034407,155.65870168330466,116.4931702772448,1867.904420199656,26.260875800042413,28.30319290002808,4820.971561188391,100,14577.0,12,True,True,True,True,True,,,,,157,17,157000488,spatial_seed_157,8.4,8.333333333333334,1200,54.56406870007049,28.3136798000196,2.920955798003441,14577.0,1,17
aco_n100_k12_h11_sp167_ds7,aco,100,12,11,7,239.01718642265607,160.0819011314453,134.49145589315367,1920.982813577344,23.7087615999626,38.853128299932,3401.3109333266484,100,15708.0,12,True,True,True,True,True,,,,,167,7,167000508,spatial_seed_167,8.4,8.333333333333334,1200,62.5618898998946,38.85589270002674,2.3901718642265606,15708.0,1,15
ga_n100_k12_h11_sp167_ds7,ga,100,12,11,7,250.60383097387253,159.11634741884396,124.30719455188574,1909.3961690261276,23.7087615999626,36.64916050003376,4400.063583183176,100,15708.0,12,True,True,True,True,True,,,,,167,7,167000508,spatial_seed_167,8.4,8.333333333333334,1200,60.35792209999636,36.66071690001991,2.506038309738725,15708.0,1,15
nn_n100_k12_h11_sp167_ds7,nn,100,12,11,7,275.7671151298805,157.01940707250995,131.4195274071818,1884.2328848701195,23.7087615999626,0.5344978999346495,3689.424075220733,100,15708.0,12,True,True,True,True,True,,,,,167,7,167000508,spatial_seed_167,8.4,8.333333333333334,1200,24.24325949989725,0.5345215999986976,2.757671151298805,15708.0,1,15
proposed_n100_k12_h11_sp167_ds7,proposed,100,12,11,7,226.45225271943383,161.12897894004718,134.10228224710235,1933.5477472805665,18.59772249998059,150.85034140001517,4026.927408551168,100,15708.0,12,True,True,True,True,True,False,global_assignment_boundary_sova,64.0,False,167,7,167000508,spatial_seed_167,8.4,8.333333333333334,1200,169.44806389999576,150.88652250001903,2.2645225271943388,15708.0,1,19
pso_n100_k12_h11_sp167_ds7,pso,100,12,11,7,272.0365249777849,157.3302895851846,118.62748900504428,1887.963475022215,23.7087615999626,23.99482000002172,5030.877306023431,100,15708.0,12,True,True,True,True,True,,,,,167,7,167000508,spatial_seed_167,8.4,8.333333333333334,1200,47.70358159998432,24.003796799923293,2.7203652497778488,15708.0,1,15
aco_n100_k12_h11_sp167_ds17,aco,100,12,11,17,237.4080700541031,160.21599416215807,129.5243166738994,1922.591929945897,18.928787200013176,24.96944930002792,3816.5384732537054,100,14577.0,12,True,True,True,True,True,,,,,167,17,167000518,spatial_seed_167,8.4,8.333333333333334,1200,43.89823650004109,24.971316300041508,2.3740807005410307,14577.0,1,15
ga_n100_k12_h11_sp167_ds17,ga,100,12,11,17,253.69984766312277,158.8583460280731,130.70161773135763,1906.300152336877,18.928787200013176,22.67547400004696,4387.993968287975,100,14577.0,12,True,True,True,True,True,,,,,167,17,167000518,spatial_seed_167,8.4,8.333333333333334,1200,41.60426120006014,22.68410179996863,2.5369984766312275,14577.0,1,15
nn_n100_k12_h11_sp167_ds17,nn,100,12,11,17,262.77501221308034,158.10208231557664,133.34308773189184,1897.22498778692,18.928787200013176,0.3928769999765791,3555.407489373188,100,14577.0,12,True,True,True,True,True,,,,,167,17,167000518,spatial_seed_167,8.4,8.333333333333334,1200,19.321664199989755,0.393004400015343,2.6277501221308035,14577.0,1,15
proposed_n100_k12_h11_sp167_ds17,proposed,100,12,11,17,220.8662783928767,161.5944768005936,135.01647456831785,1939.1337216071236,18.928787200013176,71.57083370001055,3322.3182374434773,100,14577.0,12,True,True,True,True,True,False,global_assignment_boundary_sova,64.0,False,167,17,167000518,spatial_seed_167,8.4,8.333333333333334,1200,90.49962090002371,71.65917120000813,2.2086627839287667,14577.0,1,16
pso_n100_k12_h11_sp167_ds17,pso,100,12,11,17,258.90330097873374,158.42472491843884,133.34308773189184,1901.0966990212664,18.928787200013176,14.258208900049794,3760.1685949052167,100,14577.0,12,True,True,True,True,True,,,,,167,17,167000518,spatial_seed_167,8.4,8.333333333333334,1200,33.18699610006297,14.265072100039106,2.5890330097873373,14577.0,1,15
aco_n100_k12_h11_sp177_ds7,aco,100,12,11,7,242.20847729586947,159.81596022534418,142.935945336614,1917.7915227041303,25.05223040003329,41.68821559997741,3455.601313095708,100,15708.0,12,True,True,True,True,True,,,,,177,7,177000538,spatial_seed_177,8.4,8.333333333333334,1200,66.7404460000107,41.691365299979225,2.4220847729586947,15708.0,1,13
ga_n100_k12_h11_sp177_ds7,ga,100,12,11,7,266.1814751481611,157.8182104043199,144.6415994683697,1893.818524851839,25.05223040003329,39.10698030004278,3123.141980115546,100,15708.0,12,True,True,True,True,True,,,,,177,7,177000538,spatial_seed_177,8.4,8.333333333333334,1200,64.15921070007607,39.1209120999556,2.661814751481611,15708.0,1,12
nn_n100_k12_h11_sp177_ds7,nn,100,12,11,7,291.6333710709302,155.6972190774225,138.70832752775817,1868.3666289290695,25.05223040003329,0.4668158000567928,3667.269252733725,100,15708.0,12,True,True,True,True,True,,,,,177,7,177000538,spatial_seed_177,8.4,8.333333333333334,1200,25.519046200090088,0.466844099923037,2.916333710709302,15708.0,1,14
proposed_n100_k12_h11_sp177_ds7,proposed,100,12,11,7,232.507215426628,160.62439871444766,145.00645703630698,1927.492784573372,17.614042399975006,37.51300889998674,3428.6410222194654,100,15708.0,12,True,True,True,True,True,False,global_assignment_boundary_sova,64.0,False,177,7,177000538,spatial_seed_177,8.4,8.333333333333334,1200,55.12705129996175,37.5619241000386,2.32507215426628,15708.0,1,13
pso_n100_k12_h11_sp177_ds7,pso,100,12,11,7,287.79911529893053,156.0167403917558,139.75347423640258,1872.2008847010693,25.05223040003329,28.984437400009483,3597.3170587611444,100,15708.0,12,True,True,True,True,True,,,,,177,7,177000538,spatial_seed_177,8.4,8.333333333333334,1200,54.03666780004278,29.00017069990281,2.8779911529893054,15708.0,1,14
aco_n100_k12_h11_sp177_ds17,aco,100,12,11,17,238.92340052876003,160.08971662260333,128.8329514501698,1921.07659947124,26.795602899976075,39.52548319997732,4592.049573521489,100,14577.0,12,True,True,True,True,True,,,,,177,17,177000548,spatial_seed_177,8.4,8.333333333333334,1200,66.32108609995339,39.5288189999992,2.3892340052876,14577.0,1,15
ga_n100_k12_h11_sp177_ds17,ga,100,12,11,17,262.2217039255002,158.14819133954165,122.60967865395938,1897.7782960745,26.795602899976075,36.47034859994892,5093.444758824401,100,14577.0,12,True,True,True,True,True,,,,,177,17,177000548,spatial_seed_177,8.4,8.333333333333334,1200,63.265951499925,36.48295760003384,2.622217039255002,14577.0,1,16
nn_n100_k12_h11_sp177_ds17,nn,100,12,11,17,287.1885872313848,156.06761773071796,132.4957534302681,1872.8114127686156,26.795602899976075,0.5298307000193745,4633.372534833011,100,14577.0,12,True,True,True,True,True,,,,,177,17,177000548,spatial_seed_177,8.4,8.333333333333334,1200,27.32543359999545,0.5298621000256389,2.871885872313848,14577.0,1,16
proposed_n100_k12_h11_sp177_ds17,proposed,100,12,11,17,218.620478728386,161.7816267726345,141.44231076838213,1941.379521271614,17.49425530002918,199.7275107000023,4136.794450328868,100,14577.0,12,True,True,True,True,True,False,global_assignment_boundary_sova,64.0,False,177,17,177000548,spatial_seed_177,8.4,8.333333333333334,1200,217.2217660000315,199.9925241000019,2.1862047872838595,14577.0,1,17
pso_n100_k12_h11_sp177_ds17,pso,100,12,11,17,276.0427276346708,156.99643936377743,122.60667535197638,1883.957272365329,26.795602899976075,30.47619309998117,5093.444758824401,100,14577.0,12,True,True,True,True,True,,,,,177,17,177000548,spatial_seed_177,8.4,8.333333333333334,1200,57.27179599995725,30.48539430007804,2.760427276346708,14577.0,1,16
aco_n100_k12_h11_sp187_ds7,aco,100,12,11,7,231.4501971766797,160.71248356861005,129.30256394077267,1928.5498028233203,24.67848170001525,37.397771700052544,4505.322433425818,100,15708.0,12,True,True,True,True,True,,,,,187,7,187000568,spatial_seed_187,8.4,8.333333333333334,1200,62.0762534000678,37.40014540008269,2.3145019717667967,15708.0,1,13
ga_n100_k12_h11_sp187_ds7,ga,100,12,11,7,248.5059616151796,159.2911698654017,134.05957254723734,1911.4940383848204,24.67848170001525,32.82537690002937,4356.615358891593,100,15708.0,12,True,True,True,True,True,,,,,187,7,187000568,spatial_seed_187,8.4,8.333333333333334,1200,57.50385860004462,32.83868320006877,2.4850596161517955,15708.0,1,14
nn_n100_k12_h11_sp187_ds7,nn,100,12,11,7,253.96794006725133,158.83600499439572,139.26467643290118,1906.0320599327488,24.67848170001525,0.5206002000486478,3548.2197522136084,100,15708.0,12,True,True,True,True,True,,,,,187,7,187000568,spatial_seed_187,8.4,8.333333333333334,1200,25.199081900063906,0.5206319999415427,2.5396794006725134,15708.0,1,14
proposed_n100_k12_h11_sp187_ds7,proposed,100,12,11,7,223.10581752424292,161.4078485396464,136.0106532625349,1936.894182475757,17.623197600012645,27.96479990001535,3934.0802559844897,100,15708.0,12,True,True,True,True,True,False,global_assignment_boundary_sova,64.0,False,187,7,187000568,spatial_seed_187,8.4,8.333333333333334,1200,45.587997500028,27.99549980001757,2.23105817524243,15708.0,1,13
pso_n100_k12_h11_sp187_ds7,pso,100,12,11,7,250.50687879531344,159.1244267670572,141.55230665157973,1909.4931212046863,24.67848170001525,22.753402899950743,3403.001605197712,100,15708.0,12,True,True,True,True,True,,,,,187,7,187000568,spatial_seed_187,8.4,8.333333333333334,1200,47.431884599966,22.762045499985103,2.5050687879531344,15708.0,1,14
aco_n100_k12_h11_sp187_ds17,aco,100,12,11,17,222.05819180121537,161.49515068323203,133.96691052833543,1937.9418081987849,24.37938569998369,38.15790390002076,4410.738864384922,100,14577.0,12,True,True,True,True,True,,,,,187,17,187000578,spatial_seed_187,8.4,8.333333333333334,1200,62.53728960000444,38.162068799952976,2.220581918012153,14577.0,1,17
ga_n100_k12_h11_sp187_ds17,ga,100,12,11,17,237.3513937274936,160.2207171893755,138.46781465546997,1922.6486062725064,24.37938569998369,34.93408489995636,3640.128961276521,100,14577.0,12,True,True,True,True,True,,,,,187,17,187000578,spatial_seed_187,8.4,8.333333333333334,1200,59.31347059994005,34.94634630007204,2.3735139372749363,14577.0,1,14
nn_n100_k12_h11_sp187_ds17,nn,100,12,11,17,254.332644040346,158.80561299663785,132.37567768421462,1905.667355959654,24.37938569998369,0.5288594999583438,3924.564507040902,100,14577.0,12,True,True,True,True,True,,,,,187,17,187000578,spatial_seed_187,8.4,8.333333333333334,1200,24.90824519994203,0.5288966000080109,2.54332644040346,14577.0,1,15
proposed_n100_k12_h11_sp187_ds17,proposed,100,12,11,17,212.5787390713504,162.28510507738747,138.03600536376746,1947.4212609286496,17.728204099985305,61.6587184999953,4278.505813509624,100,14577.0,12,True,True,True,True,True,False,global_assignment_boundary_sova,64.0,False,187,17,187000578,spatial_seed_187,8.4,8.333333333333334,1200,79.38692259998061,61.7109136999934,2.125787390713504,14577.0,1,15
pso_n100_k12_h11_sp187_ds17,pso,100,12,11,17,249.42596199548728,159.21450316704272,134.4996031114437,1910.5740380045129,24.37938569998369,25.69018610008061,3786.0334800588303,100,14577.0,12,True,True,True,True,True,,,,,187,17,187000578,spatial_seed_187,8.4,8.333333333333334,1200,50.069571800064296,25.698083100025546,2.4942596199548728,14577.0,1,15
aco_n100_k12_h11_sp197_ds7,aco,100,12,11,7,254.49028982968565,158.7924758475262,140.8296138512754,1905.5097101703143,25.18589399999473,43.95221620006487,4051.089771477863,100,15708.0,12,True,True,True,True,True,,,,,197,7,197000598,spatial_seed_197,8.4,8.333333333333334,1200,69.1381102000596,43.95565130002797,2.5449028982968565,15708.0,1,14
ga_n100_k12_h11_sp197_ds7,ga,100,12,11,7,272.0241103032725,157.33132414139394,145.79735016995363,1887.9758896967276,25.18589399999473,40.62000620004255,3163.684172398572,100,15708.0,12,True,True,True,True,True,,,,,197,7,197000598,spatial_seed_197,8.4,8.333333333333334,1200,65.80590020003729,40.63488529995084,2.7202411030327256,15708.0,2,13
nn_n100_k12_h11_sp197_ds7,nn,100,12,11,7,280.14818112488285,156.6543182395931,134.95631906966975,1879.8518188751173,25.18589399999473,0.4911622999934479,4062.848124883428,100,15708.0,12,True,True,True,True,True,,,,,197,7,197000598,spatial_seed_197,8.4,8.333333333333334,1200,25.67705629998818,0.4911865999456495,2.8014818112488284,15708.0,1,14
proposed_n100_k12_h11_sp197_ds7,proposed,100,12,11,7,243.01444882497333,159.74879593125223,131.52516251194942,1916.9855511750268,17.80110160005279,51.18730739998864,3960.969631318942,100,15708.0,12,True,True,True,True,True,False,global_assignment_boundary_sova,64.0,False,197,7,197000598,spatial_seed_197,8.4,8.333333333333334,1200,68.98840900004143,51.250107800005935,2.4301444882497334,15708.0,1,14
pso_n100_k12_h11_sp197_ds7,pso,100,12,11,7,277.8419827794051,156.8465014350496,135.12349320646123,1882.158017220595,25.18589399999473,22.552471000002697,4049.084910086315,100,15708.0,12,True,True,True,True,True,,,,,197,7,197000598,spatial_seed_197,8.4,8.333333333333334,1200,47.73836499999743,22.561323300004005,2.778419827794051,15708.0,1,13
aco_n100_k12_h11_sp197_ds17,aco,100,12,11,17,248.62098967016573,159.28158419415286,141.5484617400203,1911.3790103298345,26.6388913000701,41.85723249998409,3552.983617632842,100,14577.0,12,True,True,True,True,True,,,,,197,17,197000608,spatial_seed_197,8.4,8.333333333333334,1200,68.49612380005419,41.86060119990725,2.486209896701657,14577.0,1,14
ga_n100_k12_h11_sp197_ds17,ga,100,12,11,17,266.86851749645047,157.76095687529582,125.1839518339535,1893.1314825035497,26.6388913000701,44.64365029998589,4580.386093211087,100,14577.0,12,True,True,True,True,True,,,,,197,17,197000608,spatial_seed_197,8.4,8.333333333333334,1200,71.28254160005599,44.659555200021714,2.6686851749645046,14577.0,1,16
nn_n100_k12_h11_sp197_ds17,nn,100,12,11,17,289.321436746886,155.88988027109284,125.21288869196508,1870.678563253114,26.6388913000701,0.6609802000457421,4436.301743657314,100,14577.0,12,True,True,True,True,True,,,,,197,17,197000608,spatial_seed_197,8.4,8.333333333333334,1200,27.29987150011584,0.6610153000801802,2.89321436746886,14577.0,1,16
proposed_n100_k12_h11_sp197_ds17,proposed,100,12,11,17,260.49914996319774,158.29173750306686,141.78923044225758,1899.500850036802,17.912417500047013,57.21550620003836,3532.698038419153,100,14577.0,12,True,True,True,True,True,False,global_assignment_boundary_sova,64.0,False,197,17,197000608,spatial_seed_197,8.4,8.333333333333334,1200,75.12792370008538,57.28407430002699,2.604991499631977,14577.0,1,16
pso_n100_k12_h11_sp197_ds17,pso,100,12,11,17,286.50509993246203,156.12457500562817,125.98252895516028,1873.4949000675376,26.6388913000701,26.82039419992361,4467.887001328792,100,14577.0,12,True,True,True,True,True,,,,,197,17,197000608,spatial_seed_197,8.4,8.333333333333334,1200,53.45928549999371,26.829513000091534,2.8650509993246205,14577.0,1,16
aco_n120_k14_h11_sp107_ds7,aco,120,14,11,7,298.25047100557305,158.69639492817333,118.72060261283656,2221.749528994427,31.54762879991904,49.75141220004298,5291.698157629926,120,18569.0,14,True,True,True,True,True,,,,,107,7,107000328,spatial_seed_107,8.4,8.571428571428571,1680,81.29904099996202,49.756453400012106,2.4854205917131087,18569.0,1,13
ga_n120_k14_h11_sp107_ds7,ga,120,14,11,7,320.9408375516139,157.075654460599,132.5883999669785,2199.059162448386,31.54762879991904,66.3008466999745,3909.281317669872,120,18569.0,14,True,True,True,True,True,,,,,107,7,107000328,spatial_seed_107,8.4,8.571428571428571,1680,97.84847549989354,66.31768610002473,2.674506979596783,18569.0,1,14
nn_n120_k14_h11_sp107_ds7,nn,120,14,11,7,346.4943024680404,155.25040696656853,134.76819968380937,2173.5056975319594,31.54762879991904,0.9031271000858396,3772.733630304941,120,18569.0,14,True,True,True,True,True,,,,,107,7,107000328,spatial_seed_107,8.4,8.571428571428571,1680,32.45075590000488,0.9031612999970092,2.887452520567003,18569.0,1,15
proposed_n120_k14_h11_sp107_ds7,proposed,120,14,11,7,285.39850260059063,159.61439267138638,139.28237995384515,2234.6014973994093,21.682000300032087,47.29202170000645,3680.5960605306063,120,18569.0,14,True,True,True,True,True,False,global_assignment_boundary_sova,64.0,False,107,7,107000328,spatial_seed_107,8.4,8.571428571428571,1680,68.97402200003853,47.33582760003628,2.378320855004922,18569.0,1,15
pso_n120_k14_h11_sp107_ds7,pso,120,14,11,7,339.58376853331737,155.74401653333447,131.4108819045262,2180.416231466683,31.54762879991904,44.21317740005907,4970.754828061292,120,18569.0,14,True,True,True,True,True,,,,,107,7,107000328,spatial_seed_107,8.4,8.571428571428571,1680,75.7608061999781,44.22571849997621,2.829864737777645,18569.0,1,15
aco_n120_k14_h11_sp107_ds17,aco,120,14,11,17,288.3880038744381,159.40085686611155,119.01113164636408,2231.6119961255617,21.28289510001196,32.96172270004172,5608.896101093073,120,17271.0,14,True,True,True,True,True,,,,,107,17,107000338,spatial_seed_107,8.4,8.571428571428571,1680,54.24461780005368,32.96625749999657,2.4032333656203173,17271.0,1,14
ga_n120_k14_h11_sp107_ds17,ga,120,14,11,17,310.19941427534087,157.8428989803328,129.81006624625314,2209.800585724659,21.28289510001196,38.37612119998085,5292.195782397313,120,17271.0,14,True,True,True,True,True,,,,,107,17,107000338,spatial_seed_107,8.4,8.571428571428571,1680,59.6590162999928,38.38895420002518,2.584995118961174,17271.0,1,16
nn_n120_k14_h11_sp107_ds17,nn,120,14,11,17,339.7272453796413,155.7337681871685,134.1104847395033,2180.2727546203587,21.28289510001196,0.6439868999877945,4828.65961291382,120,17271.0,14,True,True,True,True,True,,,,,107,17,107000338,spatial_seed_107,8.4,8.571428571428571,1680,21.92688199999975,0.6441290000220761,2.8310603781636776,17271.0,1,17
proposed_n120_k14_h11_sp107_ds17,proposed,120,14,11,17,284.3500688019062,159.68928079986384,134.7430657060528,2235.649931198094,21.28289510001196,96.86818420002236,4421.359456851963,120,17271.0,14,True,True,True,True,True,False,global_assignment_boundary_sova,64.0,False,107,17,107000338,spatial_seed_107,8.4,8.571428571428571,1680,118.15107930003433,97.02511549997143,2.369583906682552,17271.0,1,15
pso_n120_k14_h11_sp107_ds17,pso,120,14,11,17,328.47301076166207,156.5376420884527,134.21679621709765,2191.526989238338,21.28289510001196,26.66069119999884,4559.571342471684,120,17271.0,14,True,True,True,True,True,,,,,107,17,107000338,spatial_seed_107,8.4,8.571428571428571,1680,47.94358630001079,26.66867049998837,2.737275089680517,17271.0,1,17
aco_n120_k14_h11_sp117_ds7,aco,120,14,11,7,281.3758565785037,159.90172453010686,121.99190981439732,2238.624143421496,30.611310999956917,50.51512270001695,4923.485062441821,120,18569.0,14,True,True,True,True,True,,,,,117,7,117000358,spatial_seed_117,8.4,8.571428571428571,1680,81.12643369997386,50.51824240002316,2.344798804820864,18569.0,1,14
ga_n120_k14_h11_sp117_ds7,ga,120,14,11,7,292.8907829133728,159.07922979190195,135.3749245600357,2227.1092170866277,30.611310999956917,68.08184380002785,4132.549025238806,120,18569.0,14,True,True,True,True,True,,,,,117,7,117000358,spatial_seed_117,8.4,8.571428571428571,1680,98.69315479998475,68.09859629999846,2.440756524278106,18569.0,1,14
nn_n120_k14_h11_sp117_ds7,nn,120,14,11,7,312.48389831909896,157.6797215486358,133.1961497611063,2207.516101680901,30.611310999956917,0.7749811999965459,3951.896301826566,120,18569.0,14,True,True,True,True,True,,,,,117,7,117000358,spatial_seed_117,8.4,8.571428571428571,1680,31.38629219995346,0.775005399947986,2.6040324859924917,18569.0,1,14
proposed_n120_k14_h11_sp117_ds7,proposed,120,14,11,7,265.2585659653915,161.0529595739006,137.668749923631,2254.7414340346086,21.198964099981826,58.12362069997471,4228.317995657118,120,18569.0,14,True,True,True,True,True,False,global_assignment_boundary_sova,64.0,False,117,7,117000358,spatial_seed_117,8.4,8.571428571428571,1680,79.32258479995653,58.179534000053536,2.2104880497115955,18569.0,1,16
pso_n120_k14_h11_sp117_ds7,pso,120,14,11,7,293.0070552053056,159.07092462819244,140.11393682316964,2226.9929447946943,30.611310999956917,54.15711120003834,3573.1550320013584,120,18569.0,14,True,True,True,True,True,,,,,117,7,117000358,spatial_seed_117,8.4,8.571428571428571,1680,84.76842219999526,54.17289049993269,2.4417254600442133,18569.0,1,14
aco_n120_k14_h11_sp117_ds17,aco,120,14,11,17,274.89425259754324,160.36469624303265,123.27157176072784,2245.105747402457,21.638798699947078,33.67649069998879,5119.954771753512,120,17271.0,14,True,True,True,True,True,,,,,117,17,117000368,spatial_seed_117,8.4,8.571428571428571,1680,55.31528939993586,33.67941400001291,2.2907854383128603,17271.0,1,15
ga_n120_k14_h11_sp117_ds17,ga,120,14,11,17,292.07286354729223,159.13765260376482,141.31461489555693,2227.927136452708,21.638798699947078,35.190444500010926,3785.788031502154,120,17271.0,14,True,True,True,True,True,,,,,117,17,117000368,spatial_seed_117,8.4,8.571428571428571,1680,56.829243199958,35.20008079998661,2.433940529560769,17271.0,1,15
nn_n120_k14_h11_sp117_ds17,nn,120,14,11,17,318.9594414718298,157.21718275201215,140.48438355183077,2201.04055852817,21.638798699947078,0.6130943999742158,3812.679242026704,120,17271.0,14,True,True,True,True,True,,,,,117,17,117000368,spatial_seed_117,8.4,8.571428571428571,1680,22.25189309992129,0.6132813000003807,2.6579953455985814,17271.0,1,15
proposed_n120_k14_h11_sp117_ds17,proposed,120,14,11,17,263.53688881963893,161.17593651288294,132.836136131101,2256.463111180361,21.638798699947078,205.08851689996663,5445.221758501013,120,17271.0,14,True,True,True,True,True,False,global_assignment_boundary_sova,64.0,False,117,17,117000368,spatial_seed_117,8.4,8.571428571428571,1680,226.7273155999137,205.42070880002572,2.1961407401636577,17271.0,1,18
pso_n120_k14_h11_sp117_ds17,pso,120,14,11,17,310.68793318667565,157.80800477238031,143.48008422940222,2209.312066813324,21.638798699947078,26.153734799998347,3812.679242026704,120,17271.0,14,True,True,True,True,True,,,,,117,17,117000368,spatial_seed_117,8.4,8.571428571428571,1680,47.79253349994542,26.16184409998823,2.589066109888964,17271.0,1,15
aco_n120_k14_h11_sp127_ds7,aco,120,14,11,7,280.36454914115785,159.97396077563158,143.0226440919205,2239.635450858842,21.433005500002764,32.09468869998818,3346.10316045719,120,18569.0,14,True,True,True,True,True,,,,,127,7,127000388,spatial_seed_127,8.4,8.571428571428571,1680,53.52769419999095,32.097251900006086,2.336371242842982,18569.0,1,16
ga_n120_k14_h11_sp127_ds7,ga,120,14,11,7,300.6193118912658,158.52719200776673,129.8404848812755,2219.3806881087344,21.433005500002764,37.29410060000373,4144.287650425325,120,18569.0,14,True,True,True,True,True,,,,,127,7,127000388,spatial_seed_127,8.4,8.571428571428571,1680,58.727106100006495,37.30422429996543,2.505160932427215,18569.0,1,15
nn_n120_k14_h11_sp127_ds7,nn,120,14,11,7,325.25260104421733,156.7676713539845,142.41790211091995,2194.747398955783,21.433005500002764,0.6152150999987498,3859.115331388407,120,18569.0,14,True,True,True,True,True,,,,,127,7,127000388,spatial_seed_127,8.4,8.571428571428571,1680,22.048220600001518,0.6152451999951154,2.710438342035145,18569.0,1,17
proposed_n120_k14_h11_sp127_ds7,proposed,120,14,11,7,264.7452088768,161.08962793737143,140.28719919248658,2255.2547911232,21.433005500002764,57.64811070001451,3573.6977655186142,120,18569.0,14,True,True,True,True,True,False,global_assignment_boundary_sova,64.0,False,127,7,127000388,spatial_seed_127,8.4,8.571428571428571,1680,79.08111620001728,57.69183709996287,2.206210073973333,18569.0,1,15
pso_n120_k14_h11_sp127_ds7,pso,120,14,11,7,323.99180195843326,156.8577284315405,142.41790211091995,2196.008198041566,21.433005500002764,23.927723299944773,3859.115331388407,120,18569.0,14,True,True,True,True,True,,,,,127,7,127000388,spatial_seed_127,8.4,8.571428571428571,1680,45.36072879994754,23.935046800004784,2.699931682986944,18569.0,1,17
aco_n120_k14_h11_sp127_ds17,aco,120,14,11,17,281.093226320851,159.9219124056535,130.6979094268622,2238.906773679149,22.101932300021872,34.194983800000045,4657.225168880221,120,17271.0,14,True,True,True,True,True,,,,,127,17,127000398,spatial_seed_127,8.4,8.571428571428571,1680,56.29691610002192,34.19889619998867,2.342443552673758,17271.0,1,14
ga_n120_k14_h11_sp127_ds17,ga,120,14,11,17,308.52354077105105,157.96260423063922,108.1587658727937,2211.476459228949,22.101932300021872,37.227942100027576,6049.9022923228695,120,17271.0,14,True,True,True,True,True,,,,,127,17,127000398,spatial_seed_127,8.4,8.571428571428571,1680,59.32987440004945,37.23790010000812,2.5710295064254254,17271.0,1,16
nn_n120_k14_h11_sp127_ds17,nn,120,14,11,17,322.80874812185243,156.94223227701053,140.7041924306326,2197.191251878148,22.101932300021872,0.6102320000063628,3754.76397385288,120,17271.0,14,True,True,True,True,True,,,,,127,17,127000398,spatial_seed_127,8.4,8.571428571428571,1680,22.712164300028235,0.6103155000018887,2.6900729010154367,17271.0,1,15
proposed_n120_k14_h11_sp127_ds17,proposed,120,14,11,17,266.7142817725418,160.94897987338987,128.5239492225645,2253.2857182274583,22.101932300021872,93.2482572000008,5319.020817026411,120,17271.0,14,True,True,True,True,True,False,global_assignment_boundary_sova,64.0,False,127,17,127000398,spatial_seed_127,8.4,8.571428571428571,1680,115.35018950002268,93.338005800033,2.222619014771182,17271.0,1,17
pso_n120_k14_h11_sp127_ds17,pso,120,14,11,17,315.4013980902015,157.47132870784276,107.4606885063565,2204.5986019097986,22.101932300021872,29.145225399988703,5290.993629378478,120,17271.0,14,True,True,True,True,True,,,,,127,17,127000398,spatial_seed_127,8.4,8.571428571428571,1680,51.247157700010575,29.15355320001254,2.6283449840850124,17271.0,1,15
aco_n120_k14_h11_sp137_ds7,aco,120,14,11,7,282.6788696247908,159.8086521696578,142.30497619301093,2237.321130375209,21.3182074999786,32.57775209995452,3649.583648546567,120,18569.0,14,True,True,True,True,True,,,,,137,7,137000418,spatial_seed_137,8.4,8.571428571428571,1680,53.89595959993312,32.58079680002993,2.3556572468732564,18569.0,1,15
ga_n120_k14_h11_sp137_ds7,ga,120,14,11,7,306.80106698860664,158.08563807224238,140.328115853199,2213.1989330113934,21.3182074999786,42.19397049996769,4368.333797823557,120,18569.0,14,True,True,True,True,True,,,,,137,7,137000418,spatial_seed_137,8.4,8.571428571428571,1680,63.51217799994629,42.20566219999455,2.5566755582383887,18569.0,1,16
nn_n120_k14_h11_sp137_ds7,nn,120,14,11,7,327.11612001030835,156.63456285640655,140.04273734402855,2192.883879989692,21.3182074999786,0.5958811000455171,3992.309199825582,120,18569.0,14,True,True,True,True,True,,,,,137,7,137000418,spatial_seed_137,8.4,8.571428571428571,1680,21.914088600024115,0.5959921999601647,2.7259676667525694,18569.0,1,14
proposed_n120_k14_h11_sp137_ds7,proposed,120,14,11,7,274.7499411516165,160.37500420345597,138.6036726111172,2245.250058848384,21.3182074999786,107.28578819998074,4517.718975638895,120,18569.0,14,True,True,True,True,True,False,global_assignment_boundary_sova,64.0,False,137,7,137000418,spatial_seed_137,8.4,8.571428571428571,1680,128.60399569995934,107.43157739995512,2.289582842930137,18569.0,1,15
pso_n120_k14_h11_sp137_ds7,pso,120,14,11,7,317.616893177856,157.31307905872455,140.29414802460363,2202.383106822144,21.3182074999786,28.932544099981897,4348.708459315548,120,18569.0,14,True,True,True,True,True,,,,,137,7,137000418,spatial_seed_137,8.4,8.571428571428571,1680,50.250751599960495,28.941431800019927,2.6468074431488,18569.0,1,15
aco_n120_k14_h11_sp137_ds17,aco,120,14,11,17,281.586037449844,159.88671161072543,141.3074463088877,2238.413962550156,21.92579830001341,33.5359376000124,3732.5967737572128,120,17271.0,14,True,True,True,True,True,,,,,137,17,137000428,spatial_seed_137,8.4,8.571428571428571,1680,55.461735900025815,33.541302199999336,2.346550312082033,17271.0,1,15
ga_n120_k14_h11_sp137_ds17,ga,120,14,11,17,307.2471321528621,158.05377627479558,140.6746073272044,2212.752867847138,21.92579830001341,33.385324999981094,4167.981280468623,120,17271.0,14,True,True,True,True,True,,,,,137,17,137000428,spatial_seed_137,8.4,8.571428571428571,1680,55.311123299994506,33.39397610002197,2.5603927679405176,17271.0,1,16
nn_n120_k14_h11_sp137_ds17,nn,120,14,11,17,316.13922511930764,157.41862677719232,140.5425524567944,2203.8607748806926,21.92579830001341,0.6020539999590255,4158.415709026927,120,17271.0,14,True,True,True,True,True,,,,,137,17,137000428,spatial_seed_137,8.4,8.571428571428571,1680,22.52785229997244,0.6020858999690972,2.634493542660897,17271.0,1,16
proposed_n120_k14_h11_sp137_ds17,proposed,120,14,11,17,261.04799812864565,161.35371441938244,142.21046010031404,2258.9520018713542,21.92579830001341,128.7236253999872,3938.227725705713,120,17271.0,14,True,True,True,True,True,False,global_assignment_boundary_sova,64.0,False,137,17,137000428,spatial_seed_137,8.4,8.571428571428571,1680,150.64942370000065,128.86033080000198,2.1753999844053804,17271.0,1,18
pso_n120_k14_h11_sp137_ds17,pso,120,14,11,17,307.955183409178,158.0032011850587,140.83638799798996,2212.044816590822,21.92579830001341,27.26400540000759,4134.78319516194,120,17271.0,14,True,True,True,True,True,,,,,137,17,137000428,spatial_seed_137,8.4,8.571428571428571,1680,49.189803700021,27.272170100011863,2.566293195076484,17271.0,1,16
aco_n120_k14_h11_sp147_ds7,aco,120,14,11,7,271.4889943138348,160.60792897758324,134.03461564500813,2248.5110056861654,21.136936499970037,33.137623200018425,3584.876446620925,120,18569.0,14,True,True,True,True,True,,,,,147,7,147000448,spatial_seed_147,8.4,8.571428571428571,1680,54.27455969998846,33.141153800010215,2.262408285948623,18569.0,1,14
ga_n120_k14_h11_sp147_ds7,ga,120,14,11,7,291.7084890506678,159.16367935352372,141.64354316587378,2228.291510949332,21.136936499970037,33.302340399997775,3451.04995275942,120,18569.0,14,True,True,True,True,True,,,,,147,7,147000448,spatial_seed_147,8.4,8.571428571428571,1680,54.43927689996781,33.312101599993184,2.430904075422232,18569.0,1,14
nn_n120_k14_h11_sp147_ds7,nn,120,14,11,7,307.0141636491899,158.07041688220073,135.23060464682464,2212.98583635081,21.136936499970037,0.5888065000181086,4225.814752039489,120,18569.0,14,True,True,True,True,True,,,,,147,7,147000448,spatial_seed_147,8.4,8.571428571428571,1680,21.725742999988142,0.5890470000449568,2.5584513637432496,18569.0,1,14
proposed_n120_k14_h11_sp147_ds7,proposed,120,14,11,7,261.326027118964,161.3338552057883,141.4683606030364,2258.673972881036,21.136936499970037,75.72969730000477,3443.330475214604,120,18569.0,14,True,True,True,True,True,False,global_assignment_boundary_sova,64.0,False,147,7,147000448,spatial_seed_147,8.4,8.571428571428571,1680,96.8666337999748,75.7905846000067,2.177716892658033,18569.0,1,16
pso_n120_k14_h11_sp147_ds7,pso,120,14,11,7,298.6675368837245,158.6666045083054,137.30339300799147,2221.3324631162754,21.136936499970037,26.34963790001348,4111.44362943985,120,18569.0,14,True,True,True,True,True,,,,,147,7,147000448,spatial_seed_147,8.4,8.571428571428571,1680,47.48657439998351,26.35783359996276,2.4888961406977046,18569.0,1,15
aco_n120_k14_h11_sp147_ds17,aco,120,14,11,17,266.0166806620899,160.99880852413642,133.54314550708892,2253.98331933791,33.0044122999534,54.16158320009709,3600.557164549979,120,17271.0,14,True,True,True,True,True,,,,,147,17,147000458,spatial_seed_147,8.4,8.571428571428571,1680,87.16599550005049,54.16455749992747,2.2168056721840825,17271.0,1,14
ga_n120_k14_h11_sp147_ds17,ga,120,14,11,17,292.3181683751626,159.12013083034552,130.83999079270788,2227.6818316248373,33.0044122999534,64.04784130002372,4408.59035030757,120,17271.0,14,True,True,True,True,True,,,,,147,17,147000458,spatial_seed_147,8.4,8.571428571428571,1680,97.05225359997712,64.06431320006959,2.4359847364596883,17271.0,1,17
nn_n120_k14_h11_sp147_ds17,nn,120,14,11,17,316.5724709287328,157.38768064794766,126.98532258567808,2203.427529071267,33.0044122999534,1.0323520000092683,4234.068750083901,120,17271.0,14,True,True,True,True,True,,,,,147,17,147000458,spatial_seed_147,8.4,8.571428571428571,1680,34.03676429996267,1.032376200077124,2.638103924406107,17271.0,1,16
proposed_n120_k14_h11_sp147_ds17,proposed,120,14,11,17,246.92630968375525,162.36240645116033,144.4745534784459,2273.0736903162447,21.31557499995688,116.59736279997742,4019.623663524139,120,17271.0,14,True,True,True,True,True,False,global_assignment_boundary_sova,64.0,False,147,17,147000458,spatial_seed_147,8.4,8.571428571428571,1680,137.9129377999343,116.70114670001205,2.057719247364627,17271.0,1,16
pso_n120_k14_h11_sp147_ds17,pso,120,14,11,17,308.8025315068264,157.942676320941,129.6905958458729,2211.197468493174,33.0044122999534,51.92839739995543,4358.107467106697,120,17271.0,14,True,True,True,True,True,,,,,147,17,147000458,spatial_seed_147,8.4,8.571428571428571,1680,84.93280969990883,51.94279949995689,2.5733544292235537,17271.0,1,16
aco_n120_k14_h11_sp157_ds7,aco,120,14,11,7,285.8497102905942,159.58216355067185,142.53086056508258,2234.150289709406,21.60324949998176,34.16327580000507,3526.7132953638848,120,18569.0,14,True,True,True,True,True,,,,,157,7,157000478,spatial_seed_157,8.4,8.571428571428571,1680,55.76652529998682,34.16674330004025,2.382080919088285,18569.0,1,14
ga_n120_k14_h11_sp157_ds7,ga,120,14,11,7,312.615902342653,157.6702926898105,142.36581883777265,2207.384097657347,21.60324949998176,38.0128159999731,4081.355530402567,120,18569.0,14,True,True,True,True,True,,,,,157,7,157000478,spatial_seed_157,8.4,8.571428571428571,1680,59.61606549995486,38.02330850000726,2.605132519522108,18569.0,1,14
nn_n120_k14_h11_sp157_ds7,nn,120,14,11,7,338.29091069793446,155.8363635215761,139.80513954494663,2181.7090893020654,21.60324949998176,0.5945652999798767,4255.293046855218,120,18569.0,14,True,True,True,True,True,,,,,157,7,157000478,spatial_seed_157,8.4,8.571428571428571,1680,22.197814799961638,0.5948094000341371,2.819090922482787,18569.0,1,16
proposed_n120_k14_h11_sp157_ds7,proposed,120,14,11,7,281.28148874373574,159.90846508973317,137.59335619772938,2238.7185112562643,21.60324949998176,60.30752610001946,4128.659954149547,120,18569.0,14,True,True,True,True,True,False,global_assignment_boundary_sova,64.0,False,157,7,157000478,spatial_seed_157,8.4,8.571428571428571,1680,81.91077560000122,60.37673120002728,2.344012406197798,18569.0,1,15
pso_n120_k14_h11_sp157_ds7,pso,120,14,11,7,329.27780154984663,156.4801570321538,139.52102581370326,2190.722198450153,21.60324949998176,28.161172099993564,4174.883673403611,120,18569.0,14,True,True,True,True,True,,,,,157,7,157000478,spatial_seed_157,8.4,8.571428571428571,1680,49.76442159997532,28.170084700046573,2.7439816795820557,18569.0,1,16
aco_n120_k14_h11_sp157_ds17,aco,120,14,11,17,283.9354391012564,159.71889720705312,141.06441035401593,2236.064560898744,21.942198399978224,32.89747280004667,3630.4247269470857,120,17271.0,14,True,True,True,True,True,,,,,157,17,157000488,spatial_seed_157,8.4,8.571428571428571,1680,54.839671200024895,32.9011831000098,2.3661286591771367,17271.0,1,15
ga_n120_k14_h11_sp157_ds17,ga,120,14,11,17,297.74369891569467,158.73259293459324,142.10427430102803,2222.256301084305,21.942198399978224,40.91701529995771,3925.3044573014495,120,17271.0,14,True,True,True,True,True,,,,,157,17,157000488,spatial_seed_157,8.4,8.571428571428571,1680,62.859213699935935,40.928544700029306,2.481197490964122,17271.0,1,18
nn_n120_k14_h11_sp157_ds17,nn,120,14,11,17,329.1347029765081,156.49037835882083,136.68375420553843,2190.865297023492,21.942198399978224,0.6273161999997683,4291.8907394635,120,17271.0,14,True,True,True,True,True,,,,,157,17,157000488,spatial_seed_157,8.4,8.571428571428571,1680,22.569514599977992,0.6274783000117168,2.742789191470901,17271.0,1,18
proposed_n120_k14_h11_sp157_ds17,proposed,120,14,11,17,278.25245883621,160.12482436884216,137.36605045998,2241.74754116379,21.942198399978224,115.26393259997712,4381.530464551568,120,17271.0,14,True,True,True,True,True,False,global_assignment_boundary_sova,64.0,False,157,17,157000488,spatial_seed_157,8.4,8.571428571428571,1680,137.20613099995535,115.45930159999988,2.31877049030175,17271.0,1,16
pso_n120_k14_h11_sp157_ds17,pso,120,14,11,17,315.2744265822752,157.48039810126605,143.47591586263954,2204.7255734177247,21.942198399978224,29.17495770001551,4068.745719118548,120,17271.0,14,True,True,True,True,True,,,,,157,17,157000488,spatial_seed_157,8.4,8.571428571428571,1680,51.117156099993736,29.18382139998721,2.6272868881856266,17271.0,1,18
aco_n120_k14_h11_sp167_ds7,aco,120,14,11,7,264.0660258740225,161.1381410089984,133.23532113565534,2255.9339741259773,21.35411480005132,33.178672300011385,3402.2660699024887,120,18569.0,14,True,True,True,True,True,,,,,167,7,167000508,spatial_seed_167,8.4,8.571428571428571,1680,54.53278710006271,33.18282630003523,2.2005502156168544,18569.0,1,16
ga_n120_k14_h11_sp167_ds7,ga,120,14,11,7,293.648624857926,159.02509822443386,136.42644856841608,2226.351375142074,21.35411480005132,35.667012899997644,3486.8638306600137,120,18569.0,14,True,True,True,True,True,,,,,167,7,167000508,spatial_seed_167,8.4,8.571428571428571,1680,57.02112770004896,35.67695900000399,2.44707187381605,18569.0,1,13
nn_n120_k14_h11_sp167_ds7,nn,120,14,11,7,313.19891990659886,157.6286485781001,138.70959862879465,2206.801080093401,21.35411480005132,0.6200013000052422,3776.682577163298,120,18569.0,14,True,True,True,True,True,,,,,167,7,167000508,spatial_seed_167,8.4,8.571428571428571,1680,21.974116100056563,0.6202281000441872,2.609990999221657,18569.0,1,16
proposed_n120_k14_h11_sp167_ds7,proposed,120,14,11,7,266.4859586275821,160.96528866945843,141.09921377702938,2253.514041372418,21.35411480005132,85.36328210000647,4309.907254813284,120,18569.0,14,True,True,True,True,True,False,global_assignment_boundary_sova,64.0,False,167,7,167000508,spatial_seed_167,8.4,8.571428571428571,1680,106.7173969000578,85.44296620000387,2.2207163218965174,18569.0,1,17
pso_n120_k14_h11_sp167_ds7,pso,120,14,11,7,309.0673860573275,157.92375813876234,139.09829065375968,2210.932613942673,21.35411480005132,25.913280499982648,3661.645566713679,120,18569.0,14,True,True,True,True,True,,,,,167,7,167000508,spatial_seed_167,8.4,8.571428571428571,1680,47.26739530003397,25.921516500005964,2.575561550477729,18569.0,1,15
aco_n120_k14_h11_sp167_ds17,aco,120,14,11,17,267.9702206879466,160.85926995086098,132.61590385968267,2252.029779312053,22.317170900001656,32.17735780001385,3786.7419702667567,120,17271.0,14,True,True,True,True,True,,,,,167,17,167000518,spatial_seed_167,8.4,8.571428571428571,1680,54.49452870001551,32.180414900009055,2.233085172399555,17271.0,1,16
ga_n120_k14_h11_sp167_ds17,ga,120,14,11,17,276.9948868137208,160.2146509418771,133.5267108355734,2243.0051131862792,22.317170900001656,37.1166165000177,3398.528168175543,120,17271.0,14,True,True,True,True,True,,,,,167,17,167000518,spatial_seed_167,8.4,8.571428571428571,1680,59.43378740001936,37.12655320001068,2.3082907234476733,17271.0,1,16
nn_n120_k14_h11_sp167_ds17,nn,120,14,11,17,292.2728193650078,159.12337004535658,135.87955016851336,2227.727180634992,22.317170900001656,0.5957357999868691,3398.3143702889706,120,17271.0,14,True,True,True,True,True,,,,,167,17,167000518,spatial_seed_167,8.4,8.571428571428571,1680,22.912906699988525,0.5960452000144869,2.435606828041732,17271.0,1,16
proposed_n120_k14_h11_sp167_ds17,proposed,120,14,11,17,263.7604645649278,161.1599668167909,133.1102055192032,2256.2395354350724,22.317170900001656,83.32652619999135,3327.203837906224,120,17271.0,14,True,True,True,True,True,False,global_assignment_boundary_sova,64.0,False,167,17,167000518,spatial_seed_167,8.4,8.571428571428571,1680,105.643697099993,83.4411540000001,2.1980038713743983,17271.0,1,15
pso_n120_k14_h11_sp167_ds17,pso,120,14,11,17,286.52965251765426,159.533596248739,137.4728386764682,2233.470347482346,22.317170900001656,25.078511099971365,3421.240597401282,120,17271.0,14,True,True,True,True,True,,,,,167,17,167000518,spatial_seed_167,8.4,8.571428571428571,1680,47.39568199997302,25.085952599998564,2.3877471043137857,17271.0,1,16
aco_n120_k14_h11_sp177_ds7,aco,120,14,11,7,286.3191072476946,159.54863519659324,129.57904411516955,2233.680892752305,21.685002900019757,33.64695110003231,5134.13240092276,120,18569.0,14,True,True,True,True,True,,,,,177,7,177000538,spatial_seed_177,8.4,8.571428571428571,1680,55.33195400005207,33.649812899995595,2.385992560397455,18569.0,1,13
ga_n120_k14_h11_sp177_ds7,ga,120,14,11,7,327.3232895989168,156.6197650286488,139.8024122875049,2192.6767104010837,21.685002900019757,40.91183070000261,3998.756806236767,120,18569.0,14,True,True,True,True,True,,,,,177,7,177000538,spatial_seed_177,8.4,8.571428571428571,1680,62.59683360002237,40.92370390001452,2.727694079990973,18569.0,1,14
nn_n120_k14_h11_sp177_ds7,nn,120,14,11,7,343.8846079403556,155.43681371854603,134.25762227580051,2176.1153920596444,21.685002900019757,0.6189549000118859,4003.2145464970217,120,18569.0,14,True,True,True,True,True,,,,,177,7,177000538,spatial_seed_177,8.4,8.571428571428571,1680,22.30395780003164,0.619098800001666,2.86570506616963,18569.0,1,15
proposed_n120_k14_h11_sp177_ds7,proposed,120,14,11,7,271.8206168244142,160.58424165539898,143.91624010552655,2248.179383175586,21.685002900019757,46.05787080002483,4442.505566442474,120,18569.0,14,True,True,True,True,True,False,global_assignment_boundary_sova,64.0,False,177,7,177000538,spatial_seed_177,8.4,8.571428571428571,1680,67.74287370004458,46.09317830001237,2.2651718068701183,18569.0,1,15
pso_n120_k14_h11_sp177_ds7,pso,120,14,11,7,338.8528605177354,155.79622424873318,138.01804159390178,2181.1471394822647,21.685002900019757,27.41915779997362,3997.72654346066,120,18569.0,14,True,True,True,True,True,,,,,177,7,177000538,spatial_seed_177,8.4,8.571428571428571,1680,49.10416069999337,27.42741840000963,2.8237738376477948,18569.0,1,15
aco_n120_k14_h11_sp177_ds17,aco,120,14,11,17,278.0880210585325,160.13656992439056,124.62194999703355,2241.911978941468,21.11344480002299,33.36760170001071,5618.845009537477,120,17271.0,14,True,True,True,True,True,,,,,177,17,177000548,spatial_seed_177,8.4,8.571428571428571,1680,54.4810465000337,33.371025800006464,2.3174001754877707,17271.0,1,15
ga_n120_k14_h11_sp177_ds17,ga,120,14,11,17,301.837909065472,158.44014935246628,130.58085371645063,2218.162090934528,21.11344480002299,38.320096700044814,5333.937255953566,120,17271.0,14,True,True,True,True,True,,,,,177,17,177000548,spatial_seed_177,8.4,8.571428571428571,1680,59.43354150006781,38.33056570001645,2.515315908878933,17271.0,1,17
nn_n120_k14_h11_sp177_ds17,nn,120,14,11,17,331.9025074748133,156.29267803751333,133.34745220136648,2188.0974925251867,21.11344480002299,0.5872469000169076,4679.910322447851,120,17271.0,14,True,True,True,True,True,,,,,177,17,177000548,spatial_seed_177,8.4,8.571428571428571,1680,21.700691700039897,0.587553100020159,2.7658542289567776,17271.0,1,17
proposed_n120_k14_h11_sp177_ds17,proposed,120,14,11,17,271.700235399355,160.5928403286175,130.10631978913932,2248.299764600645,21.11344480002299,255.36051279999083,4566.418470653623,120,17271.0,14,True,True,True,True,True,False,global_assignment_boundary_sova,64.0,False,177,17,177000548,spatial_seed_177,8.4,8.571428571428571,1680,276.4739576000138,255.7089461000287,2.2641686283279583,17271.0,1,19
pso_n120_k14_h11_sp177_ds17,pso,120,14,11,17,324.68914705412413,156.80791806756255,133.68916148993236,2195.310852945876,21.11344480002299,26.29668520000996,4676.076241941175,120,17271.0,14,True,True,True,True,True,,,,,177,17,177000548,spatial_seed_177,8.4,8.571428571428571,1680,47.41013000003295,26.305219599977136,2.705742892117701,17271.0,1,17
aco_n120_k14_h11_sp187_ds7,aco,120,14,11,7,276.98019497936895,160.2157003586165,134.76620633762352,2243.019805020631,21.33588149998104,32.442809299973305,4152.866624378595,120,18569.0,14,True,True,True,True,True,,,,,187,7,187000568,spatial_seed_187,8.4,8.571428571428571,1680,53.77869079995435,32.445209600031376,2.308168291494741,18569.0,1,15
ga_n120_k14_h11_sp187_ds7,ga,120,14,11,7,290.1930409273479,159.2719256480466,137.9072358410831,2229.8069590726523,21.33588149998104,37.09530330001144,3517.3654606697432,120,18569.0,14,True,True,True,True,True,,,,,187,7,187000568,spatial_seed_187,8.4,8.571428571428571,1680,58.43118479999248,37.10634140000912,2.4182753410612325,18569.0,1,13
nn_n120_k14_h11_sp187_ds7,nn,120,14,11,7,309.5130552427357,157.89192462551887,136.35540634551302,2210.486944757264,21.33588149998104,0.6183924999786541,3792.153880627495,120,18569.0,14,True,True,True,True,True,,,,,187,7,187000568,spatial_seed_187,8.4,8.571428571428571,1680,21.954273999959696,0.6185523999738507,2.5792754603561305,18569.0,1,14
proposed_n120_k14_h11_sp187_ds7,proposed,120,14,11,7,266.1806256490295,160.98709816792646,136.59630646520057,2253.8193743509705,21.33588149998104,53.52170600002864,4292.475332855778,120,18569.0,14,True,True,True,True,True,False,global_assignment_boundary_sova,64.0,False,187,7,187000568,spatial_seed_187,8.4,8.571428571428571,1680,74.85758750000969,53.55540090001887,2.218171880408579,18569.0,1,15
pso_n120_k14_h11_sp187_ds7,pso,120,14,11,7,305.1549502517922,158.2032178391577,139.37179753520132,2214.845049748208,21.33588149998104,27.799903100007214,3850.923322308019,120,18569.0,14,True,True,True,True,True,,,,,187,7,187000568,spatial_seed_187,8.4,8.571428571428571,1680,49.135784599988256,27.808727299969178,2.5429579187649347,18569.0,1,14
aco_n120_k14_h11_sp187_ds17,aco,120,14,11,17,266.25175011438256,160.98201784897267,132.70971472130634,2253.748249885617,21.31185610004468,33.556979899993166,4240.220636729141,120,17271.0,14,True,True,True,True,True,,,,,187,17,187000578,spatial_seed_187,8.4,8.571428571428571,1680,54.868836000037845,33.56026659999043,2.218764584286521,17271.0,1,17
ga_n120_k14_h11_sp187_ds17,ga,120,14,11,17,291.33552477606094,159.1903196588528,143.61412130668063,2228.664475223939,21.31185610004468,42.51164089998929,3591.0775531465047,120,17271.0,14,True,True,True,True,True,,,,,187,17,187000578,spatial_seed_187,8.4,8.571428571428571,1680,63.82349700003397,42.52314689999912,2.427796039800508,17271.0,1,15
nn_n120_k14_h11_sp187_ds17,nn,120,14,11,17,309.88158176427504,157.8656013025518,136.06335356319474,2210.118418235725,21.31185610004468,0.6532502000336535,3818.822174207134,120,17271.0,14,True,True,True,True,True,,,,,187,17,187000578,spatial_seed_187,8.4,8.571428571428571,1680,21.96510630007833,0.6533404999645427,2.582346514702292,17271.0,1,16
proposed_n120_k14_h11_sp187_ds17,proposed,120,14,11,17,256.5977117362374,161.6715920188402,136.55610878202253,2263.402288263763,21.31185610004468,75.73830559995258,4232.994296633817,120,17271.0,14,True,True,True,True,True,False,global_assignment_boundary_sova,64.0,False,187,17,187000578,spatial_seed_187,8.4,8.571428571428571,1680,97.05016169999726,75.83295469998848,2.138314264468645,17271.0,1,15
pso_n120_k14_h11_sp187_ds17,pso,120,14,11,17,303.11804771047235,158.34871087782338,134.51022487078018,2216.881952289528,21.31185610004468,30.762763699982315,4038.8772721402,120,17271.0,14,True,True,True,True,True,,,,,187,17,187000578,spatial_seed_187,8.4,8.571428571428571,1680,52.074619800026994,30.772088400030043,2.525983730920603,17271.0,1,16
aco_n120_k14_h11_sp197_ds7,aco,120,14,11,7,286.9538575756137,159.50329588745618,139.4876385172463,2233.0461424243863,21.311964699998494,33.330073299992364,3740.240760023926,120,18569.0,14,True,True,True,True,True,,,,,197,7,197000598,spatial_seed_197,8.4,8.571428571428571,1680,54.64203799999086,33.334188000008,2.3912821464634475,18569.0,1,15
ga_n120_k14_h11_sp197_ds7,ga,120,14,11,7,313.40621248502805,157.61384196535514,133.83466889213037,2206.593787514972,21.311964699998494,40.73939910001354,4955.614756495769,120,18569.0,14,True,True,True,True,True,,,,,197,7,197000598,spatial_seed_197,8.4,8.571428571428571,1680,62.05136380001204,40.751394999970216,2.6117184373752336,18569.0,1,15
nn_n120_k14_h11_sp197_ds7,nn,120,14,11,7,332.9981284881749,156.2144193937018,134.95984843661313,2187.0018715118254,21.311964699998494,0.5918000000528991,3798.4276435825022,120,18569.0,14,True,True,True,True,True,,,,,197,7,197000598,spatial_seed_197,8.4,8.571428571428571,1680,21.9037647000514,0.5919354999787174,2.774984404068124,18569.0,1,14
proposed_n120_k14_h11_sp197_ds7,proposed,120,14,11,7,287.32998520891874,159.47642962793438,139.26509065710394,2232.670014791081,21.311964699998494,82.7688939999789,3667.7852741661295,120,18569.0,14,True,True,True,True,True,False,global_assignment_boundary_sova,64.0,False,197,7,197000598,spatial_seed_197,8.4,8.571428571428571,1680,104.0808586999774,82.88660480000544,2.3944165434076563,18569.0,1,15
pso_n120_k14_h11_sp197_ds7,pso,120,14,11,7,330.6766702775779,156.3802378373159,135.08683535223005,2189.3233297224224,21.311964699998494,26.93550940003479,3798.373226145172,120,18569.0,14,True,True,True,True,True,,,,,197,7,197000598,spatial_seed_197,8.4,8.571428571428571,1680,48.24747410003329,26.943669000000227,2.755638918979816,18569.0,1,14
aco_n120_k14_h11_sp197_ds17,aco,120,14,11,17,286.7869597178675,159.51521716300948,146.11062136957145,2233.2130402821326,21.404795700043906,33.0719817999634,3119.234488053598,120,17271.0,14,True,True,True,True,True,,,,,197,17,197000608,spatial_seed_197,8.4,8.571428571428571,1680,54.4767775000073,33.07511010003509,2.389891330982229,17271.0,1,15
ga_n120_k14_h11_sp197_ds17,ga,120,14,11,17,306.73768227247484,158.09016555196607,141.80280202160853,2213.262317727525,21.404795700043906,39.41986770002404,3412.2692014081026,120,17271.0,14,True,True,True,True,True,,,,,197,17,197000608,spatial_seed_197,8.4,8.571428571428571,1680,60.82466340006795,39.430272999976296,2.5561473522706235,17271.0,1,15
nn_n120_k14_h11_sp197_ds17,nn,120,14,11,17,326.23303342105066,156.69764046992495,138.81831892055416,2193.766966578949,21.404795700043906,0.6274128000368364,3618.802316321888,120,17271.0,14,True,True,True,True,True,,,,,197,17,197000608,spatial_seed_197,8.4,8.571428571428571,1680,22.032208500080745,0.6278465999639593,2.7186086118420887,17271.0,1,15
proposed_n120_k14_h11_sp197_ds17,proposed,120,14,11,17,274.3030139705048,160.40692757353537,130.68846124467626,2245.6969860294957,21.404795700043906,160.45006429997738,4050.153257835512,120,17271.0,14,True,True,True,True,True,False,global_assignment_boundary_sova,64.0,False,197,17,197000608,spatial_seed_197,8.4,8.571428571428571,1680,181.8548600000213,160.7072620000108,2.285858449754207,17271.0,1,16
pso_n120_k14_h11_sp197_ds17,pso,120,14,11,17,319.1699166004676,157.2021488142523,126.3576259038642,2200.830083399532,21.404795700043906,27.366227699967567,3836.97673455324,120,17271.0,14,True,True,True,True,True,,,,,197,17,197000608,spatial_seed_197,8.4,8.571428571428571,1680,48.77102340001147,27.37451180000789,2.6597493050038965,17271.0,1,15
aco_n140_k17_h11_sp107_ds7,aco,140,17,11,7,340.0961651192922,159.9943432282769,134.84841534952625,2719.903834880708,24.940673600009177,40.82578289997764,3557.184343586217,140,21564.0,17,True,True,True,True,True,,,,,107,7,107000328,spatial_seed_107,8.4,8.235294117647058,2380,65.76645649998682,40.82928529998753,2.4292583222806585,21564.0,1,14
ga_n140_k17_h11_sp107_ds7,ga,140,17,11,7,372.819042426165,158.06946809257852,136.42008680219743,2687.180957573835,24.940673600009177,56.519816700019874,4252.096635331242,140,21564.0,17,True,True,True,True,True,,,,,107,7,107000328,spatial_seed_107,8.4,8.235294117647058,2380,81.46049030002905,56.541061499970965,2.662993160186893,21564.0,1,14
nn_n140_k17_h11_sp107_ds7,nn,140,17,11,7,411.3321614429517,155.8039905033558,136.7617640655387,2648.6678385570485,24.940673600009177,1.0389026000048034,4353.3439102498205,140,21564.0,17,True,True,True,True,True,,,,,107,7,107000328,spatial_seed_107,8.4,8.235294117647058,2380,25.97957620001398,1.0390229999902658,2.938086867449655,21564.0,1,15
proposed_n140_k17_h11_sp107_ds7,proposed,140,17,11,7,322.24589873179207,161.0443588981299,137.37304517396555,2737.754101268208,24.940673600009177,70.42760559997987,4059.217739079541,140,21564.0,17,True,True,True,True,True,False,global_assignment_boundary_sova,64.0,False,107,7,107000328,spatial_seed_107,8.4,8.235294117647058,2380,95.36827919998905,70.49184750003042,2.3017564195128006,21564.0,1,15
pso_n140_k17_h11_sp107_ds7,pso,140,17,11,7,399.4754427562892,156.50144454374768,137.89352068353526,2660.5245572437107,24.940673600009177,41.515957799972966,4557.683157680279,140,21564.0,17,True,True,True,True,True,,,,,107,7,107000328,spatial_seed_107,8.4,8.235294117647058,2380,66.45663139998214,41.525985300017055,2.85339601968778,21564.0,1,15
aco_n140_k17_h11_sp107_ds17,aco,140,17,11,17,326.73007270551653,160.78058395849902,132.36558761153017,2733.2699272944838,24.896838499989823,42.71315859997412,4150.343580550036,140,20249.0,17,True,True,True,True,True,,,,,107,17,107000338,spatial_seed_107,8.4,8.235294117647058,2380,67.60999709996395,42.71757970005274,2.3337862336108324,20249.0,1,15
ga_n140_k17_h11_sp107_ds17,ga,140,17,11,17,369.7533066302775,158.2498054923366,128.23730710832686,2690.2466933697224,24.896838499989823,51.24757020000834,5290.324499872609,140,20249.0,17,True,True,True,True,True,,,,,107,17,107000338,spatial_seed_107,8.4,8.235294117647058,2380,76.14440869999817,51.25951460003853,2.641095047359125,20249.0,1,16
nn_n140_k17_h11_sp107_ds17,nn,140,17,11,17,401.5296791579381,156.38060710835657,129.06093255816245,2658.470320842062,24.896838499989823,0.9951665999833494,4607.985176640753,140,20249.0,17,True,True,True,True,True,,,,,107,17,107000338,spatial_seed_107,8.4,8.235294117647058,2380,25.892005099973176,0.9953309000120498,2.868069136842415,20249.0,1,16
proposed_n140_k17_h11_sp107_ds17,proposed,140,17,11,17,306.314233884687,161.98151565384194,136.11040274064197,2753.685766115313,24.896838499989823,149.25340889999643,4396.357201060558,140,20249.0,17,True,True,True,True,True,False,global_assignment_boundary_sova,64.0,False,107,17,107000338,spatial_seed_107,8.4,8.235294117647058,2380,174.15024739998626,149.41028109996114,2.18795881346205,20249.0,1,17
pso_n140_k17_h11_sp107_ds17,pso,140,17,11,17,389.2951401635884,157.1002858727301,129.06093255816245,2670.704859836412,24.896838499989823,39.5733607999864,4607.985176640753,140,20249.0,17,True,True,True,True,True,,,,,107,17,107000338,spatial_seed_107,8.4,8.235294117647058,2380,64.47019929997623,39.5829323999933,2.78067957259706,20249.0,1,16
aco_n140_k17_h11_sp117_ds7,aco,140,17,11,7,320.5276780281066,161.14543070422903,133.27566426599205,2739.472321971893,24.91966590000084,41.98722499998985,4470.212671546537,140,21564.0,17,True,True,True,True,True,,,,,117,7,117000358,spatial_seed_117,8.4,8.235294117647058,2380,66.90689089999069,41.99141949997284,2.289483414486476,21564.0,1,15
ga_n140_k17_h11_sp117_ds7,ga,140,17,11,7,338.12430605983445,160.1103349376568,135.37530962502436,2721.875693940165,24.91966590000084,49.03869259997737,4231.394309260408,140,21564.0,17,True,True,True,True,True,,,,,117,7,117000358,spatial_seed_117,8.4,8.235294117647058,2380,73.9583584999782,49.04994570004055,2.4151736147131038,21564.0,1,15
nn_n140_k17_h11_sp117_ds7,nn,140,17,11,7,361.1874109331196,158.75368170981648,136.42488682456414,2698.8125890668803,24.91966590000084,0.9739358999649994,3878.766168625402,140,21564.0,17,True,True,True,True,True,,,,,117,7,117000358,spatial_seed_117,8.4,8.235294117647058,2380,25.89360179996584,0.9740980999777094,2.5799100780937114,21564.0,1,15
proposed_n140_k17_h11_sp117_ds7,proposed,140,17,11,7,298.3707006882464,162.4487823124561,138.45603056550345,2761.6292993117536,24.91966590000084,100.36684150004294,4616.0724055325645,140,21564.0,17,True,True,True,True,True,False,global_assignment_boundary_sova,64.0,False,117,7,117000358,spatial_seed_117,8.4,8.235294117647058,2380,125.28650740004376,100.47219939995556,2.131219290630331,21564.0,1,16
pso_n140_k17_h11_sp117_ds7,pso,140,17,11,7,350.11929071996497,159.40474760470792,135.63731015311626,2709.880709280035,24.91966590000084,39.28335410001455,4071.285202288963,140,21564.0,17,True,True,True,True,True,,,,,117,7,117000358,spatial_seed_117,8.4,8.235294117647058,2380,64.20302000001539,39.29289330000756,2.5008520765711784,21564.0,1,15
aco_n140_k17_h11_sp117_ds17,aco,140,17,11,17,311.54959350699625,161.67355332311786,133.4584856566217,2748.450406493004,25.693998000002463,44.06760770000983,4048.9002280681966,140,20249.0,17,True,True,True,True,True,,,,,117,17,117000368,spatial_seed_117,8.4,8.235294117647058,2380,69.7616057000123,44.072620999999344,2.2253542393356875,20249.0,1,15
ga_n140_k17_h11_sp117_ds17,ga,140,17,11,17,336.0851605675932,160.23028467249452,137.58913702332558,2723.914839432407,25.693998000002463,50.0713394000195,3588.6160157037743,140,20249.0,17,True,True,True,True,True,,,,,117,17,117000368,spatial_seed_117,8.4,8.235294117647058,2380,75.76533740002196,50.08300829998916,2.400608289768523,20249.0,1,15
nn_n140_k17_h11_sp117_ds17,nn,140,17,11,17,354.1024759370482,159.17044259193833,130.9975911214614,2705.897524062952,25.693998000002463,0.999383000016678,3846.518891652366,140,20249.0,17,True,True,True,True,True,,,,,117,17,117000368,spatial_seed_117,8.4,8.235294117647058,2380,26.693381000019144,0.9997707000002264,2.5293033995503444,20249.0,1,15
proposed_n140_k17_h11_sp117_ds17,proposed,140,17,11,17,306.9641492807895,161.94328533642414,140.0292539721757,2753.0358507192104,25.693998000002463,225.03201149997767,4486.266470455884,140,20249.0,17,True,True,True,True,True,False,global_assignment_boundary_sova,64.0,False,117,17,117000368,spatial_seed_117,8.4,8.235294117647058,2380,250.7260094999801,225.46888000000035,2.192601066291353,20249.0,1,16
pso_n140_k17_h11_sp117_ds17,pso,140,17,11,17,345.3239267387529,159.68682783889687,135.92175924134125,2714.676073261247,25.693998000002463,39.30361770000309,3659.1063074510175,140,20249.0,17,True,True,True,True,True,,,,,117,17,117000368,spatial_seed_117,8.4,8.235294117647058,2380,64.99761570000555,39.3136829000432,2.466599476705378,20249.0,1,15
aco_n140_k17_h11_sp127_ds7,aco,140,17,11,7,311.041320757051,161.70345172017346,138.45299720816396,2748.958679242949,24.782815199985635,42.9059107999783,4524.714975229326,140,21564.0,17,True,True,True,True,True,,,,,127,7,127000388,spatial_seed_127,8.4,8.235294117647058,2380,67.68872599996394,42.91086170001654,2.2217237196932214,21564.0,1,15
ga_n140_k17_h11_sp127_ds7,ga,140,17,11,7,345.4946965200337,159.67678255764508,131.39029579139864,2714.505303479966,24.782815199985635,52.685129199991934,4310.221255008198,140,21564.0,17,True,True,True,True,True,,,,,127,7,127000388,spatial_seed_127,8.4,8.235294117647058,2380,77.46794439997757,52.70443969999906,2.467819260857384,21564.0,1,15
nn_n140_k17_h11_sp127_ds7,nn,140,17,11,7,365.70668224161824,158.48784222108128,140.0300499203956,2694.293317758382,24.782815199985635,0.973751799960155,4059.1598526064017,140,21564.0,17,True,True,True,True,True,,,,,127,7,127000388,spatial_seed_127,8.4,8.235294117647058,2380,25.75656699994579,0.973970199993346,2.6121905874401303,21564.0,1,14
proposed_n140_k17_h11_sp127_ds7,proposed,140,17,11,7,295.27089682759083,162.6311237160241,142.0295495400464,2764.7291031724094,24.782815199985635,75.11828870000318,4070.34830512659,140,21564.0,17,True,True,True,True,True,False,global_assignment_boundary_sova,64.0,False,127,7,127000388,spatial_seed_127,8.4,8.235294117647058,2380,99.9011038999888,75.20727849996183,2.109077834482792,21564.0,1,15
pso_n140_k17_h11_sp127_ds7,pso,140,17,11,7,360.8149064017707,158.7755937410723,130.74952732732748,2699.1850935982293,24.782815199985635,38.73817180003971,3874.4327175403273,140,21564.0,17,True,True,True,True,True,,,,,127,7,127000388,spatial_seed_127,8.4,8.235294117647058,2380,63.52098700002534,38.74762029998237,2.5772493314412195,21564.0,1,14
aco_n140_k17_h11_sp127_ds17,aco,140,17,11,17,312.50147044273086,161.6175605621923,128.61475398978507,2747.498529557269,25.290238399989903,43.61901580000995,5671.73255279436,140,20249.0,17,True,True,True,True,True,,,,,127,17,127000398,spatial_seed_127,8.4,8.235294117647058,2380,68.90925419999985,43.62494220002554,2.2321533603052206,20249.0,1,15
ga_n140_k17_h11_sp127_ds17,ga,140,17,11,17,343.87508847790264,159.77205361894693,131.7446590622136,2716.1249115220976,25.290238399989903,57.82079810003052,3531.849299647323,140,20249.0,17,True,True,True,True,True,,,,,127,17,127000398,spatial_seed_127,8.4,8.235294117647058,2380,83.11103650002042,57.834887099976186,2.456250631985019,20249.0,1,15
nn_n140_k17_h11_sp127_ds17,nn,140,17,11,17,371.459359235419,158.14944945674006,139.45075651040605,2688.540640764581,25.290238399989903,0.995785299979616,3739.975740253707,140,20249.0,17,True,True,True,True,True,,,,,127,17,127000398,spatial_seed_127,8.4,8.235294117647058,2380,26.28602369996952,0.9960156000452116,2.65328113739585,20249.0,1,16
proposed_n140_k17_h11_sp127_ds17,proposed,140,17,11,17,323.5724572863557,160.96632604197907,146.33113812674222,2736.4275427136445,25.290238399989903,139.65805170004023,3494.265098276192,140,20249.0,17,True,True,True,True,True,False,global_assignment_boundary_sova,64.0,False,127,17,127000398,spatial_seed_127,8.4,8.235294117647058,2380,164.94829010003014,139.85015620000195,2.311231837759684,20249.0,1,16
pso_n140_k17_h11_sp127_ds17,pso,140,17,11,17,369.15990001476496,158.28471176383735,126.54747323139208,2690.840099985235,25.290238399989903,41.362336300022434,3715.931491229727,140,20249.0,17,True,True,True,True,True,,,,,127,17,127000398,spatial_seed_127,8.4,8.235294117647058,2380,66.65257470001234,41.372496699972544,2.6368564286768925,20249.0,1,16
aco_n140_k17_h11_sp137_ds7,aco,140,17,11,7,326.09564730034344,160.8179030999798,133.9842780864438,2733.904352699657,25.21309699997073,44.39628789998824,3877.092426137129,140,21564.0,17,True,True,True,True,True,,,,,137,7,137000418,spatial_seed_137,8.4,8.235294117647058,2380,69.60938489995897,44.40055500000017,2.3292546235738816,21564.0,1,16
ga_n140_k17_h11_sp137_ds7,ga,140,17,11,7,340.0444101232622,159.9973876398081,128.9425683655857,2719.9555898767376,25.21309699997073,53.23891990003176,5075.841512878296,140,21564.0,17,True,True,True,True,True,,,,,137,7,137000418,spatial_seed_137,8.4,8.235294117647058,2380,78.45201690000249,53.25137009995524,2.428888643737587,21564.0,1,16
nn_n140_k17_h11_sp137_ds7,nn,140,17,11,7,373.6045576049032,158.02326131735865,137.4265776109156,2686.395442395097,25.21309699997073,1.003793100011535,4023.688679210502,140,21564.0,17,True,True,True,True,True,,,,,137,7,137000418,spatial_seed_137,8.4,8.235294117647058,2380,26.216890099982265,1.0038479000213556,2.668603982892165,21564.0,1,15
proposed_n140_k17_h11_sp137_ds7,proposed,140,17,11,7,314.9709130748953,161.47229923088852,141.44290995964343,2745.029086925105,25.21309699997073,90.36878710001474,4113.758812578595,140,21564.0,17,True,True,True,True,True,False,global_assignment_boundary_sova,64.0,False,137,7,137000418,spatial_seed_137,8.4,8.235294117647058,2380,115.58188409998549,90.4134619999677,2.2497922362492524,21564.0,1,17
pso_n140_k17_h11_sp137_ds7,pso,140,17,11,7,366.4258326973423,158.4455392530975,137.4265776109156,2693.5741673026578,25.21309699997073,42.28573330002837,4422.645119277251,140,21564.0,17,True,True,True,True,True,,,,,137,7,137000418,spatial_seed_137,8.4,8.235294117647058,2380,67.4988302999991,42.2965564999613,2.617327376409588,21564.0,1,15
aco_n140_k17_h11_sp137_ds17,aco,140,17,11,17,321.0605089633116,161.11408770804047,142.15401997155826,2738.939491036688,24.95767930004513,45.383077800041065,3865.0015365463223,140,20249.0,17,True,True,True,True,True,,,,,137,17,137000428,spatial_seed_137,8.4,8.235294117647058,2380,70.3407571000862,45.38851489999797,2.29328934973794,20249.0,1,16
ga_n140_k17_h11_sp137_ds17,ga,140,17,11,17,345.23217114385994,159.69222522683177,132.31668724462804,2714.76782885614,24.95767930004513,59.13145179999992,4734.647364037165,140,20249.0,17,True,True,True,True,True,,,,,137,17,137000428,spatial_seed_137,8.4,8.235294117647058,2380,84.08913110004505,59.14779570000246,2.465944079599,20249.0,1,16
nn_n140_k17_h11_sp137_ds17,nn,140,17,11,17,364.1950666244075,158.57676078679955,131.58369629955084,2695.804933375593,24.95767930004513,0.9820998999639414,4081.375343426984,140,20249.0,17,True,True,True,True,True,,,,,137,17,137000428,spatial_seed_137,8.4,8.235294117647058,2380,25.93977920000907,0.9823488999973052,2.6013933330314822,20249.0,1,16
proposed_n140_k17_h11_sp137_ds17,proposed,140,17,11,17,310.6948038200232,161.7238350694104,145.5355455149534,2749.305196179977,24.95767930004513,213.27373030001763,4038.0169610229823,140,20249.0,17,True,True,True,True,True,False,global_assignment_boundary_sova,64.0,False,137,17,137000428,spatial_seed_137,8.4,8.235294117647058,2380,238.2314096000628,213.4669204999809,2.2192485987144512,20249.0,1,19
pso_n140_k17_h11_sp137_ds17,pso,140,17,11,17,357.6026979751005,158.96454717793526,130.69126941272404,2702.3973020248995,24.95767930004513,42.75887209997745,4503.631793935374,140,20249.0,17,True,True,True,True,True,,,,,137,17,137000428,spatial_seed_137,8.4,8.235294117647058,2380,67.71655140002258,42.77047049999237,2.554304985536432,20249.0,1,16
aco_n140_k17_h11_sp147_ds7,aco,140,17,11,7,313.65337121774434,161.54980169307387,142.97705353369548,2746.346628782256,25.04220919997897,40.655240199994296,3880.806518883493,140,21564.0,17,True,True,True,True,True,,,,,147,7,147000448,spatial_seed_147,8.4,8.235294117647058,2380,65.69744939997327,40.65859270002693,2.240381222983888,21564.0,1,14
ga_n140_k17_h11_sp147_ds7,ga,140,17,11,7,340.0748673018082,159.99559604107012,131.3597758038443,2719.925132698192,25.04220919997897,50.18300939997425,3702.5749623470647,140,21564.0,17,True,True,True,True,True,,,,,147,7,147000448,spatial_seed_147,8.4,8.235294117647058,2380,75.22521859995322,50.1946062000352,2.429106195012916,21564.0,1,15
nn_n140_k17_h11_sp147_ds7,nn,140,17,11,7,363.2317047949916,158.6334291297064,137.49919776910394,2696.7682952050086,25.04220919997897,0.9881161999655887,3714.554463976208,140,21564.0,17,True,True,True,True,True,,,,,147,7,147000448,spatial_seed_147,8.4,8.235294117647058,2380,26.03032539994456,0.9882479999796489,2.5945121771070827,21564.0,1,16
proposed_n140_k17_h11_sp147_ds7,proposed,140,17,11,7,305.79186191195544,162.0122434169438,136.59003979729312,2754.2081380880445,25.04220919997897,82.0374540000339,4669.284008812117,140,21564.0,17,True,True,True,True,True,False,global_assignment_boundary_sova,64.0,False,147,7,147000448,spatial_seed_147,8.4,8.235294117647058,2380,107.07966320001287,82.10822349996306,2.184227585085396,21564.0,1,15
pso_n140_k17_h11_sp147_ds7,pso,140,17,11,7,356.1978255635301,159.04718673155708,121.86658460134883,2703.80217443647,25.04220919997897,37.97462319995975,4639.8086837245455,140,21564.0,17,True,True,True,True,True,,,,,147,7,147000448,spatial_seed_147,8.4,8.235294117647058,2380,63.01683239993872,37.98389100003988,2.544270182596644,21564.0,1,16
aco_n140_k17_h11_sp147_ds17,aco,140,17,11,17,302.6823874110414,162.19515368170346,135.54337160713033,2757.3176125889586,24.933210500050336,41.94642540003406,4165.805619265261,140,20249.0,17,True,True,True,True,True,,,,,147,17,147000458,spatial_seed_147,8.4,8.235294117647058,2380,66.8796359000844,41.95031980000204,2.1620170529360103,20249.0,1,16
ga_n140_k17_h11_sp147_ds17,ga,140,17,11,17,320.53176108085165,161.1451905246558,139.98344584399325,2739.4682389191485,24.933210500050336,51.80516659998102,3662.047395984719,140,20249.0,17,True,True,True,True,True,,,,,147,17,147000458,spatial_seed_147,8.4,8.235294117647058,2380,76.73837710003136,51.8169932999881,2.289512579148941,20249.0,1,16
nn_n140_k17_h11_sp147_ds17,nn,140,17,11,17,341.67125311530924,159.9016909932171,138.81199004941655,2718.32874688469,24.933210500050336,1.0551333000184968,3677.387932335725,140,20249.0,17,True,True,True,True,True,,,,,147,17,147000458,spatial_seed_147,8.4,8.235294117647058,2380,25.988343800068836,1.0555247999727726,2.440508950823637,20249.0,1,16
proposed_n140_k17_h11_sp147_ds17,proposed,140,17,11,17,292.8616536483938,162.77284390303566,138.44645643445872,2767.1383463516063,24.933210500050336,148.35448409995297,4003.062473347725,140,20249.0,17,True,True,True,True,True,False,global_assignment_boundary_sova,64.0,False,147,17,147000458,spatial_seed_147,8.4,8.235294117647058,2380,173.2876946000033,148.55937239999184,2.0918689546313844,20249.0,1,16
pso_n140_k17_h11_sp147_ds17,pso,140,17,11,17,333.7671224097009,160.36663985825288,138.81319249452417,2726.232877590299,24.933210500050336,36.3854954999988,3806.252049254519,140,20249.0,17,True,True,True,True,True,,,,,147,17,147000458,spatial_seed_147,8.4,8.235294117647058,2380,61.31870600004913,36.39515100000426,2.3840508743550064,20249.0,1,15
aco_n140_k17_h11_sp157_ds7,aco,140,17,11,7,330.9069354792743,160.534886148278,132.1423757102486,2729.093064520726,25.19783969997661,41.38009319995763,4684.3159923281255,140,21564.0,17,True,True,True,True,True,,,,,157,7,157000478,spatial_seed_157,8.4,8.235294117647058,2380,66.57793289993424,41.3851457000128,2.3636209677091022,21564.0,1,14
ga_n140_k17_h11_sp157_ds7,ga,140,17,11,7,354.5924179244899,159.14162247503,135.28807392885875,2705.40758207551,25.19783969997661,53.09899659996154,4151.14678235493,140,21564.0,17,True,True,True,True,True,,,,,157,7,157000478,spatial_seed_157,8.4,8.235294117647058,2380,78.29683629993815,53.11135540000396,2.532802985174928,21564.0,1,14
nn_n140_k17_h11_sp157_ds7,nn,140,17,11,7,373.5226058880558,158.02808200658495,139.5527616226676,2686.477394111944,25.19783969997661,0.992188600008376,3881.073271754364,140,21564.0,17,True,True,True,True,True,,,,,157,7,157000478,spatial_seed_157,8.4,8.235294117647058,2380,26.190028299984988,0.9923385000438428,2.668018613486113,21564.0,1,15
proposed_n140_k17_h11_sp157_ds7,proposed,140,17,11,7,317.2283687865535,161.33950771843803,141.25764779867922,2742.7716312134467,25.19783969997661,141.352172599989,3315.3250984547467,140,21564.0,17,True,True,True,True,True,False,global_assignment_boundary_sova,64.0,False,157,7,157000478,spatial_seed_157,8.4,8.235294117647058,2380,166.5500122999656,141.55820109997876,2.2659169199039537,21564.0,1,16
pso_n140_k17_h11_sp157_ds7,pso,140,17,11,7,362.2298471657364,158.69236193142729,135.53525032081748,2697.770152834264,25.19783969997661,39.19300450000446,4158.209162099878,140,21564.0,17,True,True,True,True,True,,,,,157,7,157000478,spatial_seed_157,8.4,8.235294117647058,2380,64.39084419998107,39.20294839999406,2.587356051183832,21564.0,1,15
aco_n140_k17_h11_sp157_ds17,aco,140,17,11,17,324.05096325147355,160.93817863226627,140.7115422234602,2735.9490367485264,24.898474999994505,43.06935619999422,4139.092986000441,140,20249.0,17,True,True,True,True,True,,,,,157,17,157000488,spatial_seed_157,8.4,8.235294117647058,2380,67.96783119998872,43.07329530001152,2.3146497375105253,20249.0,1,15
ga_n140_k17_h11_sp157_ds17,ga,140,17,11,17,338.5303561362943,160.08644963904152,136.96758535781973,2721.4696438637056,24.898474999994505,58.44128680002177,4371.578413305319,140,20249.0,17,True,True,True,True,True,,,,,157,17,157000488,spatial_seed_157,8.4,8.235294117647058,2380,83.33976180001628,58.45470549998572,2.418073972402102,20249.0,1,15
nn_n140_k17_h11_sp157_ds17,nn,140,17,11,17,373.5300080530688,158.02764658511362,137.26336670916913,2686.4699919469317,24.898474999994505,1.0415240000002086,3736.6123247098712,140,20249.0,17,True,True,True,True,True,,,,,157,17,157000488,spatial_seed_157,8.4,8.235294117647058,2380,25.939998999994717,1.041568799992092,2.6680714860933485,20249.0,1,17
proposed_n140_k17_h11_sp157_ds17,proposed,140,17,11,17,310.87108758739555,161.71346543603553,141.33496014183265,2749.128912412604,24.898474999994505,79.4787458999781,4023.7099663504137,140,20249.0,17,True,True,True,True,True,False,global_assignment_boundary_sova,64.0,False,157,17,157000488,spatial_seed_157,8.4,8.235294117647058,2380,104.3772208999726,79.53164709999692,2.2205077684813967,20249.0,1,16
pso_n140_k17_h11_sp157_ds17,pso,140,17,11,17,369.79975559086495,158.24707320053736,137.36212757134786,2690.200244409135,24.898474999994505,37.22581750003155,3684.463463699417,140,20249.0,17,True,True,True,True,True,,,,,157,17,157000488,spatial_seed_157,8.4,8.235294117647058,2380,62.12429250002606,37.234813699964434,2.6414268256490354,20249.0,1,17
aco_n140_k17_h11_sp167_ds7,aco,140,17,11,7,308.58740727208254,161.84779957223043,134.0369086364078,2751.4125927279174,25.15649810002651,41.7159216,3770.267651351765,140,21564.0,17,True,True,True,True,True,,,,,167,7,167000508,spatial_seed_167,8.4,8.235294117647058,2380,66.87241970002651,41.71949490002589,2.204195766229161,21564.0,1,17
ga_n140_k17_h11_sp167_ds7,ga,140,17,11,7,333.9888731291652,160.35359569828438,140.3681484095449,2726.0111268708347,25.15649810002651,46.612326800008304,3490.411696399135,140,21564.0,17,True,True,True,True,True,,,,,167,7,167000508,spatial_seed_167,8.4,8.235294117647058,2380,71.76882490003482,46.623351700021885,2.3856348080654657,21564.0,1,17
nn_n140_k17_h11_sp167_ds7,nn,140,17,11,7,360.5336824184632,158.79213632832568,140.12978411932664,2699.4663175815367,25.15649810002651,1.016958500025794,3821.2746403110905,140,21564.0,17,True,True,True,True,True,,,,,167,7,167000508,spatial_seed_167,8.4,8.235294117647058,2380,26.173456600052305,1.017261700006202,2.5752405887033083,21564.0,1,17
proposed_n140_k17_h11_sp167_ds7,proposed,140,17,11,7,314.440553174795,161.50349687207088,135.4277293075951,2745.559446825205,25.15649810002651,361.2260560999857,4036.934336917113,140,21564.0,17,True,True,True,True,True,False,global_assignment_boundary_sova,64.0,False,167,7,167000508,spatial_seed_167,8.4,8.235294117647058,2380,386.3825542000122,361.6970008999924,2.246003951248536,21564.0,1,20
pso_n140_k17_h11_sp167_ds7,pso,140,17,11,7,354.8246507192842,159.12796172239504,140.13353944004768,2705.175349280716,25.15649810002651,39.29703469999368,3821.27464031109,140,21564.0,17,True,True,True,True,True,,,,,167,7,167000508,spatial_seed_167,8.4,8.235294117647058,2380,64.45353280002018,39.30690179998055,2.53446179085203,21564.0,1,17
aco_n140_k17_h11_sp167_ds17,aco,140,17,11,17,307.11327314343106,161.93451334450407,127.99253813193508,2752.886726856569,24.89333940000506,41.68583230004879,4029.53984107892,140,20249.0,17,True,True,True,True,True,,,,,167,17,167000518,spatial_seed_167,8.4,8.235294117647058,2380,66.57917170005385,41.68981810001424,2.1936662367387934,20249.0,1,15
ga_n140_k17_h11_sp167_ds17,ga,140,17,11,17,335.72744459938934,160.2513267882712,126.7515366866703,2724.2725554006106,24.89333940000506,53.47185720002744,4351.698887591332,140,20249.0,17,True,True,True,True,True,,,,,167,17,167000518,spatial_seed_167,8.4,8.235294117647058,2380,78.3651966000325,53.484771199990064,2.398053175709924,20249.0,1,15
nn_n140_k17_h11_sp167_ds17,nn,140,17,11,17,344.5993127211761,159.729452192872,122.28856374816608,2715.400687278824,24.89333940000506,1.038838200038299,4054.46989973659,140,20249.0,17,True,True,True,True,True,,,,,167,17,167000518,spatial_seed_167,8.4,8.235294117647058,2380,25.93217760004336,1.0391461999970488,2.461423662294115,20249.0,1,16
proposed_n140_k17_h11_sp167_ds17,proposed,140,17,11,17,294.52485902702864,162.67500829252774,131.95305352601042,2765.4751409729715,24.89333940000506,122.99944450001932,3746.385332759621,140,20249.0,17,True,True,True,True,True,False,global_assignment_boundary_sova,64.0,False,167,17,167000518,spatial_seed_167,8.4,8.235294117647058,2380,147.89278390002437,123.18720320001012,2.1037489930502047,20249.0,1,16
pso_n140_k17_h11_sp167_ds17,pso,140,17,11,17,340.10594160845847,159.9937681406789,124.914240452654,2719.8940583915414,24.89333940000506,35.535845800011884,4017.184355637194,140,20249.0,17,True,True,True,True,True,,,,,167,17,167000518,spatial_seed_167,8.4,8.235294117647058,2380,60.42918520001695,35.5446928999736,2.429328154346132,20249.0,1,16
aco_n140_k17_h11_sp177_ds7,aco,140,17,11,7,327.53316444660686,160.73334326784666,126.48964230996224,2732.466835553393,25.22281359997578,43.0159501999733,4552.544839813388,140,21564.0,17,True,True,True,True,True,,,,,177,7,177000538,spatial_seed_177,8.4,8.235294117647058,2380,68.23876379994908,43.01962139998796,2.339522603190049,21564.0,1,14
ga_n140_k17_h11_sp177_ds7,ga,140,17,11,7,352.12030489424683,159.2870408885737,128.32890230290732,2707.879695105753,25.22281359997578,57.42254679999314,4568.860140294405,140,21564.0,17,True,True,True,True,True,,,,,177,7,177000538,spatial_seed_177,8.4,8.235294117647058,2380,82.64536039996892,57.436396300036,2.515145034958906,21564.0,1,14
nn_n140_k17_h11_sp177_ds7,nn,140,17,11,7,368.4800064343683,158.32470550386068,139.11003205722014,2691.5199935656315,25.22281359997578,0.9731162000098266,3840.843540517637,140,21564.0,17,True,True,True,True,True,,,,,177,7,177000538,spatial_seed_177,8.4,8.235294117647058,2380,26.19592979998561,0.9733400999684818,2.632000045959773,21564.0,1,14
proposed_n140_k17_h11_sp177_ds7,proposed,140,17,11,7,324.2325972355138,160.9274942802639,136.92458942405636,2735.767402764486,25.22281359997578,99.28682620002655,4790.827856917445,140,21564.0,17,True,True,True,True,True,False,global_assignment_boundary_sova,64.0,False,177,7,177000538,spatial_seed_177,8.4,8.235294117647058,2380,124.50963980000232,99.4048222999554,2.315947123110813,21564.0,1,15
pso_n140_k17_h11_sp177_ds7,pso,140,17,11,7,362.0754243557123,158.7014456261346,139.3607586229703,2697.924575644288,25.22281359997578,40.51647849997971,3845.206852803417,140,21564.0,17,True,True,True,True,True,,,,,177,7,177000538,spatial_seed_177,8.4,8.235294117647058,2380,65.73929209995549,40.52641350001795,2.5862530311122307,21564.0,1,14
aco_n140_k17_h11_sp177_ds17,aco,140,17,11,17,317.19141254041057,161.34168161526998,126.28049878572703,2742.808587459589,25.114585499977693,41.68825259996811,4808.385658422385,140,20249.0,17,True,True,True,True,True,,,,,177,17,177000548,spatial_seed_177,8.4,8.235294117647058,2380,66.8028380999458,41.691398399998434,2.265652946717218,20249.0,1,15
ga_n140_k17_h11_sp177_ds17,ga,140,17,11,17,345.6992573717972,159.6647495663649,135.7533067841992,2714.300742628203,25.114585499977693,55.42722250003135,4065.037286856536,140,20249.0,17,True,True,True,True,True,,,,,177,17,177000548,spatial_seed_177,8.4,8.235294117647058,2380,80.54180800000904,55.439824400004,2.469280409798551,20249.0,1,15
nn_n140_k17_h11_sp177_ds17,nn,140,17,11,17,366.465735825046,158.4431920102914,139.54603264452746,2693.534264174954,25.114585499977693,1.016487999993842,3698.846371501273,140,20249.0,17,True,True,True,True,True,,,,,177,17,177000548,spatial_seed_177,8.4,8.235294117647058,2380,26.13107349997153,1.01662899996154,2.6176123987503286,20249.0,1,16
proposed_n140_k17_h11_sp177_ds17,proposed,140,17,11,17,297.5366794704326,162.4978423840922,141.15020249588432,2762.463320529567,25.114585499977693,220.649914300011,4707.602967199751,140,20249.0,17,True,True,True,True,True,False,global_assignment_boundary_sova,64.0,False,177,17,177000548,spatial_seed_177,8.4,8.235294117647058,2380,245.7644997999887,220.80132339999545,2.125261996217376,20249.0,1,19
pso_n140_k17_h11_sp177_ds17,pso,140,17,11,17,358.7007328079467,158.8999568936502,139.80718063283376,2701.2992671920533,25.114585499977693,41.03541279997444,3722.315391998252,140,20249.0,17,True,True,True,True,True,,,,,177,17,177000548,spatial_seed_177,8.4,8.235294117647058,2380,66.14999829995213,41.04533500003163,2.5621480914853336,20249.0,1,16
aco_n140_k17_h11_sp187_ds7,aco,140,17,11,7,316.8203426033266,161.36350925862786,123.9368086366369,2743.179657396673,24.967806899978317,41.24160389997997,5567.026944581156,140,21564.0,17,True,True,True,True,True,,,,,187,7,187000568,spatial_seed_187,8.4,8.235294117647058,2380,66.20941079995828,41.24563150003087,2.2630024471666186,21564.0,1,14
ga_n140_k17_h11_sp187_ds7,ga,140,17,11,7,336.8798209179819,160.18353994600108,134.333698051318,2723.1201790820182,24.967806899978317,54.076558300002944,4376.969570886353,140,21564.0,17,True,True,True,True,True,,,,,187,7,187000568,spatial_seed_187,8.4,8.235294117647058,2380,79.04436519998126,54.08846389997052,2.406284435128442,21564.0,1,14
nn_n140_k17_h11_sp187_ds7,nn,140,17,11,7,359.63861082146667,158.84478759873727,130.56895966525764,2700.361389178533,24.967806899978317,1.0338966000126677,4155.776367228278,140,21564.0,17,True,True,True,True,True,,,,,187,7,187000568,spatial_seed_187,8.4,8.235294117647058,2380,26.00170349999098,1.034251300035976,2.568847220153333,21564.0,1,14
proposed_n140_k17_h11_sp187_ds7,proposed,140,17,11,7,302.97827434574293,162.17774856789745,141.5844825432481,2757.021725654257,24.967806899978317,56.0303547999938,3686.978465346722,140,21564.0,17,True,True,True,True,True,False,global_assignment_boundary_sova,64.0,False,187,7,187000568,spatial_seed_187,8.4,8.235294117647058,2380,80.99816169997212,56.08743489999324,2.164130531041021,21564.0,1,13
pso_n140_k17_h11_sp187_ds7,pso,140,17,11,7,349.6516785854803,159.43225420085412,134.54052095664304,2710.34832141452,24.967806899978317,40.84947110002395,4382.806681394749,140,21564.0,17,True,True,True,True,True,,,,,187,7,187000568,spatial_seed_187,8.4,8.235294117647058,2380,65.81727800000226,40.859873400011566,2.497511989896288,21564.0,1,14
aco_n140_k17_h11_sp187_ds17,aco,140,17,11,17,315.51442158892945,161.44032814182768,122.89284933576305,2744.4855784110705,26.02489160001278,40.58515759999864,5175.893475566074,140,20249.0,17,True,True,True,True,True,,,,,187,17,187000578,spatial_seed_187,8.4,8.235294117647058,2380,66.61004920001142,40.58875559997978,2.2536744399209248,20249.0,1,17
ga_n140_k17_h11_sp187_ds17,ga,140,17,11,17,338.7806163813678,160.07172844815483,134.41715941916482,2721.219383618632,26.02489160001278,69.01994420000119,5267.997390653562,140,20249.0,17,True,True,True,True,True,,,,,187,17,187000578,spatial_seed_187,8.4,8.235294117647058,2380,95.04483580001396,69.03602900000988,2.4198615455811985,20249.0,1,17
nn_n140_k17_h11_sp187_ds17,nn,140,17,11,17,359.85620583088456,158.83198789230093,138.0500781636254,2700.143794169116,26.02489160001278,1.055255799961742,4192.3191882321225,140,20249.0,17,True,True,True,True,True,,,,,187,17,187000578,spatial_seed_187,8.4,8.235294117647058,2380,27.08014739997452,1.0553682000027038,2.570401470220604,20249.0,1,17
proposed_n140_k17_h11_sp187_ds17,proposed,140,17,11,17,302.5375337815066,162.20367448344078,139.9006409321292,2757.4624662184933,26.02489160001278,101.51523119997,4142.134947977826,140,20249.0,17,True,True,True,True,True,False,global_assignment_boundary_sova,64.0,False,187,17,187000578,spatial_seed_187,8.4,8.235294117647058,2380,127.54012279998278,101.5769697999931,2.160982384153619,20249.0,1,17
pso_n140_k17_h11_sp187_ds17,pso,140,17,11,17,345.5613162126948,159.67286375219442,138.00340259650727,2714.4386837873053,26.02489160001278,39.856275899976026,4683.538402743036,140,20249.0,17,True,True,True,True,True,,,,,187,17,187000578,spatial_seed_187,8.4,8.235294117647058,2380,65.8811674999888,39.867690599989146,2.468295115804963,20249.0,1,17
aco_n140_k17_h11_sp197_ds7,aco,140,17,11,7,333.8911978728763,160.3593413015955,136.35954338657507,2726.1088021271235,25.996740799979307,41.56972410000162,4336.996146053087,140,21564.0,17,True,True,True,True,True,,,,,197,7,197000598,spatial_seed_197,8.4,8.235294117647058,2380,67.56646489998093,41.57390939997276,2.3849371276634024,21564.0,1,16
ga_n140_k17_h11_sp197_ds7,ga,140,17,11,7,347.8445670038294,159.53855488212767,136.8679328921921,2712.1554329961705,25.996740799979307,47.85344749997603,3914.539384918348,140,21564.0,17,True,True,True,True,True,,,,,197,7,197000598,spatial_seed_197,8.4,8.235294117647058,2380,73.85018829995533,47.86424470000202,2.484604050027353,21564.0,1,13
nn_n140_k17_h11_sp197_ds7,nn,140,17,11,7,354.1552766565317,159.16733666726282,134.74744257073058,2705.844723343468,25.996740799979307,0.9716639000107534,4181.370657266129,140,21564.0,17,True,True,True,True,True,,,,,197,7,197000598,spatial_seed_197,8.4,8.235294117647058,2380,26.96840469999006,0.9719206999870948,2.529680547546655,21564.0,1,15
proposed_n140_k17_h11_sp197_ds7,proposed,140,17,11,7,337.35036480332803,160.1558608939219,139.08526026797142,2722.649635196672,25.996740799979307,134.16231809998862,3866.842811319449,140,21564.0,17,True,True,True,True,True,False,global_assignment_boundary_sova,64.0,False,197,7,197000598,spatial_seed_197,8.4,8.235294117647058,2380,160.15905889996793,134.324596499966,2.4096454628809147,21564.0,1,16
pso_n140_k17_h11_sp197_ds7,pso,140,17,11,7,347.6525670381538,159.54984899775565,134.73023329300295,2712.347432961846,25.996740799979307,39.16392630001064,4164.704443361584,140,21564.0,17,True,True,True,True,True,,,,,197,7,197000598,spatial_seed_197,8.4,8.235294117647058,2380,65.16066709998995,39.1742901999969,2.4832326217010987,21564.0,1,15
aco_n140_k17_h11_sp197_ds17,aco,140,17,11,17,334.9142030591536,160.29916452593213,146.51955786779197,2725.085796940846,25.07903580000857,43.36412480002036,3461.651761245087,140,20249.0,17,True,True,True,True,True,,,,,197,17,197000608,spatial_seed_197,8.4,8.235294117647058,2380,68.44316060002893,43.36995299998671,2.3922443075653828,20249.0,1,17
ga_n140_k17_h11_sp197_ds17,ga,140,17,11,17,349.5945985748021,159.43561184854104,136.2598021574663,2710.405401425198,25.07903580000857,49.631311399978586,4349.870020659052,140,20249.0,17,True,True,True,True,True,,,,,197,17,197000608,spatial_seed_197,8.4,8.235294117647058,2380,74.71034719998715,49.64264850004111,2.497104275534301,20249.0,1,14
nn_n140_k17_h11_sp197_ds17,nn,140,17,11,17,361.1766315132865,158.7543157933361,143.75042984352223,2698.8233684867137,25.07903580000857,1.0287031999905594,3820.7929750922094,140,20249.0,17,True,True,True,True,True,,,,,197,17,197000608,spatial_seed_197,8.4,8.235294117647058,2380,26.10773899999913,1.0288914000266232,2.579833082237761,20249.0,1,15
proposed_n140_k17_h11_sp197_ds17,proposed,140,17,11,17,348.6170329224884,159.49311571044186,146.10656622672545,2711.382967077512,25.07903580000857,237.2818713000161,3591.368148065581,140,20249.0,17,True,True,True,True,True,False,global_assignment_boundary_sova,64.0,False,197,17,197000608,spatial_seed_197,8.4,8.235294117647058,2380,262.36090710002463,237.68079620000208,2.49012166373206,20249.0,1,17
pso_n140_k17_h11_sp197_ds17,pso,140,17,11,17,352.7921338735842,159.24752153684798,143.90767792490854,2707.207866126416,25.07903580000857,39.422258999955375,3807.029760295096,140,20249.0,17,True,True,True,True,True,,,,,197,17,197000608,spatial_seed_197,8.4,8.235294117647058,2380,64.50129479996394,39.43243869999424,2.5199438133827443,20249.0,1,15
aco_n160_k19_h11_sp107_ds7,aco,160,19,11,7,376.1695024280784,160.2016051353643,126.7108384698871,3043.8304975719216,28.82044819998555,54.57007149996935,4884.032199886335,160,24638.0,19,True,True,True,True,True,,,,,107,7,107000328,spatial_seed_107,8.4,8.421052631578947,3040,83.3905196999549,54.575919799972326,2.3510593901754904,24638.0,1,14
ga_n160_k19_h11_sp107_ds7,ga,160,19,11,7,412.6078545223003,158.28379713040525,137.85337059949728,3007.3921454777,28.82044819998555,61.79109730001073,4178.75875926911,160,24638.0,19,True,True,True,True,True,,,,,107,7,107000328,spatial_seed_107,8.4,8.421052631578947,3040,90.61154549999628,61.80349830002524,2.5787990907643765,24638.0,1,14
nn_n160_k19_h11_sp107_ds7,nn,160,19,11,7,438.7394743898414,156.90844871632416,134.12148431270083,2981.2605256101588,28.82044819998555,1.4527043999987654,4313.203751088309,160,24638.0,19,True,True,True,True,True,,,,,107,7,107000328,spatial_seed_107,8.4,8.421052631578947,3040,30.273152599984314,1.4530093999928797,2.7421217149365087,24638.0,1,15
proposed_n160_k19_h11_sp107_ds7,proposed,160,19,11,7,359.65669984833835,161.0707000079822,136.76235627111902,3060.343300151662,28.82044819998555,245.49681939999573,3754.758952002308,160,24638.0,19,True,True,True,True,True,False,global_assignment_boundary_sova,64.0,False,107,7,107000328,spatial_seed_107,8.4,8.421052631578947,3040,274.3172675999813,245.83698159997584,2.247854374052115,24638.0,1,15
pso_n160_k19_h11_sp107_ds7,pso,160,19,11,7,429.5097715130008,157.3942225519473,138.9694955392974,2990.490228486999,28.82044819998555,51.474534100038,4372.547788590657,160,24638.0,19,True,True,True,True,True,,,,,107,7,107000328,spatial_seed_107,8.4,8.421052631578947,3040,80.29498230002355,51.48500210000202,2.684436071956255,24638.0,1,15
aco_n160_k19_h11_sp107_ds17,aco,160,19,11,17,368.07168241331976,160.62780618877264,117.85276285539145,3051.9283175866804,29.31411259999732,48.819862200005446,5717.012788927107,160,23211.0,19,True,True,True,True,True,,,,,107,17,107000338,spatial_seed_107,8.4,8.421052631578947,3040,78.13397480000276,48.824514999985695,2.3004480150832487,23211.0,1,15
ga_n160_k19_h11_sp107_ds17,ga,160,19,11,17,401.074478729106,158.89081690899442,128.48935079257225,3018.925521270894,29.31411259999732,74.47216820000904,4590.211374604868,160,23211.0,19,True,True,True,True,True,,,,,107,17,107000338,spatial_seed_107,8.4,8.421052631578947,3040,103.78628080000637,74.48649080004543,2.506715492056913,23211.0,1,15
nn_n160_k19_h11_sp107_ds17,nn,160,19,11,17,418.3471272808114,157.9817301431152,128.40032744949622,3001.6528727191885,29.31411259999732,1.45773880003253,4411.251619766609,160,23211.0,19,True,True,True,True,True,,,,,107,17,107000338,spatial_seed_107,8.4,8.421052631578947,3040,30.77185140002985,1.4580310999881476,2.6146695455050715,23211.0,1,16
proposed_n160_k19_h11_sp107_ds17,proposed,160,19,11,17,356.38208885529014,161.24304795498475,137.06392810004323,3063.61791114471,29.31411259999732,309.41131210001186,4228.472444061433,160,23211.0,19,True,True,True,True,True,False,global_assignment_boundary_sova,64.0,False,107,17,107000338,spatial_seed_107,8.4,8.421052631578947,3040,338.7254247000092,309.7980490999762,2.227388055345563,23211.0,1,16
pso_n160_k19_h11_sp107_ds17,pso,160,19,11,17,413.20381649200567,158.2524307109471,128.40032744949622,3006.7961835079946,29.31411259999732,55.05684440000914,4411.251619766609,160,23211.0,19,True,True,True,True,True,,,,,107,17,107000338,spatial_seed_107,8.4,8.421052631578947,3040,84.37095700000646,55.06878199998755,2.582523853075036,23211.0,1,16
aco_n160_k19_h11_sp117_ds7,aco,160,19,11,7,361.95286913007527,160.94984899315395,138.65823546195497,3058.047130869925,28.5377993999864,51.91764639999019,3805.9777897335534,160,24638.0,19,True,True,True,True,True,,,,,117,7,117000358,spatial_seed_117,8.4,8.421052631578947,3040,80.45544579997659,51.92324480001116,2.2622054320629705,24638.0,1,14
ga_n160_k19_h11_sp117_ds7,ga,160,19,11,7,375.0835524889212,160.25876039531994,138.1835191512408,3044.916447511079,28.5377993999864,63.15198560000863,4622.419475956298,160,24638.0,19,True,True,True,True,True,,,,,117,7,117000358,spatial_seed_117,8.4,8.421052631578947,3040,91.68978499999504,63.16427320003277,2.3442722030557577,24638.0,1,16
nn_n160_k19_h11_sp117_ds7,nn,160,19,11,7,392.9759270829506,159.3170564693184,137.9904549364977,3027.0240729170496,28.5377993999864,1.4153308999957517,4701.784429954512,160,24638.0,19,True,True,True,True,True,,,,,117,7,117000358,spatial_seed_117,8.4,8.421052631578947,3040,29.95313029998215,1.4157433999935165,2.456099544268441,24638.0,1,15
proposed_n160_k19_h11_sp117_ds7,proposed,160,19,11,7,349.56301388363926,161.6019466377032,138.58498891363487,3070.436986116361,28.5377993999864,289.90082979999715,4195.573954709699,160,24638.0,19,True,True,True,True,True,False,global_assignment_boundary_sova,64.0,False,117,7,117000358,spatial_seed_117,8.4,8.421052631578947,3040,318.43862919998355,290.3143395999796,2.1847688367727454,24638.0,1,18
pso_n160_k19_h11_sp117_ds7,pso,160,19,11,7,383.1319117307476,159.83516254048698,138.4228439578216,3036.8680882692524,28.5377993999864,49.73011309996946,4668.747622518909,160,24638.0,19,True,True,True,True,True,,,,,117,7,117000358,spatial_seed_117,8.4,8.421052631578947,3040,78.26791249995586,49.74074849998578,2.3945744483171723,24638.0,1,15
aco_n160_k19_h11_sp117_ds17,aco,160,19,11,17,353.6424130734304,161.38724141718788,140.79338727956156,3066.3575869265696,28.857102900044996,53.30580590001773,3564.241124867082,160,23211.0,19,True,True,True,True,True,,,,,117,17,117000368,spatial_seed_117,8.4,8.421052631578947,3040,82.16290880006272,53.31250609998824,2.21026508170894,23211.0,1,15
ga_n160_k19_h11_sp117_ds17,ga,160,19,11,17,364.3425009623372,160.82407889671907,134.68643113345098,3055.6574990376625,28.857102900044996,65.84423339995556,3875.381325307696,160,23211.0,19,True,True,True,True,True,,,,,117,17,117000368,spatial_seed_117,8.4,8.421052631578947,3040,94.70133630000056,65.85757240001112,2.277140631014608,23211.0,1,15
nn_n160_k19_h11_sp117_ds17,nn,160,19,11,17,387.8259279147085,159.5881090571206,134.01580246131132,3032.1740720852918,28.857102900044996,1.4810216999612749,3985.058466470324,160,23211.0,19,True,True,True,True,True,,,,,117,17,117000368,spatial_seed_117,8.4,8.421052631578947,3040,30.338124600006267,1.4816513999830931,2.4239120494669284,23211.0,1,15
proposed_n160_k19_h11_sp117_ds17,proposed,160,19,11,17,353.6743010651158,161.38556310183603,140.8770434305543,3066.3256989348843,28.857102900044996,385.9845683000167,3546.6775989222497,160,23211.0,19,True,True,True,True,True,False,global_assignment_boundary_sova,64.0,False,117,17,117000368,spatial_seed_117,8.4,8.421052631578947,3040,414.8416712000617,386.613440199988,2.2104643816569736,23211.0,1,17
pso_n160_k19_h11_sp117_ds17,pso,160,19,11,17,382.8317733552416,159.85095929709254,134.01580246131132,3037.1682266447583,28.857102900044996,54.34597359999316,3985.058466470324,160,23211.0,19,True,True,True,True,True,,,,,117,17,117000368,spatial_seed_117,8.4,8.421052631578947,3040,83.20307650003815,54.35758109996095,2.39269858347026,23211.0,1,15
aco_n160_k19_h11_sp127_ds7,aco,160,19,11,7,345.1540847572185,161.83399553909376,131.039268590371,3074.8459152427813,28.70005260000471,52.72294599999441,4968.958629498315,160,24638.0,19,True,True,True,True,True,,,,,127,7,127000388,spatial_seed_127,8.4,8.421052631578947,3040,81.42299859999912,52.728371200035326,2.157213029732616,24638.0,1,15
ga_n160_k19_h11_sp127_ds7,ga,160,19,11,7,390.3280106735702,159.45642049086473,141.06461109804954,3029.67198932643,28.70005260000471,69.29358619998675,4168.842106353609,160,24638.0,19,True,True,True,True,True,,,,,127,7,127000388,spatial_seed_127,8.4,8.421052631578947,3040,97.99363879999146,69.3073779999977,2.439550066709814,24638.0,1,15
nn_n160_k19_h11_sp127_ds7,nn,160,19,11,7,412.50945149148754,158.28897623729011,140.8874303123514,3007.4905485085123,28.70005260000471,1.4773362000123598,3759.5750139991487,160,24638.0,19,True,True,True,True,True,,,,,127,7,127000388,spatial_seed_127,8.4,8.421052631578947,3040,30.17738880001707,1.4775843000388704,2.578184071821797,24638.0,1,15
proposed_n160_k19_h11_sp127_ds7,proposed,160,19,11,7,338.3711465233804,162.19099228824314,140.14366074332816,3081.6288534766195,28.70005260000471,121.98494379996556,4589.315765757406,160,24638.0,19,True,True,True,True,True,False,global_assignment_boundary_sova,64.0,False,127,7,127000388,spatial_seed_127,8.4,8.421052631578947,3040,150.68499639997026,122.10883130005097,2.114819665771128,24638.0,1,16
pso_n160_k19_h11_sp127_ds7,pso,160,19,11,7,404.99901668417135,158.68426227978046,140.8874303123514,3015.0009833158288,28.70005260000471,50.110116600000765,3759.5750139991487,160,24638.0,19,True,True,True,True,True,,,,,127,7,127000388,spatial_seed_127,8.4,8.421052631578947,3040,78.81016920000548,50.12108200002695,2.531243854276071,24638.0,1,15
aco_n160_k19_h11_sp127_ds17,aco,160,19,11,17,338.80167871468063,162.16833269922734,130.11606588274717,3081.1983212853197,28.901123800023925,52.42276510002557,5354.596798845081,160,23211.0,19,True,True,True,True,True,,,,,127,17,127000398,spatial_seed_127,8.4,8.421052631578947,3040,81.3238889000495,52.42868199996883,2.117510491966754,23211.0,1,16
ga_n160_k19_h11_sp127_ds17,ga,160,19,11,17,379.3204069264448,160.03576805650292,130.0110774150449,3040.679593073555,28.901123800023925,65.83361109998077,4306.047995350932,160,23211.0,19,True,True,True,True,True,,,,,127,17,127000398,spatial_seed_127,8.4,8.421052631578947,3040,94.7347349000047,65.84713920002105,2.3707525432902803,23211.0,1,16
nn_n160_k19_h11_sp127_ds17,nn,160,19,11,17,394.07616252866734,159.25914934059645,141.68633140944246,3025.9238374713327,28.901123800023925,1.475974100001622,3577.137546796469,160,23211.0,19,True,True,True,True,True,,,,,127,17,127000398,spatial_seed_127,8.4,8.421052631578947,3040,30.377097900025547,1.4762718999991191,2.4629760158041707,23211.0,1,16
proposed_n160_k19_h11_sp127_ds17,proposed,160,19,11,17,331.31706039997005,162.56225997894893,139.69306903521482,3088.68293960003,28.901123800023925,310.0935585999978,4552.687220499285,160,23211.0,19,True,True,True,True,True,False,global_assignment_boundary_sova,64.0,False,127,17,127000398,spatial_seed_127,8.4,8.421052631578947,3040,338.9946824000217,310.52557810000144,2.070731627499813,23211.0,1,17
pso_n160_k19_h11_sp127_ds17,pso,160,19,11,17,390.3047679532479,159.45764379193432,131.71599747154903,3029.695232046752,28.901123800023925,57.18007090000901,3577.137546796469,160,23211.0,19,True,True,True,True,True,,,,,127,17,127000398,spatial_seed_127,8.4,8.421052631578947,3040,86.08119470003294,57.1923827000428,2.439404799707799,23211.0,1,16
aco_n160_k19_h11_sp137_ds7,aco,160,19,11,7,359.4398191533392,161.0821147814032,127.25024566991088,3060.560180846661,29.158877700043377,53.08199700003024,3795.2604107053294,160,24638.0,19,True,True,True,True,True,,,,,137,7,137000418,spatial_seed_137,8.4,8.421052631578947,3040,82.24087470007362,53.08769660000689,2.24649886970837,24638.0,1,15
ga_n160_k19_h11_sp137_ds7,ga,160,19,11,7,391.1073595591099,159.41540212846792,141.3337284064433,3028.8926404408903,29.158877700043377,63.44022649998078,3664.225834809239,160,24638.0,19,True,True,True,True,True,,,,,137,7,137000418,spatial_seed_137,8.4,8.421052631578947,3040,92.59910420002416,63.45296240004245,2.444420997244437,24638.0,1,15
nn_n160_k19_h11_sp137_ds7,nn,160,19,11,7,410.2426067314672,158.40828385623857,141.1268539450714,3009.7573932685327,29.158877700043377,1.4461201999802142,3832.7502302701855,160,24638.0,19,True,True,True,True,True,,,,,137,7,137000418,spatial_seed_137,8.4,8.421052631578947,3040,30.60499790002359,1.4464543999638408,2.5640162920716696,24638.0,1,15
proposed_n160_k19_h11_sp137_ds7,proposed,160,19,11,7,346.6428413025032,161.7556399314472,133.61253715064203,3073.3571586974967,29.158877700043377,167.56591870001284,4122.068860952093,160,24638.0,19,True,True,True,True,True,False,global_assignment_boundary_sova,64.0,False,137,7,137000418,spatial_seed_137,8.4,8.421052631578947,3040,196.72479640005625,167.78163869999116,2.166517758140645,24638.0,1,15
pso_n160_k19_h11_sp137_ds7,pso,160,19,11,7,408.0996814926687,158.52106939512268,141.3337284064433,3011.900318507331,29.158877700043377,53.97020819998579,3823.7227128722334,160,24638.0,19,True,True,True,True,True,,,,,137,7,137000418,spatial_seed_137,8.4,8.421052631578947,3040,83.12908590002917,53.98151620000135,2.5506230093291795,24638.0,1,15
aco_n160_k19_h11_sp137_ds17,aco,160,19,11,17,356.7023993084597,161.22618951008107,138.7649516772804,3063.2976006915405,29.80951410002308,51.21021990000736,4032.556229943081,160,23211.0,19,True,True,True,True,True,,,,,137,17,137000428,spatial_seed_137,8.4,8.421052631578947,3040,81.01973400003044,51.21480899996823,2.229389995677873,23211.0,1,15
ga_n160_k19_h11_sp137_ds17,ga,160,19,11,17,381.08559402558495,159.94286347233762,137.08014810138212,3038.914405974415,29.80951410002308,73.41709500004072,3859.019456314939,160,23211.0,19,True,True,True,True,True,,,,,137,17,137000428,spatial_seed_137,8.4,8.421052631578947,3040,103.2266091000638,73.43235509999795,2.381784962659906,23211.0,1,15
nn_n160_k19_h11_sp137_ds17,nn,160,19,11,17,394.7252429605512,159.22498721260254,138.75970634891195,3025.274757039449,29.80951410002308,1.4840812999755144,3622.102146706705,160,23211.0,19,True,True,True,True,True,,,,,137,17,137000428,spatial_seed_137,8.4,8.421052631578947,3040,31.293595399998598,1.484243399987463,2.467032768503445,23211.0,1,15
proposed_n160_k19_h11_sp137_ds17,proposed,160,19,11,17,341.34630004555726,162.03440526076014,142.99477633323283,3078.653699954443,29.80951410002308,314.5280577999656,4603.249307743735,160,23211.0,19,True,True,True,True,True,False,global_assignment_boundary_sova,64.0,False,137,17,137000428,spatial_seed_137,8.4,8.421052631578947,3040,344.3375718999887,314.9609339000308,2.1334143752847328,23211.0,1,18
pso_n160_k19_h11_sp137_ds17,pso,160,19,11,17,390.7095710939128,159.43633836347826,139.10609645341077,3029.290428906087,29.80951410002308,53.36723939998774,3617.944139723989,160,23211.0,19,True,True,True,True,True,,,,,137,17,137000428,spatial_seed_137,8.4,8.421052631578947,3040,83.17675350001082,53.37854400003562,2.4419348193369546,23211.0,1,15
aco_n160_k19_h11_sp147_ds7,aco,160,19,11,7,345.1664009375422,161.83334731907672,141.1142183621197,3074.833599062458,28.88756239996292,53.35636079998221,3981.704988235726,160,24638.0,19,True,True,True,True,True,,,,,147,7,147000448,spatial_seed_147,8.4,8.421052631578947,3040,82.24392319994513,53.36111779999919,2.1572900058596387,24638.0,1,14
ga_n160_k19_h11_sp147_ds7,ga,160,19,11,7,376.9557312049785,160.16022467342216,133.40021243241938,3043.0442687950213,28.88756239996292,62.53651860001264,3878.460625744776,160,24638.0,19,True,True,True,True,True,,,,,147,7,147000448,spatial_seed_147,8.4,8.421052631578947,3040,91.42408099997556,62.54972569999518,2.355973320031116,24638.0,1,16
nn_n160_k19_h11_sp147_ds7,nn,160,19,11,7,391.6030567243493,159.38931280398162,134.31832467357373,3028.3969432756508,28.88756239996292,1.5105953999445774,3984.254862324424,160,24638.0,19,True,True,True,True,True,,,,,147,7,147000448,spatial_seed_147,8.4,8.421052631578947,3040,30.39815779990749,1.510996199969668,2.4475191045271827,24638.0,1,16
proposed_n160_k19_h11_sp147_ds7,proposed,160,19,11,7,333.332157573934,162.45620223295086,131.46701918200992,3086.6678424260663,28.88756239996292,118.50542790000328,4948.73945551398,160,24638.0,19,True,True,True,True,True,False,global_assignment_boundary_sova,64.0,False,147,7,147000448,spatial_seed_147,8.4,8.421052631578947,3040,147.3929902999662,118.61487019999186,2.0833259848370878,24638.0,1,16
pso_n160_k19_h11_sp147_ds7,pso,160,19,11,7,385.91327352087774,159.68877507784853,127.66978251670636,3034.0867264791223,28.88756239996292,51.45286879997002,4187.841450068283,160,24638.0,19,True,True,True,True,True,,,,,147,7,147000448,spatial_seed_147,8.4,8.421052631578947,3040,80.34043119993294,51.46394360001432,2.411957959505486,24638.0,1,16
aco_n160_k19_h11_sp147_ds17,aco,160,19,11,17,340.9732300604742,162.05404052313293,141.28759098804244,3079.026769939526,29.24398139998084,50.9189276000252,4063.709241841898,160,23211.0,19,True,True,True,True,True,,,,,147,17,147000458,spatial_seed_147,8.4,8.421052631578947,3040,80.16290900000604,50.92448940000031,2.131082687877964,23211.0,1,14
ga_n160_k19_h11_sp147_ds17,ga,160,19,11,17,374.4491246765292,160.29215133281426,141.16218750177433,3045.550875323471,29.24398139998084,69.46507310000015,3394.519342017685,160,23211.0,19,True,True,True,True,True,,,,,147,17,147000458,spatial_seed_147,8.4,8.421052631578947,3040,98.709054499981,69.47876770002767,2.340307029228307,23211.0,1,16
nn_n160_k19_h11_sp147_ds17,nn,160,19,11,17,393.3380957169758,159.29799496226445,138.16590655782997,3026.6619042830243,29.24398139998084,1.5055467000347562,3584.4422802434747,160,23211.0,19,True,True,True,True,True,,,,,147,17,147000458,spatial_seed_147,8.4,8.421052631578947,3040,30.7495281000156,1.505877700052224,2.4583630982310987,23211.0,1,16
proposed_n160_k19_h11_sp147_ds17,proposed,160,19,11,17,325.5827615293176,162.8640651826675,139.68704577980944,3094.4172384706826,29.24398139998084,213.3531582999858,3973.314569233273,160,23211.0,19,True,True,True,True,True,False,global_assignment_boundary_sova,64.0,False,147,17,147000458,spatial_seed_147,8.4,8.421052631578947,3040,242.59713969996665,213.7110219000024,2.034892259558235,23211.0,1,16
pso_n160_k19_h11_sp147_ds17,pso,160,19,11,17,388.8130635572311,159.53615454961945,138.16590655782997,3031.186936442769,29.24398139998084,51.81188850000035,3584.4422802434747,160,23211.0,19,True,True,True,True,True,,,,,147,17,147000458,spatial_seed_147,8.4,8.421052631578947,3040,81.05586989998119,51.82323710003402,2.4300816472326945,23211.0,1,16
aco_n160_k19_h11_sp157_ds7,aco,160,19,11,7,364.4525676688236,160.81828591216717,141.74071024825943,3055.5474323311764,28.864185100013856,53.18282519996865,3680.499369651224,160,24638.0,19,True,True,True,True,True,,,,,157,7,157000478,spatial_seed_157,8.4,8.421052631578947,3040,82.0470102999825,53.18854890001239,2.277828547930148,24638.0,1,14
ga_n160_k19_h11_sp157_ds7,ga,160,19,11,7,386.8892379160851,159.63740853073236,135.33795323970537,3033.110762083915,28.864185100013856,62.55185699998401,5510.68683175875,160,24638.0,19,True,True,True,True,True,,,,,157,7,157000478,spatial_seed_157,8.4,8.421052631578947,3040,91.41604209999788,62.56471330003114,2.418057736975532,24638.0,1,14
nn_n160_k19_h11_sp157_ds7,nn,160,19,11,7,405.3830806338912,158.66404838768997,138.43465329178653,3014.616919366109,28.864185100013856,1.465079499990679,3865.342496117039,160,24638.0,19,True,True,True,True,True,,,,,157,7,157000478,spatial_seed_157,8.4,8.421052631578947,3040,30.32926460000453,1.4653947000042535,2.53364425396182,24638.0,1,14
proposed_n160_k19_h11_sp157_ds7,proposed,160,19,11,7,346.6290430774943,161.7563661538161,139.92832816658884,3073.3709569225057,28.864185100013856,115.03022010001588,4266.155035416922,160,24638.0,19,True,True,True,True,True,False,global_assignment_boundary_sova,64.0,False,157,7,157000478,spatial_seed_157,8.4,8.421052631578947,3040,143.89440520002972,115.14501330000348,2.1664315192343397,24638.0,1,16
pso_n160_k19_h11_sp157_ds7,pso,160,19,11,7,396.4285108044834,159.13534153660615,139.62625015366297,3023.5714891955167,28.864185100013856,51.94783770001959,5143.713449195202,160,24638.0,19,True,True,True,True,True,,,,,157,7,157000478,spatial_seed_157,8.4,8.421052631578947,3040,80.81202280003345,51.95910680002999,2.4776781925280216,24638.0,1,14
aco_n160_k19_h11_sp157_ds17,aco,160,19,11,17,349.12452435529104,161.62502503393205,141.2986703992927,3070.875475644709,29.006726399995387,51.53736279997975,4034.6729455644554,160,23211.0,19,True,True,True,True,True,,,,,157,17,157000488,spatial_seed_157,8.4,8.421052631578947,3040,80.54408919997513,51.54378180002095,2.182028277220569,23211.0,1,15
ga_n160_k19_h11_sp157_ds17,ga,160,19,11,17,383.8597274071892,159.79685645225322,142.7514168157312,3036.140272592811,29.006726399995387,65.46200840000529,4303.101847657325,160,23211.0,19,True,True,True,True,True,,,,,157,17,157000488,spatial_seed_157,8.4,8.421052631578947,3040,94.46873480000068,65.4753381999908,2.399123296294932,23211.0,1,15
nn_n160_k19_h11_sp157_ds17,nn,160,19,11,17,401.26596905836936,158.88073847061213,140.67094116989608,3018.7340309416304,29.006726399995387,1.489223699958529,3732.6073011430058,160,23211.0,19,True,True,True,True,True,,,,,157,17,157000488,spatial_seed_157,8.4,8.421052631578947,3040,30.49595009995392,1.4894813999999317,2.5079123066148084,23211.0,1,15
proposed_n160_k19_h11_sp157_ds17,proposed,160,19,11,17,340.80216632583085,162.06304387758783,140.9173801458828,3079.197833674169,29.006726399995387,246.08187559997896,4452.684298181518,160,23211.0,19,True,True,True,True,True,False,global_assignment_boundary_sova,64.0,False,157,17,157000488,spatial_seed_157,8.4,8.421052631578947,3040,275.08860199997434,246.40771010000023,2.130013539536443,23211.0,1,16
pso_n160_k19_h11_sp157_ds17,pso,160,19,11,17,395.5559534684229,159.1812656069251,141.23490581577664,3024.444046531577,29.006726399995387,53.978746699984185,3711.137591531301,160,23211.0,19,True,True,True,True,True,,,,,157,17,157000488,spatial_seed_157,8.4,8.421052631578947,3040,82.98547309997957,53.99038689996814,2.472224709177643,23211.0,1,15
aco_n160_k19_h11_sp167_ds7,aco,160,19,11,7,361.0491830872499,160.99741141646055,139.98235611850825,3058.9508169127503,28.86671309999656,50.47345430002315,3468.349136733405,160,24638.0,19,True,True,True,True,True,,,,,167,7,167000508,spatial_seed_167,8.4,8.421052631578947,3040,79.34016740001971,50.4788084999891,2.256557394295312,24638.0,1,17
ga_n160_k19_h11_sp167_ds7,ga,160,19,11,7,382.5751780951109,159.86446431078363,134.64873622904867,3037.424821904889,28.86671309999656,60.85672009998234,3809.672021478957,160,24638.0,19,True,True,True,True,True,,,,,167,7,167000508,spatial_seed_167,8.4,8.421052631578947,3040,89.7234331999789,60.86991519998992,2.3910948630944437,24638.0,1,15
nn_n160_k19_h11_sp167_ds7,nn,160,19,11,7,413.6433268329539,158.2292985877393,134.8016630690644,3006.356673167046,28.86671309999656,1.4965771000133827,3701.606616757982,160,24638.0,19,True,True,True,True,True,,,,,167,7,167000508,spatial_seed_167,8.4,8.421052631578947,3040,30.363290200009946,1.496784100017976,2.5852707927059617,24638.0,1,15
proposed_n160_k19_h11_sp167_ds7,proposed,160,19,11,7,344.9077757944127,161.8469591687151,126.77786921229944,3075.092224205587,28.86671309999656,588.7321937999805,4118.479568546267,160,24638.0,19,True,True,True,True,True,False,global_assignment_boundary_sova,64.0,False,167,7,167000508,spatial_seed_167,8.4,8.421052631578947,3040,617.598906899977,589.2519229000318,2.1556735987150795,24638.0,1,20
pso_n160_k19_h11_sp167_ds7,pso,160,19,11,7,404.6627082330049,158.7019627245787,136.85073639612636,3015.337291766995,28.86671309999656,51.30077930004336,3728.9635302524234,160,24638.0,19,True,True,True,True,True,,,,,167,7,167000508,spatial_seed_167,8.4,8.421052631578947,3040,80.16749240003992,51.312237399979495,2.5291419264562807,24638.0,1,15
aco_n160_k19_h11_sp167_ds17,aco,160,19,11,17,358.65001137396223,161.12368361189672,112.0860931892828,3061.349988626038,28.96916290000081,52.18832549999934,5685.259079205907,160,23211.0,19,True,True,True,True,True,,,,,167,17,167000518,spatial_seed_167,8.4,8.421052631578947,3040,81.15748840000015,52.1945265000104,2.241562571087264,23211.0,1,15
ga_n160_k19_h11_sp167_ds17,ga,160,19,11,17,389.4561973873685,159.50230540066482,123.6237832237248,3030.543802612632,28.96916290000081,65.38963749998948,4979.496795305397,160,23211.0,19,True,True,True,True,True,,,,,167,17,167000518,spatial_seed_167,8.4,8.421052631578947,3040,94.35880039999029,65.40348559996346,2.434101233671053,23211.0,1,16
nn_n160_k19_h11_sp167_ds17,nn,160,19,11,17,405.10387695633057,158.67874331808787,129.822661096587,3014.8961230436694,28.96916290000081,1.492265100008808,3688.536832079553,160,23211.0,19,True,True,True,True,True,,,,,167,17,167000518,spatial_seed_167,8.4,8.421052631578947,3040,30.46142800000962,1.4926086000050418,2.531899230977066,23211.0,1,16
proposed_n160_k19_h11_sp167_ds17,proposed,160,19,11,17,349.1685866895264,161.62270596370914,130.5785175691204,3070.8314133104736,28.96916290000081,272.4843693000148,3934.023804308176,160,23211.0,19,True,True,True,True,True,False,global_assignment_boundary_sova,64.0,False,167,17,167000518,spatial_seed_167,8.4,8.421052631578947,3040,301.4535322000156,272.8507212999976,2.18230366680954,23211.0,1,17
pso_n160_k19_h11_sp167_ds17,pso,160,19,11,17,400.3047437007855,158.93132927890602,132.30852389172995,3019.695256299214,28.96916290000081,55.65740490000462,3688.363195061424,160,23211.0,19,True,True,True,True,True,,,,,167,17,167000518,spatial_seed_167,8.4,8.421052631578947,3040,84.62656780000543,55.66932060004911,2.501904648129909,23211.0,1,16
aco_n160_k19_h11_sp177_ds7,aco,160,19,11,7,361.4762478111172,160.9749343257307,135.73333931186616,3058.523752188883,29.02752539998619,51.96228890004568,4450.63328737822,160,24638.0,19,True,True,True,True,True,,,,,177,7,177000538,spatial_seed_177,8.4,8.421052631578947,3040,80.98981430003187,51.96753119997448,2.2592265488194823,24638.0,1,13
ga_n160_k19_h11_sp177_ds7,ga,160,19,11,7,395.9174786882747,159.16223796377503,140.31063816177024,3024.082521311725,29.02752539998619,65.22233889997005,3404.799008794391,160,24638.0,19,True,True,True,True,True,,,,,177,7,177000538,spatial_seed_177,8.4,8.421052631578947,3040,94.24986429995624,65.23598699999275,2.4744842418017168,24638.0,1,15
nn_n160_k19_h11_sp177_ds7,nn,160,19,11,7,413.26990383987913,158.24895242948006,139.04916358464712,3006.730096160121,29.02752539998619,1.4698091000318527,3858.4001796104753,160,24638.0,19,True,True,True,True,True,,,,,177,7,177000538,spatial_seed_177,8.4,8.421052631578947,3040,30.49733450001804,1.470210799947381,2.5829368989992445,24638.0,1,15
proposed_n160_k19_h11_sp177_ds7,proposed,160,19,11,7,348.6902606408069,161.64788101890488,138.28233254170306,3071.309739359193,29.02752539998619,136.39788750000298,4253.183892045193,160,24638.0,19,True,True,True,True,True,False,global_assignment_boundary_sova,64.0,False,177,7,177000538,spatial_seed_177,8.4,8.421052631578947,3040,165.42541289998917,136.56390700000338,2.1793141290050437,24638.0,1,15
pso_n160_k19_h11_sp177_ds7,pso,160,19,11,7,408.3297777125189,158.50895906776216,140.05778079029034,3011.670222287481,29.02752539998619,54.32807689998299,3496.9265865979337,160,24638.0,19,True,True,True,True,True,,,,,177,7,177000538,spatial_seed_177,8.4,8.421052631578947,3040,83.35560229996918,54.33993580000242,2.552061110703243,24638.0,1,15
aco_n160_k19_h11_sp177_ds17,aco,160,19,11,17,340.91951788454634,162.05686747976074,123.1620798934472,3079.080482115454,28.71045250003226,53.49666460003937,5820.050547325388,160,23211.0,19,True,True,True,True,True,,,,,177,17,177000548,spatial_seed_177,8.4,8.421052631578947,3040,82.20711710007163,53.50156289996812,2.130746986778415,23211.0,1,16
ga_n160_k19_h11_sp177_ds17,ga,160,19,11,17,385.2672058073342,159.72277864171926,135.87423959907022,3034.732794192666,28.71045250003226,68.97925969999051,4543.087413835098,160,23211.0,19,True,True,True,True,True,,,,,177,17,177000548,spatial_seed_177,8.4,8.421052631578947,3040,97.68971220002275,68.99282400001539,2.407920036295839,23211.0,1,15
nn_n160_k19_h11_sp177_ds17,nn,160,19,11,17,395.2723362730817,159.19619282773257,134.7312488829281,3024.7276637269183,28.71045250003226,1.462374099995941,4093.838801876933,160,23211.0,19,True,True,True,True,True,,,,,177,17,177000548,spatial_seed_177,8.4,8.421052631578947,3040,30.1728266000282,1.463004400022328,2.4704521017067607,23211.0,1,15
proposed_n160_k19_h11_sp177_ds17,proposed,160,19,11,17,331.75390060277124,162.53926838932784,132.93980042980198,3088.246099397229,28.71045250003226,359.0720084999921,5115.667429515001,160,23211.0,19,True,True,True,True,True,False,global_assignment_boundary_sova,64.0,False,177,17,177000548,spatial_seed_177,8.4,8.421052631578947,3040,387.78246100002434,359.61180900002364,2.07346187876732,23211.0,1,18
pso_n160_k19_h11_sp177_ds17,pso,160,19,11,17,394.3586439666311,159.2442818964931,134.9694131852424,3025.641356033369,28.71045250003226,54.51107010000851,4082.7977900462815,160,23211.0,19,True,True,True,True,True,,,,,177,17,177000548,spatial_seed_177,8.4,8.421052631578947,3040,83.22152260004077,54.52242280001519,2.4647415247914446,23211.0,1,15
aco_n160_k19_h11_sp187_ds7,aco,160,19,11,7,359.307971222732,161.089054146172,137.1770079997312,3060.692028777268,29.07207940000808,52.62158949999139,4195.082210820971,160,24638.0,19,True,True,True,True,True,,,,,187,7,187000568,spatial_seed_187,8.4,8.421052631578947,3040,81.69366889999947,52.625916399993,2.245674820142075,24638.0,1,15
ga_n160_k19_h11_sp187_ds7,ga,160,19,11,7,399.64148520647154,158.966237620712,125.3923150055509,3020.358514793528,29.07207940000808,81.04377280001063,4776.151659822775,160,24638.0,19,True,True,True,True,True,,,,,187,7,187000568,spatial_seed_187,8.4,8.421052631578947,3040,110.11585220001872,81.06179389997851,2.4977592825404478,24638.0,1,13
nn_n160_k19_h11_sp187_ds7,nn,160,19,11,7,421.80798980444274,157.79957948397671,141.53870564995614,2998.192010195557,29.07207940000808,1.521738599985838,3698.784934163101,160,24638.0,19,True,True,True,True,True,,,,,187,7,187000568,spatial_seed_187,8.4,8.421052631578947,3040,30.59381799999392,1.521931700001005,2.636299936277767,24638.0,1,14
proposed_n160_k19_h11_sp187_ds7,proposed,160,19,11,7,350.99528699687943,161.52656384226952,137.64096648180484,3069.0047130031207,29.07207940000808,111.41364159999648,4436.318376183181,160,24638.0,19,True,True,True,True,True,False,global_assignment_boundary_sova,64.0,False,187,7,187000568,spatial_seed_187,8.4,8.421052631578947,3040,140.48572100000456,111.53803209995384,2.1937205437304965,24638.0,1,17
pso_n160_k19_h11_sp187_ds7,pso,160,19,11,7,415.4159325224043,158.1360035514524,136.29795014431085,3004.5840674775955,29.07207940000808,49.50370679999469,4952.342020158837,160,24638.0,19,True,True,True,True,True,,,,,187,7,187000568,spatial_seed_187,8.4,8.421052631578947,3040,78.57578620000277,49.52116720000049,2.596349578265027,24638.0,1,14
aco_n160_k19_h11_sp187_ds17,aco,160,19,11,17,356.8604492642127,161.21787109135724,134.84649922060075,3063.1395507357875,28.922917300020345,50.7137716000434,4061.287289849512,160,23211.0,19,True,True,True,True,True,,,,,187,17,187000578,spatial_seed_187,8.4,8.421052631578947,3040,79.63668890006375,50.71943170001032,2.2303778079013297,23211.0,1,15
ga_n160_k19_h11_sp187_ds17,ga,160,19,11,17,377.7022874082325,160.12093224167197,131.63841740317417,3042.297712591768,28.922917300020345,62.39813069999218,4932.40961773257,160,23211.0,19,True,True,True,True,True,,,,,187,17,187000578,spatial_seed_187,8.4,8.421052631578947,3040,91.32104800001252,62.41051639994839,2.360639296301453,23211.0,1,16
nn_n160_k19_h11_sp187_ds17,nn,160,19,11,17,407.9478992247393,158.52905793554004,131.7527821631601,3012.052100775261,28.922917300020345,1.4681914999964647,4104.713054459003,160,23211.0,19,True,True,True,True,True,,,,,187,17,187000578,spatial_seed_187,8.4,8.421052631578947,3040,30.39110880001681,1.468568400014192,2.5496743701546207,23211.0,1,16
proposed_n160_k19_h11_sp187_ds17,proposed,160,19,11,17,349.36546714048785,161.61234383471117,135.4347725712888,3070.634532859512,28.922917300020345,199.04602499998876,4573.005546449977,160,23211.0,19,True,True,True,True,True,False,global_assignment_boundary_sova,64.0,False,187,17,187000578,spatial_seed_187,8.4,8.421052631578947,3040,227.96894230000908,199.29436940001324,2.183534169628049,23211.0,1,17
pso_n160_k19_h11_sp187_ds17,pso,160,19,11,17,402.0561359272271,158.83915074067227,129.8376147272015,3017.943864072773,28.922917300020345,54.28532309998991,5158.763622235227,160,23211.0,19,True,True,True,True,True,,,,,187,17,187000578,spatial_seed_187,8.4,8.421052631578947,3040,83.20824040001025,54.303837699990254,2.5128508495451696,23211.0,1,15
aco_n160_k19_h11_sp197_ds7,aco,160,19,11,7,362.07301725054026,160.9435254078663,132.97487902084296,3057.92698274946,29.0834584000404,52.019373600021936,4317.0919930453765,160,24638.0,19,True,True,True,True,True,,,,,197,7,197000598,spatial_seed_197,8.4,8.421052631578947,3040,81.10283200006234,52.02378799999133,2.2629563578158765,24638.0,1,16
ga_n160_k19_h11_sp197_ds7,ga,160,19,11,7,393.7049530584708,159.2786866811331,140.6645170430898,3026.295046941529,29.0834584000404,65.67640310002025,4059.794408515442,160,24638.0,19,True,True,True,True,True,,,,,197,7,197000598,spatial_seed_197,8.4,8.421052631578947,3040,94.75986150006064,65.68932060000952,2.4606559566154425,24638.0,1,15
nn_n160_k19_h11_sp197_ds7,nn,160,19,11,7,418.58351215753146,157.96928883381415,134.69818542999155,3001.4164878424685,29.0834584000404,1.4412510999827646,4123.914418825917,160,24638.0,19,True,True,True,True,True,,,,,197,7,197000598,spatial_seed_197,8.4,8.421052631578947,3040,30.524709500023164,1.441499600012321,2.616146950984572,24638.0,1,15
proposed_n160_k19_h11_sp197_ds7,proposed,160,19,11,7,351.94819156015967,161.47641097051792,136.59842254509138,3068.0518084398404,29.0834584000404,171.935208699957,4007.820448728171,160,24638.0,19,True,True,True,True,True,False,global_assignment_boundary_sova,64.0,False,197,7,197000598,spatial_seed_197,8.4,8.421052631578947,3040,201.0186670999974,172.1154894999927,2.199676197250998,24638.0,1,16
pso_n160_k19_h11_sp197_ds7,pso,160,19,11,7,415.8557952518725,158.11285288148042,134.8899177486355,3004.144204748128,29.0834584000404,53.92590909998398,4116.040397670687,160,24638.0,19,True,True,True,True,True,,,,,197,7,197000598,spatial_seed_197,8.4,8.421052631578947,3040,83.00936750002438,53.93714059999911,2.599098720324202,24638.0,1,15
aco_n160_k19_h11_sp197_ds17,aco,160,19,11,17,363.27405106197074,160.88031310200154,141.64876177556746,3056.725948938029,28.95227809995413,52.51682060002349,3292.219564393534,160,23211.0,19,True,True,True,True,True,,,,,197,17,197000608,spatial_seed_197,8.4,8.421052631578947,3040,81.46909869997762,52.52179209998576,2.2704628191373173,23211.0,1,14
ga_n160_k19_h11_sp197_ds17,ga,160,19,11,17,382.83002369998206,159.85105138421147,141.1391267765717,3037.169976300018,28.95227809995413,60.97809029999189,3256.485412523358,160,23211.0,19,True,True,True,True,True,,,,,197,17,197000608,spatial_seed_197,8.4,8.421052631578947,3040,89.93036839994602,60.99098800000502,2.392687648124888,23211.0,1,15
nn_n160_k19_h11_sp197_ds17,nn,160,19,11,17,394.160005158285,159.2547365706166,139.16454325063847,3025.839994841715,28.95227809995413,1.49522139999317,3776.898739017588,160,23211.0,19,True,True,True,True,True,,,,,197,17,197000608,spatial_seed_197,8.4,8.421052631578947,3040,30.4474994999473,1.4954168000258503,2.4635000322392813,23211.0,1,15
proposed_n160_k19_h11_sp197_ds17,proposed,160,19,11,17,357.6214312461262,161.17781940809863,136.5132238867691,3062.378568753874,28.95227809995413,321.604057700024,4239.060874875155,160,23211.0,19,True,True,True,True,True,False,global_assignment_boundary_sova,64.0,False,197,17,197000608,spatial_seed_197,8.4,8.421052631578947,3040,350.5563357999781,322.05256939999526,2.235133945288289,23211.0,1,17
pso_n160_k19_h11_sp197_ds17,pso,160,19,11,17,392.70830458391833,159.3311418640043,139.16454325063847,3027.291695416082,28.95227809995413,52.89906560000964,3759.506171972721,160,23211.0,19,True,True,True,True,True,,,,,197,17,197000608,spatial_seed_197,8.4,8.421052631578947,3040,81.85134369996376,52.91058269998757,2.4544269036494897,23211.0,1,15
aco_n180_k21_h11_sp107_ds7,aco,180,21,11,7,414.5670599022711,160.2587114332252,126.50780283015057,3365.432940097729,32.96002480003517,60.336683300032746,4850.513111152081,180,27591.0,21,True,True,True,True,True,,,,,107,7,107000328,spatial_seed_107,8.4,8.571428571428571,3780,93.29670810006792,60.34190390002914,2.3031503327903957,27591.0,1,13
ga_n180_k21_h11_sp107_ds7,ga,180,21,11,7,440.09018103117904,159.043324712801,130.33303157444846,3339.909818968821,32.96002480003517,82.62774860003265,5447.62065448219,180,27591.0,21,True,True,True,True,True,,,,,107,7,107000328,spatial_seed_107,8.4,8.571428571428571,3780,115.58777340006782,82.64291649998631,2.444945450173217,27591.0,1,14
nn_n180_k21_h11_sp107_ds7,nn,180,21,11,7,460.6923112741484,158.0622708917072,136.95412285157664,3319.307688725852,32.96002480003517,2.019817099964712,3782.9398574916295,180,27591.0,21,True,True,True,True,True,,,,,107,7,107000328,spatial_seed_107,8.4,8.571428571428571,3780,34.97984189999988,2.0204234999837354,2.5594017293008244,27591.0,1,14
proposed_n180_k21_h11_sp107_ds7,proposed,180,21,11,7,395.7061438348964,161.15685029357635,137.85004176295368,3384.2938561651035,32.96002480003517,206.885901200003,3836.19077310752,180,27591.0,21,True,True,True,True,True,False,global_assignment_boundary_sova,64.0,False,107,7,107000328,spatial_seed_107,8.4,8.571428571428571,3780,239.84592600003816,207.1429861999932,2.1983674657494245,27591.0,1,15
pso_n180_k21_h11_sp107_ds7,pso,180,21,11,7,450.683853526166,158.53886411780164,139.8215763765207,3329.316146473834,32.96002480003517,69.52542550000362,3658.1739357861743,180,27591.0,21,True,True,True,True,True,,,,,107,7,107000328,spatial_seed_107,8.4,8.571428571428571,3780,102.4854503000388,69.53802089998499,2.5037991862564777,27591.0,1,14
aco_n180_k21_h11_sp107_ds17,aco,180,21,11,17,398.36826722639313,161.0300825130289,123.75915202386705,3381.631732773607,33.24480480002239,64.60667720000492,5207.743622536818,180,25675.0,21,True,True,True,True,True,,,,,107,17,107000338,spatial_seed_107,8.4,8.571428571428571,3780,97.85148200002732,64.61277010000776,2.2131570401466285,25675.0,1,16
ga_n180_k21_h11_sp107_ds17,ga,180,21,11,17,439.64539675790456,159.06450491629025,129.4483979847859,3340.3546032420954,33.24480480002239,94.49323469999943,4830.006477827335,180,25675.0,21,True,True,True,True,True,,,,,107,17,107000338,spatial_seed_107,8.4,8.571428571428571,3780,127.73803950002184,94.51014299999224,2.442474426432803,25675.0,1,16
nn_n180_k21_h11_sp107_ds17,nn,180,21,11,17,450.6283569820081,158.54150681038058,128.0137285615251,3329.371643017992,33.24480480002239,1.9750972000183535,4843.488974538382,180,25675.0,21,True,True,True,True,True,,,,,107,17,107000338,spatial_seed_107,8.4,8.571428571428571,3780,35.21990200004075,1.9755528999958187,2.503490872122267,25675.0,1,16
proposed_n180_k21_h11_sp107_ds17,proposed,180,21,11,17,387.1478982755195,161.56438579640383,132.65509129184397,3392.8521017244807,33.24480480002239,303.966618800012,4312.222881830451,180,25675.0,21,True,True,True,True,True,False,global_assignment_boundary_sova,64.0,False,107,17,107000338,spatial_seed_107,8.4,8.571428571428571,3780,337.2114236000343,304.3919914000435,2.1508216570862198,25675.0,1,17
pso_n180_k21_h11_sp107_ds17,pso,180,21,11,17,446.7178264702174,158.72772254903725,130.40348804813942,3333.2821735297825,33.24480480002239,69.53843909996795,4756.433600456714,180,25675.0,21,True,True,True,True,True,,,,,107,17,107000338,spatial_seed_107,8.4,8.571428571428571,3780,102.78324389999034,69.55062120000366,2.4817657026123188,25675.0,1,16
aco_n180_k21_h11_sp117_ds7,aco,180,21,11,7,394.0487474907619,161.23577392901134,141.0172327902677,3385.951252509238,32.88230900000781,63.348130200000014,3639.391517597373,180,27591.0,21,True,True,True,True,True,,,,,117,7,117000358,spatial_seed_117,8.4,8.571428571428571,3780,96.23043920000782,63.3539820999722,2.1891597082820105,27591.0,1,14
ga_n180_k21_h11_sp117_ds7,ga,180,21,11,7,433.1693816004275,159.37288659045583,137.49997467516957,3346.8306183995724,32.88230900000781,78.32584250002401,3864.384947897772,180,27591.0,21,True,True,True,True,True,,,,,117,7,117000358,spatial_seed_117,8.4,8.571428571428571,3780,111.20815150003182,78.33942729997216,2.40649656444682,27591.0,1,14
nn_n180_k21_h11_sp117_ds7,nn,180,21,11,7,444.9897073666989,158.8100139349191,137.10041329366084,3335.010292633301,32.88230900000781,2.0406291999970563,3932.2570707908167,180,27591.0,21,True,True,True,True,True,,,,,117,7,117000358,spatial_seed_117,8.4,8.571428571428571,3780,34.922938200004864,2.0410406999872066,2.472165040926105,27591.0,1,14
proposed_n180_k21_h11_sp117_ds7,proposed,180,21,11,7,376.1808506241152,162.08662616075642,137.7343628934416,3403.819149375885,32.88230900000781,240.2476145999972,4809.311967462672,180,27591.0,21,True,True,True,True,True,False,global_assignment_boundary_sova,64.0,False,117,7,117000358,spatial_seed_117,8.4,8.571428571428571,3780,273.129923600005,240.52364979998677,2.089893614578417,27591.0,1,17
pso_n180_k21_h11_sp117_ds7,pso,180,21,11,7,443.02488310502,158.90357699499904,137.25820952166436,3336.97511689498,32.88230900000781,67.25707970000803,3911.46892164224,180,27591.0,21,True,True,True,True,True,,,,,117,7,117000358,spatial_seed_117,8.4,8.571428571428571,3780,100.13938870001584,67.26944959996035,2.461249350583444,27591.0,1,14
aco_n180_k21_h11_sp117_ds17,aco,180,21,11,17,385.7166212399521,161.63254184571656,142.13504741682243,3394.283378760048,32.79638889996568,63.15383069997188,3984.0295057069775,180,25675.0,21,True,True,True,True,True,,,,,117,17,117000368,spatial_seed_117,8.4,8.571428571428571,3780,95.95021959993755,63.15965129999677,2.1428701179997343,25675.0,1,16
ga_n180_k21_h11_sp117_ds17,ga,180,21,11,17,430.3785037323547,159.50578553655455,140.91963877367968,3349.6214962676454,32.79638889996568,77.07896110002184,3834.779486700024,180,25675.0,21,True,True,True,True,True,,,,,117,17,117000368,spatial_seed_117,8.4,8.571428571428571,3780,109.87534999998752,77.09240570000838,2.3909916874019705,25675.0,1,17
nn_n180_k21_h11_sp117_ds17,nn,180,21,11,17,455.9492865554986,158.28812921164294,139.00026451676047,3324.050713444501,32.79638889996568,2.0486112000071444,3959.330603337209,180,25675.0,21,True,True,True,True,True,,,,,117,17,117000368,spatial_seed_117,8.4,8.571428571428571,3780,34.84500009997282,2.04966359998798,2.533051591974992,25675.0,1,17
proposed_n180_k21_h11_sp117_ds17,proposed,180,21,11,17,392.3679251480368,161.31581308818872,140.57410802576118,3387.632074851964,32.79638889996568,521.4243410000345,4691.358952654299,180,25675.0,21,True,True,True,True,True,False,global_assignment_boundary_sova,64.0,False,117,17,117000368,spatial_seed_117,8.4,8.571428571428571,3780,554.2207299000002,522.2513595999917,2.179821806377982,25675.0,1,17
pso_n180_k21_h11_sp117_ds17,pso,180,21,11,17,447.42054057160215,158.69425997278086,139.18929442445437,3332.579459428398,32.79638889996568,66.67197040002793,3960.5508093879225,180,25675.0,21,True,True,True,True,True,,,,,117,17,117000368,spatial_seed_117,8.4,8.571428571428571,3780,99.4683592999936,66.6840715999715,2.4856696698422343,25675.0,1,17
aco_n180_k21_h11_sp127_ds7,aco,180,21,11,7,384.83017630168735,161.67475350944346,129.0820487658549,3395.1698236983125,32.65935969998827,61.34422079997603,5284.313505600415,180,27591.0,21,True,True,True,True,True,,,,,127,7,127000388,spatial_seed_127,8.4,8.571428571428571,3780,94.0035804999643,61.34958890004782,2.137945423898263,27591.0,1,16
ga_n180_k21_h11_sp127_ds7,ga,180,21,11,7,431.72561234360063,159.4416375074476,138.76527634130022,3348.2743876563995,32.65935969998827,85.00582949997624,5615.298282830281,180,27591.0,21,True,True,True,True,True,,,,,127,7,127000388,spatial_seed_127,8.4,8.571428571428571,3780,117.66518919996452,85.02105100004701,2.3984756241311147,27591.0,1,15
nn_n180_k21_h11_sp127_ds7,nn,180,21,11,7,458.7193507710804,158.1562213918533,136.42599249054237,3321.28064922892,32.65935969998827,2.069594300002791,4267.400153835421,180,27591.0,21,True,True,True,True,True,,,,,127,7,127000388,spatial_seed_127,8.4,8.571428571428571,3780,34.72895399999106,2.0697199999704026,2.5484408376171133,27591.0,1,15
proposed_n180_k21_h11_sp127_ds7,proposed,180,21,11,7,369.2951289699326,162.41451766809843,137.71806164803343,3410.704871030068,32.65935969998827,239.64423959999112,5046.915758380687,180,27591.0,21,True,True,True,True,True,False,global_assignment_boundary_sova,64.0,False,127,7,127000388,spatial_seed_127,8.4,8.571428571428571,3780,272.3035992999794,239.82602039998164,2.051639605388514,27591.0,1,18
pso_n180_k21_h11_sp127_ds7,pso,180,21,11,7,449.4814222776798,158.59612274868192,137.3217911012515,3330.51857772232,32.65935969998827,67.34769279998727,4268.602270353719,180,27591.0,21,True,True,True,True,True,,,,,127,7,127000388,spatial_seed_127,8.4,8.571428571428571,3780,100.00705249997554,67.35998959996505,2.497119012653777,27591.0,1,15
aco_n180_k21_h11_sp127_ds17,aco,180,21,11,17,381.4426663553444,161.83606350688837,124.89910865875532,3398.5573336446555,33.14058599999407,62.05270830000518,5798.198403593241,180,25675.0,21,True,True,True,True,True,,,,,127,17,127000398,spatial_seed_127,8.4,8.571428571428571,3780,95.19329429999924,62.05849270004546,2.1191259241963576,25675.0,1,16
ga_n180_k21_h11_sp127_ds17,ga,180,21,11,17,417.44231988073074,160.12179429139377,131.4694166317748,3362.557680119269,33.14058599999407,93.09481660003075,5805.4170636701,180,25675.0,21,True,True,True,True,True,,,,,127,17,127000398,spatial_seed_127,8.4,8.571428571428571,3780,126.23540260002484,93.11144989996684,2.319123999337393,25675.0,1,16
nn_n180_k21_h11_sp127_ds17,nn,180,21,11,17,456.6305238622149,158.25568933989453,138.89903899032254,3323.369476137785,33.14058599999407,2.053488200006541,3805.6681976901486,180,25675.0,21,True,True,True,True,True,,,,,127,17,127000398,spatial_seed_127,8.4,8.571428571428571,3780,35.194074200000614,2.053904100030195,2.536836243678972,25675.0,1,16
proposed_n180_k21_h11_sp127_ds17,proposed,180,21,11,17,363.262189774072,162.70180048694897,131.9271284573064,3416.737810225928,33.14058599999407,336.7021823999821,4952.131234812436,180,25675.0,21,True,True,True,True,True,False,global_assignment_boundary_sova,64.0,False,127,17,127000398,spatial_seed_127,8.4,8.571428571428571,3780,369.8427683999762,337.0643319999799,2.018123276522622,25675.0,1,19
pso_n180_k21_h11_sp127_ds17,pso,180,21,11,17,442.4790376119111,158.92956963752806,139.03026724948114,3337.520962388089,33.14058599999407,68.60642979998374,4183.5962901321545,180,25675.0,21,True,True,True,True,True,,,,,127,17,127000398,spatial_seed_127,8.4,8.571428571428571,3780,101.74701579997782,68.61886659997981,2.458216875621728,25675.0,1,16
aco_n180_k21_h11_sp137_ds7,aco,180,21,11,7,393.30746577840335,161.27107305817128,141.4272022299226,3386.692534221597,32.714935900003184,65.49521790002473,3866.6683322411736,180,27591.0,21,True,True,True,True,True,,,,,137,7,137000418,spatial_seed_137,8.4,8.571428571428571,3780,98.21015380002792,65.5061696000048,2.185041476546685,27591.0,1,16
ga_n180_k21_h11_sp137_ds7,ga,180,21,11,7,422.3529261379769,159.8879558981916,131.44876615040462,3357.6470738620237,32.714935900003184,88.26403689995641,4544.492324492025,180,27591.0,21,True,True,True,True,True,,,,,137,7,137000418,spatial_seed_137,8.4,8.571428571428571,3780,120.9789727999596,88.27863600000273,2.346405145210982,27591.0,1,14
nn_n180_k21_h11_sp137_ds7,nn,180,21,11,7,446.8783094699562,158.72008050143066,136.31328492536585,3333.121690530044,32.714935900003184,1.999600300041493,4045.356435085801,180,27591.0,21,True,True,True,True,True,,,,,137,7,137000418,spatial_seed_137,8.4,8.571428571428571,3780,34.71453620004468,1.999771700007841,2.48265727483309,27591.0,1,14
proposed_n180_k21_h11_sp137_ds7,proposed,180,21,11,7,376.4039169579623,162.07600395438274,142.30716291602957,3403.5960830420377,32.714935900003184,221.09389219997684,3854.16005489348,180,27591.0,21,True,True,True,True,True,False,global_assignment_boundary_sova,64.0,False,137,7,137000418,spatial_seed_137,8.4,8.571428571428571,3780,253.80882809998,221.38969760003965,2.0911328719886795,27591.0,1,17
pso_n180_k21_h11_sp137_ds7,pso,180,21,11,7,442.88857385682826,158.9100679115796,136.31328492536585,3337.111426143172,32.714935900003184,66.39104240003508,4045.356435085801,180,27591.0,21,True,True,True,True,True,,,,,137,7,137000418,spatial_seed_137,8.4,8.571428571428571,3780,99.10597830003826,66.40266980003798,2.460492076982379,27591.0,1,14
aco_n180_k21_h11_sp137_ds17,aco,180,21,11,17,386.7878331019269,161.5815317570511,142.5503047827553,3393.212166898073,34.7496228000382,63.24503030005144,3543.5843456630105,180,25675.0,21,True,True,True,True,True,,,,,137,17,137000428,spatial_seed_137,8.4,8.571428571428571,3780,97.99465310008964,63.25584499997785,2.148821295010705,25675.0,1,16
ga_n180_k21_h11_sp137_ds17,ga,180,21,11,17,421.92526707220094,159.90832061560948,136.51849549439655,3358.0747329277992,34.7496228000382,116.8811061999877,4556.4473065049015,180,25675.0,21,True,True,True,True,True,,,,,137,17,137000428,spatial_seed_137,8.4,8.571428571428571,3780,151.6307290000259,116.90126610000152,2.344029261512228,25675.0,1,16
nn_n180_k21_h11_sp137_ds17,nn,180,21,11,17,437.801024502977,159.1523321665249,138.56770520178395,3342.1989754970227,34.7496228000382,2.026148299977649,3862.0052364845983,180,25675.0,21,True,True,True,True,True,,,,,137,17,137000428,spatial_seed_137,8.4,8.571428571428571,3780,36.775771100015845,2.0267657000222243,2.432227913905428,25675.0,1,16
proposed_n180_k21_h11_sp137_ds17,proposed,180,21,11,17,368.32380997210856,162.46077095370913,143.51702524766458,3411.676190027892,34.7496228000382,437.89183699997375,4049.522908224384,180,25675.0,21,True,True,True,True,True,False,global_assignment_boundary_sova,64.0,False,137,17,137000428,spatial_seed_137,8.4,8.571428571428571,3780,472.641459800012,438.3414105999982,2.0462433887339366,25675.0,1,20
pso_n180_k21_h11_sp137_ds17,pso,180,21,11,17,432.5434932496103,159.4026907976376,132.63239214501536,3347.456506750389,34.7496228000382,71.6167786999722,5009.810926778663,180,25675.0,21,True,True,True,True,True,,,,,137,17,137000428,spatial_seed_137,8.4,8.571428571428571,3780,106.3664015000104,71.63004349998664,2.4030194069422794,25675.0,1,16
aco_n180_k21_h11_sp147_ds7,aco,180,21,11,7,385.324606171031,161.6512092299509,137.30257812461122,3394.675393828969,33.41968629998155,62.90259440004593,4825.084129507533,180,27591.0,21,True,True,True,True,True,,,,,147,7,147000448,spatial_seed_147,8.4,8.571428571428571,3780,96.32228070002748,62.90821079997113,2.140692256505728,27591.0,1,13
ga_n180_k21_h11_sp147_ds7,ga,180,21,11,7,439.89855227956326,159.05244989144936,134.98166211631266,3340.1014477204367,33.41968629998155,82.04714999999851,4223.579897185603,180,27591.0,21,True,True,True,True,True,,,,,147,7,147000448,spatial_seed_147,8.4,8.571428571428571,3780,115.46683629998006,82.06167849997291,2.443880845997574,27591.0,1,16
nn_n180_k21_h11_sp147_ds7,nn,180,21,11,7,457.9562407187901,158.1925599657719,132.5979004381286,3322.04375928121,33.41968629998155,2.072493300016504,4257.17301598053,180,27591.0,21,True,True,True,True,True,,,,,147,7,147000448,spatial_seed_147,8.4,8.571428571428571,3780,35.49217959999805,2.0728268999955617,2.544201337326612,27591.0,1,16
proposed_n180_k21_h11_sp147_ds7,proposed,180,21,11,7,374.29917952869687,162.17622954625253,132.83263505613309,3405.700820471304,33.41968629998155,298.8066766999545,4704.790992625379,180,27591.0,21,True,True,True,True,True,False,global_assignment_boundary_sova,64.0,False,147,7,147000448,spatial_seed_147,8.4,8.571428571428571,3780,332.2263629999361,299.1607911000028,2.079439886270538,27591.0,1,20
pso_n180_k21_h11_sp147_ds7,pso,180,21,11,7,444.1014944537294,158.85230978791765,135.45411505944574,3335.8985055462704,33.41968629998155,68.70211909996578,4201.605263934631,180,27591.0,21,True,True,True,True,True,,,,,147,7,147000448,spatial_seed_147,8.4,8.571428571428571,3780,102.12180539994732,68.71639469999354,2.467230524742941,27591.0,1,16
aco_n180_k21_h11_sp147_ds17,aco,180,21,11,17,378.82008719473504,161.96094822882213,135.49831781505026,3401.179912805265,33.219072700012475,69.0785888999817,4157.300772582698,180,25675.0,21,True,True,True,True,True,,,,,147,17,147000458,spatial_seed_147,8.4,8.571428571428571,3780,102.29766159999416,69.08526179997716,2.1045560399707504,25675.0,1,16
ga_n180_k21_h11_sp147_ds17,ga,180,21,11,17,417.78739322881023,160.10536222719952,137.16801085378142,3362.2126067711897,33.219072700012475,100.67471719998866,3712.57518511104,180,25675.0,21,True,True,True,True,True,,,,,147,17,147000458,spatial_seed_147,8.4,8.571428571428571,3780,133.89378990000114,100.69275669998024,2.32104107349339,25675.0,1,15
nn_n180_k21_h11_sp147_ds17,nn,180,21,11,17,422.99444121181705,159.85740756134206,138.5790047777584,3357.005558788183,33.219072700012475,2.0763923000195064,3783.558346281885,180,25675.0,21,True,True,True,True,True,,,,,147,17,147000458,spatial_seed_147,8.4,8.571428571428571,3780,35.29546500003198,2.0768393999896944,2.349969117843428,25675.0,1,15
proposed_n180_k21_h11_sp147_ds17,proposed,180,21,11,17,363.7601623220502,162.6780875084738,140.5953957572444,3416.2398376779497,33.219072700012475,362.10783029999584,3929.4791602376126,180,25675.0,21,True,True,True,True,True,False,global_assignment_boundary_sova,64.0,False,147,17,147000458,spatial_seed_147,8.4,8.571428571428571,3780,395.3269030000083,362.6975811000448,2.0208897906780567,25675.0,1,17
pso_n180_k21_h11_sp147_ds17,pso,180,21,11,17,415.269308595614,160.22527101925647,138.5790047777584,3364.730691404386,33.219072700012475,69.72047920001205,3783.558346281885,180,25675.0,21,True,True,True,True,True,,,,,147,17,147000458,spatial_seed_147,8.4,8.571428571428571,3780,102.93955190002453,69.73282919998746,2.3070517144200777,25675.0,1,15
aco_n180_k21_h11_sp157_ds7,aco,180,21,11,7,396.05686026795297,161.14014951104986,131.14807286172288,3383.943139732047,33.04986490000738,66.67220709996764,4688.185234008829,180,27591.0,21,True,True,True,True,True,,,,,157,7,157000478,spatial_seed_157,8.4,8.571428571428571,3780,99.722071999975,66.68008700001519,2.2003158903775164,27591.0,1,14
ga_n180_k21_h11_sp157_ds7,ga,180,21,11,7,421.457089110296,159.93061480427164,133.93141291919338,3358.542910889704,33.04986490000738,84.09623070002999,5015.327362675161,180,27591.0,21,True,True,True,True,True,,,,,157,7,157000478,spatial_seed_157,8.4,8.571428571428571,3780,117.14609560003736,84.11090620001778,2.3414282728349773,27591.0,1,14
nn_n180_k21_h11_sp157_ds7,nn,180,21,11,7,453.33272359638255,158.4127274477913,143.585457734732,3326.667276403617,33.04986490000738,2.033390299999155,3447.031632077245,180,27591.0,21,True,True,True,True,True,,,,,157,7,157000478,spatial_seed_157,8.4,8.571428571428571,3780,35.08325520000653,2.0338539000367746,2.5185151310910143,27591.0,1,14
proposed_n180_k21_h11_sp157_ds7,proposed,180,21,11,7,375.398501570422,162.12388087759896,139.4157479730966,3404.601498429578,33.04986490000738,143.68785559997195,3771.82323987042,180,27591.0,21,True,True,True,True,True,False,global_assignment_boundary_sova,64.0,False,157,7,157000478,spatial_seed_157,8.4,8.571428571428571,3780,176.73772049997933,143.8774128999794,2.085547230946789,27591.0,1,15
pso_n180_k21_h11_sp157_ds7,pso,180,21,11,7,437.2351321365729,159.17927942206794,129.8749034006797,3342.764867863427,33.04986490000738,69.95106279995525,5041.184999264269,180,27591.0,21,True,True,True,True,True,,,,,157,7,157000478,spatial_seed_157,8.4,8.571428571428571,3780,103.00092769996265,69.96565319999354,2.4290840674254053,27591.0,1,14
aco_n180_k21_h11_sp157_ds17,aco,180,21,11,17,387.31959219878894,161.55620989529575,137.06529388308655,3392.680407801211,33.240122899995185,66.32177029998275,4251.161323367244,180,25675.0,21,True,True,True,True,True,,,,,157,17,157000488,spatial_seed_157,8.4,8.571428571428571,3780,99.56189319997792,66.32750350004062,2.1517755122154942,25675.0,1,16
ga_n180_k21_h11_sp157_ds17,ga,180,21,11,17,421.13638920369584,159.94588622839544,132.30663717547782,3358.8636107963043,33.240122899995185,92.71686290000798,5342.520700927936,180,25675.0,21,True,True,True,True,True,,,,,157,17,157000488,spatial_seed_157,8.4,8.571428571428571,3780,125.95698580000315,92.7336924999836,2.3396466066871997,25675.0,1,16
nn_n180_k21_h11_sp157_ds17,nn,180,21,11,17,449.95914664032273,158.57337396950845,126.73149322657493,3330.0408533596774,33.240122899995185,2.0741397000383586,4434.511661968594,180,25675.0,21,True,True,True,True,True,,,,,157,17,157000488,spatial_seed_157,8.4,8.571428571428571,3780,35.314262600033544,2.074491899984423,2.499773036890682,25675.0,1,16
proposed_n180_k21_h11_sp157_ds17,proposed,180,21,11,17,377.9636351486616,162.0017316595875,131.66899972417366,3402.0363648513385,33.240122899995185,331.26059710001573,5032.425466464393,180,25675.0,21,True,True,True,True,True,False,global_assignment_boundary_sova,64.0,False,157,17,157000488,spatial_seed_157,8.4,8.571428571428571,3780,364.5007200000109,331.68118559999857,2.09979797304812,25675.0,1,17
pso_n180_k21_h11_sp157_ds17,pso,180,21,11,17,430.4214688705392,159.50373957759336,132.36336430414212,3349.5785311294608,33.240122899995185,71.47494610003196,5900.321827046045,180,25675.0,21,True,True,True,True,True,,,,,157,17,157000488,spatial_seed_157,8.4,8.571428571428571,3780,104.71506900002714,71.48854900000151,2.3912303826141064,25675.0,1,16
aco_n180_k21_h11_sp167_ds7,aco,180,21,11,7,399.08096217757605,160.99614465821065,131.043878895325,3380.919037822424,32.635744599974714,63.69383910001488,3619.513313628146,180,27591.0,21,True,True,True,True,True,,,,,167,7,167000508,spatial_seed_167,8.4,8.571428571428571,3780,96.3295836999896,63.70057470002212,2.2171164565420893,27591.0,1,15
ga_n180_k21_h11_sp167_ds7,ga,180,21,11,7,435.6046778169996,159.2569201039524,131.79269874050368,3344.3953221830006,32.635744599974714,77.64175519999117,3656.106634507245,180,27591.0,21,True,True,True,True,True,,,,,167,7,167000508,spatial_seed_167,8.4,8.571428571428571,3780,110.27749979996588,77.66736590000801,2.42002598787222,27591.0,1,15
nn_n180_k21_h11_sp167_ds7,nn,180,21,11,7,449.13102990412807,158.61280809980343,137.5268251402477,3330.868970095872,32.635744599974714,1.9972836000379173,3645.3779913056696,180,27591.0,21,True,True,True,True,True,,,,,167,7,167000508,spatial_seed_167,8.4,8.571428571428571,3780,34.63302820001263,1.9977454000036232,2.495172388356267,27591.0,1,15
proposed_n180_k21_h11_sp167_ds7,proposed,180,21,11,7,383.83479006230846,161.7221528541758,138.12485855811215,3396.1652099376915,32.635744599974714,257.1158133999561,3948.133017764992,180,27591.0,21,True,True,True,True,True,False,global_assignment_boundary_sova,64.0,False,167,7,167000508,spatial_seed_167,8.4,8.571428571428571,3780,289.7515579999308,257.3744548999821,2.1324155003461582,27591.0,1,18
pso_n180_k21_h11_sp167_ds7,pso,180,21,11,7,442.8160210603204,158.9135228066514,138.59271319389893,3337.1839789396795,32.635744599974714,65.73836469999515,3742.855202614351,180,27591.0,21,True,True,True,True,True,,,,,167,7,167000508,spatial_seed_167,8.4,8.571428571428571,3780,98.37410929996986,65.7499673999846,2.460089005890669,27591.0,1,15
aco_n180_k21_h11_sp167_ds17,aco,180,21,11,17,392.02941810832425,161.3319324710322,134.76212110050537,3387.970581891676,33.58962869999232,67.94720960000996,3484.371364899978,180,25675.0,21,True,True,True,True,True,,,,,167,17,167000518,spatial_seed_167,8.4,8.571428571428571,3780,101.53683830000227,67.95352880004793,2.1779412117129127,25675.0,1,15
ga_n180_k21_h11_sp167_ds17,ga,180,21,11,17,431.9818198768395,159.42943714872197,135.98949981946276,3348.0181801231606,33.58962869999232,85.73778129997663,4004.755969129616,180,25675.0,21,True,True,True,True,True,,,,,167,17,167000518,spatial_seed_167,8.4,8.571428571428571,3780,119.32740999996896,85.7601668999996,2.399898999315775,25675.0,1,17
nn_n180_k21_h11_sp167_ds17,nn,180,21,11,17,454.9608150686615,158.3351992824447,132.02439835244215,3325.0391849313387,33.58962869999232,2.550757999997586,4013.276276359807,180,25675.0,21,True,True,True,True,True,,,,,167,17,167000518,spatial_seed_167,8.4,8.571428571428571,3780,36.140386699989904,2.550990700023249,2.527560083714786,25675.0,1,17
proposed_n180_k21_h11_sp167_ds17,proposed,180,21,11,17,383.6929502086093,161.72890713292338,139.08134918936824,3396.307049791391,33.58962869999232,336.3304670999641,4379.155436467317,180,25675.0,21,True,True,True,True,True,False,global_assignment_boundary_sova,64.0,False,167,17,167000518,spatial_seed_167,8.4,8.571428571428571,3780,369.92009579995647,336.86281279998366,2.1316275011589405,25675.0,1,17
pso_n180_k21_h11_sp167_ds17,pso,180,21,11,17,446.2081139520703,158.75199457371096,138.41168393190185,3333.79188604793,33.58962869999232,72.20118890004233,4013.276276359807,180,25675.0,21,True,True,True,True,True,,,,,167,17,167000518,spatial_seed_167,8.4,8.571428571428571,3780,105.79081760003464,72.21773099998245,2.4789339664003904,25675.0,1,17
aco_n180_k21_h11_sp177_ds7,aco,180,21,11,7,395.3590600032712,161.1733780950823,136.0831754177712,3384.640939996729,32.97437319997698,65.86332519998541,3703.1605058066593,180,27591.0,21,True,True,True,True,True,,,,,177,7,177000538,spatial_seed_177,8.4,8.571428571428571,3780,98.8376983999624,65.86968389997492,2.1964392222403952,27591.0,1,13
ga_n180_k21_h11_sp177_ds7,ga,180,21,11,7,448.5879067684015,158.63867110626657,138.64482163896645,3331.412093231598,32.97437319997698,86.52907990000676,4080.7750829700353,180,27591.0,21,True,True,True,True,True,,,,,177,7,177000538,spatial_seed_177,8.4,8.571428571428571,3780,119.50345309998374,86.5450928999926,2.4921550376022306,27591.0,1,15
nn_n180_k21_h11_sp177_ds7,nn,180,21,11,7,460.9728195013021,158.04891335708083,132.82671230313085,3319.027180498698,32.97437319997698,2.1115481999586336,4006.196372792055,180,27591.0,21,True,True,True,True,True,,,,,177,7,177000538,spatial_seed_177,8.4,8.571428571428571,3780,35.085921399935614,2.113455199985765,2.5609601083405678,27591.0,1,16
proposed_n180_k21_h11_sp177_ds7,proposed,180,21,11,7,390.36438357764047,161.41121982963617,121.29192372230546,3389.63561642236,32.97437319997698,309.8124705000082,5885.770910135168,180,27591.0,21,True,True,True,True,True,False,global_assignment_boundary_sova,64.0,False,177,7,177000538,spatial_seed_177,8.4,8.571428571428571,3780,342.7868436999852,310.2756039999658,2.1686910198757805,27591.0,1,17
pso_n180_k21_h11_sp177_ds7,pso,180,21,11,7,453.6204198449286,158.39902762643197,136.30462177001962,3326.3795801550714,32.97437319997698,70.60379900003318,4006.196372792055,180,27591.0,21,True,True,True,True,True,,,,,177,7,177000538,spatial_seed_177,8.4,8.571428571428571,3780,103.57817220001016,70.61712690000422,2.520113443582937,27591.0,1,16
aco_n180_k21_h11_sp177_ds17,aco,180,21,11,17,379.2253190044157,161.9416514759802,137.1110244236864,3400.7746809955843,33.52657960000215,64.35685999999987,4275.951272796194,180,25675.0,21,True,True,True,True,True,,,,,177,17,177000548,spatial_seed_177,8.4,8.571428571428571,3780,97.88343960000202,64.36248750000959,2.1068073278023096,25675.0,1,16
ga_n180_k21_h11_sp177_ds17,ga,180,21,11,17,427.3694714374331,159.64907278869364,136.93994238921726,3352.6305285625667,33.52657960000215,88.12102189997677,4042.7109771991272,180,25675.0,21,True,True,True,True,True,,,,,177,17,177000548,spatial_seed_177,8.4,8.571428571428571,3780,121.64760149997892,88.13602279999759,2.374274841319073,25675.0,1,14
nn_n180_k21_h11_sp177_ds17,nn,180,21,11,17,447.4016518390917,158.69515943623372,137.06521450898754,3332.598348160908,33.52657960000215,2.259103499993216,3905.2927443966873,180,25675.0,21,True,True,True,True,True,,,,,177,17,177000548,spatial_seed_177,8.4,8.571428571428571,3780,35.78568309999537,2.2595860000001267,2.485564732439398,25675.0,1,15
proposed_n180_k21_h11_sp177_ds17,proposed,180,21,11,17,361.6698800960645,162.77762475733027,136.08233053713136,3418.330119903936,33.52657960000215,385.5181835000403,4581.672256363592,180,25675.0,21,True,True,True,True,True,False,global_assignment_boundary_sova,64.0,False,177,17,177000548,spatial_seed_177,8.4,8.571428571428571,3780,419.0447631000425,386.1036758000264,2.0092771116448027,25675.0,1,18
pso_n180_k21_h11_sp177_ds17,pso,180,21,11,17,442.9489032268825,158.90719508443416,137.2838695975601,3337.051096773117,33.52657960000215,67.88166899996577,3894.2517325660383,180,25675.0,21,True,True,True,True,True,,,,,177,17,177000548,spatial_seed_177,8.4,8.571428571428571,3780,101.40824859996792,67.89347389998147,2.460827240149347,25675.0,1,15
aco_n180_k21_h11_sp187_ds7,aco,180,21,11,7,398.0518283660661,161.04515103018733,137.00861153721522,3381.9481716339337,33.138398400042206,60.98506949999137,4435.121932817776,180,27591.0,21,True,True,True,True,True,,,,,187,7,187000568,spatial_seed_187,8.4,8.571428571428571,3780,94.12346790003356,60.98982650000835,2.211399046478145,27591.0,1,15
ga_n180_k21_h11_sp187_ds7,ga,180,21,11,7,450.4474803042946,158.55011998550978,125.06586892837012,3329.552519695705,33.138398400042206,82.88330430001952,5007.083965455257,180,27591.0,21,True,True,True,True,True,,,,,187,7,187000568,spatial_seed_187,8.4,8.571428571428571,3780,116.02170270006172,82.90982140001142,2.5024860016905253,27591.0,1,14
nn_n180_k21_h11_sp187_ds7,nn,180,21,11,7,490.7838296472203,156.62934144537047,132.13439208810513,3289.21617035278,33.138398400042206,2.1844048999482766,4292.128958546307,180,27591.0,21,True,True,True,True,True,,,,,187,7,187000568,spatial_seed_187,8.4,8.571428571428571,3780,35.32280329999048,2.18463229999179,2.7265768313734458,27591.0,1,14
proposed_n180_k21_h11_sp187_ds7,proposed,180,21,11,7,387.4120146681532,161.55180882532605,137.74364695924936,3392.587985331847,33.138398400042206,118.63080459996128,4275.267649029419,180,27591.0,21,True,True,True,True,True,False,global_assignment_boundary_sova,64.0,False,187,7,187000568,spatial_seed_187,8.4,8.571428571428571,3780,151.76920300000347,118.7367368999985,2.152288970378629,27591.0,1,15
pso_n180_k21_h11_sp187_ds7,pso,180,21,11,7,478.8097534011347,157.19953555232692,132.09095184649578,3301.190246598865,33.138398400042206,70.4252004000009,4112.97539782503,180,27591.0,21,True,True,True,True,True,,,,,187,7,187000568,spatial_seed_187,8.4,8.571428571428571,3780,103.56359880004312,70.43802890001098,2.66005418556186,27591.0,1,14
aco_n180_k21_h11_sp187_ds17,aco,180,21,11,17,387.3443685084046,161.55503007102834,135.4428801483249,3392.655631491595,32.99592690001009,63.491264800017234,4188.58270516755,180,25675.0,21,True,True,True,True,True,,,,,187,17,187000578,spatial_seed_187,8.4,8.571428571428571,3780,96.48719170002732,63.50244760001078,2.151913158380025,25675.0,1,16
ga_n180_k21_h11_sp187_ds17,ga,180,21,11,17,420.2523046707683,159.9879854918682,135.93283885597808,3359.747695329232,32.99592690001009,108.85830399999396,4444.382006761406,180,25675.0,21,True,True,True,True,True,,,,,187,17,187000578,spatial_seed_187,8.4,8.571428571428571,3780,141.85423090000404,108.87627830001291,2.3347350259487127,25675.0,1,17
nn_n180_k21_h11_sp187_ds17,nn,180,21,11,17,439.7338892894789,159.0602909862153,138.3467267176451,3340.2661107105214,32.99592690001009,2.2294333000318147,4440.68557907366,180,25675.0,21,True,True,True,True,True,,,,,187,17,187000578,spatial_seed_187,8.4,8.571428571428571,3780,35.225360200041905,2.230077199987136,2.442966051608216,25675.0,1,16
proposed_n180_k21_h11_sp187_ds17,proposed,180,21,11,17,380.3079011941894,161.89009994313383,139.67600456680117,3399.6920988058105,32.99592690001009,529.8333569999668,4258.316889965194,180,25675.0,21,True,True,True,True,True,False,global_assignment_boundary_sova,64.0,False,187,17,187000578,spatial_seed_187,8.4,8.571428571428571,3780,562.8292838999769,530.6338525000028,2.112821673301052,25675.0,1,18
pso_n180_k21_h11_sp187_ds17,pso,180,21,11,17,431.5114953658928,159.4518335540051,140.41323342193837,3348.488504634108,32.99592690001009,69.03134119999595,4449.570006230525,180,25675.0,21,True,True,True,True,True,,,,,187,17,187000578,spatial_seed_187,8.4,8.571428571428571,3780,102.02726810000604,69.045069099986,2.397286085366072,25675.0,1,16
aco_n180_k21_h11_sp197_ds7,aco,180,21,11,7,393.49450652664734,161.26216635587394,136.7764585247358,3386.5054934733525,32.8023265999509,62.48832100001164,4422.499910272164,180,27591.0,21,True,True,True,True,True,,,,,197,7,197000598,spatial_seed_197,8.4,8.571428571428571,3780,95.29064759996254,62.49452149996068,2.1860805918147075,27591.0,1,17
ga_n180_k21_h11_sp197_ds7,ga,180,21,11,7,434.7254559427254,159.2987878122512,134.8661964948719,3345.274544057275,32.8023265999509,81.2380651999847,4306.715624195498,180,27591.0,21,True,True,True,True,True,,,,,197,7,197000598,spatial_seed_197,8.4,8.571428571428571,3780,114.0403917999356,81.25226320000365,2.4151414219040297,27591.0,1,16
nn_n180_k21_h11_sp197_ds7,nn,180,21,11,7,446.0088439924571,158.76148361940682,133.75295633377624,3333.991156007543,32.8023265999509,2.1433292000438087,4332.388893228288,180,27591.0,21,True,True,True,True,True,,,,,197,7,197000598,spatial_seed_197,8.4,8.571428571428571,3780,34.94565579999471,2.143795299984049,2.477826911069206,27591.0,1,16
proposed_n180_k21_h11_sp197_ds7,proposed,180,21,11,7,387.4434254927346,161.55031307177455,139.4036476499241,3392.5565745072654,32.8023265999509,231.3022061000229,3949.096152432982,180,27591.0,21,True,True,True,True,True,False,global_assignment_boundary_sova,64.0,False,197,7,197000598,spatial_seed_197,8.4,8.571428571428571,3780,264.1045326999738,231.55152129998896,2.1524634749596365,27591.0,1,18
pso_n180_k21_h11_sp197_ds7,pso,180,21,11,7,444.5172401997624,158.8325123714399,133.83795191947942,3335.482759800237,32.8023265999509,72.56801769998856,4338.514172536449,180,27591.0,21,True,True,True,True,True,,,,,197,7,197000598,spatial_seed_197,8.4,8.571428571428571,3780,105.37034429993946,72.5808098000125,2.469540223332013,27591.0,1,16
aco_n180_k21_h11_sp197_ds17,aco,180,21,11,17,393.9405391110488,161.24092670899768,137.89220768642582,3386.059460888951,34.12655830004951,61.14020989998244,3459.009921484688,180,25675.0,21,True,True,True,True,True,,,,,197,17,197000608,spatial_seed_197,8.4,8.571428571428571,3780,95.26676820003196,61.1464646999957,2.188558550616938,25675.0,1,16
ga_n180_k21_h11_sp197_ds17,ga,180,21,11,17,420.6598727446733,159.9685774883489,133.16217788650744,3359.340127255327,34.12655830004951,88.78537890000734,4353.127425546984,180,25675.0,21,True,True,True,True,True,,,,,197,17,197000608,spatial_seed_197,8.4,8.571428571428571,3780,122.91193720005684,88.80054440000094,2.3369992930259627,25675.0,1,16
nn_n180_k21_h11_sp197_ds17,nn,180,21,11,17,443.1314353573089,158.8985030782234,139.15615184614418,3336.868564642691,34.12655830004951,2.1391653000027877,3818.693579449136,180,25675.0,21,True,True,True,True,True,,,,,197,17,197000608,spatial_seed_197,8.4,8.571428571428571,3780,36.2657236000523,2.1398217999958438,2.4618413075406047,25675.0,1,16
proposed_n180_k21_h11_sp197_ds17,proposed,180,21,11,17,380.367039210713,161.8872838471089,143.02203321362455,3399.6329607892867,34.12655830004951,387.34727870003553,3610.7581131118095,180,25675.0,21,True,True,True,True,True,False,global_assignment_boundary_sova,64.0,False,197,17,197000608,spatial_seed_197,8.4,8.571428571428571,3780,421.473837000085,387.8832434000215,2.1131502178372945,25675.0,1,17
pso_n180_k21_h11_sp197_ds17,pso,180,21,11,17,437.1445171614094,159.18359442088527,139.3120537738936,3342.8554828385904,34.12655830004951,68.25700290000532,3764.012005956697,180,25675.0,21,True,True,True,True,True,,,,,197,17,197000608,spatial_seed_197,8.4,8.571428571428571,3780,102.38356120005484,68.26961489999667,2.428580650896719,25675.0,1,16
aco_n200_k24_h11_sp107_ds7,aco,200,24,11,7,449.3405754318036,161.27747602367484,127.03312706696254,3870.659424568196,36.659906000015326,71.37957699998515,5038.0078377272375,200,30588.0,24,True,True,True,True,True,,,,,107,7,107000328,spatial_seed_107,8.4,8.333333333333334,4800,108.03948300000047,71.3861567999702,2.246702877159018,30588.0,1,15
ga_n200_k24_h11_sp107_ds7,ga,200,24,11,7,489.3124510213681,159.611981207443,135.9075363317833,3830.687548978632,36.659906000015326,126.72107279999182,4043.882770803528,200,30588.0,24,True,True,True,True,True,,,,,107,7,107000328,spatial_seed_107,8.4,8.333333333333334,4800,163.38097880000714,126.74076439999044,2.44656225510684,30588.0,1,14
nn_n200_k24_h11_sp107_ds7,nn,200,24,11,7,505.6289182855119,158.93212840477034,134.28669153026854,3814.371081714488,36.659906000015326,2.97441720002098,3814.593804513192,200,30588.0,24,True,True,True,True,True,,,,,107,7,107000328,spatial_seed_107,8.4,8.333333333333334,4800,39.63432320003631,2.9748905999585986,2.5281445914275595,30588.0,1,14
proposed_n200_k24_h11_sp107_ds7,proposed,200,24,11,7,436.12391364515537,161.8281702647852,137.19536641153638,3883.8760863548446,36.659906000015326,458.3690738999867,4257.72171643144,200,30588.0,24,True,True,True,True,True,False,global_assignment_boundary_sova,64.0,False,107,7,107000328,spatial_seed_107,8.4,8.333333333333334,4800,495.028979900002,458.7725896000047,2.1806195682257767,30588.0,1,15
pso_n200_k24_h11_sp107_ds7,pso,200,24,11,7,501.7280034921671,159.09466652115972,134.28669153026854,3818.271996507833,36.659906000015326,86.25332600000547,3763.191584201136,200,30588.0,24,True,True,True,True,True,,,,,107,7,107000328,spatial_seed_107,8.4,8.333333333333334,4800,122.9132320000208,86.26703759998782,2.508640017460836,30588.0,1,14
aco_n200_k24_h11_sp107_ds17,aco,200,24,11,17,432.20530327867584,161.99144569672185,136.68879533603337,3887.794696721324,37.646398000011686,77.65550870000152,4191.999849222537,200,28786.0,24,True,True,True,True,True,,,,,107,17,107000338,spatial_seed_107,8.4,8.333333333333334,4800,115.3019067000132,77.6622808999964,2.1610265163933797,28786.0,1,16
ga_n200_k24_h11_sp107_ds17,ga,200,24,11,17,484.5947672583961,159.8085513642335,133.8863763620493,3835.405232741604,37.646398000011686,107.81207839999117,4519.960454324747,200,28786.0,24,True,True,True,True,True,,,,,107,17,107000338,spatial_seed_107,8.4,8.333333333333334,4800,145.45847640000284,107.82841879996704,2.422973836291981,28786.0,1,17
nn_n200_k24_h11_sp107_ds17,nn,200,24,11,17,512.1458370941524,158.66059012107698,134.1155235913556,3807.854162905848,37.646398000011686,2.89888490003068,4399.925774212184,200,28786.0,24,True,True,True,True,True,,,,,107,17,107000338,spatial_seed_107,8.4,8.333333333333334,4800,40.545282900042366,2.899573099974077,2.560729185470762,28786.0,1,17
proposed_n200_k24_h11_sp107_ds17,proposed,200,24,11,17,437.1229680118601,161.78654299950583,122.23668888915084,3882.87703198814,37.646398000011686,604.4213382999878,5776.232660744401,200,28786.0,24,True,True,True,True,True,False,global_assignment_boundary_sova,64.0,False,107,17,107000338,spatial_seed_107,8.4,8.333333333333334,4800,642.0677362999995,605.1972109999624,2.1856148400593005,28786.0,1,20
pso_n200_k24_h11_sp107_ds17,pso,200,24,11,17,501.61149005776616,159.09952124759306,134.1155235913556,3818.3885099422337,37.646398000011686,96.8878762999666,4399.925774212184,200,28786.0,24,True,True,True,True,True,,,,,107,17,107000338,spatial_seed_107,8.4,8.333333333333334,4800,134.53427429997828,96.90354289999232,2.50805745028883,28786.0,1,17
aco_n200_k24_h11_sp117_ds7,aco,200,24,11,7,438.0766677426222,161.74680551072407,140.11542138323216,3881.9233322573778,36.78469449997647,78.89825730002485,3843.587260183398,200,30588.0,24,True,True,True,True,True,,,,,117,7,117000358,spatial_seed_117,8.4,8.333333333333334,4800,115.68295180000132,78.90565189998597,2.190383338713111,30588.0,1,14
ga_n200_k24_h11_sp117_ds7,ga,200,24,11,7,475.3849730810989,160.19229278828757,139.25671914349795,3844.615026918901,36.78469449997647,103.53013040003134,3948.565220676268,200,30588.0,24,True,True,True,True,True,,,,,117,7,117000358,spatial_seed_117,8.4,8.333333333333334,4800,140.3148249000078,103.54544439999154,2.376924865405494,30588.0,1,14
nn_n200_k24_h11_sp117_ds7,nn,200,24,11,7,493.3993273420352,159.44169469408186,136.7998411499381,3826.600672657965,36.78469449997647,2.934742900019046,4157.671534781982,200,30588.0,24,True,True,True,True,True,,,,,117,7,117000358,spatial_seed_117,8.4,8.333333333333334,4800,39.71943739999551,2.935172000026796,2.466996636710176,30588.0,1,15
proposed_n200_k24_h11_sp117_ds7,proposed,200,24,11,7,433.1101658146861,161.95374309105475,143.73892925657475,3886.8898341853137,36.78469449997647,378.57451919995947,3946.2656805829215,200,30588.0,24,True,True,True,True,True,False,global_assignment_boundary_sova,64.0,False,117,7,117000358,spatial_seed_117,8.4,8.333333333333334,4800,415.359213699936,379.0710512999794,2.1655508290734304,30588.0,1,17
pso_n200_k24_h11_sp117_ds7,pso,200,24,11,7,488.6048544176496,159.6414643992646,136.7998411499381,3831.3951455823503,36.78469449997647,87.88872680003988,4157.671534781982,200,30588.0,24,True,True,True,True,True,,,,,117,7,117000358,spatial_seed_117,8.4,8.333333333333334,4800,124.67342130001634,87.90289029997075,2.443024272088248,30588.0,1,15
aco_n200_k24_h11_sp117_ds17,aco,200,24,11,17,436.0136797621706,161.83276334324287,135.9389183896488,3883.986320237829,37.75586959999055,90.0945675999974,4369.769478598099,200,28786.0,24,True,True,True,True,True,,,,,117,17,117000368,spatial_seed_117,8.4,8.333333333333334,4800,127.85043719998794,90.10193509998498,2.180068398810853,28786.0,1,15
ga_n200_k24_h11_sp117_ds17,ga,200,24,11,17,470.9373943980192,160.37760856674922,139.6313952749005,3849.062605601981,37.75586959999055,119.02395200001774,3586.5275494257285,200,28786.0,24,True,True,True,True,True,,,,,117,17,117000368,spatial_seed_117,8.4,8.333333333333334,4800,156.7798216000083,119.04188889998476,2.354686971990096,28786.0,1,15
nn_n200_k24_h11_sp117_ds17,nn,200,24,11,17,494.9209692241694,159.37829294899294,136.28391646008942,3825.079030775831,37.75586959999055,4.00831849995302,4003.456778054529,200,28786.0,24,True,True,True,True,True,,,,,117,17,117000368,spatial_seed_117,8.4,8.333333333333334,4800,41.76418809994357,4.009139099973254,2.474604846120847,28786.0,1,15
proposed_n200_k24_h11_sp117_ds17,proposed,200,24,11,17,429.49835677878417,162.10423513421733,140.67936745611684,3890.501643221216,37.75586959999055,498.543844699976,4778.272663175503,200,28786.0,24,True,True,True,True,True,False,global_assignment_boundary_sova,64.0,False,117,17,117000368,spatial_seed_117,8.4,8.333333333333334,4800,536.2997142999666,499.6290280999965,2.147491783893921,28786.0,1,20
pso_n200_k24_h11_sp117_ds17,pso,200,24,11,17,489.5033593042268,159.6040266956572,137.8127891022544,3830.496640695773,37.75586959999055,91.49017320002896,3913.068687764292,200,28786.0,24,True,True,True,True,True,,,,,117,17,117000368,spatial_seed_117,8.4,8.333333333333334,4800,129.2460428000195,91.50362959998893,2.4475167965211337,28786.0,1,15
aco_n200_k24_h11_sp127_ds7,aco,200,24,11,7,419.8014024062899,162.50827489973793,122.98162631431916,3900.19859759371,38.60042400000384,74.50892260001274,5849.036996308104,200,30588.0,24,True,True,True,True,True,,,,,127,7,127000388,spatial_seed_127,8.4,8.333333333333334,4800,113.10934660001658,74.51502439996693,2.099007012031449,30588.0,1,16
ga_n200_k24_h11_sp127_ds7,ga,200,24,11,7,474.1647421356705,160.24313574434706,132.18518030266137,3845.8352578643294,38.60042400000384,132.9137928999844,4562.733307565834,200,30588.0,24,True,True,True,True,True,,,,,127,7,127000388,spatial_seed_127,8.4,8.333333333333334,4800,171.51421689998824,132.9322336000041,2.3708237106783523,30588.0,1,14
nn_n200_k24_h11_sp127_ds7,nn,200,24,11,7,510.1266027425172,158.74472488572846,136.64651917430243,3809.873397257483,38.60042400000384,2.977881700033322,3750.234575433125,200,30588.0,24,True,True,True,True,True,,,,,127,7,127000388,spatial_seed_127,8.4,8.333333333333334,4800,41.57830570003716,2.9783497000462376,2.550633013712586,30588.0,1,15
proposed_n200_k24_h11_sp127_ds7,proposed,200,24,11,7,416.43485921974326,162.6485475325107,136.72657368608938,3903.565140780257,38.60042400000384,307.3920271000243,4891.9339920956245,200,30588.0,24,True,True,True,True,True,False,global_assignment_boundary_sova,64.0,False,127,7,127000388,spatial_seed_127,8.4,8.333333333333334,4800,345.9924511000281,307.79537010000786,2.0821742960987164,30588.0,1,18
pso_n200_k24_h11_sp127_ds7,pso,200,24,11,7,499.78310691140416,159.1757038786915,136.64651917430243,3820.216893088596,38.60042400000384,89.2146986000007,3549.9072663361503,200,30588.0,24,True,True,True,True,True,,,,,127,7,127000388,spatial_seed_127,8.4,8.333333333333334,4800,127.81512260000454,89.22860480000963,2.4989155345570206,30588.0,1,15
aco_n200_k24_h11_sp127_ds17,aco,200,24,11,17,421.8984424305512,162.42089823206035,123.83729948066949,3898.1015575694487,38.07160460000159,83.9705946999602,5606.695278499515,200,28786.0,24,True,True,True,True,True,,,,,127,17,127000398,spatial_seed_127,8.4,8.333333333333334,4800,122.0421992999618,83.97855140001047,2.109492212152756,28786.0,1,16
ga_n200_k24_h11_sp127_ds17,ga,200,24,11,17,467.1612709557997,160.53494704350834,144.04465834417576,3852.8387290442,38.07160460000159,117.04971980000846,4220.80181468007,200,28786.0,24,True,True,True,True,True,,,,,127,17,127000398,spatial_seed_127,8.4,8.333333333333334,4800,155.12132440001005,117.06783770001492,2.3358063547789985,28786.0,1,16
nn_n200_k24_h11_sp127_ds17,nn,200,24,11,17,492.207589423356,159.49135044069348,136.2080273237688,3827.792410576644,38.07160460000159,3.143912800005637,4076.568444130709,200,28786.0,24,True,True,True,True,True,,,,,127,17,127000398,spatial_seed_127,8.4,8.333333333333334,4800,41.21551740000723,3.1441725999466144,2.4610379471167803,28786.0,1,16
proposed_n200_k24_h11_sp127_ds17,proposed,200,24,11,17,407.3322440545454,163.02782316439394,126.91719969793029,3912.667755945455,38.07160460000159,408.35666749998927,4049.843248339381,200,28786.0,24,True,True,True,True,True,False,global_assignment_boundary_sova,64.0,False,127,17,127000398,spatial_seed_127,8.4,8.333333333333334,4800,446.42827209999086,408.8032511000056,2.0366612202727272,28786.0,1,19
pso_n200_k24_h11_sp127_ds17,pso,200,24,11,17,484.5812440638271,159.80911483067388,131.50170740244286,3835.418755936173,38.07160460000159,97.2347203999525,4031.6624941768,200,28786.0,24,True,True,True,True,True,,,,,127,17,127000398,spatial_seed_127,8.4,8.333333333333334,4800,135.3063249999541,97.24926260003122,2.422906220319135,28786.0,1,16
aco_n200_k24_h11_sp137_ds7,aco,200,24,11,7,422.66127525079423,162.3891135312169,142.41241768891695,3897.3387247492055,37.040084499982186,80.99285390001023,3618.43714181062,200,30588.0,24,True,True,True,True,True,,,,,137,7,137000418,spatial_seed_137,8.4,8.333333333333334,4800,118.03293839999242,81.00061899999855,2.113306376253971,30588.0,1,15
ga_n200_k24_h11_sp137_ds7,ga,200,24,11,7,458.8054588699425,160.88310588041907,139.2919057762512,3861.1945411300576,37.040084499982186,124.22850529995048,4045.873030519736,200,30588.0,24,True,True,True,True,True,,,,,137,7,137000418,spatial_seed_137,8.4,8.333333333333334,4800,161.26858979993267,124.24634150002385,2.2940272943497124,30588.0,1,14
nn_n200_k24_h11_sp137_ds7,nn,200,24,11,7,491.44803892615033,159.52299837807706,139.50540201374136,3828.5519610738497,37.040084499982186,3.238202899985481,3971.047462658235,200,30588.0,24,True,True,True,True,True,,,,,137,7,137000418,spatial_seed_137,8.4,8.333333333333334,4800,40.27828739996767,3.238373300002422,2.457240194630752,30588.0,1,14
proposed_n200_k24_h11_sp137_ds7,proposed,200,24,11,7,415.0674438450613,162.70552317312243,143.30100385506017,3904.9325561549385,37.040084499982186,257.7742496999563,4122.704127889568,200,30588.0,24,True,True,True,True,True,False,global_assignment_boundary_sova,64.0,False,137,7,137000418,spatial_seed_137,8.4,8.333333333333334,4800,294.81433419993846,258.08766979997745,2.0753372192253066,30588.0,1,17
pso_n200_k24_h11_sp137_ds7,pso,200,24,11,7,478.85145894618137,160.04785587724243,142.6731588628814,3841.1485410538185,37.040084499982186,93.67724319995614,3951.5729557759646,200,30588.0,24,True,True,True,True,True,,,,,137,7,137000418,spatial_seed_137,8.4,8.333333333333334,4800,130.71732769993832,93.69170530000702,2.394257294730907,30588.0,1,14
aco_n200_k24_h11_sp137_ds17,aco,200,24,11,17,427.5761135491487,162.1843286021188,136.4567320689645,3892.423886450851,37.895028200000525,79.49056280002696,4725.084270147081,200,28786.0,24,True,True,True,True,True,,,,,137,17,137000428,spatial_seed_137,8.4,8.333333333333334,4800,117.38559100002747,79.4968649999937,2.137880567745744,28786.0,1,16
ga_n200_k24_h11_sp137_ds17,ga,200,24,11,17,461.8770068935276,160.75512471276969,139.16800478895465,3858.122993106472,37.895028200000525,141.61059519997798,3611.160493449064,200,28786.0,24,True,True,True,True,True,,,,,137,17,137000428,spatial_seed_137,8.4,8.333333333333334,4800,179.5056233999785,141.63121609995142,2.309385034467638,28786.0,1,15
nn_n200_k24_h11_sp137_ds17,nn,200,24,11,17,498.1281761337835,159.24465932775902,141.4212789196073,3821.871823866216,37.895028200000525,2.9519562000059523,3768.5973713677454,200,28786.0,24,True,True,True,True,True,,,,,137,17,137000428,spatial_seed_137,8.4,8.333333333333334,4800,40.84698440000648,2.9525187999824998,2.4906408806689173,28786.0,1,16
proposed_n200_k24_h11_sp137_ds17,proposed,200,24,11,17,412.4084499199984,162.81631458666672,139.69798708284844,3907.5915500800015,37.895028200000525,319.9470265000127,5333.992008102138,200,28786.0,24,True,True,True,True,True,False,global_assignment_boundary_sova,64.0,False,137,17,137000428,spatial_seed_137,8.4,8.333333333333334,4800,357.84205470001325,320.4302078000037,2.062042249599992,28786.0,1,21
pso_n200_k24_h11_sp137_ds17,pso,200,24,11,17,476.82628494148025,160.13223812743834,137.81373428365558,3843.17371505852,37.895028200000525,99.01411779999034,3529.6907196963894,200,28786.0,24,True,True,True,True,True,,,,,137,17,137000428,spatial_seed_137,8.4,8.333333333333334,4800,136.90914599999087,99.02897829998984,2.384131424707401,28786.0,1,16
aco_n200_k24_h11_sp147_ds7,aco,200,24,11,7,424.5185061632509,162.31172890986454,142.26096908421033,3895.481493836749,37.45173689996591,79.22286809998332,4095.088244742423,200,30588.0,24,True,True,True,True,True,,,,,147,7,147000448,spatial_seed_147,8.4,8.333333333333334,4800,116.67460499994922,79.22942819999298,2.1225925308162545,30588.0,1,15
ga_n200_k24_h11_sp147_ds7,ga,200,24,11,7,477.1345714721911,160.11939285532537,130.5285658029237,3842.865428527809,37.45173689996591,109.6026194000151,4268.967921226617,200,30588.0,24,True,True,True,True,True,,,,,147,7,147000448,spatial_seed_147,8.4,8.333333333333334,4800,147.054356299981,109.62806259997888,2.385672857360955,30588.0,1,14
nn_n200_k24_h11_sp147_ds7,nn,200,24,11,7,505.8447224568784,158.92313656429673,129.54267536040905,3814.1552775431214,37.45173689996591,2.974384500004817,4359.112295854925,200,30588.0,24,True,True,True,True,True,,,,,147,7,147000448,spatial_seed_147,8.4,8.333333333333334,4800,40.426121399970725,2.974743099999614,2.529223612284392,30588.0,1,15
proposed_n200_k24_h11_sp147_ds7,proposed,200,24,11,7,411.8463386164064,162.83973589098306,136.9356599396,3908.1536613835938,37.45173689996591,340.1991485000472,4841.057149230435,200,30588.0,24,True,True,True,True,True,False,global_assignment_boundary_sova,64.0,False,147,7,147000448,spatial_seed_147,8.4,8.333333333333334,4800,377.65088540001307,340.64778140001,2.059231693082032,30588.0,1,18
pso_n200_k24_h11_sp147_ds7,pso,200,24,11,7,496.935197036932,159.29436679012784,129.74551695612587,3823.064802963068,37.45173689996591,95.54626789997565,4359.112295854925,200,30588.0,24,True,True,True,True,True,,,,,147,7,147000448,spatial_seed_147,8.4,8.333333333333334,4800,132.99800479994155,95.56576970004244,2.4846759851846603,30588.0,1,15
aco_n200_k24_h11_sp147_ds17,aco,200,24,11,17,421.3858372372416,162.4422567817816,129.9289197963567,3898.6141627627594,38.137504199985415,86.52809519995935,4624.396704876794,200,28786.0,24,True,True,True,True,True,,,,,147,17,147000458,spatial_seed_147,8.4,8.333333333333334,4800,124.66559939994475,86.53932839998743,2.106929186186208,28786.0,1,17
ga_n200_k24_h11_sp147_ds17,ga,200,24,11,17,458.5635777926296,160.89318425864045,125.87913002446793,3861.4364222073705,38.137504199985415,129.30574169999454,5169.9560390234055,200,28786.0,24,True,True,True,True,True,,,,,147,17,147000458,spatial_seed_147,8.4,8.333333333333334,4800,167.44324589997996,129.32623489998514,2.292817888963148,28786.0,1,18
nn_n200_k24_h11_sp147_ds17,nn,200,24,11,17,477.8447972713586,160.0898001136934,125.77059881741972,3842.1552027286416,38.137504199985415,3.0976151000359096,5451.773673147934,200,28786.0,24,True,True,True,True,True,,,,,147,17,147000458,spatial_seed_147,8.4,8.333333333333334,4800,41.23511930002133,3.09789550001733,2.389223986356793,28786.0,1,18
proposed_n200_k24_h11_sp147_ds17,proposed,200,24,11,17,407.2018108322641,163.033257881989,138.7390635962888,3912.798189167736,38.137504199985415,531.7712855000282,4103.178374159743,200,28786.0,24,True,True,True,True,True,False,global_assignment_boundary_sova,64.0,False,147,17,147000458,spatial_seed_147,8.4,8.333333333333334,4800,569.9087897000136,532.5731937999954,2.0360090541613207,28786.0,1,19
pso_n200_k24_h11_sp147_ds17,pso,200,24,11,17,472.4882740952281,160.3129885793655,125.77059881741972,3847.511725904772,38.137504199985415,90.54988310002956,5451.773673147934,200,28786.0,24,True,True,True,True,True,,,,,147,17,147000458,spatial_seed_147,8.4,8.333333333333334,4800,128.68738730001496,90.5641315000248,2.3624413704761404,28786.0,1,18
aco_n200_k24_h11_sp157_ds7,aco,200,24,11,7,433.2504699796328,161.94789708418196,138.3659774216312,3886.7495300203673,37.25622189999558,79.21986489999108,5748.2374828394495,200,30588.0,24,True,True,True,True,True,,,,,157,7,157000478,spatial_seed_157,8.4,8.333333333333334,4800,116.47608679998666,79.22723840002436,2.1662523498981643,30588.0,1,15
ga_n200_k24_h11_sp157_ds7,ga,200,24,11,7,459.5743299158656,160.85106958683892,136.00376773082365,3860.4256700841343,37.25622189999558,101.37588520004648,3956.893151041239,200,30588.0,24,True,True,True,True,True,,,,,157,7,157000478,spatial_seed_157,8.4,8.333333333333334,4800,138.63210710004205,101.39085749996592,2.297871649579328,30588.0,1,15
nn_n200_k24_h11_sp157_ds7,nn,200,24,11,7,481.0561180718831,159.9559950803382,135.10610926025063,3838.9438819281168,37.25622189999558,2.907878800004255,4053.872711691078,200,30588.0,24,True,True,True,True,True,,,,,157,7,157000478,spatial_seed_157,8.4,8.333333333333334,4800,40.16410069999984,2.908268300001509,2.4052805903594154,30588.0,1,15
proposed_n200_k24_h11_sp157_ds7,proposed,200,24,11,7,417.1232142379258,162.61986607341976,133.77669092372213,3902.876785762074,37.25622189999558,217.7170851000119,4543.393613150803,200,30588.0,24,True,True,True,True,True,False,global_assignment_boundary_sova,64.0,False,157,7,157000478,spatial_seed_157,8.4,8.333333333333334,4800,254.97330700000748,217.94964840001197,2.085616071189629,30588.0,1,16
pso_n200_k24_h11_sp157_ds7,pso,200,24,11,7,473.1800612879732,160.2841641130011,135.85801121257572,3846.819938712026,37.25622189999558,84.43081689998507,5276.655394641402,200,30588.0,24,True,True,True,True,True,,,,,157,7,157000478,spatial_seed_157,8.4,8.333333333333334,4800,121.68703879998066,84.44356729998253,2.365900306439866,30588.0,1,15
aco_n200_k24_h11_sp157_ds17,aco,200,24,11,17,427.043406688062,162.20652472133074,139.8843087164286,3892.956593311938,38.496736000000965,81.36462750000646,4543.552176785403,200,28786.0,24,True,True,True,True,True,,,,,157,17,157000488,spatial_seed_157,8.4,8.333333333333334,4800,119.86136350000744,81.37218489998486,2.13521703344031,28786.0,1,16
ga_n200_k24_h11_sp157_ds17,ga,200,24,11,17,458.9231583096631,160.87820173709738,137.80166503365433,3861.076841690337,38.496736000000965,113.98470580001594,4485.333744328898,200,28786.0,24,True,True,True,True,True,,,,,157,17,157000488,spatial_seed_157,8.4,8.333333333333334,4800,152.4814418000169,114.00090069998988,2.294615791548315,28786.0,1,16
nn_n200_k24_h11_sp157_ds17,nn,200,24,11,17,491.4083575228171,159.52465176988264,138.27931087053724,3828.591642477183,38.496736000000965,2.943996399990283,4162.265348714029,200,28786.0,24,True,True,True,True,True,,,,,157,17,157000488,spatial_seed_157,8.4,8.333333333333334,4800,41.44073239999125,2.944193400035146,2.4570417876140853,28786.0,1,16
proposed_n200_k24_h11_sp157_ds17,proposed,200,24,11,17,415.8361905778348,162.6734920592569,139.8296437660449,3904.163809422165,38.496736000000965,599.295858599944,4659.299710545255,200,28786.0,24,True,True,True,True,True,False,global_assignment_boundary_sova,64.0,False,157,17,157000488,spatial_seed_157,8.4,8.333333333333334,4800,637.792594599945,599.683944599994,2.079180952889174,28786.0,1,20
pso_n200_k24_h11_sp157_ds17,pso,200,24,11,17,483.7585174649388,159.84339510562754,132.90791717730707,3836.241482535061,38.496736000000965,92.16505800001325,5955.564686703251,200,28786.0,24,True,True,True,True,True,,,,,157,17,157000488,spatial_seed_157,8.4,8.333333333333334,4800,130.6617940000142,92.17928169999504,2.418792587324694,28786.0,1,16
aco_n200_k24_h11_sp167_ds7,aco,200,24,11,7,436.4333732080723,161.81527611633032,130.82138720056346,3883.566626791928,36.745530000014696,77.44877419999102,3919.90082576893,200,30588.0,24,True,True,True,True,True,,,,,167,7,167000508,spatial_seed_167,8.4,8.333333333333334,4800,114.19430420000572,77.45907490001991,2.1821668660403613,30588.0,1,19
ga_n200_k24_h11_sp167_ds7,ga,200,24,11,7,473.0395938054057,160.29001692477476,126.14247109149142,3846.960406194594,36.745530000014696,103.19448080001166,4653.32179490871,200,30588.0,24,True,True,True,True,True,,,,,167,7,167000508,spatial_seed_167,8.4,8.333333333333334,4800,139.94001080002636,103.20993770001223,2.3651979690270286,30588.0,1,14
nn_n200_k24_h11_sp167_ds7,nn,200,24,11,7,505.49215410499,158.93782691229208,131.0625249963944,3814.50784589501,36.745530000014696,3.0231957000214607,3538.8912381555965,200,30588.0,24,True,True,True,True,True,,,,,167,7,167000508,spatial_seed_167,8.4,8.333333333333334,4800,39.76872570003616,3.023502100026235,2.52746077052495,30588.0,1,15
proposed_n200_k24_h11_sp167_ds7,proposed,200,24,11,7,438.6533146863613,161.72277855473496,137.48579816714255,3881.346685313639,36.745530000014696,382.9346439000219,4294.955005639654,200,30588.0,24,True,True,True,True,True,False,global_assignment_boundary_sova,64.0,False,167,7,167000508,spatial_seed_167,8.4,8.333333333333334,4800,419.6801739000366,383.45832919998793,2.193266573431807,30588.0,1,20
pso_n200_k24_h11_sp167_ds7,pso,200,24,11,7,491.2774729518863,159.5301052936714,133.74845638217266,3828.7225270481135,36.745530000014696,95.95334900001762,3843.064025464511,200,30588.0,24,True,True,True,True,True,,,,,167,7,167000508,spatial_seed_167,8.4,8.333333333333334,4800,132.69887900003232,95.96783920004964,2.4563873647594314,30588.0,1,15
aco_n200_k24_h11_sp167_ds17,aco,200,24,11,17,432.0457137800386,161.99809525916507,132.16139350141714,3887.9542862199614,38.50839040003484,84.94915130001027,3796.979111310272,200,28786.0,24,True,True,True,True,True,,,,,167,17,167000518,spatial_seed_167,8.4,8.333333333333334,4800,123.45754170004513,84.95660919998772,2.160228568900193,28786.0,1,16
ga_n200_k24_h11_sp167_ds17,ga,200,24,11,17,468.0913930879937,160.49619195466695,138.0018951695579,3851.908606912007,38.50839040003484,104.0820234999992,3857.03496549576,200,28786.0,24,True,True,True,True,True,,,,,167,17,167000518,spatial_seed_167,8.4,8.333333333333334,4800,142.59041390003404,104.09706490003737,2.340456965439968,28786.0,1,16
nn_n200_k24_h11_sp167_ds17,nn,200,24,11,17,486.01209928802353,159.74949586299903,135.4886276337503,3833.9879007119766,38.50839040003484,2.9874627999961376,4017.4373292466607,200,28786.0,24,True,True,True,True,True,,,,,167,17,167000518,spatial_seed_167,8.4,8.333333333333334,4800,41.49585320003098,2.987818400026299,2.4300604964401176,28786.0,1,17
proposed_n200_k24_h11_sp167_ds17,proposed,200,24,11,17,417.12574285485385,162.6197607143811,133.674197043831,3902.874257145146,38.50839040003484,661.6723934000474,4289.505117455346,200,28786.0,24,True,True,True,True,True,False,global_assignment_boundary_sova,64.0,False,167,17,167000518,spatial_seed_167,8.4,8.333333333333334,4800,700.1807838000823,662.3399615000235,2.0856287142742693,28786.0,1,20
pso_n200_k24_h11_sp167_ds17,pso,200,24,11,17,477.2826548499937,160.1132227145836,135.4886276337503,3842.717345150006,38.50839040003484,91.03103209997062,4017.4373292466607,200,28786.0,24,True,True,True,True,True,,,,,167,17,167000518,spatial_seed_167,8.4,8.333333333333334,4800,129.53942250000546,91.04470930004028,2.3864132742499686,28786.0,1,16
aco_n200_k24_h11_sp177_ds7,aco,200,24,11,7,427.1639527035908,162.20150197068372,138.21126263879876,3892.836047296409,38.522020099975634,78.39389730000403,4081.581167917545,200,30588.0,24,True,True,True,True,True,,,,,177,7,177000538,spatial_seed_177,8.4,8.333333333333334,4800,116.91591739997966,78.40062730002683,2.135819763517954,30588.0,1,14
ga_n200_k24_h11_sp177_ds7,ga,200,24,11,7,472.02566829584697,160.33226382100636,142.79760995358384,3847.974331704153,38.522020099975634,134.12335479998728,3703.930875396907,200,30588.0,24,True,True,True,True,True,,,,,177,7,177000538,spatial_seed_177,8.4,8.333333333333334,4800,172.64537489996292,134.1429087999859,2.3601283414792347,30588.0,1,14
nn_n200_k24_h11_sp177_ds7,nn,200,24,11,7,486.17693599127705,159.74262766703012,136.93000676481373,3833.823064008723,38.522020099975634,2.929479300044477,4294.280161960344,200,30588.0,24,True,True,True,True,True,,,,,177,7,177000538,spatial_seed_177,8.4,8.333333333333334,4800,41.45149940002011,2.9300107999588363,2.430884679956385,30588.0,1,14
proposed_n200_k24_h11_sp177_ds7,proposed,200,24,11,7,425.4796613882896,162.27168077548794,140.78563997082202,3894.5203386117114,38.522020099975634,440.7406380000175,4145.21772326415,200,30588.0,24,True,True,True,True,True,False,global_assignment_boundary_sova,64.0,False,177,7,177000538,spatial_seed_177,8.4,8.333333333333334,4800,479.26265809999313,441.33049059996847,2.127398306941448,30588.0,1,15
pso_n200_k24_h11_sp177_ds7,pso,200,24,11,7,480.5915156961239,159.97535351266148,140.11480644955384,3839.408484303876,38.522020099975634,88.36152620002395,4188.899279481258,200,30588.0,24,True,True,True,True,True,,,,,177,7,177000538,spatial_seed_177,8.4,8.333333333333334,4800,126.88354629999958,88.38452210003743,2.40295757848062,30588.0,1,14
aco_n200_k24_h11_sp177_ds17,aco,200,24,11,17,412.1515797184998,162.82701751172917,136.73154770142017,3907.8484202815,38.85816230002092,80.58806159999222,4461.41356912091,200,28786.0,24,True,True,True,True,True,,,,,177,17,177000548,spatial_seed_177,8.4,8.333333333333334,4800,119.44622390001314,80.5962937999866,2.0607578985924992,28786.0,1,15
ga_n200_k24_h11_sp177_ds17,ga,200,24,11,17,467.0631383306117,160.5390359028912,132.75064227113018,3852.936861669388,38.85816230002092,107.33548210002482,4535.50245169562,200,28786.0,24,True,True,True,True,True,,,,,177,17,177000548,spatial_seed_177,8.4,8.333333333333334,4800,146.19364440004574,107.35087710001972,2.3353156916530584,28786.0,1,16
nn_n200_k24_h11_sp177_ds17,nn,200,24,11,17,493.7377806686912,159.4275924721379,131.10174480032464,3826.262219331309,38.85816230002092,3.0098915999988094,4260.021424643349,200,28786.0,24,True,True,True,True,True,,,,,177,17,177000548,spatial_seed_177,8.4,8.333333333333334,4800,41.86805390001973,3.0102494999882765,2.468688903343456,28786.0,1,16
proposed_n200_k24_h11_sp177_ds17,proposed,200,24,11,17,398.2182036452172,163.40757484811596,129.7876246905178,3921.781796354783,38.85816230002092,803.392441199976,5216.813293973907,200,28786.0,24,True,True,True,True,True,False,global_assignment_boundary_sova,64.0,False,177,17,177000548,spatial_seed_177,8.4,8.333333333333334,4800,842.2506034999969,804.5343760999967,1.991091018226086,28786.0,1,19
pso_n200_k24_h11_sp177_ds17,pso,200,24,11,17,485.4942844267712,159.77107148221788,128.17709033219825,3834.505715573229,38.85816230002092,90.91296139999758,4532.262468715179,200,28786.0,24,True,True,True,True,True,,,,,177,17,177000548,spatial_seed_177,8.4,8.333333333333334,4800,129.7711237000185,90.93896659999156,2.427471422133856,28786.0,1,16
aco_n200_k24_h11_sp187_ds7,aco,200,24,11,7,441.7627577640576,161.5932184264976,129.26331963112673,3878.237242235943,37.47975719999522,79.62972790002823,4797.61751861037,200,30588.0,24,True,True,True,True,True,,,,,187,7,187000568,spatial_seed_187,8.4,8.333333333333334,4800,117.10948510002343,79.6371114999638,2.208813788820288,30588.0,1,14
ga_n200_k24_h11_sp187_ds7,ga,200,24,11,7,473.9449214208896,160.25229494079628,135.77108992845007,3846.055078579111,37.47975719999522,106.79265789996134,4239.00225571932,200,30588.0,24,True,True,True,True,True,,,,,187,7,187000568,spatial_seed_187,8.4,8.333333333333334,4800,144.27241509995656,106.80778620002091,2.369724607104448,30588.0,1,15
nn_n200_k24_h11_sp187_ds7,nn,200,24,11,7,493.58162084373487,159.43409913151103,137.56785849932305,3826.418379156265,37.47975719999522,3.070155900029931,4157.990885093422,200,30588.0,24,True,True,True,True,True,,,,,187,7,187000568,spatial_seed_187,8.4,8.333333333333334,4800,40.54991310002515,3.070654100039974,2.467908104218674,30588.0,1,14
proposed_n200_k24_h11_sp187_ds7,proposed,200,24,11,7,426.2896053152487,162.23793311186463,135.88293330899316,3893.710394684752,37.47975719999522,323.4008467000094,4167.117378245624,200,30588.0,24,True,True,True,True,True,False,global_assignment_boundary_sova,64.0,False,187,7,187000568,spatial_seed_187,8.4,8.333333333333334,4800,360.88060390000464,323.7870901999995,2.131448026576243,30588.0,1,16
pso_n200_k24_h11_sp187_ds7,pso,200,24,11,7,485.4151361462776,159.77436932723842,141.55690231704932,3834.584863853722,37.47975719999522,91.13327540003228,4151.21612449022,200,30588.0,24,True,True,True,True,True,,,,,187,7,187000568,spatial_seed_187,8.4,8.333333333333334,4800,128.6130326000275,91.14688139996724,2.427075680731388,30588.0,1,14
aco_n200_k24_h11_sp187_ds17,aco,200,24,11,17,428.2747702634167,162.15521790569096,133.1522325397352,3891.725229736583,38.42626440001186,80.48472720000427,4636.926222507661,200,28786.0,24,True,True,True,True,True,,,,,187,17,187000578,spatial_seed_187,8.4,8.333333333333334,4800,118.91099160001612,80.49305569997523,2.141373851317084,28786.0,1,16
ga_n200_k24_h11_sp187_ds17,ga,200,24,11,17,473.6769091969206,160.26346211679498,131.63147049806415,3846.32309080308,38.42626440001186,167.57849179999903,4951.072998370674,200,28786.0,24,True,True,True,True,True,,,,,187,17,187000578,spatial_seed_187,8.4,8.333333333333334,4800,206.0047562000109,167.60949569998775,2.3683845459846027,28786.0,1,16
nn_n200_k24_h11_sp187_ds17,nn,200,24,11,17,505.0882204952293,158.95465747936544,140.25013289527735,3814.9117795047705,38.42626440001186,3.0348299000179395,4023.799742216269,200,28786.0,24,True,True,True,True,True,,,,,187,17,187000578,spatial_seed_187,8.4,8.333333333333334,4800,41.4610943000298,3.0353207000298426,2.5254411024761465,28786.0,1,17
proposed_n200_k24_h11_sp187_ds17,proposed,200,24,11,17,411.6486782543477,162.8479717394022,135.5686018106725,3908.351321745653,38.42626440001186,681.2024322000216,4334.996916997115,200,28786.0,24,True,True,True,True,True,False,global_assignment_boundary_sova,64.0,False,187,17,187000578,spatial_seed_187,8.4,8.333333333333334,4800,719.6286966000334,682.0477124999743,2.0582433912717386,28786.0,1,19
pso_n200_k24_h11_sp187_ds17,pso,200,24,11,17,492.68731366496496,159.47136193062644,140.77454562974427,3827.312686335035,38.42626440001186,93.95557660004124,4002.562000585746,200,28786.0,24,True,True,True,True,True,,,,,187,17,187000578,spatial_seed_187,8.4,8.333333333333334,4800,132.3818410000531,93.9708951000357,2.4634365683248247,28786.0,1,17
aco_n200_k24_h11_sp197_ds7,aco,200,24,11,7,434.01330303131726,161.9161123736951,141.66392133339136,3885.9866969686823,37.73331650003093,83.56280980003066,4015.952362656192,200,30588.0,24,True,True,True,True,True,,,,,197,7,197000598,spatial_seed_197,8.4,8.333333333333334,4800,121.2961263000616,83.57059329998447,2.170066515156586,30588.0,1,17
ga_n200_k24_h11_sp197_ds7,ga,200,24,11,7,478.8387068342408,160.04838721523996,139.90567182708102,3841.161293165759,37.73331650003093,132.22640679997858,3653.311685945898,200,30588.0,24,True,True,True,True,True,,,,,197,7,197000598,spatial_seed_197,8.4,8.333333333333334,4800,169.9597233000095,132.24598240002524,2.394193534171204,30588.0,1,14
nn_n200_k24_h11_sp197_ds7,nn,200,24,11,7,492.52323188491147,159.47819867146202,129.6628226557458,3827.476768115088,37.73331650003093,3.2411090999958105,4292.610317922832,200,30588.0,24,True,True,True,True,True,,,,,197,7,197000598,spatial_seed_197,8.4,8.333333333333334,4800,40.974425600026734,3.2414188999682665,2.462616159424557,30588.0,1,15
proposed_n200_k24_h11_sp197_ds7,proposed,200,24,11,7,421.5358334980703,162.4360069375804,140.6171151913195,3898.46416650193,37.73331650003093,490.095409600006,4394.520704495726,200,30588.0,24,True,True,True,True,True,False,global_assignment_boundary_sova,64.0,False,197,7,197000598,spatial_seed_197,8.4,8.333333333333334,4800,527.8287261000369,490.5675209000474,2.1076791674903514,30588.0,1,20
pso_n200_k24_h11_sp197_ds7,pso,200,24,11,7,485.48789256628527,159.77133780973813,137.86676123830864,3834.512107433715,37.73331650003093,87.75532230001409,3653.311685945898,200,30588.0,24,True,True,True,True,True,,,,,197,7,197000598,spatial_seed_197,8.4,8.333333333333334,4800,125.488638800045,87.76846769999247,2.427439462831426,30588.0,1,14
aco_n200_k24_h11_sp197_ds17,aco,200,24,11,17,438.6813264465441,161.72161139806067,142.00546512325894,3881.318673553456,39.09865289996378,75.7384599999641,3219.074047057176,200,28786.0,24,True,True,True,True,True,,,,,197,17,197000608,spatial_seed_197,8.4,8.333333333333334,4800,114.83711289992787,75.74457169999368,2.193406632232721,28786.0,1,15
ga_n200_k24_h11_sp197_ds17,ga,200,24,11,17,474.6958987768371,160.2210042176318,143.27131795022626,3845.304101223163,39.09865289996378,113.16843839996729,3560.409446786577,200,28786.0,24,True,True,True,True,True,,,,,197,17,197000608,spatial_seed_197,8.4,8.333333333333334,4800,152.26709129993105,113.1846002000384,2.3734794938841857,28786.0,1,17
nn_n200_k24_h11_sp197_ds17,nn,200,24,11,17,491.1555834438232,159.53518402317405,139.93677991954155,3828.844416556177,39.09865289996378,2.950490000017453,3624.078608127425,200,28786.0,24,True,True,True,True,True,,,,,197,17,197000608,spatial_seed_197,8.4,8.333333333333334,4800,42.049142899981234,2.951169699954334,2.455777917219116,28786.0,1,17
proposed_n200_k24_h11_sp197_ds17,proposed,200,24,11,17,423.9173204742544,162.33677831357272,140.13017530685448,3896.082679525745,39.09865289996378,542.6422713999636,4342.471587746672,200,28786.0,24,True,True,True,True,True,False,global_assignment_boundary_sova,64.0,False,197,17,197000608,spatial_seed_197,8.4,8.333333333333334,4800,581.7409242999274,543.525201099983,2.1195866023712724,28786.0,1,17
pso_n200_k24_h11_sp197_ds17,pso,200,24,11,17,479.26772017832985,160.03051165923625,143.9208679199573,3840.73227982167,39.09865289996378,92.1571358999936,3624.078608127425,200,28786.0,24,True,True,True,True,True,,,,,197,17,197000608,spatial_seed_197,8.4,8.333333333333334,4800,131.25578879995737,92.17108620004728,2.3963386008916494,28786.0,1,17
aco_n220_k26_h11_sp107_ds7,aco,220,26,11,7,483.1512796091176,161.4172584765724,133.1828344108814,4196.848720390883,40.577974000014365,96.07463300001108,4515.346429410455,220,33689.0,26,True,True,True,True,True,,,,,107,7,107000328,spatial_seed_107,8.4,8.461538461538462,5720,136.65260700002543,96.08278389996848,2.196142180041444,33689.0,1,15
ga_n220_k26_h11_sp107_ds7,ga,220,26,11,7,537.5651820273041,159.3244160758729,137.578930633257,4142.434817972696,40.577974000014365,130.49605070002144,4065.431799951626,220,33689.0,26,True,True,True,True,True,,,,,107,7,107000328,spatial_seed_107,8.4,8.461538461538462,5720,171.0740247000358,130.51357190002454,2.4434781001241097,33689.0,1,16
nn_n220_k26_h11_sp107_ds7,nn,220,26,11,7,559.7617466543243,158.47070205175677,137.578930633257,4120.238253345676,40.577974000014365,4.341389300010633,4065.431799951626,220,33689.0,26,True,True,True,True,True,,,,,107,7,107000328,spatial_seed_107,8.4,8.461538461538462,5720,44.919363300025,4.341910400020424,2.544371575701474,33689.0,1,17
proposed_n220_k26_h11_sp107_ds7,proposed,220,26,11,7,466.84892602168367,162.04427207608907,134.04304309963612,4213.151073978316,40.577974000014365,428.73498959996505,4670.436834449985,220,33689.0,26,True,True,True,True,True,False,global_assignment_boundary_sova,64.0,False,107,7,107000328,spatial_seed_107,8.4,8.461538461538462,5720,469.3129635999794,429.2180129000335,2.122040572825835,33689.0,1,16
pso_n220_k26_h11_sp107_ds7,pso,220,26,11,7,554.1920885338272,158.6849196717759,137.91897537978608,4125.807911466173,40.577974000014365,115.35620959999504,4184.992109773008,220,33689.0,26,True,True,True,True,True,,,,,107,7,107000328,spatial_seed_107,8.4,8.461538461538462,5720,155.93418360000942,115.37362129997928,2.519054947881033,33689.0,1,17
aco_n220_k26_h11_sp107_ds17,aco,220,26,11,17,471.8395789891489,161.85232388503272,126.62401823569132,4208.160421010851,43.4309831999708,98.10343449999344,5261.426321246523,220,31985.0,26,True,True,True,True,True,,,,,107,17,107000338,spatial_seed_107,8.4,8.461538461538462,5720,141.53441769996425,98.11029149999376,2.144725359041586,31985.0,1,15
ga_n220_k26_h11_sp107_ds17,ga,220,26,11,17,526.3043801544214,159.75752384021456,131.96276248050887,4153.695619845578,43.4309831999708,183.28944819996832,4061.208183838071,220,31985.0,26,True,True,True,True,True,,,,,107,17,107000338,spatial_seed_107,8.4,8.461538461538462,5720,226.72043139993912,183.31401580001693,2.392292637065552,31985.0,1,16
nn_n220_k26_h11_sp107_ds17,nn,220,26,11,17,543.5256256635977,159.09516824370775,127.39344289540998,4136.474374336402,43.4309831999708,3.7979642000282174,4683.462745664108,220,31985.0,26,True,True,True,True,True,,,,,107,17,107000338,spatial_seed_107,8.4,8.461538461538462,5720,47.228947399999015,3.798334899998736,2.470571025743626,31985.0,1,16
proposed_n220_k26_h11_sp107_ds17,proposed,220,26,11,17,468.4339693056892,161.98330887285812,136.96168107029868,4211.566030694311,43.4309831999708,725.7559091000003,4212.999546009202,220,31985.0,26,True,True,True,True,True,False,global_assignment_boundary_sova,64.0,False,107,17,107000338,spatial_seed_107,8.4,8.461538461538462,5720,769.1868922999711,726.7107450999902,2.12924531502586,31985.0,1,19
pso_n220_k26_h11_sp107_ds17,pso,220,26,11,17,538.6631387129177,159.2821869725801,127.39344289540998,4141.336861287083,43.4309831999708,116.2150325999828,4683.462745664108,220,31985.0,26,True,True,True,True,True,,,,,107,17,107000338,spatial_seed_107,8.4,8.461538461538462,5720,159.6460157999536,116.23340379999718,2.448468812331444,31985.0,1,16
aco_n220_k26_h11_sp117_ds7,aco,220,26,11,7,464.1296050502047,162.1488613442229,141.5693759158687,4215.870394949795,42.15807930001756,97.908189400041,3774.786368653135,220,33689.0,26,True,True,True,True,True,,,,,117,7,117000358,spatial_seed_117,8.4,8.461538461538462,5720,140.06626870005857,97.9164696999942,2.109680022955476,33689.0,1,14
ga_n220_k26_h11_sp117_ds7,ga,220,26,11,7,514.8583925290241,160.19775413349907,126.85810023768344,4165.141607470976,42.15807930001756,146.60974570002872,5120.039675574815,220,33689.0,26,True,True,True,True,True,,,,,117,7,117000358,spatial_seed_117,8.4,8.461538461538462,5720,188.7678250000463,146.6291248999769,2.340265420586473,33689.0,1,16
nn_n220_k26_h11_sp117_ds7,nn,220,26,11,7,558.8675849330788,158.50509288718928,124.4339559342598,4121.132415066922,42.15807930001756,3.940978099999484,4701.899085606605,220,33689.0,26,True,True,True,True,True,,,,,117,7,117000358,spatial_seed_117,8.4,8.461538461538462,5720,46.099057400017045,3.941458699991927,2.5403072042412678,33689.0,1,14
proposed_n220_k26_h11_sp117_ds7,proposed,220,26,11,7,462.0951913770499,162.22710802395963,138.17036596544264,4217.90480862295,42.15807930001756,496.55172340001445,4181.088621307122,220,33689.0,26,True,True,True,True,True,False,global_assignment_boundary_sova,64.0,False,117,7,117000358,spatial_seed_117,8.4,8.461538461538462,5720,538.709802700032,497.1431390999933,2.1004326880774995,33689.0,1,16
pso_n220_k26_h11_sp117_ds7,pso,220,26,11,7,551.6923486161147,158.7810635147648,124.66832796597988,4128.307651383885,42.15807930001756,108.1554538999917,4622.825489819002,220,33689.0,26,True,True,True,True,True,,,,,117,7,117000358,spatial_seed_117,8.4,8.461538461538462,5720,150.31353320000926,108.1699696999858,2.5076924937096123,33689.0,1,14
aco_n220_k26_h11_sp117_ds17,aco,220,26,11,17,463.551837124345,162.1710831875252,144.1056360490492,4216.448162875655,42.78861200000392,95.08926089998567,3606.855091292394,220,31985.0,26,True,True,True,True,True,,,,,117,17,117000368,spatial_seed_117,8.4,8.461538461538462,5720,137.8778728999896,95.0959341999842,2.107053805110659,31985.0,1,15
ga_n220_k26_h11_sp117_ds17,ga,220,26,11,17,517.1090986648366,160.1111885128909,130.45903279137482,4162.890901335163,42.78861200000392,177.56050760002108,4119.960794726444,220,31985.0,26,True,True,True,True,True,,,,,117,17,117000368,spatial_seed_117,8.4,8.461538461538462,5720,220.349119600025,177.586364399991,2.3504959030219843,31985.0,1,15
nn_n220_k26_h11_sp117_ds17,nn,220,26,11,17,549.0590978579063,158.8823423900805,130.4871004590138,4130.940902142093,42.78861200000392,4.098140999965835,4090.8278155721655,220,31985.0,26,True,True,True,True,True,,,,,117,17,117000368,spatial_seed_117,8.4,8.461538461538462,5720,46.88675299996976,4.09869010001421,2.495723172081392,31985.0,1,15
proposed_n220_k26_h11_sp117_ds17,proposed,220,26,11,17,469.8959214109388,161.9270799457331,143.94584160951666,4210.104078589061,42.78861200000392,646.8880237000412,3962.593710715436,220,31985.0,26,True,True,True,True,True,False,global_assignment_boundary_sova,64.0,False,117,17,117000368,spatial_seed_117,8.4,8.461538461538462,5720,689.6766357000452,647.8508129999973,2.135890551867904,31985.0,1,16
pso_n220_k26_h11_sp117_ds17,pso,220,26,11,17,536.7149069270021,159.35711896434609,131.0745861809445,4143.285093072998,42.78861200000392,120.060932100052,4358.84925609364,220,31985.0,26,True,True,True,True,True,,,,,117,17,117000368,spatial_seed_117,8.4,8.461538461538462,5720,162.84954410005594,120.07683309999992,2.439613213304555,31985.0,1,15
aco_n220_k26_h11_sp127_ds7,aco,220,26,11,7,469.13414233830514,161.9563791408344,130.53550246524406,4210.865857661695,41.26846950000618,96.37162859999808,4552.699402105623,220,33689.0,26,True,True,True,True,True,,,,,127,7,127000388,spatial_seed_127,8.4,8.461538461538462,5720,137.64009810000425,96.38212909997674,2.132427919719569,33689.0,1,16
ga_n220_k26_h11_sp127_ds7,ga,220,26,11,7,510.5389692110764,160.36388579957398,141.0621726513452,4169.461030788923,41.26846950000618,142.04930329998024,3701.6452869073055,220,33689.0,26,True,True,True,True,True,,,,,127,7,127000388,spatial_seed_127,8.4,8.461538461538462,5720,183.3177727999864,142.07560689997626,2.320631678232165,33689.0,1,14
nn_n220_k26_h11_sp127_ds7,nn,220,26,11,7,549.4692029702579,158.86656911652852,137.02660220617787,4130.530797029742,41.26846950000618,3.863579700002447,4104.802875084819,220,33689.0,26,True,True,True,True,True,,,,,127,7,127000388,spatial_seed_127,8.4,8.461538461538462,5720,45.13204920000862,3.8644054000033066,2.497587286228445,33689.0,1,15
proposed_n220_k26_h11_sp127_ds7,proposed,220,26,11,7,434.3710111437789,163.2934226483162,133.84559260364867,4245.628988856221,41.26846950000618,429.57372580002993,5982.205419554072,220,33689.0,26,True,True,True,True,True,False,global_assignment_boundary_sova,64.0,False,127,7,127000388,spatial_seed_127,8.4,8.461538461538462,5720,470.8421953000361,430.0954375999863,1.9744136870171765,33689.0,1,18
pso_n220_k26_h11_sp127_ds7,pso,220,26,11,7,533.6686943077748,159.47428098816252,137.01150212820093,4146.331305692225,41.26846950000618,118.47317750001092,4137.859413051716,220,33689.0,26,True,True,True,True,True,,,,,127,7,127000388,spatial_seed_127,8.4,8.461538461538462,5720,159.7416470000171,118.48965030000544,2.425766792308067,33689.0,1,15
aco_n220_k26_h11_sp127_ds17,aco,220,26,11,17,457.2476276403655,162.4135527830629,130.0017734981483,4222.752372359635,41.59322640002938,92.69190719997276,5646.910409943407,220,31985.0,26,True,True,True,True,True,,,,,127,17,127000398,spatial_seed_127,8.4,8.461538461538462,5720,134.28513360000215,92.70276620000368,2.0783983074562067,31985.0,1,16
ga_n220_k26_h11_sp127_ds17,ga,220,26,11,17,507.74521488058855,160.47133788920812,139.71596902366423,4172.254785119411,41.59322640002938,153.01945230003912,4024.479734614636,220,31985.0,26,True,True,True,True,True,,,,,127,17,127000398,spatial_seed_127,8.4,8.461538461538462,5720,194.6126787000685,153.04005000001052,2.3079327949117663,31985.0,1,15
nn_n220_k26_h11_sp127_ds17,nn,220,26,11,17,546.8549461700934,158.9671174549964,136.36489253655913,4133.145053829907,41.59322640002938,3.798671399999876,3795.708891711332,220,31985.0,26,True,True,True,True,True,,,,,127,17,127000398,spatial_seed_127,8.4,8.461538461538462,5720,45.391897800029255,3.799001400009729,2.485704300773152,31985.0,1,16
proposed_n220_k26_h11_sp127_ds17,proposed,220,26,11,17,446.4256688516735,162.82978196724332,129.89330975565096,4233.574331148327,41.59322640002938,337.91166060004616,5418.953204615235,220,31985.0,26,True,True,True,True,True,False,global_assignment_boundary_sova,64.0,False,127,17,127000398,spatial_seed_127,8.4,8.461538461538462,5720,379.50488700007554,338.3912867999752,2.029207585689425,31985.0,1,17
pso_n220_k26_h11_sp127_ds17,pso,220,26,11,17,531.5730120536574,159.5548841517824,142.7356890455294,4148.426987946343,41.59322640002938,117.68730170000345,3469.838678812267,220,31985.0,26,True,True,True,True,True,,,,,127,17,127000398,spatial_seed_127,8.4,8.461538461538462,5720,159.28052810003285,117.70466239994856,2.416240963880261,31985.0,1,16
aco_n220_k26_h11_sp137_ds7,aco,220,26,11,7,465.8766753865138,162.08166633128792,139.60033993648042,4214.123324613486,41.69873610005016,91.06673959997715,3962.5017807777167,220,33689.0,26,True,True,True,True,True,,,,,137,7,137000418,spatial_seed_137,8.4,8.461538461538462,5720,132.7654757000273,91.07497850002255,2.117621251756881,33689.0,1,15
ga_n220_k26_h11_sp137_ds7,ga,220,26,11,7,500.3209109450535,160.75688804057486,138.79785733545032,4179.679089054946,41.69873610005016,136.79171140003018,4423.479325766053,220,33689.0,26,True,True,True,True,True,,,,,137,7,137000418,spatial_seed_137,8.4,8.461538461538462,5720,178.49044750008034,136.82186929997988,2.274185958841152,33689.0,1,16
nn_n220_k26_h11_sp137_ds7,nn,220,26,11,7,521.5499714144945,159.94038571482713,141.6104421325418,4158.450028585506,41.69873610005016,3.773840799985919,3768.5973713677454,220,33689.0,26,True,True,True,True,True,,,,,137,7,137000418,spatial_seed_137,8.4,8.461538461538462,5720,45.47257690003608,3.7745426000328735,2.370681688247702,33689.0,1,14
proposed_n220_k26_h11_sp137_ds7,proposed,220,26,11,7,439.30694126901074,163.10357918196112,141.60239542680642,4240.693058730989,41.69873610005016,508.07368329999736,3997.802362071936,220,33689.0,26,True,True,True,True,True,False,global_assignment_boundary_sova,64.0,False,137,7,137000418,spatial_seed_137,8.4,8.461538461538462,5720,549.7724194000475,508.6453431000118,1.9968497330409576,33689.0,1,18
pso_n220_k26_h11_sp137_ds7,pso,220,26,11,7,514.5939577719018,160.20792470108069,142.37620012718247,4165.406042228098,41.69873610005016,110.2378630999592,3640.873814838103,220,33689.0,26,True,True,True,True,True,,,,,137,7,137000418,spatial_seed_137,8.4,8.461538461538462,5720,151.93659920000937,110.25412370002596,2.339063444417736,33689.0,1,14
aco_n220_k26_h11_sp137_ds17,aco,220,26,11,17,462.5674493423412,162.2089442560638,142.30530680295237,4217.432550657659,43.03060210001422,96.8188951999764,4253.102000997519,220,31985.0,26,True,True,True,True,True,,,,,137,17,137000428,spatial_seed_137,8.4,8.461538461538462,5720,139.84949729999062,96.82700589997694,2.10257931519246,31985.0,1,16
ga_n220_k26_h11_sp137_ds17,ga,220,26,11,17,494.69490809996734,160.97327276538587,137.13317346741627,4185.3050919000325,43.03060210001422,149.3257416000124,3979.436727128431,220,31985.0,26,True,True,True,True,True,,,,,137,17,137000428,spatial_seed_137,8.4,8.461538461538462,5720,192.35634370002663,149.34505650005303,2.248613218636215,31985.0,1,16
nn_n220_k26_h11_sp137_ds17,nn,220,26,11,17,521.1589610955749,159.95542457324711,140.00981810629915,4158.841038904425,43.03060210001422,3.903954799985513,3760.868372404716,220,31985.0,26,True,True,True,True,True,,,,,137,17,137000428,spatial_seed_137,8.4,8.461538461538462,5720,46.93455689999973,3.904447400011122,2.3689043686162496,31985.0,1,16
proposed_n220_k26_h11_sp137_ds17,proposed,220,26,11,17,436.6478939884569,163.2058502312132,141.03718240218942,4243.352106011543,43.03060210001422,449.73043160000816,4257.760789691485,220,31985.0,26,True,True,True,True,True,False,global_assignment_boundary_sova,64.0,False,137,17,137000428,spatial_seed_137,8.4,8.461538461538462,5720,492.7610337000224,450.2631841000402,1.984763154492986,31985.0,1,18
pso_n220_k26_h11_sp137_ds17,pso,220,26,11,17,511.87326130093305,160.31256687304102,136.31254857075305,4168.126738699067,43.03060210001422,113.40045079996344,3860.9301926957305,220,31985.0,26,True,True,True,True,True,,,,,137,17,137000428,spatial_seed_137,8.4,8.461538461538462,5720,156.43105289997766,113.41648970003008,2.3266966422769686,31985.0,1,16
aco_n220_k26_h11_sp147_ds7,aco,220,26,11,7,469.9928184246891,161.92335313751195,143.67698771196297,4210.007181575311,40.66504870000063,96.52705170004629,3872.083907499925,220,33689.0,26,True,True,True,True,True,,,,,147,7,147000448,spatial_seed_147,8.4,8.461538461538462,5720,137.1921004000469,96.536184400029,2.136330992839496,33689.0,1,16
ga_n220_k26_h11_sp147_ds7,ga,220,26,11,7,521.244053169694,159.95215180116563,127.30320714580115,4158.755946830306,40.66504870000063,143.57809590001125,4171.730844700233,220,33689.0,26,True,True,True,True,True,,,,,147,7,147000448,spatial_seed_147,8.4,8.461538461538462,5720,184.24314460001187,143.59746370004723,2.3692911507713363,33689.0,1,17
nn_n220_k26_h11_sp147_ds7,nn,220,26,11,7,552.8313157278466,158.73725708739053,140.10821451452205,4127.168684272154,40.66504870000063,3.82143690000521,3555.896996807483,220,33689.0,26,True,True,True,True,True,,,,,147,7,147000448,spatial_seed_147,8.4,8.461538461538462,5720,44.48648560000584,3.8216623999760486,2.5128696169447573,33689.0,1,17
proposed_n220_k26_h11_sp147_ds7,proposed,220,26,11,7,453.4925157012311,162.55798016533726,136.44708972995278,4226.507484298769,40.66504870000063,476.6050277000177,5398.791725575995,220,33689.0,26,True,True,True,True,True,False,global_assignment_boundary_sova,64.0,False,147,7,147000448,spatial_seed_147,8.4,8.461538461538462,5720,517.2700764000183,477.14521389995934,2.0613296168237776,33689.0,1,19
pso_n220_k26_h11_sp147_ds7,pso,220,26,11,7,543.6788794789305,159.08927386619496,140.10821451452205,4136.321120521069,40.66504870000063,113.55886550003196,3468.8079241047217,220,33689.0,26,True,True,True,True,True,,,,,147,7,147000448,spatial_seed_147,8.4,8.461538461538462,5720,154.2239142000326,113.57512589998078,2.4712676339951387,33689.0,1,17
aco_n220_k26_h11_sp147_ds17,aco,220,26,11,17,468.41332346425634,161.98410294368244,137.61574140496174,4211.586676535743,42.84290470002452,97.37126470002111,4033.7248258167433,220,31985.0,26,True,True,True,True,True,,,,,147,17,147000458,spatial_seed_147,8.4,8.461538461538462,5720,140.21416940004565,97.38041499996324,2.1291514702920744,31985.0,1,17
ga_n220_k26_h11_sp147_ds17,ga,220,26,11,17,515.1801287349139,160.1853796640418,141.41674682177992,4164.819871265087,42.84290470002452,160.19261480000569,3557.638397714324,220,31985.0,26,True,True,True,True,True,,,,,147,17,147000458,spatial_seed_147,8.4,8.461538461538462,5720,203.0355195000302,160.21361179999076,2.341727857885972,31985.0,1,16
nn_n220_k26_h11_sp147_ds17,nn,220,26,11,17,561.143693725391,158.4175502413311,136.94119922697635,4118.856306274609,42.84290470002452,3.9144125999882817,3704.292282406544,220,31985.0,26,True,True,True,True,True,,,,,147,17,147000458,spatial_seed_147,8.4,8.461538461538462,5720,46.7573173000128,3.914893200038932,2.550653153297232,31985.0,1,16
proposed_n220_k26_h11_sp147_ds17,proposed,220,26,11,17,448.4991690487672,162.7500319596628,138.31521010973455,4231.500830951233,42.84290470002452,626.7454134,4504.544924583951,220,31985.0,26,True,True,True,True,True,False,global_assignment_boundary_sova,64.0,False,147,17,147000458,spatial_seed_147,8.4,8.461538461538462,5720,669.5883181000245,627.6238808999769,2.038632586585305,31985.0,1,16
pso_n220_k26_h11_sp147_ds17,pso,220,26,11,17,553.51655206994,158.71090184346383,137.0324028721572,4126.48344793006,42.84290470002452,120.85456280002836,3704.292282406544,220,31985.0,26,True,True,True,True,True,,,,,147,17,147000458,spatial_seed_147,8.4,8.461538461538462,5720,163.69746750005288,120.87057570001345,2.5159843275906364,31985.0,1,16
aco_n220_k26_h11_sp157_ds7,aco,220,26,11,7,468.3066084878768,161.9882073658509,142.85458465802088,4211.693391512124,42.51967859995784,92.33121590001974,3725.9198987911,220,33689.0,26,True,True,True,True,True,,,,,157,7,157000478,spatial_seed_157,8.4,8.461538461538462,5720,134.85089449997758,92.33885830000509,2.128666402217622,33689.0,1,14
ga_n220_k26_h11_sp157_ds7,ga,220,26,11,7,527.9073882993317,159.69586968079494,136.59411588857157,4152.092611700668,42.51967859995784,146.65746099996613,4253.200540203576,220,33689.0,26,True,True,True,True,True,,,,,157,7,157000478,spatial_seed_157,8.4,8.461538461538462,5720,189.177139599924,146.6868462000275,2.399579037724235,33689.0,1,15
nn_n220_k26_h11_sp157_ds7,nn,220,26,11,7,555.217898181672,158.64546545455107,135.3286016824189,4124.782101818328,42.51967859995784,3.793169200012926,4342.995477393289,220,33689.0,26,True,True,True,True,True,,,,,157,7,157000478,spatial_seed_157,8.4,8.461538461538462,5720,46.31284779997077,3.7940842999960296,2.5237177190076,33689.0,1,15
proposed_n220_k26_h11_sp157_ds7,proposed,220,26,11,7,442.855782797437,162.96708527702165,140.8079229619113,4237.144217202563,42.51967859995784,327.2953501000302,4209.224648150485,220,33689.0,26,True,True,True,True,True,False,global_assignment_boundary_sova,64.0,False,157,7,157000478,spatial_seed_157,8.4,8.461538461538462,5720,369.815028699988,327.6631162000121,2.012980830897441,33689.0,1,14
pso_n220_k26_h11_sp157_ds7,pso,220,26,11,7,535.0861865060587,159.41976205745928,135.81841269958332,4144.913813493941,42.51967859995784,116.76678909995826,5215.489484258544,220,33689.0,26,True,True,True,True,True,,,,,157,7,157000478,spatial_seed_157,8.4,8.461538461538462,5720,159.2864676999161,116.78501520003192,2.432209938663903,33689.0,1,15
aco_n220_k26_h11_sp157_ds17,aco,220,26,11,17,465.8162134255305,162.08399179132573,142.15715990097434,4214.183786574469,43.035037499968894,98.22069360001478,4144.199407178514,220,31985.0,26,True,True,True,True,True,,,,,157,17,157000488,spatial_seed_157,8.4,8.461538461538462,5720,141.25573109998368,98.22809659998164,2.1173464246615024,31985.0,1,16
ga_n220_k26_h11_sp157_ds17,ga,220,26,11,17,510.0840239065944,160.3813836959002,142.1094506775733,4169.915976093405,43.035037499968894,132.5327303999802,4150.587830044123,220,31985.0,26,True,True,True,True,True,,,,,157,17,157000488,spatial_seed_157,8.4,8.461538461538462,5720,175.5677678999491,132.5499769000453,2.3185637450299748,31985.0,1,16
nn_n220_k26_h11_sp157_ds17,nn,220,26,11,17,530.0271664802075,159.61433975076125,134.22811709922922,4149.972833519792,43.035037499968894,3.752995699993335,4305.7897969748765,220,31985.0,26,True,True,True,True,True,,,,,157,17,157000488,spatial_seed_157,8.4,8.461538461538462,5720,46.78803319996223,3.753739500010852,2.4092143930918524,31985.0,1,16
proposed_n220_k26_h11_sp157_ds17,proposed,220,26,11,17,447.393197080552,162.7925693430557,140.70375900572742,4232.6068029194485,43.035037499968894,451.7694105000119,4624.173496824955,220,31985.0,26,True,True,True,True,True,False,global_assignment_boundary_sova,64.0,False,157,17,157000488,spatial_seed_157,8.4,8.461538461538462,5720,494.8044479999808,452.367700200004,2.033605441275236,31985.0,1,17
pso_n220_k26_h11_sp157_ds17,pso,220,26,11,17,523.0500869336537,159.88268896409025,138.56217178893047,4156.949913066346,43.035037499968894,119.93033270002344,4382.409686434189,220,31985.0,26,True,True,True,True,True,,,,,157,17,157000488,spatial_seed_157,8.4,8.461538461538462,5720,162.96537019999232,119.95042920002015,2.377500395152971,31985.0,1,16
aco_n220_k26_h11_sp167_ds7,aco,220,26,11,7,464.094706860946,162.15020358227133,130.3806294556492,4215.905293139054,42.1774816000252,96.37450749997517,4015.283078416706,220,33689.0,26,True,True,True,True,True,,,,,167,7,167000508,spatial_seed_167,8.4,8.461538461538462,5720,138.55198910000036,96.3833296999801,2.109521394822482,33689.0,1,18
ga_n220_k26_h11_sp167_ds7,ga,220,26,11,7,518.654323486521,160.05175678897996,131.25873806208938,4161.345676513479,42.1774816000252,139.45115519996034,4835.151289073983,220,33689.0,26,True,True,True,True,True,,,,,167,7,167000508,spatial_seed_167,8.4,8.461538461538462,5720,181.62863679998557,139.46974450000562,2.357519652211459,33689.0,1,15
nn_n220_k26_h11_sp167_ds7,nn,220,26,11,7,537.572201214015,159.32414610715327,131.1335592158606,4142.427798785985,42.1774816000252,3.787542100006249,4116.170311879163,220,33689.0,26,True,True,True,True,True,,,,,167,7,167000508,spatial_seed_167,8.4,8.461538461538462,5720,45.96502370003145,3.78836250002496,2.4435100055182497,33689.0,1,15
proposed_n220_k26_h11_sp167_ds7,proposed,220,26,11,7,446.8803718459261,162.81229339054133,136.87438407466968,4233.119628154074,42.1774816000252,417.632883400016,3970.446012731372,220,33689.0,26,True,True,True,True,True,False,global_assignment_boundary_sova,64.0,False,167,7,167000508,spatial_seed_167,8.4,8.461538461538462,5720,459.8103650000412,418.0354391000001,2.031274417481482,33689.0,1,18
pso_n220_k26_h11_sp167_ds7,pso,220,26,11,7,532.1450347774489,159.53288327779043,133.4904588281291,4147.854965222551,42.1774816000252,114.07017210003688,4116.170311879163,220,33689.0,26,True,True,True,True,True,,,,,167,7,167000508,spatial_seed_167,8.4,8.461538461538462,5720,156.24765370006207,114.09505979996176,2.4188410671702223,33689.0,1,15
aco_n220_k26_h11_sp167_ds17,aco,220,26,11,17,460.76008108243497,162.27845841990634,130.4490983221324,4219.239918917565,41.9493727000081,90.10078549996253,3718.284094705552,220,31985.0,26,True,True,True,True,True,,,,,167,17,167000518,spatial_seed_167,8.4,8.461538461538462,5720,132.0501581999706,90.10587249998936,2.094364004920159,31985.0,1,15
ga_n220_k26_h11_sp167_ds17,ga,220,26,11,17,495.5204980648069,160.94151930519973,136.4158630557179,4184.479501935193,41.9493727000081,135.4061980000115,3623.320393902215,220,31985.0,26,True,True,True,True,True,,,,,167,17,167000518,spatial_seed_167,8.4,8.461538461538462,5720,177.3555707000196,135.42877140000928,2.252365900294577,31985.0,1,16
nn_n220_k26_h11_sp167_ds17,nn,220,26,11,17,516.2839153601544,160.14292633230176,124.12178421392602,4163.716084639846,41.9493727000081,3.843068099988159,3928.1005813696697,220,31985.0,26,True,True,True,True,True,,,,,167,17,167000518,spatial_seed_167,8.4,8.461538461538462,5720,45.79244079999626,3.843882599961944,2.346745069818884,31985.0,1,16
proposed_n220_k26_h11_sp167_ds17,proposed,220,26,11,17,444.8381485743236,162.89084043944908,139.42523520143715,4235.161851425676,41.9493727000081,635.5474571000086,4363.462954779769,220,31985.0,26,True,True,True,True,True,False,global_assignment_boundary_sova,64.0,False,167,17,167000518,spatial_seed_167,8.4,8.461538461538462,5720,677.4968298000167,636.477851899981,2.0219915844287435,31985.0,1,18
pso_n220_k26_h11_sp167_ds17,pso,220,26,11,17,508.02327238842855,160.46064336967584,132.52657340882922,4171.976727611572,41.9493727000081,110.93904610001482,3631.87588589764,220,31985.0,26,True,True,True,True,True,,,,,167,17,167000518,spatial_seed_167,8.4,8.461538461538462,5720,152.88841880002292,110.95475099998292,2.3091966926746754,31985.0,1,16
aco_n220_k26_h11_sp177_ds7,aco,220,26,11,7,467.5250382052621,162.0182677613361,138.08254182313323,4212.474961794738,40.94364620000124,98.21897490002448,3865.378676936756,220,33689.0,26,True,True,True,True,True,,,,,177,7,177000538,spatial_seed_177,8.4,8.461538461538462,5720,139.16262110002572,98.232148399984,2.1251138100239184,33689.0,1,14
ga_n220_k26_h11_sp177_ds7,ga,220,26,11,7,522.095404210361,159.91940753037073,141.31818119628406,4157.904595789639,40.94364620000124,145.0819238999975,4104.695863380358,220,33689.0,26,True,True,True,True,True,,,,,177,7,177000538,spatial_seed_177,8.4,8.461538461538462,5720,186.02557009999876,145.11019109998597,2.3731609282289137,33689.0,1,15
nn_n220_k26_h11_sp177_ds7,nn,220,26,11,7,545.7815664221549,159.00840129145556,138.72099015765792,4134.218433577845,40.94364620000124,3.7209607000113465,4644.968797487689,220,33689.0,26,True,True,True,True,True,,,,,177,7,177000538,spatial_seed_177,8.4,8.461538461538462,5720,44.664606900012586,3.721448700001929,2.480825301918886,33689.0,1,15
proposed_n220_k26_h11_sp177_ds7,proposed,220,26,11,7,451.9392272092828,162.6177220304122,138.70630195817083,4228.060772790717,40.94364620000124,324.9260339999455,3659.854411417569,220,33689.0,26,True,True,True,True,True,False,global_assignment_boundary_sova,64.0,False,177,7,177000538,spatial_seed_177,8.4,8.461538461538462,5720,365.86968019994674,325.3036039000144,2.054269214587649,33689.0,1,16
pso_n220_k26_h11_sp177_ds7,pso,220,26,11,7,536.3443260023715,159.37137207683188,139.0361621466152,4143.655673997629,40.94364620000124,115.307696999982,4337.944464140866,220,33689.0,26,True,True,True,True,True,,,,,177,7,177000538,spatial_seed_177,8.4,8.461538461538462,5720,156.25134319998324,115.32352570001969,2.4379287545562343,33689.0,1,15
aco_n220_k26_h11_sp177_ds17,aco,220,26,11,17,462.8470931422655,162.19818872529748,124.4088724074702,4217.152906857735,43.01962730003288,94.75195200002054,5337.158129696404,220,31985.0,26,True,True,True,True,True,,,,,177,17,177000548,spatial_seed_177,8.4,8.461538461538462,5720,137.77157930005342,94.75984059995972,2.103850423373934,31985.0,1,15
ga_n220_k26_h11_sp177_ds17,ga,220,26,11,17,511.6850099408741,160.3198073099664,123.10641667895136,4168.314990059126,43.01962730003288,132.20921959995758,5298.127567198893,220,31985.0,26,True,True,True,True,True,,,,,177,17,177000548,spatial_seed_177,8.4,8.461538461538462,5720,175.22884689999046,132.22659490001388,2.3258409542767007,31985.0,1,16
nn_n220_k26_h11_sp177_ds17,nn,220,26,11,17,531.8153658372485,159.54556285241352,133.707731590769,4148.184634162752,43.01962730003288,3.818344600033015,4163.759213550555,220,31985.0,26,True,True,True,True,True,,,,,177,17,177000548,spatial_seed_177,8.4,8.461538461538462,5720,46.837971900065895,3.8189191999845207,2.417342571987493,31985.0,1,16
proposed_n220_k26_h11_sp177_ds17,proposed,220,26,11,17,454.3954370391381,162.5232524215716,136.00380941084123,4225.604562960862,43.01962730003288,754.6481671999791,4588.314790766054,220,31985.0,26,True,True,True,True,True,False,global_assignment_boundary_sova,64.0,False,177,17,177000548,spatial_seed_177,8.4,8.461538461538462,5720,797.667794500012,755.6586466999725,2.0654338047233547,31985.0,1,16
pso_n220_k26_h11_sp177_ds17,pso,220,26,11,17,519.313480655458,160.02640459017468,136.61275138602858,4160.686519344542,43.01962730003288,119.10646060004365,4458.545289334082,220,31985.0,26,True,True,True,True,True,,,,,177,17,177000548,spatial_seed_177,8.4,8.461538461538462,5720,162.12608790007653,119.12244199996348,2.3605158211611728,31985.0,1,16
aco_n220_k26_h11_sp187_ds7,aco,220,26,11,7,481.2519302611428,161.49031037457144,130.3535831751821,4198.748069738857,41.86162139999215,91.72727909998504,4554.726005580249,220,33689.0,26,True,True,True,True,True,,,,,187,7,187000568,spatial_seed_187,8.4,8.461538461538462,5720,133.58890049997717,91.73481310001809,2.1875087739142858,33689.0,1,14
ga_n220_k26_h11_sp187_ds7,ga,220,26,11,7,523.8252798002607,159.85287385383614,139.9637733061479,4156.17472019974,41.86162139999215,137.5124506999855,3998.1365260401176,220,33689.0,26,True,True,True,True,True,,,,,187,7,187000568,spatial_seed_187,8.4,8.461538461538462,5720,179.37407209997764,137.53079469996737,2.381023999092094,33689.0,1,14
nn_n220_k26_h11_sp187_ds7,nn,220,26,11,7,548.0846763185086,158.91982014159584,137.8368470622016,4131.915323681492,41.86162139999215,3.794580799993128,4038.82225174948,220,33689.0,26,True,True,True,True,True,,,,,187,7,187000568,spatial_seed_187,8.4,8.461538461538462,5720,45.65620219998527,3.794874000013806,2.4912939832659484,33689.0,1,14
proposed_n220_k26_h11_sp187_ds7,proposed,220,26,11,7,464.3417282564018,162.14070275936916,132.72582877668398,4215.658271743599,41.86162139999215,272.7091348000104,4995.751874455946,220,33689.0,26,True,True,True,True,True,False,global_assignment_boundary_sova,64.0,False,187,7,187000568,spatial_seed_187,8.4,8.461538461538462,5720,314.5707562000025,272.98916800000006,2.110644219347281,33689.0,1,16
pso_n220_k26_h11_sp187_ds7,pso,220,26,11,7,537.4320132203876,159.32953795306202,139.97440866269432,4142.5679867796125,41.86162139999215,111.83993220003322,3883.009569156068,220,33689.0,26,True,True,True,True,True,,,,,187,7,187000568,spatial_seed_187,8.4,8.461538461538462,5720,153.70155360002536,111.85691079997925,2.442872787365398,33689.0,1,14
aco_n220_k26_h11_sp187_ds17,aco,220,26,11,17,471.2441757034761,161.87522401140478,131.70654160875426,4208.755824296524,43.23971029999666,98.21996700001182,4725.271682303924,220,31985.0,26,True,True,True,True,True,,,,,187,17,187000578,spatial_seed_187,8.4,8.461538461538462,5720,141.45967730000848,98.2316272999742,2.142018980470346,31985.0,1,16
ga_n220_k26_h11_sp187_ds17,ga,220,26,11,17,503.4962823299121,160.63475837192647,128.71993512789766,4176.503717670088,43.23971029999666,135.20722129999194,4985.950492169828,220,31985.0,26,True,True,True,True,True,,,,,187,17,187000578,spatial_seed_187,8.4,8.461538461538462,5720,178.4469315999886,135.22522080002818,2.288619465135964,31985.0,1,15
nn_n220_k26_h11_sp187_ds17,nn,220,26,11,17,527.8212951185656,159.69918095697827,129.17436346936597,4152.178704881435,43.23971029999666,3.848084099998232,4152.134981650391,220,31985.0,26,True,True,True,True,True,,,,,187,17,187000578,spatial_seed_187,8.4,8.461538461538462,5720,47.08779439999489,3.8484466000227258,2.399187705084389,31985.0,1,16
proposed_n220_k26_h11_sp187_ds17,proposed,220,26,11,17,451.23845797253534,162.644674693364,138.25898775184407,4228.761542027464,43.23971029999666,466.2683246000088,4216.89180023849,220,31985.0,26,True,True,True,True,True,False,global_assignment_boundary_sova,64.0,False,187,17,187000578,spatial_seed_187,8.4,8.461538461538462,5720,509.50803490000544,466.7795509999851,2.051083899875161,31985.0,1,19
pso_n220_k26_h11_sp187_ds17,pso,220,26,11,17,519.5997043951876,160.01539598480048,129.17436346936597,4160.4002956048125,43.23971029999666,115.47384480002802,4152.134981650391,220,31985.0,26,True,True,True,True,True,,,,,187,17,187000578,spatial_seed_187,8.4,8.461538461538462,5720,158.71355510002468,115.4896855999832,2.361816838159944,31985.0,1,16
aco_n220_k26_h11_sp197_ds7,aco,220,26,11,7,458.5272442895462,162.3643367580944,137.79211812887527,4221.472755710454,40.36876260000281,88.62780849996489,4023.481925471296,220,33689.0,26,True,True,True,True,True,,,,,197,7,197000598,spatial_seed_197,8.4,8.461538461538462,5720,128.9965710999677,88.63737750001019,2.0842147467706647,33689.0,1,18
ga_n220_k26_h11_sp197_ds7,ga,220,26,11,7,498.6054256440818,160.8228682444584,131.8812993979152,4181.394574355918,40.36876260000281,133.14769220002927,4253.473517418395,220,33689.0,26,True,True,True,True,True,,,,,197,7,197000598,spatial_seed_197,8.4,8.461538461538462,5720,173.51645480003208,133.16692950000288,2.26638829838219,33689.0,1,15
nn_n220_k26_h11_sp197_ds7,nn,220,26,11,7,544.0027024752959,159.07681913556553,131.0252265731743,4135.997297524704,40.36876260000281,3.778827000001911,4013.7070320571543,220,33689.0,26,True,True,True,True,True,,,,,197,7,197000598,spatial_seed_197,8.4,8.461538461538462,5720,44.14758960000472,3.779229299980216,2.4727395567058905,33689.0,1,15
proposed_n220_k26_h11_sp197_ds7,proposed,220,26,11,7,439.1367422813073,163.1101252968728,140.38595338488022,4240.863257718693,40.36876260000281,1252.2131907999865,4341.119422504166,220,33689.0,26,True,True,True,True,True,False,global_assignment_boundary_sova,64.0,False,197,7,197000598,spatial_seed_197,8.4,8.461538461538462,5720,1292.5819533999893,1252.8883315999992,1.9960761012786692,33689.0,1,19
pso_n220_k26_h11_sp197_ds7,pso,220,26,11,7,536.2172303177758,159.37626037239323,137.00196527683318,4143.782769682224,40.36876260000281,108.39719839999452,3430.33217979029,220,33689.0,26,True,True,True,True,True,,,,,197,7,197000598,spatial_seed_197,8.4,8.461538461538462,5720,148.76596099999733,108.4172655000002,2.437351046898981,33689.0,1,15
aco_n220_k26_h11_sp197_ds17,aco,220,26,11,17,459.1527873571837,162.34027740933908,145.5187318553276,4220.847212642816,41.51060799998231,95.19218539999564,3113.292460323487,220,31985.0,26,True,True,True,True,True,,,,,197,17,197000608,spatial_seed_197,8.4,8.461538461538462,5720,136.70279339997796,95.2001786000328,2.0870581243508357,31985.0,1,15
ga_n220_k26_h11_sp197_ds17,ga,220,26,11,17,506.7674144029968,160.50894559988473,133.60792309105847,4173.232585597003,41.51060799998231,153.20592229999602,4918.921333119297,220,31985.0,26,True,True,True,True,True,,,,,197,17,197000608,spatial_seed_197,8.4,8.461538461538462,5720,194.71653029997836,153.2263704999932,2.303488247286349,31985.0,1,16
nn_n220_k26_h11_sp197_ds17,nn,220,26,11,17,522.9492549179442,159.88656711854065,138.0054295602573,4157.050745082056,41.51060799998231,4.326635900011752,4153.886777853751,220,31985.0,26,True,True,True,True,True,,,,,197,17,197000608,spatial_seed_197,8.4,8.461538461538462,5720,45.837243899994064,4.326981700025499,2.377042067808837,31985.0,1,15
proposed_n220_k26_h11_sp197_ds17,proposed,220,26,11,17,436.16494685780185,163.2244251208538,141.80235188266104,4243.835053142198,41.51060799998231,330.16995870001847,3545.0599962940805,220,31985.0,26,True,True,True,True,True,False,global_assignment_boundary_sova,64.0,False,197,17,197000608,spatial_seed_197,8.4,8.461538461538462,5720,371.6805667000008,330.53694879997056,1.982567940262736,31985.0,1,18
pso_n220_k26_h11_sp197_ds17,pso,220,26,11,17,514.3784278306438,160.216214314206,138.94725433799238,4165.621572169356,41.51060799998231,113.51387570000952,4326.339560762885,220,31985.0,26,True,True,True,True,True,,,,,197,17,197000608,spatial_seed_197,8.4,8.461538461538462,5720,155.02448369999183,113.52982869994594,2.3380837628665625,31985.0,1,15
aco_n240_k29_h11_sp107_ds7,aco,240,29,11,7,510.3365769612376,162.40218700133664,136.32304631709005,4709.663423038763,46.62446039996576,110.19095079996625,3603.829804724008,240,37169.0,29,True,True,True,True,True,,,,,107,7,107000328,spatial_seed_107,8.4,8.275862068965518,6960,156.815411199932,110.20006400003332,2.126402404005157,37169.0,1,14
ga_n240_k29_h11_sp107_ds7,ga,240,29,11,7,571.6550419841647,160.28775717295983,133.38511120159757,4648.344958015835,46.62446039996576,188.0221204999252,4399.637910739929,240,37169.0,29,True,True,True,True,True,,,,,107,7,107000328,spatial_seed_107,8.4,8.275862068965518,6960,234.64658089989095,188.04346100002292,2.381896008267353,37169.0,1,15
nn_n240_k29_h11_sp107_ds7,nn,240,29,11,7,592.7590720025862,159.56003199991082,130.17249982365774,4627.240927997414,46.62446039996576,4.963696599996183,4574.473655630131,240,37169.0,29,True,True,True,True,True,,,,,107,7,107000328,spatial_seed_107,8.4,8.275862068965518,6960,51.58815699996194,4.964183999982197,2.4698294666774427,37169.0,1,15
proposed_n240_k29_h11_sp107_ds7,proposed,240,29,11,7,497.9345250742383,162.8298439629573,138.08099137222555,4722.065474925762,46.62446039996576,855.4891766999499,4443.0484649684095,240,37169.0,29,True,True,True,True,True,False,global_assignment_boundary_sova,64.0,False,107,7,107000328,spatial_seed_107,8.4,8.275862068965518,6960,902.1136370999156,856.5072698000004,2.074727187809326,37169.0,1,18
pso_n240_k29_h11_sp107_ds7,pso,240,29,11,7,590.1394712469992,159.6503630604483,129.44007615450442,4629.860528753001,46.62446039996576,138.8745769999805,4574.473655630131,240,37169.0,29,True,True,True,True,True,,,,,107,7,107000328,spatial_seed_107,8.4,8.275862068965518,6960,185.49903739994625,138.89163500000723,2.458914463529163,37169.0,1,15
aco_n240_k29_h11_sp107_ds17,aco,240,29,11,17,497.5419095647849,162.8433824288005,134.38612242924444,4722.458090435215,45.95070819999091,112.22369560005608,4860.380320967681,240,34596.0,29,True,True,True,True,True,,,,,107,17,107000338,spatial_seed_107,8.4,8.275862068965518,6960,158.174403800047,112.234679300047,2.0730912898532705,34596.0,1,17
ga_n240_k29_h11_sp107_ds17,ga,240,29,11,17,562.9518424758049,160.5878675008343,129.5776211303853,4657.048157524195,45.95070819999091,195.98287780000828,4488.432213282797,240,34596.0,29,True,True,True,True,True,,,,,107,17,107000338,spatial_seed_107,8.4,8.275862068965518,6960,241.9335859999992,196.01600099995267,2.3456326769825204,34596.0,1,16
nn_n240_k29_h11_sp107_ds17,nn,240,29,11,17,576.5145683369506,160.12018729872585,139.78232060459925,4643.48543166305,45.95070819999091,5.027102000021841,4248.480365676263,240,34596.0,29,True,True,True,True,True,,,,,107,17,107000338,spatial_seed_107,8.4,8.275862068965518,6960,50.97781020001276,5.027850000013132,2.402144034737294,34596.0,1,16
proposed_n240_k29_h11_sp107_ds17,proposed,240,29,11,17,476.5490957716556,163.56727255959808,125.81386820528787,4743.450904228344,45.95070819999091,850.3621790999896,5660.293579325907,240,34596.0,29,True,True,True,True,True,False,global_assignment_boundary_sova,64.0,False,107,17,107000338,spatial_seed_107,8.4,8.275862068965518,6960,896.3128872999805,851.3488236999838,1.9856212323818985,34596.0,1,19
pso_n240_k29_h11_sp107_ds17,pso,240,29,11,17,569.7533934531787,160.35333126023522,140.0324920240153,4650.246606546822,45.95070819999091,140.8576278999681,4232.334919818377,240,34596.0,29,True,True,True,True,True,,,,,107,17,107000338,spatial_seed_107,8.4,8.275862068965518,6960,186.80833609995895,140.8834244000027,2.3739724727215776,34596.0,1,16
aco_n240_k29_h11_sp117_ds7,aco,240,29,11,7,494.6572827559767,162.94285231875944,142.0114317306398,4725.342717244023,45.93602220003959,109.77701810002328,4141.925226346882,240,37169.0,29,True,True,True,True,True,,,,,117,7,117000358,spatial_seed_117,8.4,8.275862068965518,6960,155.71304030006286,109.7844669999322,2.0610720114832364,37169.0,1,16
ga_n240_k29_h11_sp117_ds7,ga,240,29,11,7,561.8524306160336,160.62577825461955,142.5179930666119,4658.147569383967,45.93602220003959,175.31038649997208,3899.419771364487,240,37169.0,29,True,True,True,True,True,,,,,117,7,117000358,spatial_seed_117,8.4,8.275862068965518,6960,221.24640870001167,175.3324961999897,2.341051794233473,37169.0,1,15
nn_n240_k29_h11_sp117_ds7,nn,240,29,11,7,584.4146563138754,159.84777047193532,140.7282693344834,4635.585343686124,45.93602220003959,5.062780200038105,3943.865412640476,240,37169.0,29,True,True,True,True,True,,,,,117,7,117000358,spatial_seed_117,8.4,8.275862068965518,6960,50.99880240007769,5.063158300006762,2.435061067974481,37169.0,1,15
proposed_n240_k29_h11_sp117_ds7,proposed,240,29,11,7,492.1229197029951,163.0302441481726,140.87608893730965,4727.877080297005,45.93602220003959,613.3530506000388,3879.7255654360233,240,37169.0,29,True,True,True,True,True,False,global_assignment_boundary_sova,64.0,False,117,7,117000358,spatial_seed_117,8.4,8.275862068965518,6960,659.2890728000784,613.9721747000003,2.0505121654291463,37169.0,1,16
pso_n240_k29_h11_sp117_ds7,pso,240,29,11,7,575.1756745654318,160.16635604946785,142.50866965980876,4644.824325434568,45.93602220003959,140.08331060002092,3836.2550317303735,240,37169.0,29,True,True,True,True,True,,,,,117,7,117000358,spatial_seed_117,8.4,8.275862068965518,6960,186.0193328000605,140.1002155999886,2.396565310689299,37169.0,1,15
aco_n240_k29_h11_sp117_ds17,aco,240,29,11,17,492.0519026932432,163.03269301057782,133.57230696653224,4727.948097306757,44.796403000014834,113.0933926999569,5831.448735216058,240,34596.0,29,True,True,True,True,True,,,,,117,17,117000368,spatial_seed_117,8.4,8.275862068965518,6960,157.88979569997173,113.10379949992056,2.050216261221846,34596.0,1,16
ga_n240_k29_h11_sp117_ds17,ga,240,29,11,17,559.8630896633587,160.69437621850489,135.55924280920803,4660.136910336641,44.796403000014834,167.4960546999937,4097.286870305835,240,34596.0,29,True,True,True,True,True,,,,,117,17,117000368,spatial_seed_117,8.4,8.275862068965518,6960,212.29245770000853,167.5149678000016,2.332762873597328,34596.0,1,15
nn_n240_k29_h11_sp117_ds17,nn,240,29,11,17,568.4149300148268,160.39948517190254,135.318596035919,4651.5850699851735,44.796403000014834,5.118307400029153,3951.036896119376,240,34596.0,29,True,True,True,True,True,,,,,117,17,117000368,spatial_seed_117,8.4,8.275862068965518,6960,49.91471040004399,5.118855100008659,2.368395541728445,34596.0,1,15
proposed_n240_k29_h11_sp117_ds17,proposed,240,29,11,17,502.61213976012016,162.66854690482344,140.66164620605295,4717.38786023988,44.796403000014834,844.9966397000244,4744.369732366635,240,34596.0,29,True,True,True,True,True,False,global_assignment_boundary_sova,64.0,False,117,17,117000368,spatial_seed_117,8.4,8.275862068965518,6960,889.7930427000392,846.1065210000379,2.0942172490005007,34596.0,1,18
pso_n240_k29_h11_sp117_ds17,pso,240,29,11,17,565.1605409082374,160.51170548592285,135.76177695667883,4654.839459091762,44.796403000014834,142.9026211000746,3955.867209223234,240,34596.0,29,True,True,True,True,True,,,,,117,17,117000368,spatial_seed_117,8.4,8.275862068965518,6960,187.69902410008945,142.91961230000015,2.354835587117656,34596.0,1,15
aco_n240_k29_h11_sp127_ds7,aco,240,29,11,7,498.6774588323042,162.80422555750675,123.13069776836284,4721.322541167696,46.00788489996921,107.34257440001238,5364.621356085633,240,37169.0,29,True,True,True,True,True,,,,,127,7,127000388,spatial_seed_127,8.4,8.275862068965518,6960,153.3504592999816,107.35110889992212,2.077822745134601,37169.0,1,15
ga_n240_k29_h11_sp127_ds7,ga,240,29,11,7,568.885567981835,160.38325627648845,124.94137945585209,4651.114432018165,46.00788489996921,180.23723979992792,4057.6603082144793,240,37169.0,29,True,True,True,True,True,,,,,127,7,127000388,spatial_seed_127,8.4,8.275862068965518,6960,226.24512469989716,180.25891420000696,2.370356533257646,37169.0,1,15
nn_n240_k29_h11_sp127_ds7,nn,240,29,11,7,598.4403741958346,159.36412502772984,125.45616431514875,4621.559625804165,46.00788489996921,4.97640289994888,3971.4047880203993,240,37169.0,29,True,True,True,True,True,,,,,127,7,127000388,spatial_seed_127,8.4,8.275862068965518,6960,50.98428779991809,4.976766400039196,2.4935015591493106,37169.0,1,15
proposed_n240_k29_h11_sp127_ds7,proposed,240,29,11,7,475.0632217056872,163.6185095963556,135.5750096294916,4744.936778294313,46.00788489996921,372.7078848000383,4361.013777750452,240,37169.0,29,True,True,True,True,True,False,global_assignment_boundary_sova,64.0,False,127,7,127000388,spatial_seed_127,8.4,8.275862068965518,6960,418.7157697000075,373.0636436999776,1.9794300904403637,37169.0,1,16
pso_n240_k29_h11_sp127_ds7,pso,240,29,11,7,590.3422361461681,159.64337116737352,124.03768278073473,4629.657763853832,46.00788489996921,138.64970559999347,3997.888984842857,240,37169.0,29,True,True,True,True,True,,,,,127,7,127000388,spatial_seed_127,8.4,8.275862068965518,6960,184.65759049996268,138.6718036000384,2.4597593172757004,37169.0,1,15
aco_n240_k29_h11_sp127_ds17,aco,240,29,11,17,501.2934056440156,162.71402049503396,134.22291800719654,4718.706594355985,45.873249399941415,114.73908089997713,4863.716847203293,240,34596.0,29,True,True,True,True,True,,,,,127,17,127000398,spatial_seed_127,8.4,8.275862068965518,6960,160.61233029991854,114.74914039997384,2.0887225235167315,34596.0,1,15
ga_n240_k29_h11_sp127_ds17,ga,240,29,11,17,559.6392463070756,160.7020949549284,138.0627147989333,4660.360753692924,45.873249399941415,167.18663929996546,4392.395043535959,240,34596.0,29,True,True,True,True,True,,,,,127,17,127000398,spatial_seed_127,8.4,8.275862068965518,6960,213.05988869990688,167.2053254999919,2.3318301929461485,34596.0,1,16
nn_n240_k29_h11_sp127_ds17,nn,240,29,11,17,589.1011519333671,159.68616717471147,138.0627147989333,4630.898848066633,45.873249399941415,5.047201899928041,4392.395043535959,240,34596.0,29,True,True,True,True,True,,,,,127,17,127000398,spatial_seed_127,8.4,8.275862068965518,6960,50.920451299869455,5.047583600040525,2.454588133055696,34596.0,1,16
proposed_n240_k29_h11_sp127_ds17,proposed,240,29,11,17,484.14165608292734,163.30546013507146,131.12242210916122,4735.8583439170725,45.873249399941415,509.3556990999496,4533.143602755403,240,34596.0,29,True,True,True,True,True,False,global_assignment_boundary_sova,64.0,False,127,17,127000398,spatial_seed_127,8.4,8.275862068965518,6960,555.228948499891,509.9191025999608,2.0172569003455307,34596.0,1,18
pso_n240_k29_h11_sp127_ds17,pso,240,29,11,17,579.4357024549041,160.01945853603775,134.41167675486307,4640.564297545096,45.873249399941415,143.53289849997964,4392.395043535959,240,34596.0,29,True,True,True,True,True,,,,,127,17,127000398,spatial_seed_127,8.4,8.275862068965518,6960,189.40614789992105,143.5499505000189,2.414315426895434,34596.0,1,16
aco_n240_k29_h11_sp137_ds7,aco,240,29,11,7,497.9862580786806,162.8280600662524,145.63687381661262,4722.01374192132,44.46465550002176,111.13323440006934,3268.128249888245,240,37169.0,29,True,True,True,True,True,,,,,137,7,137000418,spatial_seed_137,8.4,8.275862068965518,6960,155.5978899000911,111.14231299993116,2.0749427419945023,37169.0,1,14
ga_n240_k29_h11_sp137_ds7,ga,240,29,11,7,554.8256211460665,160.868082029446,141.83872006201102,4665.174378853933,44.46465550002176,177.80091919994447,3843.9047855767535,240,37169.0,29,True,True,True,True,True,,,,,137,7,137000418,spatial_seed_137,8.4,8.275862068965518,6960,222.26557469996624,177.82172340003308,2.311773421441944,37169.0,1,15
nn_n240_k29_h11_sp137_ds7,nn,240,29,11,7,577.0091942254496,160.10313123360518,140.55099875974426,4642.990805774551,44.46465550002176,5.8220640000654384,3750.866141859083,240,37169.0,29,True,True,True,True,True,,,,,137,7,137000418,spatial_seed_137,8.4,8.275862068965518,6960,50.2867195000872,5.824868399999104,2.4042049759393733,37169.0,1,14
proposed_n240_k29_h11_sp137_ds7,proposed,240,29,11,7,480.39267042620696,163.43473550254458,142.7077254521674,4739.607329573793,44.46465550002176,553.9354205999989,4353.932644794515,240,37169.0,29,True,True,True,True,True,False,global_assignment_boundary_sova,64.0,False,137,7,137000418,spatial_seed_137,8.4,8.275862068965518,6960,598.4000761000207,554.5332440000493,2.0016361267758622,37169.0,1,16
pso_n240_k29_h11_sp137_ds7,pso,240,29,11,7,567.9848447037797,160.4143156998697,140.8240666217595,4652.015155296221,44.46465550002176,140.6846166000469,3716.759115551841,240,37169.0,29,True,True,True,True,True,,,,,137,7,137000418,spatial_seed_137,8.4,8.275862068965518,6960,185.14927210006863,140.70120220002718,2.366603519599082,37169.0,1,14
aco_n240_k29_h11_sp137_ds17,aco,240,29,11,17,490.8923072427551,163.07267906059465,144.04857746824266,4729.107692757245,46.03578509995714,115.87334789999296,3730.589672276904,240,34596.0,29,True,True,True,True,True,,,,,137,17,137000428,spatial_seed_137,8.4,8.275862068965518,6960,161.9091329999501,115.88182880007662,2.0453846135114797,34596.0,1,18
ga_n240_k29_h11_sp137_ds17,ga,240,29,11,17,531.9187211015685,161.65797513442865,142.21330980807724,4688.081278898431,46.03578509995714,185.34782689996064,3598.4912847841438,240,34596.0,29,True,True,True,True,True,,,,,137,17,137000428,spatial_seed_137,8.4,8.275862068965518,6960,231.38361199991775,185.3692650999874,2.216328004589869,34596.0,1,17
nn_n240_k29_h11_sp137_ds17,nn,240,29,11,17,566.6978594876783,160.45869450042488,142.53218355236115,4653.302140512322,46.03578509995714,4.9983676000265405,3609.7040536339514,240,34596.0,29,True,True,True,True,True,,,,,137,17,137000428,spatial_seed_137,8.4,8.275862068965518,6960,51.03415269998368,4.99912900000345,2.3612410811986595,34596.0,1,17
proposed_n240_k29_h11_sp137_ds17,proposed,240,29,11,17,475.6179973823333,163.5993794006092,142.17004788427127,4744.382002617666,46.03578509995714,695.9222217999632,4194.118394467221,240,34596.0,29,True,True,True,True,True,False,global_assignment_boundary_sova,64.0,False,137,17,137000428,spatial_seed_137,8.4,8.275862068965518,6960,741.9580068999203,696.8885482000187,1.9817416557597225,34596.0,1,17
pso_n240_k29_h11_sp137_ds17,pso,240,29,11,17,554.8843100106778,160.86605827549386,143.1893710951235,4665.115689989322,46.03578509995714,145.34702989994548,3572.008104213142,240,34596.0,29,True,True,True,True,True,,,,,137,17,137000428,spatial_seed_137,8.4,8.275862068965518,6960,191.38281499990265,145.36402710003313,2.312017958377824,34596.0,1,17
aco_n240_k29_h11_sp147_ds7,aco,240,29,11,7,507.9414682022944,162.48477695854157,143.77406472954522,4712.058531797706,45.26326859998517,116.517249800032,4003.629690827838,240,37169.0,29,True,True,True,True,True,,,,,147,7,147000448,spatial_seed_147,8.4,8.275862068965518,6960,161.78051840001717,116.53572110005187,2.116422784176226,37169.0,1,15
ga_n240_k29_h11_sp147_ds7,ga,240,29,11,7,565.9275707925188,160.48525617956832,135.53967268712248,4654.072429207481,45.26326859998517,169.28900129999963,4381.887029835696,240,37169.0,29,True,True,True,True,True,,,,,147,7,147000448,spatial_seed_147,8.4,8.275862068965518,6960,214.5522698999848,169.30846070009284,2.3580315449688287,37169.0,1,14
nn_n240_k29_h11_sp147_ds7,nn,240,29,11,7,576.9757206380193,160.10428549524073,135.53967268712248,4643.024279361981,45.26326859998517,4.916483699926175,4381.887029835696,240,37169.0,29,True,True,True,True,True,,,,,147,7,147000448,spatial_seed_147,8.4,8.275862068965518,6960,50.17975229991134,4.916875299997628,2.4040655026584137,37169.0,1,15
proposed_n240_k29_h11_sp147_ds7,proposed,240,29,11,7,492.0243618100927,163.03364269620369,145.18272110616897,4727.975638189907,45.26326859998517,445.8516357000917,5002.509850357584,240,37169.0,29,True,True,True,True,True,False,global_assignment_boundary_sova,64.0,False,147,7,147000448,spatial_seed_147,8.4,8.275862068965518,6960,491.1149043000769,446.12878109992016,2.050101507542053,37169.0,1,24
pso_n240_k29_h11_sp147_ds7,pso,240,29,11,7,572.7435274928631,160.25022318990128,135.53967268712248,4647.256472507137,45.26326859998517,141.36985409993213,4381.887029835696,240,37169.0,29,True,True,True,True,True,,,,,147,7,147000448,spatial_seed_147,8.4,8.275862068965518,6960,186.6331226999173,141.38843209994957,2.386431364553596,37169.0,1,15
aco_n240_k29_h11_sp147_ds17,aco,240,29,11,17,499.77132425694265,162.76650606010543,136.574110602494,4720.2286757430575,47.41656649997458,110.11355409992392,4673.036402768291,240,34596.0,29,True,True,True,True,True,,,,,147,17,147000458,spatial_seed_147,8.4,8.275862068965518,6960,157.5301205998985,110.12659110000824,2.082380517737261,34596.0,1,15
ga_n240_k29_h11_sp147_ds17,ga,240,29,11,17,568.5471531779928,160.394925752483,118.02778888660345,4651.452846822007,47.41656649997458,171.36731830006465,6595.686057626339,240,34596.0,29,True,True,True,True,True,,,,,147,17,147000458,spatial_seed_147,8.4,8.275862068965518,6960,218.78388480003923,171.38699190004263,2.36894647157497,34596.0,1,16
nn_n240_k29_h11_sp147_ds17,nn,240,29,11,17,584.5281503870777,159.84385688320424,132.8343582140165,4635.471849612923,47.41656649997458,5.091496699955314,4557.455954441074,240,34596.0,29,True,True,True,True,True,,,,,147,17,147000458,spatial_seed_147,8.4,8.275862068965518,6960,52.50806319992989,5.092201099963859,2.435533959946157,34596.0,1,16
proposed_n240_k29_h11_sp147_ds17,proposed,240,29,11,17,474.4929260690621,163.63817496313578,138.3437635774659,4745.507073930938,47.41656649997458,815.2210996999638,4329.8929749101335,240,34596.0,29,True,True,True,True,True,False,global_assignment_boundary_sova,64.0,False,147,17,147000458,spatial_seed_147,8.4,8.275862068965518,6960,862.6376661999384,816.1440653000027,1.977053858621092,34596.0,1,20
pso_n240_k29_h11_sp147_ds17,pso,240,29,11,17,580.8232916078437,159.9716106342123,132.8343582140165,4639.176708392157,47.41656649997458,150.1440423000604,4557.455954441074,240,34596.0,29,True,True,True,True,True,,,,,147,17,147000458,spatial_seed_147,8.4,8.275862068965518,6960,197.56060880003497,150.1637118998915,2.420097048366016,34596.0,1,16
aco_n240_k29_h11_sp157_ds7,aco,240,29,11,7,506.2436207695845,162.54332342173845,139.6434514669521,4713.756379230415,45.81829690001905,108.27146329998504,4021.777129915993,240,37169.0,29,True,True,True,True,True,,,,,157,7,157000478,spatial_seed_157,8.4,8.275862068965518,6960,154.0897602000041,108.27957030001562,2.109348419873269,37169.0,1,15
ga_n240_k29_h11_sp157_ds7,ga,240,29,11,7,555.8891537912727,160.83140848995612,138.11879012854115,4664.110846208728,45.81829690001905,194.1996670999797,4600.971750429171,240,37169.0,29,True,True,True,True,True,,,,,157,7,157000478,spatial_seed_157,8.4,8.275862068965518,6960,240.0179639999988,194.2223458000226,2.3162048074636363,37169.0,1,14
nn_n240_k29_h11_sp157_ds7,nn,240,29,11,7,574.2024998487556,160.19991379831876,139.33833856262646,4645.797500151244,45.81829690001905,4.846480599953793,3928.599007077029,240,37169.0,29,True,True,True,True,True,,,,,157,7,157000478,spatial_seed_157,8.4,8.275862068965518,6960,50.66477749997284,4.846806999994442,2.3925104160364814,37169.0,1,14
proposed_n240_k29_h11_sp157_ds7,proposed,240,29,11,7,482.5571291953216,163.36009899326476,137.79713112356237,4737.442870804678,45.81829690001905,332.4397385000484,4075.660214445741,240,37169.0,29,True,True,True,True,True,False,global_assignment_boundary_sova,64.0,False,157,7,157000478,spatial_seed_157,8.4,8.275862068965518,6960,378.25803540006746,332.7428923000116,2.010654704980507,37169.0,1,16
pso_n240_k29_h11_sp157_ds7,pso,240,29,11,7,562.9700913397508,160.58723822966377,138.95484747523582,4657.029908660249,45.81829690001905,138.85088020004332,4589.495241068368,240,37169.0,29,True,True,True,True,True,,,,,157,7,157000478,spatial_seed_157,8.4,8.275862068965518,6960,184.6691771000624,138.86694279999938,2.345708713915628,37169.0,1,14
aco_n240_k29_h11_sp157_ds17,aco,240,29,11,17,502.1429971279437,162.68472423696744,133.8946962020362,4717.857002872056,46.26805579999928,104.51644129992928,4469.260150496239,240,34596.0,29,True,True,True,True,True,,,,,157,17,157000488,spatial_seed_157,8.4,8.275862068965518,6960,150.78449709992856,104.52387490007096,2.0922624880330987,34596.0,1,15
ga_n240_k29_h11_sp157_ds17,ga,240,29,11,17,540.408513915213,161.3652236580961,139.5910738592451,4679.591486084787,46.26805579999928,172.92863099998794,3747.969047711411,240,34596.0,29,True,True,True,True,True,,,,,157,17,157000488,spatial_seed_157,8.4,8.275862068965518,6960,219.1966867999872,172.9765995000489,2.2517021413133875,34596.0,1,16
nn_n240_k29_h11_sp157_ds17,nn,240,29,11,17,564.7778693806897,160.52490105583828,137.90874094677514,4655.222130619311,46.26805579999928,4.991404200089164,4016.108945201349,240,34596.0,29,True,True,True,True,True,,,,,157,17,157000488,spatial_seed_157,8.4,8.275862068965518,6960,51.25946000008844,4.99204790010117,2.3532411224195404,34596.0,1,16
proposed_n240_k29_h11_sp157_ds17,proposed,240,29,11,17,485.9163334462726,163.24426436392162,135.44128265148868,4734.083666553727,46.26805579999928,447.047635099967,5288.263800051146,240,34596.0,29,True,True,True,True,True,False,global_assignment_boundary_sova,64.0,False,157,17,157000488,spatial_seed_157,8.4,8.275862068965518,6960,493.3156908999663,447.59700459998567,2.024651389359469,34596.0,1,21
pso_n240_k29_h11_sp157_ds17,pso,240,29,11,17,545.1425485957039,161.20198108290674,139.54228641902282,4674.857451404296,46.26805579999928,141.37865359999705,4016.108945201349,240,34596.0,29,True,True,True,True,True,,,,,157,17,157000488,spatial_seed_157,8.4,8.275862068965518,6960,187.64670939999635,141.39541130000725,2.271427285815433,34596.0,1,16
aco_n240_k29_h11_sp167_ds7,aco,240,29,11,7,503.36864510928285,162.64246051347305,131.1619871563824,4716.631354890717,45.93759260000661,115.82562199991662,3666.2331463322166,240,37169.0,29,True,True,True,True,True,,,,,167,7,167000508,spatial_seed_167,8.4,8.275862068965518,6960,161.76321459992323,115.83778199995868,2.097369354622012,37169.0,1,15
ga_n240_k29_h11_sp167_ds7,ga,240,29,11,7,545.9499598804348,161.17413931446777,140.3222836939572,4674.050040119565,45.93759260000661,182.68413950002287,3509.9882474595915,240,37169.0,29,True,True,True,True,True,,,,,167,7,167000508,spatial_seed_167,8.4,8.275862068965518,6960,228.62173210002948,182.70869779994248,2.2747914995018115,37169.0,1,16
nn_n240_k29_h11_sp167_ds7,nn,240,29,11,7,565.1534552805578,160.51194981791178,139.50385508438626,4654.846544719442,45.93759260000661,5.056228499975987,3582.5828592890466,240,37169.0,29,True,True,True,True,True,,,,,167,7,167000508,spatial_seed_167,8.4,8.275862068965518,6960,50.9938210999826,5.056658699992113,2.3548060636689905,37169.0,1,16
proposed_n240_k29_h11_sp167_ds7,proposed,240,29,11,7,482.5914161583433,163.3589166841951,135.16291682204042,4737.408583841657,45.93759260000661,520.6455581000773,4122.051442731694,240,37169.0,29,True,True,True,True,True,False,global_assignment_boundary_sova,64.0,False,167,7,167000508,spatial_seed_167,8.4,8.275862068965518,6960,566.5831507000839,521.1206938000396,2.0107975673264304,37169.0,1,16
pso_n240_k29_h11_sp167_ds7,pso,240,29,11,7,556.5592411055064,160.8083020308446,139.60644413707217,4663.440758894493,45.93759260000661,140.269292699988,3770.322586203696,240,37169.0,29,True,True,True,True,True,,,,,167,7,167000508,spatial_seed_167,8.4,8.275862068965518,6960,186.2068852999946,140.28548700001556,2.31899683793961,37169.0,1,16
aco_n240_k29_h11_sp167_ds17,aco,240,29,11,17,496.46116141165743,162.88064960649456,132.40797809822928,4723.538838588343,44.85427179990802,107.7163537000306,3956.198118395284,240,34596.0,29,True,True,True,True,True,,,,,167,17,167000518,spatial_seed_167,8.4,8.275862068965518,6960,152.5706254999386,107.72524199995678,2.0685881725485724,34596.0,1,17
ga_n240_k29_h11_sp167_ds17,ga,240,29,11,17,527.7181861018134,161.802821168903,135.30548840908452,4692.281813898187,44.85427179990802,176.16517019993626,3967.637988999263,240,34596.0,29,True,True,True,True,True,,,,,167,17,167000518,spatial_seed_167,8.4,8.275862068965518,6960,221.01944199984428,176.18484999996144,2.198825775424223,34596.0,1,17
nn_n240_k29_h11_sp167_ds17,nn,240,29,11,17,562.1401369665092,160.61585734598245,131.3786993051592,4657.859863033491,44.85427179990802,5.265131099964492,3967.637988999263,240,34596.0,29,True,True,True,True,True,,,,,167,17,167000518,spatial_seed_167,8.4,8.275862068965518,6960,50.11940289987251,5.265586400055327,2.342250570693788,34596.0,1,17
proposed_n240_k29_h11_sp167_ds17,proposed,240,29,11,17,493.06124042110633,162.99788826134116,132.0765901565562,4726.938759578894,44.85427179990802,709.343002700014,3932.22227976974,240,34596.0,29,True,True,True,True,True,False,global_assignment_boundary_sova,64.0,False,167,17,167000518,spatial_seed_167,8.4,8.275862068965518,6960,754.1972744999221,710.1501300999662,2.054421835087943,34596.0,1,20
pso_n240_k29_h11_sp167_ds17,pso,240,29,11,17,544.0148687313689,161.24086659547004,135.00953852856264,4675.985131268631,44.85427179990802,147.7025302000111,3967.637988999263,240,34596.0,29,True,True,True,True,True,,,,,167,17,167000518,spatial_seed_167,8.4,8.275862068965518,6960,192.55680199991912,147.72056140005589,2.266728619714037,34596.0,1,17
aco_n240_k29_h11_sp177_ds7,aco,240,29,11,7,512.4214622649971,162.33029440465526,127.15810139343152,4707.578537735003,46.02569389995188,108.93048919993451,5164.040504166823,240,37169.0,29,True,True,True,True,True,,,,,177,7,177000538,spatial_seed_177,8.4,8.275862068965518,6960,154.9561830998864,108.93906310002784,2.1350894261041544,37169.0,1,14
ga_n240_k29_h11_sp177_ds7,ga,240,29,11,7,576.1584244999075,160.13246812069283,135.46230398470055,4643.841575500092,46.02569389995188,181.4648196999915,4456.991467446422,240,37169.0,29,True,True,True,True,True,,,,,177,7,177000538,spatial_seed_177,8.4,8.275862068965518,6960,227.49051359994337,181.4849935999373,2.400660102082948,37169.0,1,15
nn_n240_k29_h11_sp177_ds7,nn,240,29,11,7,602.6107210704712,159.2203199630872,138.25540471928332,4617.389278929529,46.02569389995188,4.915616900078021,4253.902144099592,240,37169.0,29,True,True,True,True,True,,,,,177,7,177000538,spatial_seed_177,8.4,8.275862068965518,6960,50.941310800029896,4.915951000060886,2.5108780044602965,37169.0,1,15
proposed_n240_k29_h11_sp177_ds7,proposed,240,29,11,7,492.3478690825,163.02248727301725,141.13021758827327,4727.6521309175005,46.02569389995188,455.6564029000001,3515.412490629449,240,37169.0,29,True,True,True,True,True,False,global_assignment_boundary_sova,64.0,False,177,7,177000538,spatial_seed_177,8.4,8.275862068965518,6960,501.682096799952,455.9791509999195,2.0514494545104167,37169.0,1,15
pso_n240_k29_h11_sp177_ds7,pso,240,29,11,7,590.8252385625107,159.62671591163755,142.35949277247695,4629.174761437489,46.02569389995188,145.0918651999673,3881.522311847536,240,37169.0,29,True,True,True,True,True,,,,,177,7,177000538,spatial_seed_177,8.4,8.275862068965518,6960,191.1175590999192,145.1090634999564,2.4617718273437945,37169.0,1,15
aco_n240_k29_h11_sp177_ds17,aco,240,29,11,17,495.0216836754636,162.9302867698116,137.16698636788104,4724.9783163245365,47.97973469994031,109.0469719999237,4567.575680485372,240,34596.0,29,True,True,True,True,True,,,,,177,17,177000548,spatial_seed_177,8.4,8.275862068965518,6960,157.026706699864,109.05387109995354,2.062590348647765,34596.0,1,16
ga_n240_k29_h11_sp177_ds17,ga,240,29,11,17,556.880942929556,160.79720886449806,131.44871064148316,4663.119057070444,47.97973469994031,182.82849009998608,4969.60245382007,240,34596.0,29,True,True,True,True,True,,,,,177,17,177000548,spatial_seed_177,8.4,8.275862068965518,6960,230.8082247999264,182.8484953000443,2.3203372622064835,34596.0,1,18
nn_n240_k29_h11_sp177_ds17,nn,240,29,11,17,588.5085724392573,159.70660095037044,130.8735446182416,4631.491427560743,47.97973469994031,5.161648000008427,4552.4829719356285,240,34596.0,29,True,True,True,True,True,,,,,177,17,177000548,spatial_seed_177,8.4,8.275862068965518,6960,53.141382699948736,5.162504300009459,2.4521190518302385,34596.0,1,16
proposed_n240_k29_h11_sp177_ds17,proposed,240,29,11,17,489.7143000223416,163.1132999992296,138.55301592315178,4730.285699977659,47.97973469994031,494.92016259999946,5213.383061554089,240,34596.0,29,True,True,True,True,True,False,global_assignment_boundary_sova,64.0,False,177,17,177000548,spatial_seed_177,8.4,8.275862068965518,6960,542.8998972999398,495.44069640000816,2.04047625009309,34596.0,1,22
pso_n240_k29_h11_sp177_ds17,pso,240,29,11,17,578.8562347809088,160.03944017996866,139.38348627056922,4641.143765219092,47.97973469994031,148.89876180002466,3992.620063198744,240,34596.0,29,True,True,True,True,True,,,,,177,17,177000548,spatial_seed_177,8.4,8.275862068965518,6960,196.87849649996497,148.91638259997126,2.411900978253787,34596.0,1,16
aco_n240_k29_h11_sp187_ds7,aco,240,29,11,7,522.1836164790739,161.99366839727332,135.75748273766828,4697.816383520926,45.65673669998069,116.21296430006625,4207.638058885063,240,37169.0,29,True,True,True,True,True,,,,,187,7,187000568,spatial_seed_187,8.4,8.275862068965518,6960,161.86970100004692,116.22252000006849,2.175765068662808,37169.0,1,15
ga_n240_k29_h11_sp187_ds7,ga,240,29,11,7,571.202880531455,160.3033489471912,138.0397537073506,4648.797119468545,45.65673669998069,180.02099790005013,3938.132391463361,240,37169.0,29,True,True,True,True,True,,,,,187,7,187000568,spatial_seed_187,8.4,8.275862068965518,6960,225.6777346000308,180.0410103999311,2.380012002214396,37169.0,1,15
nn_n240_k29_h11_sp187_ds7,nn,240,29,11,7,597.0548916232614,159.41190028885308,132.59402858358715,4622.945108376739,45.65673669998069,5.134202899993397,3846.6938907866975,240,37169.0,29,True,True,True,True,True,,,,,187,7,187000568,spatial_seed_187,8.4,8.275862068965518,6960,50.79093959997408,5.134562400053255,2.4877287150969223,37169.0,1,15
proposed_n240_k29_h11_sp187_ds7,proposed,240,29,11,7,510.8701567480799,162.38378769834205,135.5628907975536,4709.12984325192,45.65673669998069,420.6286516999826,4105.995318636853,240,37169.0,29,True,True,True,True,True,False,global_assignment_boundary_sova,64.0,False,187,7,187000568,spatial_seed_187,8.4,8.275862068965518,6960,466.28538839996327,420.94219239999074,2.128625653117,37169.0,1,15
pso_n240_k29_h11_sp187_ds7,pso,240,29,11,7,588.6963551645404,159.70012568398135,133.88852694930148,4631.30364483546,45.65673669998069,135.80935299990233,3846.6938907866975,240,37169.0,29,True,True,True,True,True,,,,,187,7,187000568,spatial_seed_187,8.4,8.275862068965518,6960,181.466089699883,135.83638230001088,2.4529014798522515,37169.0,1,14
aco_n240_k29_h11_sp187_ds17,aco,240,29,11,17,500.5102464983512,162.74102598281547,136.99942261818694,4719.489753501649,46.44415270001628,115.4456090000458,4114.161020650073,240,34596.0,29,True,True,True,True,True,,,,,187,17,187000578,spatial_seed_187,8.4,8.275862068965518,6960,161.88976170006208,115.453788899933,2.085459360409797,34596.0,1,16
ga_n240_k29_h11_sp187_ds17,ga,240,29,11,17,557.7107933718496,160.76859333200517,130.1924524269479,4662.28920662815,46.44415270001628,178.60079609998502,4577.220259198242,240,34596.0,29,True,True,True,True,True,,,,,187,17,187000578,spatial_seed_187,8.4,8.275862068965518,6960,225.0449488000013,178.6210904000327,2.3237949723827067,34596.0,1,16
nn_n240_k29_h11_sp187_ds17,nn,240,29,11,17,590.5652828523974,159.63567990164148,126.1632130999825,4629.434717147603,46.44415270001628,5.189268099959008,4465.049113049597,240,34596.0,29,True,True,True,True,True,,,,,187,17,187000578,spatial_seed_187,8.4,8.275862068965518,6960,51.63342079997528,5.190171799971722,2.460688678551656,34596.0,1,16
proposed_n240_k29_h11_sp187_ds17,proposed,240,29,11,17,491.1430833190591,163.06403160968762,133.05074949599614,4728.856916680941,46.44415270001628,750.0370381999528,4419.306165650491,240,34596.0,29,True,True,True,True,True,False,global_assignment_boundary_sova,64.0,False,187,17,187000578,spatial_seed_187,8.4,8.275862068965518,6960,796.4811908999691,751.0206309999339,2.046429513829413,34596.0,1,18
pso_n240_k29_h11_sp187_ds17,pso,240,29,11,17,578.1648649408428,160.06328051928128,129.2502638098141,4641.835135059157,46.44415270001628,144.9674235000275,4212.1414555604415,240,34596.0,29,True,True,True,True,True,,,,,187,17,187000578,spatial_seed_187,8.4,8.275862068965518,6960,191.41157620004375,144.9845784999197,2.409020270586845,34596.0,1,16
aco_n240_k29_h11_sp197_ds7,aco,240,29,11,7,499.23162598734336,162.78511634526402,136.22426999430263,4720.768374012657,45.67111729993485,112.71347580000293,4129.395137367694,240,37169.0,29,True,True,True,True,True,,,,,197,7,197000598,spatial_seed_197,8.4,8.275862068965518,6960,158.38459309993775,112.72411199996714,2.080131774947264,37169.0,1,16
ga_n240_k29_h11_sp197_ds7,ga,240,29,11,7,547.9648394635577,161.10466070815318,139.0263806459679,4672.035160536442,45.67111729993485,188.41449420002755,4512.156923180657,240,37169.0,29,True,True,True,True,True,,,,,197,7,197000598,spatial_seed_197,8.4,8.275862068965518,6960,234.0856114999624,188.43851540004837,2.283186831098157,37169.0,1,17
nn_n240_k29_h11_sp197_ds7,nn,240,29,11,7,577.2773613689697,160.0938840907252,128.96206017054772,4642.72263863103,45.67111729993485,5.073438800056465,4195.8345435712745,240,37169.0,29,True,True,True,True,True,,,,,197,7,197000598,spatial_seed_197,8.4,8.275862068965518,6960,50.744556099991314,5.073700900073163,2.4053223390373737,37169.0,1,17
proposed_n240_k29_h11_sp197_ds7,proposed,240,29,11,7,476.8698085295688,163.55621349898038,139.91750884786177,4743.130191470431,45.67111729993485,472.9370968999574,4094.0170210062015,240,37169.0,29,True,True,True,True,True,False,global_assignment_boundary_sova,64.0,False,197,7,197000598,spatial_seed_197,8.4,8.275862068965518,6960,518.6082141998922,473.30973460001405,1.98695753553987,37169.0,1,19
pso_n240_k29_h11_sp197_ds7,pso,240,29,11,7,565.9466874930681,160.48459698299763,133.4828670152975,4654.053312506931,45.67111729993485,141.0418833999429,4194.204541804616,240,37169.0,29,True,True,True,True,True,,,,,197,7,197000598,spatial_seed_197,8.4,8.275862068965518,6960,186.7130006998777,141.0593168999767,2.358111197887784,37169.0,1,17
aco_n240_k29_h11_sp197_ds17,aco,240,29,11,17,499.9873628149544,162.75905645465676,140.9181058603831,4720.012637185046,47.23366299993359,109.31468239997048,4377.735835070402,240,34596.0,29,True,True,True,True,True,,,,,197,17,197000608,spatial_seed_197,8.4,8.275862068965518,6960,156.54834539990406,109.32173409999814,2.0832806783956435,34596.0,1,19
ga_n240_k29_h11_sp197_ds17,ga,240,29,11,17,537.8068126758947,161.45493749393466,139.4037499187987,4682.193187324106,47.23366299993359,159.34496170002967,3548.9444812497472,240,34596.0,29,True,True,True,True,True,,,,,197,17,197000608,spatial_seed_197,8.4,8.275862068965518,6960,206.57862469996329,159.36492150009144,2.2408617194828944,34596.0,1,16
nn_n240_k29_h11_sp197_ds17,nn,240,29,11,17,556.9056579456485,160.79635662256385,138.07314311554742,4663.094342054352,47.23366299993359,5.0043323000427336,3820.216664847008,240,34596.0,29,True,True,True,True,True,,,,,197,17,197000608,spatial_seed_197,8.4,8.275862068965518,6960,52.23799529997632,5.00496190006379,2.320440241440202,34596.0,1,16
proposed_n240_k29_h11_sp197_ds17,proposed,240,29,11,17,475.8816975353556,163.5902862918843,141.9987610847043,4744.118302464644,47.23366299993359,502.55507749994285,3807.493116910143,240,34596.0,29,True,True,True,True,True,False,global_assignment_boundary_sova,64.0,False,197,17,197000608,spatial_seed_197,8.4,8.275862068965518,6960,549.7887404998764,503.288903699955,1.9828404063973148,34596.0,1,17
pso_n240_k29_h11_sp197_ds17,pso,240,29,11,17,548.4955070582602,161.08636182557723,138.65079781888903,4671.50449294174,47.23366299993359,143.34679530002177,3682.490516965594,240,34596.0,29,True,True,True,True,True,,,,,197,17,197000608,spatial_seed_197,8.4,8.275862068965518,6960,190.58045829995532,143.36541309999302,2.285397946076084,34596.0,1,16
aco_n260_k31_h11_sp107_ds7,aco,260,31,11,7,536.9552141122583,162.67886406089488,126.16724054906794,5043.044785887741,50.23456230002921,132.12422500003595,4810.237120874604,260,40005.0,31,True,True,True,True,True,,,,,107,7,107000328,spatial_seed_107,8.4,8.387096774193548,8060,182.3587873000652,132.13475379999727,2.0652123619702243,40005.0,1,15
ga_n260_k31_h11_sp107_ds7,ga,260,31,11,7,599.3531920947994,160.6660260614581,128.8163303172563,4980.646807905201,50.23456230002921,196.3299135999987,4756.541856353916,260,40005.0,31,True,True,True,True,True,,,,,107,7,107000328,spatial_seed_107,8.4,8.387096774193548,8060,246.5644759000279,196.35095150000416,2.3052045849799976,40005.0,1,15
nn_n260_k31_h11_sp107_ds7,nn,260,31,11,7,624.975220053456,159.8395090305337,140.70695598957582,4955.024779946544,50.23456230002921,6.330150699941441,4218.430172873095,260,40005.0,31,True,True,True,True,True,,,,,107,7,107000328,spatial_seed_107,8.4,8.387096774193548,8060,56.56471299997065,6.330882199923508,2.403750846359446,40005.0,1,14
proposed_n260_k31_h11_sp107_ds7,proposed,260,31,11,7,546.2833802850869,162.37795547467462,138.35726141741802,5033.716619714914,50.23456230002921,875.7532928000437,4192.591373672761,260,40005.0,31,True,True,True,True,True,False,global_assignment_boundary_sova,64.0,False,107,7,107000328,spatial_seed_107,8.4,8.387096774193548,8060,925.9878551000728,876.4955606000731,2.101089924173411,40005.0,1,16
pso_n260_k31_h11_sp107_ds7,pso,260,31,11,7,621.379911678462,159.9554867200496,140.70695598957582,4958.620088321538,50.23456230002921,167.64319810003508,4218.430172873095,260,40005.0,31,True,True,True,True,True,,,,,107,7,107000328,spatial_seed_107,8.4,8.387096774193548,8060,217.8777604000643,167.6636853000382,2.389922737224854,40005.0,1,14
aco_n260_k31_h11_sp107_ds17,aco,260,31,11,17,533.6063420729974,162.78689219119363,123.0999585374338,5046.393657927002,50.31959359999746,127.04347210004926,5605.832198333996,260,37687.0,31,True,True,True,True,True,,,,,107,17,107000338,spatial_seed_107,8.4,8.387096774193548,8060,177.36306570004672,127.05262630002107,2.052332084896144,37687.0,1,16
ga_n260_k31_h11_sp107_ds17,ga,260,31,11,17,596.1526387241934,160.76926971857444,128.98887863395794,4983.847361275807,50.31959359999746,200.629630099982,4634.152234157162,260,37687.0,31,True,True,True,True,True,,,,,107,17,107000338,spatial_seed_107,8.4,8.387096774193548,8060,250.94922369997948,200.65107039990835,2.2928947643238207,37687.0,1,16
nn_n260_k31_h11_sp107_ds17,nn,260,31,11,17,610.7336187874319,160.29891552298608,128.23025328705074,4969.266381212568,50.31959359999746,6.134383299970068,4570.634519236727,260,37687.0,31,True,True,True,True,True,,,,,107,17,107000338,spatial_seed_107,8.4,8.387096774193548,8060,56.45397689996753,6.1349368999945,2.348975456874738,37687.0,1,16
proposed_n260_k31_h11_sp107_ds17,proposed,260,31,11,17,512.1627051914114,163.4786224131803,138.2603439148975,5067.837294808589,50.31959359999746,778.330072700046,4365.962112133965,260,37687.0,31,True,True,True,True,True,False,global_assignment_boundary_sova,64.0,False,107,17,107000338,spatial_seed_107,8.4,8.387096774193548,8060,828.6496663000435,779.25252609991,1.9698565584285053,37687.0,1,20
pso_n260_k31_h11_sp107_ds17,pso,260,31,11,17,608.0856677377786,160.38433329878134,128.23025328705074,4971.914332262221,50.31959359999746,169.9489683000138,4570.634519236727,260,37687.0,31,True,True,True,True,True,,,,,107,17,107000338,spatial_seed_107,8.4,8.387096774193548,8060,220.2685619000113,169.97229220008012,2.338791029760687,37687.0,1,16
aco_n260_k31_h11_sp117_ds7,aco,260,31,11,7,523.186581428728,163.12301350229907,142.67097573980277,5056.813418571272,48.96731810003985,132.99607920006383,3654.590426059801,260,40005.0,31,True,True,True,True,True,,,,,117,7,117000358,spatial_seed_117,8.4,8.387096774193548,8060,181.96339730010368,133.0062891000416,2.0122560824181845,40005.0,1,15
ga_n260_k31_h11_sp117_ds7,ga,260,31,11,7,598.63778530623,160.68910369979906,132.0050534247036,4981.3622146937705,48.96731810003985,188.68468389997724,4543.173851550133,260,40005.0,31,True,True,True,True,True,,,,,117,7,117000358,spatial_seed_117,8.4,8.387096774193548,8060,237.6520020000171,188.7183438000502,2.302453020408577,40005.0,1,16
nn_n260_k31_h11_sp117_ds7,nn,260,31,11,7,620.727171041853,159.97654286961765,135.77989523248587,4959.272828958147,48.96731810003985,6.244394200039096,4324.594345841337,260,40005.0,31,True,True,True,True,True,,,,,117,7,117000358,spatial_seed_117,8.4,8.387096774193548,8060,55.21171230007894,6.244827099959366,2.3874121963148194,40005.0,1,16
proposed_n260_k31_h11_sp117_ds7,proposed,260,31,11,7,529.0037294201167,162.93536356709302,144.28917983123705,5050.996270579884,48.96731810003985,729.9654431999661,4348.836117404957,260,40005.0,31,True,True,True,True,True,False,global_assignment_boundary_sova,64.0,False,117,7,117000358,spatial_seed_117,8.4,8.387096774193548,8060,778.932761300006,730.8112264999654,2.0346297285389103,40005.0,1,22
pso_n260_k31_h11_sp117_ds7,pso,260,31,11,7,616.3459738567109,160.11787181107383,135.77989523248587,4963.654026143289,48.96731810003985,171.50997549993917,4324.594345841337,260,40005.0,31,True,True,True,True,True,,,,,117,7,117000358,spatial_seed_117,8.4,8.387096774193548,8060,220.47729359997905,171.5313358999556,2.3705614379104265,40005.0,1,16
aco_n260_k31_h11_sp117_ds17,aco,260,31,11,17,531.4406313281042,162.85675382812568,139.9579974758455,5048.559368671896,49.37631630001124,125.879130300018,3708.5855755005487,260,37687.0,31,True,True,True,True,True,,,,,117,17,117000368,spatial_seed_117,8.4,8.387096774193548,8060,175.25544660002925,125.89186769991647,2.044002428185016,37687.0,1,17
ga_n260_k31_h11_sp117_ds17,ga,260,31,11,17,588.6042568126848,161.01276590926824,133.49469920092838,4991.395743187315,49.37631630001124,196.3746405999409,4391.755103963143,260,37687.0,31,True,True,True,True,True,,,,,117,17,117000368,spatial_seed_117,8.4,8.387096774193548,8060,245.75095689995212,196.39473529998213,2.263862526202633,37687.0,1,15
nn_n260_k31_h11_sp117_ds17,nn,260,31,11,17,615.2354432804053,160.15369537805145,136.32864143312864,4964.764556719595,49.37631630001124,6.623730399995111,4135.757638587106,260,37687.0,31,True,True,True,True,True,,,,,117,17,117000368,spatial_seed_117,8.4,8.387096774193548,8060,56.00004670000635,6.62476539995987,2.3662901664630973,37687.0,1,16
proposed_n260_k31_h11_sp117_ds17,proposed,260,31,11,17,523.7231206744221,163.10570578469608,141.45012776517547,5056.276879325578,49.37631630001124,880.5057417999487,4239.241053813966,260,37687.0,31,True,True,True,True,True,False,global_assignment_boundary_sova,64.0,False,117,17,117000368,spatial_seed_117,8.4,8.387096774193548,8060,929.88205809996,881.6881161000347,2.014319694901624,37687.0,1,17
pso_n260_k31_h11_sp117_ds17,pso,260,31,11,17,607.8047040447658,160.39339664371724,136.32864143312864,4972.1952959552345,49.37631630001124,174.50566580006853,3920.45235072853,260,37687.0,31,True,True,True,True,True,,,,,117,17,117000368,spatial_seed_117,8.4,8.387096774193548,8060,223.88198210007977,174.52616439992562,2.337710400172176,37687.0,1,16
aco_n260_k31_h11_sp127_ds7,aco,260,31,11,7,532.1754683406481,162.8330494083662,136.14398803610675,5047.824531659352,49.62288270005956,147.01290289999451,4540.217571958786,260,40005.0,31,True,True,True,True,True,,,,,127,7,127000388,spatial_seed_127,8.4,8.387096774193548,8060,196.63578560005408,147.0243962999666,2.046828724387108,40005.0,1,18
ga_n260_k31_h11_sp127_ds7,ga,260,31,11,7,593.7996078266934,160.84517394107442,128.93343823489795,4986.200392173307,49.62288270005956,186.8991528999759,5106.634974201229,260,40005.0,31,True,True,True,True,True,,,,,127,7,127000388,spatial_seed_127,8.4,8.387096774193548,8060,236.52203560003545,186.92090999998615,2.2838446454872825,40005.0,1,16
nn_n260_k31_h11_sp127_ds7,nn,260,31,11,7,631.5373413175636,159.62782769943345,134.89530094112936,4948.462658682437,49.62288270005956,6.211364099988714,4004.521098493967,260,40005.0,31,True,True,True,True,True,,,,,127,7,127000388,spatial_seed_127,8.4,8.387096774193548,8060,55.83424680004828,6.211706300033256,2.428989774298321,40005.0,1,15
proposed_n260_k31_h11_sp127_ds7,proposed,260,31,11,7,518.0275294350254,163.289434534354,136.4479570294415,5061.972470564974,49.62288270005956,615.3690414000303,4526.010771048862,260,40005.0,31,True,True,True,True,True,False,global_assignment_boundary_sova,64.0,False,127,7,127000388,spatial_seed_127,8.4,8.387096774193548,8060,664.9919241000898,615.9566040999489,1.9924135747500973,40005.0,1,17
pso_n260_k31_h11_sp127_ds7,pso,260,31,11,7,626.8913993192118,159.77769679615446,135.18263308853528,4953.108600680788,49.62288270005956,160.06342410005163,3948.185653790811,260,40005.0,31,True,True,True,True,True,,,,,127,7,127000388,spatial_seed_127,8.4,8.387096774193548,8060,209.6863068001112,160.08168409997597,2.411120766612353,40005.0,1,15
aco_n260_k31_h11_sp127_ds17,aco,260,31,11,17,533.7812946196793,162.7812485606555,131.26282238152493,5046.218705380321,51.08571310003754,126.79089080006815,5137.580238687794,260,37687.0,31,True,True,True,True,True,,,,,127,17,127000398,spatial_seed_127,8.4,8.387096774193548,8060,177.8766039001057,126.8010806000093,2.053004979306459,37687.0,1,15
ga_n260_k31_h11_sp127_ds17,ga,260,31,11,17,580.75946668528,161.26582365531354,131.10722517189907,4999.24053331472,51.08571310003754,222.9994341999991,4599.730525240414,260,37687.0,31,True,True,True,True,True,,,,,127,17,127000398,spatial_seed_127,8.4,8.387096774193548,8060,274.0851473000366,223.023216499947,2.233690256481846,37687.0,1,15
nn_n260_k31_h11_sp127_ds17,nn,260,31,11,17,601.0646372809424,160.6108181522277,135.896152592183,4978.935362719058,51.08571310003754,6.346680699964054,3887.0860170513342,260,37687.0,31,True,True,True,True,True,,,,,127,17,127000398,spatial_seed_127,8.4,8.387096774193548,8060,57.43239380000159,6.347518900060095,2.311787066465163,37687.0,1,15
proposed_n260_k31_h11_sp127_ds17,proposed,260,31,11,17,522.6054756145217,163.1417588511445,138.1392879269527,5057.394524385479,51.08571310003754,947.1892605000176,4394.171777028477,260,37687.0,31,True,True,True,True,True,False,global_assignment_boundary_sova,64.0,False,127,17,127000398,spatial_seed_127,8.4,8.387096774193548,8060,998.2749736000552,948.1871102000588,2.0100210600558523,37687.0,1,17
pso_n260_k31_h11_sp127_ds17,pso,260,31,11,17,591.6663033779029,160.91399021361602,135.896152592183,4988.333696622097,51.08571310003754,178.80158620001748,3887.0860170513342,260,37687.0,31,True,True,True,True,True,,,,,127,17,127000398,spatial_seed_127,8.4,8.387096774193548,8060,229.88729930005505,178.82710870006122,2.275639628376549,37687.0,1,15
aco_n260_k31_h11_sp137_ds7,aco,260,31,11,7,541.4400421370176,162.53419218912848,145.2108772333983,5038.559957862983,48.97611300006975,120.75159880006686,3291.7421580064474,260,40005.0,31,True,True,True,True,True,,,,,137,7,137000418,spatial_seed_137,8.4,8.387096774193548,8060,169.7277118001366,120.76017530006357,2.082461700526991,40005.0,1,14
ga_n260_k31_h11_sp137_ds7,ga,260,31,11,7,584.0674903674796,161.15911321395225,134.28878267242837,4995.93250963252,48.97611300006975,193.77681790001225,4068.568007466952,260,40005.0,31,True,True,True,True,True,,,,,137,7,137000418,spatial_seed_137,8.4,8.387096774193548,8060,242.752930900082,193.80743300006725,2.2464134244903065,40005.0,1,16
nn_n260_k31_h11_sp137_ds7,nn,260,31,11,7,611.383546940116,160.27795009870593,139.06073442820593,4968.616453059884,48.97611300006975,6.221906300052069,3959.9046658744273,260,40005.0,31,True,True,True,True,True,,,,,137,7,137000418,spatial_seed_137,8.4,8.387096774193548,8060,55.19801930012181,6.222478200099431,2.351475180538908,40005.0,1,15
proposed_n260_k31_h11_sp137_ds7,proposed,260,31,11,7,531.4696779407003,162.85581684062257,143.00952563437227,5048.5303220593,48.97611300006975,1001.6979278000072,3812.699267480815,260,40005.0,31,True,True,True,True,True,False,global_assignment_boundary_sova,64.0,False,137,7,137000418,spatial_seed_137,8.4,8.387096774193548,8060,1050.674040800077,1002.3326358000048,2.0441141459257706,40005.0,1,17
pso_n260_k31_h11_sp137_ds7,pso,260,31,11,7,603.3462671491711,160.5372171887364,139.06073442820593,4976.653732850828,48.97611300006975,174.18496459990274,3959.9046658744273,260,40005.0,31,True,True,True,True,True,,,,,137,7,137000418,spatial_seed_137,8.4,8.387096774193548,8060,223.1610775999725,174.20572149998043,2.32056256595835,40005.0,1,15
aco_n260_k31_h11_sp137_ds17,aco,260,31,11,17,538.3578171630254,162.63361880119274,137.07603993050353,5041.642182836975,51.27635589998681,127.38872219994664,3783.577440833493,260,37687.0,31,True,True,True,True,True,,,,,137,17,137000428,spatial_seed_137,8.4,8.387096774193548,8060,178.66507809993345,127.40780689998064,2.0706069890885592,37687.0,1,17
ga_n260_k31_h11_sp137_ds17,ga,260,31,11,17,568.9221123577653,161.6476737949108,131.8650041235655,5011.077887642235,51.27635589998681,251.5138482999755,4568.4679613117205,260,37687.0,31,True,True,True,True,True,,,,,137,17,137000428,spatial_seed_137,8.4,8.387096774193548,8060,302.7902041999623,251.53980030003004,2.1881619706067896,37687.0,1,18
nn_n260_k31_h11_sp137_ds17,nn,260,31,11,17,598.2931529792883,160.70022087163585,138.21071514415306,4981.706847020711,51.27635589998681,6.2412726999027655,3984.765834526527,260,37687.0,31,True,True,True,True,True,,,,,137,17,137000428,spatial_seed_137,8.4,8.387096774193548,8060,57.517628599889576,6.2417319000232965,2.301127511458801,37687.0,1,18
proposed_n260_k31_h11_sp137_ds17,proposed,260,31,11,17,513.8219001410025,163.42509999545152,141.82515940295428,5066.1780998589975,51.27635589998681,855.8255647000624,4613.621993350938,260,37687.0,31,True,True,True,True,True,False,global_assignment_boundary_sova,64.0,False,137,17,137000428,spatial_seed_137,8.4,8.387096774193548,8060,907.1019206000492,856.993798200041,1.9762380774653945,37687.0,1,20
pso_n260_k31_h11_sp137_ds17,pso,260,31,11,17,589.531567530179,160.9828526603168,142.20096849496122,4990.468432469821,51.27635589998681,177.96267630008515,3866.382549087248,260,37687.0,31,True,True,True,True,True,,,,,137,17,137000428,spatial_seed_137,8.4,8.387096774193548,8060,229.239032200072,177.99396789993625,2.267429105885304,37687.0,1,18
aco_n260_k31_h11_sp147_ds7,aco,260,31,11,7,542.1120303247959,162.51251515081302,141.95793917326165,5037.887969675204,50.2018927000463,147.15474849997554,3941.4338446776255,260,40005.0,31,True,True,True,True,True,,,,,147,7,147000448,spatial_seed_147,8.4,8.387096774193548,8060,197.35664120002184,147.16798890009522,2.0850462704799844,40005.0,1,15
ga_n260_k31_h11_sp147_ds7,ga,260,31,11,7,588.8810980994049,161.0038355451805,140.4632018071966,4991.118901900595,50.2018927000463,200.554305599886,3867.0576968138166,260,40005.0,31,True,True,True,True,True,,,,,147,7,147000448,spatial_seed_147,8.4,8.387096774193548,8060,250.7561982999323,200.5751815000549,2.2649273003823263,40005.0,1,15
nn_n260_k31_h11_sp147_ds7,nn,260,31,11,7,616.5356829430985,160.11175216312586,136.7026437472033,4963.464317056902,50.2018927000463,6.20819879998453,4149.71900913698,260,40005.0,31,True,True,True,True,True,,,,,147,7,147000448,spatial_seed_147,8.4,8.387096774193548,8060,56.41009150003083,6.20871359994635,2.3712910882426868,40005.0,1,15
proposed_n260_k31_h11_sp147_ds7,proposed,260,31,11,7,526.6795058147363,163.0103385221053,139.88159413973597,5053.320494185264,50.2018927000463,426.1119829999516,4739.570863037393,260,40005.0,31,True,True,True,True,True,False,global_assignment_boundary_sova,64.0,False,147,7,147000448,spatial_seed_147,8.4,8.387096774193548,8060,476.3138756999979,426.49472389998846,2.025690406979755,40005.0,1,22
pso_n260_k31_h11_sp147_ds7,pso,260,31,11,7,605.3913655343307,160.4712462730861,138.52129121812771,4974.60863446567,50.2018927000463,163.5890464999247,4149.71900913698,260,40005.0,31,True,True,True,True,True,,,,,147,7,147000448,spatial_seed_147,8.4,8.387096774193548,8060,213.79093919997104,163.6070482999785,2.328428328978195,40005.0,1,15
aco_n260_k31_h11_sp147_ds17,aco,260,31,11,17,527.7671223756192,162.9752541169155,140.18136957592552,5052.23287762438,51.57929399993736,129.30532869999297,3902.2945302446496,260,37687.0,31,True,True,True,True,True,,,,,147,17,147000458,spatial_seed_147,8.4,8.387096774193548,8060,180.88462269993036,129.31721049989574,2.029873547598536,37687.0,1,16
ga_n260_k31_h11_sp147_ds17,ga,260,31,11,17,584.2657533875582,161.1527176326594,136.85632990751634,4995.734246612442,51.57929399993736,208.59246250009164,4412.569331983432,260,37687.0,31,True,True,True,True,True,,,,,147,17,147000458,spatial_seed_147,8.4,8.387096774193548,8060,260.171756500029,208.62930170004256,2.2471759745675315,37687.0,1,16
nn_n260_k31_h11_sp147_ds17,nn,260,31,11,17,615.1479718701011,160.15651703644835,133.9455525887633,4964.852028129899,51.57929399993736,6.418091300060041,4128.304586490064,260,37687.0,31,True,True,True,True,True,,,,,147,17,147000458,spatial_seed_147,8.4,8.387096774193548,8060,57.99738529999741,6.418801599997096,2.3659537379619278,37687.0,1,16
proposed_n260_k31_h11_sp147_ds17,proposed,260,31,11,17,532.1982659699165,162.83231400097046,139.7268331593556,5047.801734030084,51.57929399993736,752.4418756999075,5574.897355837754,260,37687.0,31,True,True,True,True,True,False,global_assignment_boundary_sova,64.0,False,147,17,147000458,spatial_seed_147,8.4,8.387096774193548,8060,804.0211696998449,753.3869272000156,2.046916407576602,37687.0,1,22
pso_n260_k31_h11_sp147_ds17,pso,260,31,11,17,604.0051168422809,160.51596397282967,136.95837095940456,4975.994883157719,51.57929399993736,186.7325532999821,4377.859584937947,260,37687.0,31,True,True,True,True,True,,,,,147,17,147000458,spatial_seed_147,8.4,8.387096774193548,8060,238.31184729991944,186.7563515000511,2.323096603239542,37687.0,1,16
aco_n260_k31_h11_sp157_ds7,aco,260,31,11,7,537.9105019883152,162.64804832295758,137.57878670042342,5042.089498011685,49.9656554000685,129.87073399999645,3397.992299105528,260,40005.0,31,True,True,True,True,True,,,,,157,7,157000478,spatial_seed_157,8.4,8.387096774193548,8060,179.83638940006497,129.88078040000983,2.0688865461089048,40005.0,1,14
ga_n260_k31_h11_sp157_ds7,ga,260,31,11,7,601.8535448976636,160.5853695194302,144.65480333556928,4978.146455102336,49.9656554000685,212.9232601999538,3609.6786652435862,260,40005.0,31,True,True,True,True,True,,,,,157,7,157000478,spatial_seed_157,8.4,8.387096774193548,8060,262.8889156000223,212.94694030005485,2.3148213265294757,40005.0,1,15
nn_n260_k31_h11_sp157_ds7,nn,260,31,11,7,617.1516388425289,160.09188261798295,143.02452572222077,4962.848361157471,49.9656554000685,6.18708439997863,3816.180425970973,260,40005.0,31,True,True,True,True,True,,,,,157,7,157000478,spatial_seed_157,8.4,8.387096774193548,8060,56.15273980004713,6.18760329997167,2.373660149394342,40005.0,1,15
proposed_n260_k31_h11_sp157_ds7,proposed,260,31,11,7,534.0092025571763,162.773896691704,143.6233667673574,5045.990797442824,49.9656554000685,672.9376097000204,3653.694784608031,260,40005.0,31,True,True,True,True,True,False,global_assignment_boundary_sova,64.0,False,157,7,157000478,spatial_seed_157,8.4,8.387096774193548,8060,722.9032651000889,673.4431576000061,2.053881548296832,40005.0,1,15
pso_n260_k31_h11_sp157_ds7,pso,260,31,11,7,608.2211455981777,160.37996304522008,143.02452572222077,4971.778854401822,49.9656554000685,176.04297399998177,3816.180425970973,260,40005.0,31,True,True,True,True,True,,,,,157,7,157000478,spatial_seed_157,8.4,8.387096774193548,8060,226.00862940005027,176.07201010000426,2.339312098454529,40005.0,1,15
aco_n260_k31_h11_sp157_ds17,aco,260,31,11,17,541.6073651141329,162.52879467373765,140.92982341403803,5038.392634885867,49.44545090000611,131.5641763000749,4249.876812865752,260,37687.0,31,True,True,True,True,True,,,,,157,17,157000488,spatial_seed_157,8.4,8.387096774193548,8060,181.009627200081,131.57788590004202,2.083105250438973,37687.0,1,16
ga_n260_k31_h11_sp157_ds17,ga,260,31,11,17,577.6170271286912,161.36719267326802,135.5622619963936,5002.382972871309,49.44545090000611,196.96655100001956,4086.588720402148,260,37687.0,31,True,True,True,True,True,,,,,157,17,157000488,spatial_seed_157,8.4,8.387096774193548,8060,246.41200190002564,196.98749700002367,2.2216039504949663,37687.0,1,17
nn_n260_k31_h11_sp157_ds17,nn,260,31,11,17,597.909410991339,160.71259964544066,131.8108983173153,4982.090589008661,49.44545090000611,6.380691700032912,3860.050382652431,260,37687.0,31,True,True,True,True,True,,,,,157,17,157000488,spatial_seed_157,8.4,8.387096774193548,8060,55.82614260003902,6.381114299991168,2.2996515807359192,37687.0,1,18
proposed_n260_k31_h11_sp157_ds17,proposed,260,31,11,17,513.3059112499661,163.4417447983882,139.88508656423645,5066.694088750034,49.44545090000611,599.2146510001039,5431.34294603577,260,37687.0,31,True,True,True,True,True,False,global_assignment_boundary_sova,64.0,False,157,17,157000488,spatial_seed_157,8.4,8.387096774193548,8060,648.66010190011,599.8912443999434,1.974253504807562,37687.0,1,16
pso_n260_k31_h11_sp157_ds17,pso,260,31,11,17,591.7304579056733,160.91192071272022,133.43768598669016,4988.269542094326,49.44545090000611,168.5406815999886,4037.627059446129,260,37687.0,31,True,True,True,True,True,,,,,157,17,157000488,spatial_seed_157,8.4,8.387096774193548,8060,217.9861324999947,168.5595130000729,2.275886376560282,37687.0,1,18
aco_n260_k31_h11_sp167_ds7,aco,260,31,11,7,543.0773880746373,162.4813745782375,134.7930148809051,5036.922611925363,50.12854339997284,139.43378399999347,3611.485273341688,260,40005.0,31,True,True,True,True,True,,,,,167,7,167000508,spatial_seed_167,8.4,8.387096774193548,8060,189.5623273999663,139.4441982000135,2.088759184902451,40005.0,1,15
ga_n260_k31_h11_sp167_ds7,ga,260,31,11,7,585.0858105437263,161.12626417600882,128.04820053184062,4994.914189456274,50.12854339997284,211.95333799999207,4590.970903530384,260,40005.0,31,True,True,True,True,True,,,,,167,7,167000508,spatial_seed_167,8.4,8.387096774193548,8060,262.0818813999649,211.9764980999753,2.250330040552793,40005.0,1,16
nn_n260_k31_h11_sp167_ds7,nn,260,31,11,7,615.7118680731545,160.13832683634985,126.89110854343453,4964.288131926845,50.12854339997284,6.259633100009523,4127.344814558765,260,40005.0,31,True,True,True,True,True,,,,,167,7,167000508,spatial_seed_167,8.4,8.387096774193548,8060,56.388176499982364,6.260129500064068,2.3681225695121326,40005.0,1,16
proposed_n260_k31_h11_sp167_ds7,proposed,260,31,11,7,519.9357558896373,163.22787884226975,131.7008438528631,5060.064244110363,50.12854339997284,823.5469390000217,4850.640541033723,260,40005.0,31,True,True,True,True,True,False,global_assignment_boundary_sova,64.0,False,167,7,167000508,spatial_seed_167,8.4,8.387096774193548,8060,873.6754823999945,824.6719639999792,1.999752907267836,40005.0,1,18
pso_n260_k31_h11_sp167_ds7,pso,260,31,11,7,608.7454017487694,160.3630515564913,127.02497937669328,4971.254598251231,50.12854339997284,169.81062160001602,3953.4176079732288,260,40005.0,31,True,True,True,True,True,,,,,167,7,167000508,spatial_seed_167,8.4,8.387096774193548,8060,219.9391649999889,169.82956980005838,2.3413284682644977,40005.0,1,16
aco_n260_k31_h11_sp167_ds17,aco,260,31,11,17,532.3729040430895,162.82668051473902,132.17701318852858,5047.62709595691,50.41135079995729,136.2846603000071,3799.690740567311,260,37687.0,31,True,True,True,True,True,,,,,167,17,167000518,spatial_seed_167,8.4,8.387096774193548,8060,186.6960110999644,136.30151280004063,2.047588092473421,37687.0,1,16
ga_n260_k31_h11_sp167_ds17,ga,260,31,11,17,575.0166448438293,161.4510759727797,137.94937747517304,5004.983355156171,50.41135079995729,194.81714219995771,3829.656355751869,260,37687.0,31,True,True,True,True,True,,,,,167,17,167000518,spatial_seed_167,8.4,8.387096774193548,8060,245.22849299991503,194.8434945000336,2.2116024801685743,37687.0,1,17
nn_n260_k31_h11_sp167_ds17,nn,260,31,11,17,583.6281237584626,161.17328633037218,137.84226416424448,4996.371876241537,50.41135079995729,6.252624399960041,3817.22500999637,260,37687.0,31,True,True,True,True,True,,,,,167,17,167000518,spatial_seed_167,8.4,8.387096774193548,8060,56.66397519991733,6.253177899983712,2.244723552917164,37687.0,1,17
proposed_n260_k31_h11_sp167_ds17,proposed,260,31,11,17,517.3621718034403,163.31089768376,136.64049849914926,5062.63782819656,50.41135079995729,1168.473271700088,3958.94972533202,260,37687.0,31,True,True,True,True,True,False,global_assignment_boundary_sova,64.0,False,167,17,167000518,spatial_seed_167,8.4,8.387096774193548,8060,1218.8846225000452,1169.8171841999283,1.989854506936309,37687.0,1,18
pso_n260_k31_h11_sp167_ds17,pso,260,31,11,17,578.4702807992135,161.3396683613157,137.84226416424448,5001.5297192007865,50.41135079995729,173.0603006000165,3817.22500999637,260,37687.0,31,True,True,True,True,True,,,,,167,17,167000518,spatial_seed_167,8.4,8.387096774193548,8060,223.47165139997375,173.07901880005377,2.22488569538159,37687.0,1,17
aco_n260_k31_h11_sp177_ds7,aco,260,31,11,7,550.8674191519123,162.2300832531641,129.53691239697173,5029.132580848088,49.94838120008353,127.92394280002918,4634.660109573182,260,40005.0,31,True,True,True,True,True,,,,,177,7,177000538,spatial_seed_177,8.4,8.387096774193548,8060,177.8723240001127,127.93429900007322,2.11872084289197,40005.0,1,14
ga_n260_k31_h11_sp177_ds7,ga,260,31,11,7,614.4507921021008,160.17900670638386,133.28285478725564,4965.5492078979,49.94838120008353,198.093035900034,4408.0411501089575,260,40005.0,31,True,True,True,True,True,,,,,177,7,177000538,spatial_seed_177,8.4,8.387096774193548,8060,248.04141710011757,198.11980159999803,2.3632722773157724,40005.0,1,15
nn_n260_k31_h11_sp177_ds7,nn,260,31,11,7,631.0822195112197,159.64250904802518,132.01021240072913,4948.91778048878,49.94838120008353,6.393642900045961,3849.8603201024753,260,40005.0,31,True,True,True,True,True,,,,,177,7,177000538,spatial_seed_177,8.4,8.387096774193548,8060,56.34202410012949,6.394165699952282,2.427239305812384,40005.0,1,15
proposed_n260_k31_h11_sp177_ds7,proposed,260,31,11,7,526.1023304337747,163.02895708278146,131.41758841590803,5053.897669566225,49.94838120008353,703.9668179999571,4560.190079151277,260,40005.0,31,True,True,True,True,True,False,global_assignment_boundary_sova,64.0,False,177,7,177000538,spatial_seed_177,8.4,8.387096774193548,8060,753.9151992000407,704.4949687999906,2.0234705016683643,40005.0,1,17
pso_n260_k31_h11_sp177_ds7,pso,260,31,11,7,619.9060613342737,160.00303027953956,132.16079126364906,4960.093938665727,49.94838120008353,177.00609890010674,4374.317670076477,260,40005.0,31,True,True,True,True,True,,,,,177,7,177000538,spatial_seed_177,8.4,8.387096774193548,8060,226.95448010019027,177.02675760001875,2.3842540820548987,40005.0,1,15
aco_n260_k31_h11_sp177_ds17,aco,260,31,11,17,537.952681400842,162.64668769674702,121.10245467998136,5042.047318599158,51.848771299934015,136.16864459996577,5491.8917297125045,260,37687.0,31,True,True,True,True,True,,,,,177,17,177000548,spatial_seed_177,8.4,8.387096774193548,8060,188.0174158998998,136.1790803000331,2.069048774618623,37687.0,1,16
ga_n260_k31_h11_sp177_ds17,ga,260,31,11,17,596.0542541240862,160.77244341535206,126.0138465512588,4983.945745875913,51.848771299934015,209.08197880000807,4333.353156427534,260,37687.0,31,True,True,True,True,True,,,,,177,17,177000548,spatial_seed_177,8.4,8.387096774193548,8060,260.9307500999421,209.11153449991247,2.2925163620157165,37687.0,1,17
nn_n260_k31_h11_sp177_ds17,nn,260,31,11,17,623.0453989626408,159.9017613237858,129.45852973671165,4956.95460103736,51.848771299934015,6.360705900005996,4007.94291457398,260,37687.0,31,True,True,True,True,True,,,,,177,17,177000548,spatial_seed_177,8.4,8.387096774193548,8060,58.20947719994001,6.361040799994953,2.3963284575486186,37687.0,1,17
proposed_n260_k31_h11_sp177_ds17,proposed,260,31,11,17,523.1731104506006,163.12344804998062,126.87982630558918,5056.826889549399,51.848771299934015,506.6784992000321,5398.702640237522,260,37687.0,31,True,True,True,True,True,False,global_assignment_boundary_sova,64.0,False,177,17,177000548,spatial_seed_177,8.4,8.387096774193548,8060,558.5272704999661,507.32405020005535,2.0122042709638484,37687.0,1,24
pso_n260_k31_h11_sp177_ds17,pso,260,31,11,17,613.7662747352658,160.2010879117656,134.3266788350847,4966.233725264734,51.848771299934015,169.50405770004727,4007.94291457398,260,37687.0,31,True,True,True,True,True,,,,,177,17,177000548,spatial_seed_177,8.4,8.387096774193548,8060,221.35282899998128,169.5238380000228,2.360639518212561,37687.0,1,17
aco_n260_k31_h11_sp187_ds7,aco,260,31,11,7,558.695942247151,161.9775502500919,129.73839338891776,5021.304057752849,49.98000269988552,133.92213419999462,4068.68931598784,260,40005.0,31,True,True,True,True,True,,,,,187,7,187000568,spatial_seed_187,8.4,8.387096774193548,8060,183.90213689988013,133.93324899999425,2.148830547104427,40005.0,1,16
ga_n260_k31_h11_sp187_ds7,ga,260,31,11,7,595.8039054358443,160.7805191794889,124.74552977758258,4984.196094564156,49.98000269988552,202.93660100002307,4500.793110091497,260,40005.0,31,True,True,True,True,True,,,,,187,7,187000568,spatial_seed_187,8.4,8.387096774193548,8060,252.9166036999086,202.95829039998355,2.291553482445555,40005.0,1,15
nn_n260_k31_h11_sp187_ds7,nn,260,31,11,7,622.9584554098142,159.9045659545221,124.97991117491222,4957.041544590185,49.98000269988552,6.7141073000384495,4479.211779474327,260,40005.0,31,True,True,True,True,True,,,,,187,7,187000568,spatial_seed_187,8.4,8.387096774193548,8060,56.69410999992397,6.715276699978858,2.3959940592685163,40005.0,1,15
proposed_n260_k31_h11_sp187_ds7,proposed,260,31,11,7,538.3118811050423,162.63510060951475,136.53372040411045,5041.688118894957,49.98000269988552,584.9045939999633,4509.617225653932,260,40005.0,31,True,True,True,True,True,False,global_assignment_boundary_sova,64.0,False,187,7,187000568,spatial_seed_187,8.4,8.387096774193548,8060,634.8845966998488,585.4730126999784,2.0704303119424705,40005.0,1,19
pso_n260_k31_h11_sp187_ds7,pso,260,31,11,7,620.3069848732814,159.99009726215223,124.97991117491222,4959.693015126719,49.98000269988552,172.23074360005558,4479.211779474327,260,40005.0,31,True,True,True,True,True,,,,,187,7,187000568,spatial_seed_187,8.4,8.387096774193548,8060,222.2107462999411,172.24964779999573,2.3857960956664668,40005.0,1,15
aco_n260_k31_h11_sp187_ds17,aco,260,31,11,17,539.6573041377724,162.59169986652347,133.56430696294638,5040.342695862228,52.34319400007371,135.7009948999621,4376.191121447371,260,37687.0,31,True,True,True,True,True,,,,,187,17,187000578,spatial_seed_187,8.4,8.387096774193548,8060,188.0441889000358,135.71273169992492,2.075605015914509,37687.0,1,16
ga_n260_k31_h11_sp187_ds17,ga,260,31,11,17,581.7784645297052,161.2329527571063,130.43198677888415,4998.221535470295,52.34319400007371,232.0553405999672,4653.770169318193,260,37687.0,31,True,True,True,True,True,,,,,187,17,187000578,spatial_seed_187,8.4,8.387096774193548,8060,284.3985346000409,232.0803560999921,2.2376094789604046,37687.0,1,17
nn_n260_k31_h11_sp187_ds17,nn,260,31,11,17,610.0570143462005,160.3207414727032,129.64734765765138,4969.942985653799,52.34319400007371,6.809360199957155,4643.048107532394,260,37687.0,31,True,True,True,True,True,,,,,187,17,187000578,spatial_seed_187,8.4,8.387096774193548,8060,59.15255420003086,6.810141599969938,2.346373132100771,37687.0,1,17
proposed_n260_k31_h11_sp187_ds17,proposed,260,31,11,17,529.7309113788282,162.91190608455395,135.0554213005979,5050.269088621172,52.34319400007371,677.7288092999952,4661.170296042255,260,37687.0,31,True,True,True,True,True,False,global_assignment_boundary_sova,64.0,False,187,17,187000578,spatial_seed_187,8.4,8.387096774193548,8060,730.0720033000689,678.6221754000289,2.0374265822262623,37687.0,1,18
pso_n260_k31_h11_sp187_ds17,pso,260,31,11,17,602.6988085102587,160.558102951282,129.64734765765138,4977.3011914897415,52.34319400007371,178.8854893000098,4643.048107532394,260,37687.0,31,True,True,True,True,True,,,,,187,17,187000578,spatial_seed_187,8.4,8.387096774193548,8060,231.2286833000835,178.90580970002338,2.318072340424072,37687.0,1,17
aco_n260_k31_h11_sp197_ds7,aco,260,31,11,7,529.0602001270178,162.93354193138651,141.49841788405348,5050.939799872982,49.59143819997553,136.24171730002854,3745.983614872939,260,40005.0,31,True,True,True,True,True,,,,,197,7,197000598,spatial_seed_197,8.4,8.387096774193548,8060,185.83315550000407,136.25474669993855,2.034846923565453,40005.0,1,16
ga_n260_k31_h11_sp197_ds7,ga,260,31,11,7,602.697214227158,160.5581543797691,133.60682156214972,4977.302785772842,49.59143819997553,198.9955116000492,4638.645433151347,260,40005.0,31,True,True,True,True,True,,,,,197,7,197000598,spatial_seed_197,8.4,8.387096774193548,8060,248.58694980002477,199.0204298000317,2.3180662085659924,40005.0,1,16
nn_n260_k31_h11_sp197_ds7,nn,260,31,11,7,632.6352472669967,159.59241137848397,133.26991426335093,4947.364752733003,49.59143819997553,6.19309929991141,4249.288714767363,260,40005.0,31,True,True,True,True,True,,,,,197,7,197000598,spatial_seed_197,8.4,8.387096774193548,8060,55.78453749988694,6.193355800001882,2.4332124894884486,40005.0,1,15
proposed_n260_k31_h11_sp197_ds7,proposed,260,31,11,7,519.0423626908686,163.2566979777139,139.95577173992643,5060.957637309131,49.59143819997553,646.6572662999388,4300.555489486001,260,40005.0,31,True,True,True,True,True,False,global_assignment_boundary_sova,64.0,False,197,7,197000598,spatial_seed_197,8.4,8.387096774193548,8060,696.2487044999143,647.3349521000637,1.996316779580264,40005.0,1,19
pso_n260_k31_h11_sp197_ds7,pso,260,31,11,7,618.1971738578794,160.0581556820039,125.35992528953972,4961.8028261421205,49.59143819997553,178.07850099995267,4513.178112570289,260,40005.0,31,True,True,True,True,True,,,,,197,7,197000598,spatial_seed_197,8.4,8.387096774193548,8060,227.6699391999282,178.09793809999246,2.3776814379149207,40005.0,1,15
aco_n260_k31_h11_sp197_ds17,aco,260,31,11,17,533.1048334419249,162.80306988897016,146.12804101643678,5046.895166558075,51.24666339997202,135.4616477000527,3446.653812624116,260,37687.0,31,True,True,True,True,True,,,,,197,17,197000608,spatial_seed_197,8.4,8.387096774193548,8060,186.70831110002476,135.47187129990198,2.050403205545865,37687.0,1,17
ga_n260_k31_h11_sp197_ds17,ga,260,31,11,17,586.8954058595378,161.06789013356328,136.48944511255786,4993.104594140462,51.24666339997202,228.4138880999526,4508.564274045984,260,37687.0,31,True,True,True,True,True,,,,,197,17,197000608,spatial_seed_197,8.4,8.387096774193548,8060,279.6605514999246,228.4385124000255,2.257290022536684,37687.0,1,17
nn_n260_k31_h11_sp197_ds17,nn,260,31,11,17,614.6304122573545,160.17321250782726,132.63311718348876,4965.369587742645,51.24666339997202,6.29934109991882,4103.120412839607,260,37687.0,31,True,True,True,True,True,,,,,197,17,197000608,spatial_seed_197,8.4,8.387096774193548,8060,57.54600449989084,6.299927099957131,2.363963124066748,37687.0,1,18
proposed_n260_k31_h11_sp197_ds17,proposed,260,31,11,17,509.9021625104957,163.55154314482272,144.65811623085727,5070.097837489504,51.24666339997202,393.632170900004,4427.098248861524,260,37687.0,31,True,True,True,True,True,False,global_assignment_boundary_sova,64.0,False,197,17,197000608,spatial_seed_197,8.4,8.387096774193548,8060,444.878834299976,394.1822660000762,1.9611621635019063,37687.0,1,22
pso_n260_k31_h11_sp197_ds17,pso,260,31,11,17,604.4112958558379,160.50286142400523,135.54112755446255,4975.588704144162,51.24666339997202,174.4800622999901,4590.692491076171,260,37687.0,31,True,True,True,True,True,,,,,197,17,197000608,spatial_seed_197,8.4,8.387096774193548,8060,225.7267256999621,174.50000859994907,2.3246588302147613,37687.0,1,18
aco_n280_k33_h11_sp107_ds7,aco,280,33,11,7,577.3361476265662,162.50496522343738,141.237588394042,5362.663852373434,55.03258870006539,155.8146362999687,3686.84952178674,280,43260.0,33,True,True,True,True,True,,,,,107,7,107000328,spatial_seed_107,8.4,8.484848484848484,9240,210.8472250000341,155.82911499997135,2.0619148129520224,43260.0,1,15
ga_n280_k33_h11_sp107_ds7,ga,280,33,11,7,640.9562353229303,160.57708377809303,140.61951613431344,5299.04376467707,55.03258870006539,229.15969759994184,3720.329907808865,280,43260.0,33,True,True,True,True,True,,,,,107,7,107000328,spatial_seed_107,8.4,8.484848484848484,9240,284.19228630000725,229.1884324999992,2.289129411867608,43260.0,1,15
nn_n280_k33_h11_sp107_ds7,nn,280,33,11,7,672.4379859995595,159.62309133334668,135.7833521515256,5267.56201400044,55.03258870006539,7.80853139993269,3744.941850706103,280,43260.0,33,True,True,True,True,True,,,,,107,7,107000328,spatial_seed_107,8.4,8.484848484848484,9240,62.84112009999808,7.809196699992754,2.4015642357127125,43260.0,1,15
proposed_n280_k33_h11_sp107_ds7,proposed,280,33,11,7,548.299685493337,163.38485801535342,143.87069916015062,5391.700314506663,55.03258870006539,734.2213209000183,3578.058527368735,280,43260.0,33,True,True,True,True,True,False,global_assignment_boundary_sova,64.0,False,107,7,107000328,spatial_seed_107,8.4,8.484848484848484,9240,789.2539096000837,735.0665242999094,1.958213162476204,43260.0,1,15
pso_n280_k33_h11_sp107_ds7,pso,280,33,11,7,662.6164994728912,159.9207121371851,139.6390747642228,5277.3835005271085,55.03258870006539,194.38162150001156,3592.951622170071,280,43260.0,33,True,True,True,True,True,,,,,107,7,107000328,spatial_seed_107,8.4,8.484848484848484,9240,249.41421020007687,194.4217688998906,2.3664874981174684,43260.0,1,15
aco_n280_k33_h11_sp107_ds17,aco,280,33,11,17,582.1716592245537,162.3584345689529,128.68647854499488,5357.828340775446,55.54524799995124,164.70654970000032,4895.705230575871,280,40638.0,33,True,True,True,True,True,,,,,107,17,107000338,spatial_seed_107,8.4,8.484848484848484,9240,220.2517976999516,164.72436710004695,2.079184497230549,40638.0,1,17
ga_n280_k33_h11_sp107_ds17,ga,280,33,11,17,628.7258808370431,160.94770058069565,136.47786321669798,5311.274119162957,55.54524799995124,249.83770759997424,4458.092411416614,280,40638.0,33,True,True,True,True,True,,,,,107,17,107000338,spatial_seed_107,8.4,8.484848484848484,9240,305.3829555999255,249.87374770001043,2.2454495744180107,40638.0,1,17
nn_n280_k33_h11_sp107_ds17,nn,280,33,11,17,652.7381646130394,160.22005561778667,123.25877642398186,5287.26183538696,55.54524799995124,7.7162892000051215,4201.098742621969,280,40638.0,33,True,True,True,True,True,,,,,107,17,107000338,spatial_seed_107,8.4,8.484848484848484,9240,63.261537199956365,7.716979500022717,2.331207730760855,40638.0,1,17
proposed_n280_k33_h11_sp107_ds17,proposed,280,33,11,17,544.3320987318879,163.50508791721552,138.425470291633,5395.6679012681125,55.54524799995124,1214.2329578000354,4279.247597014225,280,40638.0,33,True,True,True,True,True,False,global_assignment_boundary_sova,64.0,False,107,17,107000338,spatial_seed_107,8.4,8.484848484848484,9240,1269.7782057999866,1215.7102129000705,1.9440432097567424,40638.0,1,20
pso_n280_k33_h11_sp107_ds17,pso,280,33,11,17,647.7516220819952,160.37116296721226,123.1829536844618,5292.248377918005,55.54524799995124,210.90567579993512,4448.826425446311,280,40638.0,33,True,True,True,True,True,,,,,107,17,107000338,spatial_seed_107,8.4,8.484848484848484,9240,266.4509237998864,210.9335302999243,2.31339865029284,40638.0,1,17
aco_n280_k33_h11_sp117_ds7,aco,280,33,11,7,559.4112183611883,163.04814489814584,139.68551818756282,5380.588781638812,53.49899979995098,142.75805559998844,3979.245636851807,280,43260.0,33,True,True,True,True,True,,,,,117,7,117000358,spatial_seed_117,8.4,8.484848484848484,9240,196.25705539993945,142.7699500999879,1.9978972084328157,43260.0,1,16
ga_n280_k33_h11_sp117_ds7,ga,280,33,11,7,627.8461702056193,160.9743584786176,130.2268259905403,5312.153829794381,53.49899979995098,241.6552374999737,4812.35651456085,280,43260.0,33,True,True,True,True,True,,,,,117,7,117000358,spatial_seed_117,8.4,8.484848484848484,9240,295.1542372999247,241.68477910000365,2.2423077507343545,43260.0,1,15
nn_n280_k33_h11_sp117_ds7,nn,280,33,11,7,647.796346544476,160.36980768047042,132.99568507364418,5292.203653455524,53.49899979995098,7.5678557000355795,4812.35651456085,280,43260.0,33,True,True,True,True,True,,,,,117,7,117000358,spatial_seed_117,8.4,8.484848484848484,9240,61.06685549998656,7.568674599984661,2.313558380515986,43260.0,1,15
proposed_n280_k33_h11_sp117_ds7,proposed,280,33,11,7,556.574316846193,163.13411161072142,140.61098171524606,5383.425683153807,53.49899979995098,641.7482666000724,4491.525253379354,280,43260.0,33,True,True,True,True,True,False,global_assignment_boundary_sova,64.0,False,117,7,117000358,spatial_seed_117,8.4,8.484848484848484,9240,695.2472664000234,642.4143292999361,1.9877654173078323,43260.0,1,23
pso_n280_k33_h11_sp117_ds7,pso,280,33,11,7,646.0847979378849,160.42167278976106,132.99568507364418,5293.915202062115,53.49899979995098,208.3584111999953,4812.35651456085,280,43260.0,33,True,True,True,True,True,,,,,117,7,117000358,spatial_seed_117,8.4,8.484848484848484,9240,261.8574109999463,208.3885919000022,2.3074457069210177,43260.0,1,15
aco_n280_k33_h11_sp117_ds17,aco,280,33,11,17,551.9847448607655,163.2731895496738,143.18761020414493,5388.015255139235,54.72849060001317,139.566295000026,4022.487635673689,280,40638.0,33,True,True,True,True,True,,,,,117,17,117000368,spatial_seed_117,8.4,8.484848484848484,9240,194.2947856000392,139.5761398000177,1.9713740887884483,40638.0,1,15
ga_n280_k33_h11_sp117_ds17,ga,280,33,11,17,625.1168670471582,161.05706463493462,143.14059251946105,5314.883132952842,54.72849060001317,240.82741260004696,3983.866728935616,280,40638.0,33,True,True,True,True,True,,,,,117,17,117000368,spatial_seed_117,8.4,8.484848484848484,9240,295.55590320006013,240.8700093999505,2.2325602394541364,40638.0,1,16
nn_n280_k33_h11_sp117_ds17,nn,280,33,11,17,636.4170411925945,160.71463511537593,140.71529468301608,5303.582958807406,54.72849060001317,7.766498400014825,3835.411454572676,280,40638.0,33,True,True,True,True,True,,,,,117,17,117000368,spatial_seed_117,8.4,8.484848484848484,9240,62.494989000028,7.767087399959564,2.272918004259266,40638.0,1,16
proposed_n280_k33_h11_sp117_ds17,proposed,280,33,11,17,544.4958502766906,163.5001257491912,140.90802805803202,5395.50414972331,54.72849060001317,627.3897695000051,4503.793994785675,280,40638.0,33,True,True,True,True,True,False,global_assignment_boundary_sova,64.0,False,117,17,117000368,spatial_seed_117,8.4,8.484848484848484,9240,682.1182601000182,628.2209899000591,1.9446280367024664,40638.0,1,16
pso_n280_k33_h11_sp117_ds17,pso,280,33,11,17,630.6746783825556,160.88864610961951,141.9122508466563,5309.325321617444,54.72849060001317,197.31891300005373,3527.385740412209,280,40638.0,33,True,True,True,True,True,,,,,117,17,117000368,spatial_seed_117,8.4,8.484848484848484,9240,252.0474036000669,197.37067920004483,2.2524095656519845,40638.0,1,16
aco_n280_k33_h11_sp127_ds7,aco,280,33,11,7,566.5985980369434,162.83034551403202,135.5748852487904,5373.401401963057,55.132691200007685,156.67794379999395,4269.086078209104,280,43260.0,33,True,True,True,True,True,,,,,127,7,127000388,spatial_seed_127,8.4,8.484848484848484,9240,211.81063500000164,156.69306189997587,2.023566421560512,43260.0,1,16
ga_n280_k33_h11_sp127_ds7,ga,280,33,11,7,632.7286174324151,160.82640553235106,136.2553493310378,5307.271382567585,55.132691200007685,299.0747058999259,4696.611835698616,280,43260.0,33,True,True,True,True,True,,,,,127,7,127000388,spatial_seed_127,8.4,8.484848484848484,9240,354.2073970999336,299.1183031999972,2.259745062258625,43260.0,1,15
nn_n280_k33_h11_sp127_ds7,nn,280,33,11,7,664.2332686089755,159.87171913306133,141.7769679344215,5275.766731391024,55.132691200007685,8.296160199912265,3782.9041556632887,280,43260.0,33,True,True,True,True,True,,,,,127,7,127000388,spatial_seed_127,8.4,8.484848484848484,9240,63.42885139991995,8.297053200076334,2.372261673603484,43260.0,1,15
proposed_n280_k33_h11_sp127_ds7,proposed,280,33,11,7,567.6572071659876,162.79826644951552,137.76282576594525,5372.3427928340125,55.132691200007685,666.3837912000017,4531.830895808967,280,43260.0,33,True,True,True,True,True,False,global_assignment_boundary_sova,64.0,False,127,7,127000388,spatial_seed_127,8.4,8.484848484848484,9240,721.5164824000094,667.1176340000238,2.027347168449956,43260.0,1,16
pso_n280_k33_h11_sp127_ds7,pso,280,33,11,7,655.6576050805476,160.1315877248319,141.9681987153192,5284.342394919452,55.132691200007685,215.24480750004292,3767.857644708253,280,43260.0,33,True,True,True,True,True,,,,,127,7,127000388,spatial_seed_127,8.4,8.484848484848484,9240,270.37749870005064,215.2751521000173,2.3416343038590983,43260.0,1,15
aco_n280_k33_h11_sp127_ds17,aco,280,33,11,17,568.3568449820481,162.77706530357432,130.38672573138226,5371.643155017952,56.260696699959226,153.86830710002687,5400.186248819905,280,40638.0,33,True,True,True,True,True,,,,,127,17,127000398,spatial_seed_127,8.4,8.484848484848484,9240,210.1290037999861,153.88536210008897,2.029845874935886,40638.0,1,16
ga_n280_k33_h11_sp127_ds17,ga,280,33,11,17,612.3127511195343,161.4450681478929,136.71163691303337,5327.687248880466,56.260696699959226,283.5739438999444,5646.520843848014,280,40638.0,33,True,True,True,True,True,,,,,127,17,127000398,spatial_seed_127,8.4,8.484848484848484,9240,339.83464059990365,283.60864009999204,2.1868312539983368,40638.0,1,16
nn_n280_k33_h11_sp127_ds17,nn,280,33,11,17,642.2643074322112,160.53744522932692,138.00970568897185,5297.735692567789,56.260696699959226,7.824053200078197,3873.624781771184,280,40638.0,33,True,True,True,True,True,,,,,127,17,127000398,spatial_seed_127,8.4,8.484848484848484,9240,64.08474990003742,7.824491800041869,2.293801097972183,40638.0,1,17
proposed_n280_k33_h11_sp127_ds17,proposed,280,33,11,17,564.8851943798861,162.88226683697314,138.45060969267607,5375.114805620114,56.260696699959226,875.6409945000196,4187.336398509904,280,40638.0,33,True,True,True,True,True,False,global_assignment_boundary_sova,64.0,False,127,17,127000398,spatial_seed_127,8.4,8.484848484848484,9240,931.9016911999788,876.5959669000003,2.0174471227853075,40638.0,1,19
pso_n280_k33_h11_sp127_ds17,pso,280,33,11,17,631.5752621646022,160.86135569198174,138.00970568897185,5308.4247378353975,56.260696699959226,208.2197037999285,5024.872632012372,280,40638.0,33,True,True,True,True,True,,,,,127,17,127000398,spatial_seed_127,8.4,8.484848484848484,9240,264.48040049988776,208.24806709995028,2.2556259363021507,40638.0,1,17
aco_n280_k33_h11_sp137_ds7,aco,280,33,11,7,576.7517684850455,162.52267368227135,139.8492507955442,5363.248231514955,54.51749670004938,162.6291924000252,4369.232417264079,280,43260.0,33,True,True,True,True,True,,,,,137,7,137000418,spatial_seed_137,8.4,8.484848484848484,9240,217.14668910007455,162.6479285999667,2.059827744589448,43260.0,1,17
ga_n280_k33_h11_sp137_ds7,ga,280,33,11,7,639.6275194146829,160.61734789652476,137.6586836919634,5300.372480585317,54.51749670004938,253.15132519998588,4307.279151047724,280,43260.0,33,True,True,True,True,True,,,,,137,7,137000418,spatial_seed_137,8.4,8.484848484848484,9240,307.66882190003525,253.18693610001355,2.2843839979095817,43260.0,1,14
nn_n280_k33_h11_sp137_ds7,nn,280,33,11,7,660.0693070497362,159.99789978637162,138.36365426858225,5279.930692950264,54.51749670004938,8.659130500047468,4062.7231804936855,280,43260.0,33,True,True,True,True,True,,,,,137,7,137000418,spatial_seed_137,8.4,8.484848484848484,9240,63.176627200096846,8.659682200057432,2.3573903823204865,43260.0,1,15
proposed_n280_k33_h11_sp137_ds7,proposed,280,33,11,7,554.118623748498,163.2085265530758,142.6806974473612,5385.881376251502,54.51749670004938,1159.7035688000033,4600.344512887538,280,43260.0,33,True,True,True,True,True,False,global_assignment_boundary_sova,64.0,False,137,7,137000418,spatial_seed_137,8.4,8.484848484848484,9240,1214.2210655000526,1160.575006500003,1.978995084816064,43260.0,1,18
pso_n280_k33_h11_sp137_ds7,pso,280,33,11,7,655.7206359633058,160.12967769808165,138.66532963954285,5284.279364036695,54.51749670004938,198.8207932000514,4201.006383223332,280,43260.0,33,True,True,True,True,True,,,,,137,7,137000418,spatial_seed_137,8.4,8.484848484848484,9240,253.3382899001008,198.84775780001652,2.341859414154664,43260.0,1,15
aco_n280_k33_h11_sp137_ds17,aco,280,33,11,17,566.6153904574261,162.82983665280528,144.6948008938296,5373.384609542574,55.999267499893904,144.84811390005052,3445.3993192535936,280,40638.0,33,True,True,True,True,True,,,,,137,17,137000428,spatial_seed_137,8.4,8.484848484848484,9240,200.8473813999444,144.85977069998626,2.0236263944908077,40638.0,1,15
ga_n280_k33_h11_sp137_ds17,ga,280,33,11,17,606.6528264811701,161.61658101572212,142.15712950483814,5333.34717351883,55.999267499893904,303.7594916999806,3719.709367613624,280,40638.0,33,True,True,True,True,True,,,,,137,17,137000428,spatial_seed_137,8.4,8.484848484848484,9240,359.7587591998745,303.79661070008297,2.1666172374327504,40638.0,1,16
nn_n280_k33_h11_sp137_ds17,nn,280,33,11,17,640.8817077739689,160.57934218866762,137.56815861876862,5299.118292226031,55.999267499893904,7.905332299997099,4057.438710346998,280,40638.0,33,True,True,True,True,True,,,,,137,17,137000428,spatial_seed_137,8.4,8.484848484848484,9240,63.904599799891,7.906185599975288,2.2888632420498887,40638.0,1,16
proposed_n280_k33_h11_sp137_ds17,proposed,280,33,11,17,557.9023735634086,163.0938674677755,142.87689600294922,5382.097626436592,55.999267499893904,1395.072157500079,4438.471764647906,280,40638.0,33,True,True,True,True,True,False,global_assignment_boundary_sova,64.0,False,137,17,137000428,spatial_seed_137,8.4,8.484848484848484,9240,1451.0714249999728,1396.1333117999602,1.9925084770121733,40638.0,1,17
pso_n280_k33_h11_sp137_ds17,pso,280,33,11,17,630.6700093043876,160.88878759683675,132.924063229188,5309.329990695613,55.999267499893904,209.83732649998277,4057.438710346998,280,40638.0,33,True,True,True,True,True,,,,,137,17,137000428,spatial_seed_137,8.4,8.484848484848484,9240,265.83659399987664,209.86541099997703,2.2523928903728128,40638.0,1,16
aco_n280_k33_h11_sp147_ds7,aco,280,33,11,7,579.5481067398201,162.43793615939938,138.68340357290646,5360.45189326018,53.0342515000375,168.8332914999919,3889.489507183088,280,43260.0,33,True,True,True,True,True,,,,,147,7,147000448,spatial_seed_147,8.4,8.484848484848484,9240,221.8675430000294,168.8506415000884,2.069814666927929,43260.0,1,15
ga_n280_k33_h11_sp147_ds7,ga,280,33,11,7,652.3881116315764,160.23066328389163,128.2119387250526,5287.611888368424,53.0342515000375,227.38113220001105,6080.808778191594,280,43260.0,33,True,True,True,True,True,,,,,147,7,147000448,spatial_seed_147,8.4,8.484848484848484,9240,280.4153837000485,227.40891560004093,2.3299575415413445,43260.0,1,15
nn_n280_k33_h11_sp147_ds7,nn,280,33,11,7,673.8567375614318,159.5800988617748,135.3015075914189,5266.143262438568,53.0342515000375,7.67905149993021,4231.692928755799,280,43260.0,33,True,True,True,True,True,,,,,147,7,147000448,spatial_seed_147,8.4,8.484848484848484,9240,60.71330299996771,7.680030699935742,2.4066312055765424,43260.0,1,15
proposed_n280_k33_h11_sp147_ds7,proposed,280,33,11,7,569.5865449477409,162.7398016682503,144.09869396374583,5370.413455052259,53.0342515000375,964.5462569000664,3696.5922249106047,280,43260.0,33,True,True,True,True,True,False,global_assignment_boundary_sova,64.0,False,147,7,147000448,spatial_seed_147,8.4,8.484848484848484,9240,1017.580508400104,965.5045187999494,2.034237660527646,43260.0,1,18
pso_n280_k33_h11_sp147_ds7,pso,280,33,11,7,670.1420361941776,159.6926655698734,138.34199606431707,5269.857963805823,53.0342515000375,205.68467460002284,3955.057216076235,280,43260.0,33,True,True,True,True,True,,,,,147,7,147000448,spatial_seed_147,8.4,8.484848484848484,9240,258.71892610006034,205.71888850000687,2.3933644149792057,43260.0,1,15
aco_n280_k33_h11_sp147_ds17,aco,280,33,11,17,563.6460113278791,162.9198178385491,135.18098458487412,5376.353988672121,57.867992499959655,141.36411350010894,4119.219329935975,280,40638.0,33,True,True,True,True,True,,,,,147,17,147000458,spatial_seed_147,8.4,8.484848484848484,9240,199.2321060000686,141.3758547999896,2.01302146902814,40638.0,1,16
ga_n280_k33_h11_sp147_ds17,ga,280,33,11,17,623.1366820750268,161.1170702401507,138.46780145944896,5316.863317924973,57.867992499959655,225.52093810006045,4501.453509906527,280,40638.0,33,True,True,True,True,True,,,,,147,17,147000458,spatial_seed_147,8.4,8.484848484848484,9240,283.3889306000201,225.54701700003352,2.2254881502679527,40638.0,1,16
nn_n280_k33_h11_sp147_ds17,nn,280,33,11,17,632.5579706842539,160.8315766459317,137.2403066330322,5307.442029315746,57.867992499959655,7.678391299908981,4080.927640600694,280,40638.0,33,True,True,True,True,True,,,,,147,17,147000458,spatial_seed_147,8.4,8.484848484848484,9240,65.54638379986864,7.679033600026742,2.259135609586621,40638.0,1,16
proposed_n280_k33_h11_sp147_ds17,proposed,280,33,11,17,568.6018344735731,162.7696413795887,137.92839217961347,5371.398165526427,57.867992499959655,2021.395883499994,4840.70450798401,280,40638.0,33,True,True,True,True,True,False,global_assignment_boundary_sova,64.0,False,147,17,147000458,spatial_seed_147,8.4,8.484848484848484,9240,2079.2638759999536,2022.6297686999897,2.0307208374056183,40638.0,1,22
pso_n280_k33_h11_sp147_ds17,pso,280,33,11,17,620.8885333398401,161.18519595939878,138.46780145944896,5319.11146666016,57.867992499959655,210.87161740008744,4514.015865110229,280,40638.0,33,True,True,True,True,True,,,,,147,17,147000458,spatial_seed_147,8.4,8.484848484848484,9240,268.73960990004707,210.90474619995803,2.2174590476422864,40638.0,1,16
aco_n280_k33_h11_sp157_ds7,aco,280,33,11,7,568.291155278037,162.77905590066555,129.13574630754763,5371.708844721963,55.07501539995428,144.5034434000263,5013.899924021009,280,43260.0,33,True,True,True,True,True,,,,,157,7,157000478,spatial_seed_157,8.4,8.484848484848484,9240,199.57845879998055,144.51638709998224,2.029611268850132,43260.0,1,15
ga_n280_k33_h11_sp157_ds7,ga,280,33,11,7,620.5269237457572,161.19615382588614,140.31660500543558,5319.473076254243,55.07501539995428,208.7307193999877,3522.7235971047494,280,43260.0,33,True,True,True,True,True,,,,,157,7,157000478,spatial_seed_157,8.4,8.484848484848484,9240,263.805734799942,208.75730789999943,2.216167584806276,43260.0,1,15
nn_n280_k33_h11_sp157_ds7,nn,280,33,11,7,647.8087347517554,160.36943228024984,135.1833031486902,5292.191265248244,55.07501539995428,8.505569600034505,4203.540175196104,280,43260.0,33,True,True,True,True,True,,,,,157,7,157000478,spatial_seed_157,8.4,8.484848484848484,9240,63.58058499998879,8.506220199982636,2.3136026241134124,43260.0,1,16
proposed_n280_k33_h11_sp157_ds7,proposed,280,33,11,7,563.657878368883,162.91945823124598,131.62459648754552,5376.342121631117,55.07501539995428,432.4883365000133,5499.196332757233,280,43260.0,33,True,True,True,True,True,False,global_assignment_boundary_sova,64.0,False,157,7,157000478,spatial_seed_157,8.4,8.484848484848484,9240,487.56335189996753,432.8973811999895,2.013063851317439,43260.0,1,21
pso_n280_k33_h11_sp157_ds7,pso,280,33,11,7,633.386621355482,160.80646601953086,139.67494674824297,5306.613378644518,55.07501539995428,188.1719274999341,3639.764698784436,280,43260.0,33,True,True,True,True,True,,,,,157,7,157000478,spatial_seed_157,8.4,8.484848484848484,9240,243.2469428998884,188.2039066000143,2.2620950762695786,43260.0,1,15
aco_n280_k33_h11_sp157_ds17,aco,280,33,11,17,564.7861670652513,162.88526766468937,138.94135042648807,5375.213832934749,54.25470380007755,151.97564389999025,3405.2120060689667,280,40638.0,33,True,True,True,True,True,,,,,157,17,157000488,spatial_seed_157,8.4,8.484848484848484,9240,206.2303477000678,151.99515440000687,2.017093453804469,40638.0,1,16
ga_n280_k33_h11_sp157_ds17,ga,280,33,11,17,606.5163351590666,161.62071711639192,128.14675623905657,5333.483664840934,54.25470380007755,243.7581258000573,5390.140122043542,280,40638.0,33,True,True,True,True,True,,,,,157,17,157000488,spatial_seed_157,8.4,8.484848484848484,9240,298.01282960013486,243.78706489992328,2.166129768425238,40638.0,1,15
nn_n280_k33_h11_sp157_ds17,nn,280,33,11,17,643.8174047421148,160.49038167448137,136.52192506181996,5296.182595257886,54.25470380007755,7.55938580003567,4026.966191031386,280,40638.0,33,True,True,True,True,True,,,,,157,17,157000488,spatial_seed_157,8.4,8.484848484848484,9240,61.81408960011322,7.560362600022927,2.2993478740789817,40638.0,1,15
proposed_n280_k33_h11_sp157_ds17,proposed,280,33,11,17,550.9338422816719,163.3050350823736,142.79903748894463,5389.066157718328,54.25470380007755,797.3647785999347,4236.217742655615,280,40638.0,33,True,True,True,True,True,False,global_assignment_boundary_sova,64.0,False,157,17,157000488,spatial_seed_157,8.4,8.484848484848484,9240,851.6194824000122,798.2162230000831,1.9676208652916851,40638.0,1,18
pso_n280_k33_h11_sp157_ds17,pso,280,33,11,17,635.5355102990492,160.7413481727561,136.52192506181996,5304.464489700951,54.25470380007755,212.17167790001255,4026.966191031386,280,40638.0,33,True,True,True,True,True,,,,,157,17,157000488,spatial_seed_157,8.4,8.484848484848484,9240,266.42638170009013,212.20488760003357,2.2697696796394613,40638.0,1,15
aco_n280_k33_h11_sp167_ds7,aco,280,33,11,7,575.5929760481158,162.55778860460256,136.8979925827671,5364.407023951884,54.81042410002556,155.4765545000555,4093.4382928867617,280,43260.0,33,True,True,True,True,True,,,,,167,7,167000508,spatial_seed_167,8.4,8.484848484848484,9240,210.28697860008103,155.48904739995487,2.0556892001718423,43260.0,1,16
ga_n280_k33_h11_sp167_ds7,ga,280,33,11,7,635.4112050019154,160.74511499994196,135.2802856100748,5304.588794998084,54.81042410002556,248.02825790003408,4224.182055816765,280,43260.0,33,True,True,True,True,True,,,,,167,7,167000508,spatial_seed_167,8.4,8.484848484848484,9240,302.83868200005963,248.0587485000724,2.269325732149698,43260.0,1,16
nn_n280_k33_h11_sp167_ds7,nn,280,33,11,7,656.074240556494,160.11896240737897,134.6200346241182,5283.925759443506,54.81042410002556,7.477516100043431,4463.864836389514,280,43260.0,33,True,True,True,True,True,,,,,167,7,167000508,spatial_seed_167,8.4,8.484848484848484,9240,62.28794020006899,7.47826750006061,2.3431222877017643,43260.0,1,16
proposed_n280_k33_h11_sp167_ds7,proposed,280,33,11,7,554.7285724392266,163.19004325941737,136.13272661775477,5385.271427560773,54.81042410002556,1335.2932681000093,4116.418482695511,280,43260.0,33,True,True,True,True,True,False,global_assignment_boundary_sova,64.0,False,167,7,167000508,spatial_seed_167,8.4,8.484848484848484,9240,1390.1036922000349,1336.635313200066,1.981173472997238,43260.0,1,20
pso_n280_k33_h11_sp167_ds7,pso,280,33,11,7,646.5581549041975,160.40732863926675,131.59132357241947,5293.441845095803,54.81042410002556,210.96895410004072,5024.980434293475,280,43260.0,33,True,True,True,True,True,,,,,167,7,167000508,spatial_seed_167,8.4,8.484848484848484,9240,265.7793782000663,211.00124590005728,2.309136267514991,43260.0,1,16
aco_n280_k33_h11_sp167_ds17,aco,280,33,11,17,569.4463196499956,162.74405091969712,134.57656466324488,5370.5536803500045,53.19174280005973,151.9792782999575,3615.1817010294335,280,40638.0,33,True,True,True,True,True,,,,,167,17,167000518,spatial_seed_167,8.4,8.484848484848484,9240,205.17102110001724,151.99451979994774,2.0337368558928417,40638.0,1,15
ga_n280_k33_h11_sp167_ds17,ga,280,33,11,17,611.9834268333875,161.4550476717155,133.74858020409164,5328.016573166612,53.19174280005973,241.4294266999932,3798.0709606041455,280,40638.0,33,True,True,True,True,True,,,,,167,17,167000518,spatial_seed_167,8.4,8.484848484848484,9240,294.62116950005293,241.4590535999741,2.185655095833527,40638.0,1,16
nn_n280_k33_h11_sp167_ds17,nn,280,33,11,17,640.3651927470494,160.59499415918032,130.27727519711084,5299.634807252951,53.19174280005973,7.784113900037482,4282.487421909053,280,40638.0,33,True,True,True,True,True,,,,,167,17,167000518,spatial_seed_167,8.4,8.484848484848484,9240,60.97585670009721,7.784844600013457,2.2870185455251764,40638.0,1,16
proposed_n280_k33_h11_sp167_ds17,proposed,280,33,11,17,550.9515689899135,163.30449790939656,136.64049849914926,5389.048431010087,53.19174280005973,1175.3478997999337,4478.077115470562,280,40638.0,33,True,True,True,True,True,False,global_assignment_boundary_sova,64.0,False,167,17,167000518,spatial_seed_167,8.4,8.484848484848484,9240,1228.5396425999934,1176.6501711000456,1.9676841749639769,40638.0,1,19
pso_n280_k33_h11_sp167_ds17,pso,280,33,11,17,630.1698874143556,160.90394280562558,132.2773537962851,5309.830112585644,53.19174280005973,202.5309755000053,4395.68776960745,280,40638.0,33,True,True,True,True,True,,,,,167,17,167000518,spatial_seed_167,8.4,8.484848484848484,9240,255.72271830006505,202.56058220006528,2.2506067407655554,40638.0,1,16
aco_n280_k33_h11_sp177_ds7,aco,280,33,11,7,588.6113397655663,162.16329273437677,124.58639058563364,5351.388660234434,56.691808200092055,169.1625425000675,4867.805543867762,280,43260.0,33,True,True,True,True,True,,,,,177,7,177000538,spatial_seed_177,8.4,8.484848484848484,9240,225.8543507001596,169.1784737999551,2.102183356305594,43260.0,1,15
ga_n280_k33_h11_sp177_ds7,ga,280,33,11,7,652.3108119043161,160.2330056998692,125.53874569458516,5287.689188095684,56.691808200092055,247.77712240000253,5003.190735809072,280,43260.0,33,True,True,True,True,True,,,,,177,7,177000538,spatial_seed_177,8.4,8.484848484848484,9240,304.4689306000946,247.8080561000388,2.329681471086843,43260.0,1,14
nn_n280_k33_h11_sp177_ds7,nn,280,33,11,7,678.1758599955857,159.44921636377012,131.1414435466479,5261.824140004414,56.691808200092055,7.757537199999206,3994.031603940653,280,43260.0,33,True,True,True,True,True,,,,,177,7,177000538,spatial_seed_177,8.4,8.484848484848484,9240,64.44934540009126,7.758213600027375,2.422056642841377,43260.0,1,14
proposed_n280_k33_h11_sp177_ds7,proposed,280,33,11,7,559.5957074767624,163.042554318886,135.25863146800873,5380.404292523238,56.691808200092055,932.20945319999,4525.5831374106,280,43260.0,33,True,True,True,True,True,False,global_assignment_boundary_sova,64.0,False,177,7,177000538,spatial_seed_177,8.4,8.484848484848484,9240,988.901261400082,932.9217589000472,1.9985560981312944,43260.0,1,16
pso_n280_k33_h11_sp177_ds7,pso,280,33,11,7,659.3469511892448,160.0197893579017,138.77565949615695,5280.653048810756,56.691808200092055,205.09081750002224,3994.031603940653,280,43260.0,33,True,True,True,True,True,,,,,177,7,177000538,spatial_seed_177,8.4,8.484848484848484,9240,261.7826257001143,205.11965020000932,2.3548105399615884,43260.0,1,14
aco_n280_k33_h11_sp177_ds17,aco,280,33,11,17,563.95796750472,162.9103646210691,131.4808656425502,5376.04203249528,54.22443960001692,155.63336950005032,4691.281410847814,280,40638.0,33,True,True,True,True,True,,,,,177,17,177000548,spatial_seed_177,8.4,8.484848484848484,9240,209.85780910006724,155.64666440000292,2.014135598231143,40638.0,1,16
ga_n280_k33_h11_sp177_ds17,ga,280,33,11,17,628.8392105221828,160.94426634781263,135.2911811799329,5311.160789477817,54.22443960001692,260.550677799969,3976.266117802025,280,40638.0,33,True,True,True,True,True,,,,,177,17,177000548,spatial_seed_177,8.4,8.484848484848484,9240,314.7751173999859,260.5830759999808,2.24585432329351,40638.0,1,16
nn_n280_k33_h11_sp177_ds17,nn,280,33,11,17,648.792626231968,160.33961738691005,129.45852973671165,5291.207373768032,54.22443960001692,7.818570500006899,3993.9949526708497,280,40638.0,33,True,True,True,True,True,,,,,177,17,177000548,spatial_seed_177,8.4,8.484848484848484,9240,62.04301010002382,7.81916309997905,2.3171165222570287,40638.0,1,17
proposed_n280_k33_h11_sp177_ds17,proposed,280,33,11,17,536.4262646616528,163.7446586466166,136.63748409966806,5403.573735338347,54.22443960001692,991.6484542000107,4512.984851065586,280,40638.0,33,True,True,True,True,True,False,global_assignment_boundary_sova,64.0,False,177,17,177000548,spatial_seed_177,8.4,8.484848484848484,9240,1045.8728938000277,993.2501267000334,1.9158080880773316,40638.0,1,20
pso_n280_k33_h11_sp177_ds17,pso,280,33,11,17,640.8403438376705,160.5805956412827,132.0001321992091,5299.159656162329,54.22443960001692,209.95567830000076,3727.111297735632,280,40638.0,33,True,True,True,True,True,,,,,177,17,177000548,spatial_seed_177,8.4,8.484848484848484,9240,264.18011790001765,209.9909590999596,2.288715513705966,40638.0,1,17
aco_n280_k33_h11_sp187_ds7,aco,280,33,11,7,579.4978352788469,162.43945953700464,121.83980676327032,5360.502164721153,55.37842510000337,159.67913059995044,5278.344405000888,280,43260.0,33,True,True,True,True,True,,,,,187,7,187000568,spatial_seed_187,8.4,8.484848484848484,9240,215.0575556999538,159.69417919998523,2.0696351259958816,43260.0,1,16
ga_n280_k33_h11_sp187_ds7,ga,280,33,11,7,637.3727407187899,160.68567452367304,134.92445335961787,5302.62725928121,55.37842510000337,242.7349013000494,3992.77284115417,280,43260.0,33,True,True,True,True,True,,,,,187,7,187000568,spatial_seed_187,8.4,8.484848484848484,9240,298.1133264000528,242.76529439992737,2.2763312168528214,43260.0,1,16
nn_n280_k33_h11_sp187_ds7,nn,280,33,11,7,659.2331084454352,160.02323913801712,133.41100280127472,5280.766891554565,55.37842510000337,7.732543700025417,3982.916045485537,280,43260.0,33,True,True,True,True,True,,,,,187,7,187000568,spatial_seed_187,8.4,8.484848484848484,9240,63.11096880002879,7.7332480000332,2.354403958733697,43260.0,1,15
proposed_n280_k33_h11_sp187_ds7,proposed,280,33,11,7,558.9830258452837,163.0611204289308,135.4753435743766,5381.016974154716,55.37842510000337,530.7785142000066,4232.242255514316,280,43260.0,33,True,True,True,True,True,False,global_assignment_boundary_sova,64.0,False,187,7,187000568,spatial_seed_187,8.4,8.484848484848484,9240,586.15693930001,531.1265839999542,1.9963679494474416,43260.0,1,16
pso_n280_k33_h11_sp187_ds7,pso,280,33,11,7,653.4637766496485,160.1980673742531,134.06584666819643,5286.536223350352,55.37842510000337,201.04165549995375,3992.77284115417,280,43260.0,33,True,True,True,True,True,,,,,187,7,187000568,spatial_seed_187,8.4,8.484848484848484,9240,256.42008059995715,201.08017740002836,2.333799202320173,43260.0,1,15
aco_n280_k33_h11_sp187_ds17,aco,280,33,11,17,570.948100016013,162.69854242375715,134.9015582485093,5369.051899983987,53.87860679998994,137.7251800999511,4635.365401079705,280,40638.0,33,True,True,True,True,True,,,,,187,17,187000578,spatial_seed_187,8.4,8.484848484848484,9240,191.60378689994104,137.73593940003775,2.0391003572000463,40638.0,1,16
ga_n280_k33_h11_sp187_ds17,ga,280,33,11,17,613.6699765667914,161.40394010403665,130.56886711255777,5326.330023433209,53.87860679998994,226.0501669999212,4505.067462406954,280,40638.0,33,True,True,True,True,True,,,,,187,17,187000578,spatial_seed_187,8.4,8.484848484848484,9240,279.92877379991114,226.07788829994388,2.1916784877385407,40638.0,1,16
nn_n280_k33_h11_sp187_ds17,nn,280,33,11,17,630.7871932862383,160.8852365670837,136.89344999331914,5309.212806713762,53.87860679998994,7.768013099906966,4305.32337351475,280,40638.0,33,True,True,True,True,True,,,,,187,17,187000578,spatial_seed_187,8.4,8.484848484848484,9240,61.646619899896905,7.768815299961716,2.252811404593708,40638.0,1,16
proposed_n280_k33_h11_sp187_ds17,proposed,280,33,11,17,553.8145660026935,163.21774042416078,136.59534935376746,5386.185433997306,53.87860679998994,978.7853243999416,4254.869810231738,280,40638.0,33,True,True,True,True,True,False,global_assignment_boundary_sova,64.0,False,187,17,187000578,spatial_seed_187,8.4,8.484848484848484,9240,1032.6639311999315,980.1290207999992,1.977909164295334,40638.0,1,17
pso_n280_k33_h11_sp187_ds17,pso,280,33,11,17,627.1396054230887,160.99576953263366,136.89344999331914,5312.860394576911,53.87860679998994,196.6016048999736,4305.32337351475,280,40638.0,33,True,True,True,True,True,,,,,187,17,187000578,spatial_seed_187,8.4,8.484848484848484,9240,250.48021169996355,196.6336609000573,2.2397843050824595,40638.0,1,16
aco_n280_k33_h11_sp197_ds7,aco,280,33,11,7,572.6091582462575,162.64820732587097,140.37774179869038,5367.390841753742,54.01209729991388,137.084362900001,4395.23203149418,280,43260.0,33,True,True,True,True,True,,,,,197,7,197000598,spatial_seed_197,8.4,8.484848484848484,9240,191.09646019991487,137.09772199997678,2.0450327080223483,43260.0,1,19
ga_n280_k33_h11_sp197_ds7,ga,280,33,11,7,638.780190105194,160.64302454226683,134.379854113607,5301.219809894806,54.01209729991388,260.87689299997874,4743.238332746566,280,43260.0,33,True,True,True,True,True,,,,,197,7,197000598,spatial_seed_197,8.4,8.484848484848484,9240,314.8889902998926,260.909915599972,2.2813578218042645,43260.0,1,15
nn_n280_k33_h11_sp197_ds7,nn,280,33,11,7,681.9865714073344,159.33374026038382,131.80178076929107,5258.013428592666,54.01209729991388,8.553399099968374,4649.944237103584,280,43260.0,33,True,True,True,True,True,,,,,197,7,197000598,spatial_seed_197,8.4,8.484848484848484,9240,62.56549639988225,8.553724900004454,2.4356663264547658,43260.0,1,15
proposed_n280_k33_h11_sp197_ds7,proposed,280,33,11,7,549.0024127841691,163.36356324896457,140.74974197693453,5390.997587215831,54.01209729991388,1164.303597799968,4222.1907986089645,280,43260.0,33,True,True,True,True,True,False,global_assignment_boundary_sova,64.0,False,197,7,197000598,spatial_seed_197,8.4,8.484848484848484,9240,1218.315695099882,1164.9651433000108,1.960722902800604,43260.0,1,19
pso_n280_k33_h11_sp197_ds7,pso,280,33,11,7,674.2702506634802,159.5675681617127,136.06542324643536,5265.72974933652,54.01209729991388,202.540945100016,4649.944237103584,280,43260.0,33,True,True,True,True,True,,,,,197,7,197000598,spatial_seed_197,8.4,8.484848484848484,9240,256.55304239992984,202.5689008999616,2.4081080380838578,43260.0,1,15
aco_n280_k33_h11_sp197_ds17,aco,280,33,11,17,566.2177255450108,162.84188710469664,143.57299259073102,5373.782274454989,53.9645091999555,171.41063759999815,3625.8544986125694,280,40638.0,33,True,True,True,True,True,,,,,197,17,197000608,spatial_seed_197,8.4,8.484848484848484,9240,225.37514679995363,171.4268974000588,2.022206162660753,40638.0,1,17
ga_n280_k33_h11_sp197_ds17,ga,280,33,11,17,629.7775902991119,160.9158305969966,137.1175721026351,5310.222409700888,53.9645091999555,247.96792089997325,3758.7358490482816,280,40638.0,33,True,True,True,True,True,,,,,197,17,197000608,spatial_seed_197,8.4,8.484848484848484,9240,301.93243009992875,247.99940820003397,2.2492056796396853,40638.0,1,18
nn_n280_k33_h11_sp197_ds17,nn,280,33,11,17,649.4931315423613,160.3183899532618,137.87476989724678,5290.506868457639,53.9645091999555,8.570576600031927,4152.408698906408,280,40638.0,33,True,True,True,True,True,,,,,197,17,197000608,spatial_seed_197,8.4,8.484848484848484,9240,62.53508579998743,8.571358700050041,2.3196183269370048,40638.0,1,18
proposed_n280_k33_h11_sp197_ds17,proposed,280,33,11,17,548.5632571298074,163.37687099606643,144.73963860284707,5391.436742870193,53.9645091999555,761.7943674999988,3969.315652438901,280,40638.0,33,True,True,True,True,True,False,global_assignment_boundary_sova,64.0,False,197,17,197000608,spatial_seed_197,8.4,8.484848484848484,9240,815.7588766999543,762.9727065999759,1.9591544897493125,40638.0,1,22
pso_n280_k33_h11_sp197_ds17,pso,280,33,11,17,633.3241376930207,160.80835946384786,139.0785388187648,5306.675862306979,53.9645091999555,218.70383070001844,3901.8590444142624,280,40638.0,33,True,True,True,True,True,,,,,197,17,197000608,spatial_seed_197,8.4,8.484848484848484,9240,272.66833989997394,218.7353994000005,2.261871920332217,40638.0,1,18
aco_n300_k36_h11_sp107_ds7,aco,300,36,11,7,624.7610911873195,162.64552524479666,137.06751999821734,5855.23890881268,60.07037670002319,188.9708686999511,3843.49382771799,300,46499.0,36,True,True,True,True,True,,,,,107,7,107000328,spatial_seed_107,8.4,8.333333333333334,10800,249.0412453999743,188.99069999996573,2.0825369706243984,46499.0,1,14
ga_n300_k36_h11_sp107_ds7,ga,300,36,11,7,685.9718466177299,160.94522648284084,132.98486545057227,5794.02815338227,60.07037670002319,313.8997062999988,4292.02201335116,300,46499.0,36,True,True,True,True,True,,,,,107,7,107000328,spatial_seed_107,8.4,8.333333333333334,10800,373.970083000022,313.9532484000083,2.2865728220590995,46499.0,1,15
nn_n300_k36_h11_sp107_ds7,nn,300,36,11,7,705.3722718263718,160.4063257826008,139.52309302560332,5774.627728173628,60.07037670002319,9.55666999996174,3730.548726603065,300,46499.0,36,True,True,True,True,True,,,,,107,7,107000328,spatial_seed_107,8.4,8.333333333333334,10800,69.62704669998493,9.557288900017738,2.3512409060879063,46499.0,1,15
proposed_n300_k36_h11_sp107_ds7,proposed,300,36,11,7,592.0377177174646,163.55450784118153,142.11868091175128,5887.962282282535,60.07037670002319,1043.5449721000623,4517.201478624835,300,46499.0,36,True,True,True,True,True,False,global_assignment_boundary_sova,64.0,False,107,7,107000328,spatial_seed_107,8.4,8.333333333333334,10800,1103.6153488000857,1044.3942917999811,1.9734590590582155,46499.0,1,20
pso_n300_k36_h11_sp107_ds7,pso,300,36,11,7,691.5057724139136,160.79150632183575,137.7505036126708,5788.494227586087,60.07037670002319,242.6809198999545,3730.548726603065,300,46499.0,36,True,True,True,True,True,,,,,107,7,107000328,spatial_seed_107,8.4,8.333333333333334,10800,302.75129659997765,242.71878710004967,2.305019241379712,46499.0,1,15
aco_n300_k36_h11_sp107_ds17,aco,300,36,11,17,609.4607848688013,163.0705337536444,138.46976747605083,5870.539215131199,59.26641889999155,178.44728880003095,4048.5880140974296,300,43596.0,36,True,True,True,True,True,,,,,107,17,107000338,spatial_seed_107,8.4,8.333333333333334,10800,237.7137077000225,178.46292280009948,2.031535949562671,43596.0,1,16
ga_n300_k36_h11_sp107_ds17,ga,300,36,11,17,673.2149515500568,161.2995846791651,128.76288418532778,5806.785048449943,59.26641889999155,300.3605353999883,5117.381111844459,300,43596.0,36,True,True,True,True,True,,,,,107,17,107000338,spatial_seed_107,8.4,8.333333333333334,10800,359.62695429997984,300.41841699997894,2.244049838500189,43596.0,1,18
nn_n300_k36_h11_sp107_ds17,nn,300,36,11,17,698.3566876040965,160.60120312210842,138.26488330892766,5781.643312395903,59.26641889999155,9.609932100051084,3727.8072192655504,300,43596.0,36,True,True,True,True,True,,,,,107,17,107000338,spatial_seed_107,8.4,8.333333333333334,10800,68.87635100004263,9.61072800005786,2.3278556253469884,43596.0,1,18
proposed_n300_k36_h11_sp107_ds17,proposed,300,36,11,17,571.0348363236545,164.13792121323183,140.35983561070623,5908.965163676346,59.26641889999155,841.4152564000105,4270.849318618171,300,43596.0,36,True,True,True,True,True,False,global_assignment_boundary_sova,64.0,False,107,17,107000338,spatial_seed_107,8.4,8.333333333333334,10800,900.6816753000021,842.2485638000071,1.9034494544121816,43596.0,1,17
pso_n300_k36_h11_sp107_ds17,pso,300,36,11,17,688.1564633644283,160.88454268432145,138.26488330892766,5791.843536635572,59.26641889999155,255.39669490000236,3584.126904393779,300,43596.0,36,True,True,True,True,True,,,,,107,17,107000338,spatial_seed_107,8.4,8.333333333333334,10800,314.6631137999939,255.4364165000152,2.293854877881428,43596.0,1,18
aco_n300_k36_h11_sp117_ds7,aco,300,36,11,7,606.9315123292538,163.1407913241874,138.71308601614368,5873.068487670746,58.77948579995427,163.04224710003473,3810.8624823546006,300,46499.0,36,True,True,True,True,True,,,,,117,7,117000358,spatial_seed_117,8.4,8.333333333333334,10800,221.821732899989,163.05722409998998,2.0231050410975127,46499.0,1,15
ga_n300_k36_h11_sp117_ds7,ga,300,36,11,7,703.0152277761067,160.47179922844148,140.5520521735337,5776.984772223894,58.77948579995427,276.2170663999859,4381.113985301274,300,46499.0,36,True,True,True,True,True,,,,,117,7,117000358,spatial_seed_117,8.4,8.333333333333334,10800,334.9965521999402,276.2520964000141,2.3433840925870224,46499.0,1,17
nn_n300_k36_h11_sp117_ds7,nn,300,36,11,7,727.3733817512713,159.79518384024246,131.5327514751825,5752.626618248729,58.77948579995427,10.779249600018376,4259.218914699493,300,46499.0,36,True,True,True,True,True,,,,,117,7,117000358,spatial_seed_117,8.4,8.333333333333334,10800,69.55873539997265,10.779903399990872,2.4245779391709044,46499.0,1,17
proposed_n300_k36_h11_sp117_ds7,proposed,300,36,11,7,603.6225715120498,163.2327063468875,139.5151846307055,5876.37742848795,58.77948579995427,852.5516504000407,3639.63118412264,300,46499.0,36,True,True,True,True,True,False,global_assignment_boundary_sova,64.0,False,117,7,117000358,spatial_seed_117,8.4,8.333333333333334,10800,911.331136199995,853.3188777000178,2.0120752383734994,46499.0,1,15
pso_n300_k36_h11_sp117_ds7,pso,300,36,11,7,710.9217126187687,160.25217464947866,134.04436486389136,5769.078287381231,58.77948579995427,229.5387600000249,4126.762356072512,300,46499.0,36,True,True,True,True,True,,,,,117,7,117000358,spatial_seed_117,8.4,8.333333333333334,10800,288.3182457999792,229.57412359991577,2.3697390420625624,46499.0,1,17
aco_n300_k36_h11_sp117_ds17,aco,300,36,11,17,605.1272253971707,163.19091040563413,136.41190533158203,5874.872774602829,57.771851099911146,181.0166803000029,3696.413791502529,300,43596.0,36,True,True,True,True,True,,,,,117,17,117000368,spatial_seed_117,8.4,8.333333333333334,10800,238.7885313999141,181.03559370001312,2.0170907513239023,43596.0,1,15
ga_n300_k36_h11_sp117_ds17,ga,300,36,11,17,686.2537511744863,160.9373958007087,137.0990356867633,5793.746248825513,57.771851099911146,306.86400499998126,4060.0209891453474,300,43596.0,36,True,True,True,True,True,,,,,117,17,117000368,spatial_seed_117,8.4,8.333333333333334,10800,364.6358560998924,306.90362819994334,2.287512503914954,43596.0,1,16
nn_n300_k36_h11_sp117_ds17,nn,300,36,11,17,711.6277227570887,160.23256325674754,134.3270954152174,5768.372277242911,57.771851099911146,9.825513800024057,3738.367182461395,300,43596.0,36,True,True,True,True,True,,,,,117,17,117000368,spatial_seed_117,8.4,8.333333333333334,10800,67.5973648999352,9.826432200032286,2.372092409190296,43596.0,1,16
proposed_n300_k36_h11_sp117_ds17,proposed,300,36,11,17,579.08176368753,163.91439545312417,138.94367700956283,5900.91823631247,57.771851099911146,1426.6278872999828,4198.349887552365,300,43596.0,36,True,True,True,True,True,False,global_assignment_boundary_sova,64.0,False,117,17,117000368,spatial_seed_117,8.4,8.333333333333334,10800,1484.399738399894,1427.2898218999617,1.9302725456251,43596.0,1,18
pso_n300_k36_h11_sp117_ds17,pso,300,36,11,17,704.1533134577095,160.44018573728584,136.10736462829828,5775.846686542291,57.771851099911146,245.2187748999568,3874.064780225324,300,43596.0,36,True,True,True,True,True,,,,,117,17,117000368,spatial_seed_117,8.4,8.333333333333334,10800,302.9906259998679,245.25449840002693,2.347177711525698,43596.0,1,16
aco_n300_k36_h11_sp127_ds7,aco,300,36,11,7,603.7984247550268,163.2278215345826,137.36526206057624,5876.201575244973,58.69266579998657,169.5952174999984,4282.841047638496,300,46499.0,36,True,True,True,True,True,,,,,127,7,127000388,spatial_seed_127,8.4,8.333333333333334,10800,228.28788329998497,169.61206529999615,2.012661415850089,46499.0,1,16
ga_n300_k36_h11_sp127_ds7,ga,300,36,11,7,666.6822612778808,161.48104829783665,128.5790369361149,5813.317738722119,58.69266579998657,277.34790990001056,4789.580809258941,300,46499.0,36,True,True,True,True,True,,,,,127,7,127000388,spatial_seed_127,8.4,8.333333333333334,10800,336.04057569999713,277.3826635000296,2.222274204259602,46499.0,1,14
nn_n300_k36_h11_sp127_ds7,nn,300,36,11,7,710.3600651628076,160.26777596769978,132.56453480929045,5769.639934837192,58.69266579998657,9.464257200015709,4340.069586561025,300,46499.0,36,True,True,True,True,True,,,,,127,7,127000388,spatial_seed_127,8.4,8.333333333333334,10800,68.15692300000228,9.465162399923427,2.367866883876025,46499.0,1,15
proposed_n300_k36_h11_sp127_ds7,proposed,300,36,11,7,584.9272177079456,163.75202173033483,137.80344227688315,5895.072782292054,58.69266579998657,2877.9240143999923,4457.448899738491,300,46499.0,36,True,True,True,True,True,False,global_assignment_boundary_sova,64.0,False,127,7,127000388,spatial_seed_127,8.4,8.333333333333334,10800,2936.616680199979,2878.8378201999003,1.9497573923598184,46499.0,1,16
pso_n300_k36_h11_sp127_ds7,pso,300,36,11,7,700.4432932731128,160.54324185352465,132.56453480929045,5779.556706726888,58.69266579998657,235.52967890002765,4340.069586561025,300,46499.0,36,True,True,True,True,True,,,,,127,7,127000388,spatial_seed_127,8.4,8.333333333333334,10800,294.2223447000142,235.56480309995823,2.3348109775770425,46499.0,1,15
aco_n300_k36_h11_sp127_ds17,aco,300,36,11,17,595.5042262987984,163.45821593614448,144.64081384709576,5884.495773701202,58.02402190002613,172.68365850008558,3601.062170375248,300,43596.0,36,True,True,True,True,True,,,,,127,17,127000398,spatial_seed_127,8.4,8.333333333333334,10800,230.7076804001117,172.70117949997075,1.9850140876626607,43596.0,1,15
ga_n300_k36_h11_sp127_ds17,ga,300,36,11,17,651.879129455206,161.89224640402207,130.69066429823633,5828.120870544794,58.02402190002613,311.014561100048,4711.483226214498,300,43596.0,36,True,True,True,True,True,,,,,127,17,127000398,spatial_seed_127,8.4,8.333333333333334,10800,369.0385830000741,311.0569951001089,2.172930431517353,43596.0,1,17
nn_n300_k36_h11_sp127_ds17,nn,300,36,11,17,689.5123284593217,160.84687976501883,134.74074897201368,5790.487671540678,58.02402190002613,9.96105190005619,3811.979301754999,300,43596.0,36,True,True,True,True,True,,,,,127,17,127000398,spatial_seed_127,8.4,8.333333333333334,10800,67.98507380008232,9.961806099978276,2.298374428197739,43596.0,1,17
proposed_n300_k36_h11_sp127_ds17,proposed,300,36,11,17,572.070790472538,164.10914470909617,139.7219956064307,5907.929209527462,58.02402190002613,1555.3905515000224,3673.330088502088,300,43596.0,36,True,True,True,True,True,False,global_assignment_boundary_sova,64.0,False,127,17,127000398,spatial_seed_127,8.4,8.333333333333334,10800,1613.4145734000483,1556.4315041999798,1.90690263490846,43596.0,1,19
pso_n300_k36_h11_sp127_ds17,pso,300,36,11,17,682.00550438544,161.05540265596,134.13596132575384,5797.99449561456,58.02402190002613,239.2222570999293,3936.941753989589,300,43596.0,36,True,True,True,True,True,,,,,127,17,127000398,spatial_seed_127,8.4,8.333333333333334,10800,297.2462789999554,239.25856830005068,2.2733516812848,43596.0,1,17
aco_n300_k36_h11_sp137_ds7,aco,300,36,11,7,613.1144606905492,162.96904275859586,133.22089501728038,5866.885539309451,59.66214140004013,192.65676569996867,4341.981474005552,300,46499.0,36,True,True,True,True,True,,,,,137,7,137000418,spatial_seed_137,8.4,8.333333333333334,10800,252.3189071000088,192.6755018000258,2.043714868968497,46499.0,1,16
ga_n300_k36_h11_sp137_ds7,ga,300,36,11,7,686.6205601990703,160.92720666113692,138.93346752176043,5793.3794398009295,59.66214140004013,309.96226930001285,3961.3437929775073,300,46499.0,36,True,True,True,True,True,,,,,137,7,137000418,spatial_seed_137,8.4,8.333333333333334,10800,369.624410700053,310.0055389999179,2.2887352006635675,46499.0,1,15
nn_n300_k36_h11_sp137_ds7,nn,300,36,11,7,707.7774557406597,160.33951511831503,138.77457252081837,5772.222544259341,59.66214140004013,9.70436219999101,3887.718461290452,300,46499.0,36,True,True,True,True,True,,,,,137,7,137000418,spatial_seed_137,8.4,8.333333333333334,10800,69.36650360003114,9.705315900035204,2.359258185802199,46499.0,1,16
proposed_n300_k36_h11_sp137_ds7,proposed,300,36,11,7,607.5352822595421,163.12401993723495,141.84802281735105,5872.464717740458,59.66214140004013,1285.39878649998,4137.145741741956,300,46499.0,36,True,True,True,True,True,False,global_assignment_boundary_sova,64.0,False,137,7,137000418,spatial_seed_137,8.4,8.333333333333334,10800,1345.06092790002,1286.6892666999483,2.025117607531807,46499.0,1,19
pso_n300_k36_h11_sp137_ds7,pso,300,36,11,7,699.564807374368,160.5676442396009,138.77457252081837,5780.435192625632,59.66214140004013,256.3280608999776,4353.547676567591,300,46499.0,36,True,True,True,True,True,,,,,137,7,137000418,spatial_seed_137,8.4,8.333333333333334,10800,315.9902023000177,256.3690649999771,2.3318826912478934,46499.0,1,16
aco_n300_k36_h11_sp137_ds17,aco,300,36,11,17,600.6814957972027,163.31440289452215,146.4740310453005,5879.318504202797,57.93380140000954,170.09492990002036,3503.6773992688118,300,43596.0,36,True,True,True,True,True,,,,,137,17,137000428,spatial_seed_137,8.4,8.333333333333334,10800,228.0287313000299,170.11186560010538,2.0022716526573423,43596.0,1,17
ga_n300_k36_h11_sp137_ds17,ga,300,36,11,17,665.6453982819093,161.50985004772474,135.95520563719265,5814.354601718091,57.93380140000954,281.57075090007856,3619.597935601221,300,43596.0,36,True,True,True,True,True,,,,,137,17,137000428,spatial_seed_137,8.4,8.333333333333334,10800,339.5045523000881,281.60676350002177,2.218817994273031,43596.0,1,15
nn_n300_k36_h11_sp137_ds17,nn,300,36,11,17,691.3953832719766,160.79457268688955,134.21417831025943,5788.604616728024,57.93380140000954,9.720603300025688,3854.421359645232,300,43596.0,36,True,True,True,True,True,,,,,137,17,137000428,spatial_seed_137,8.4,8.333333333333334,10800,67.65440470003523,9.721525400062092,2.3046512775732557,43596.0,1,15
proposed_n300_k36_h11_sp137_ds17,proposed,300,36,11,17,592.0741852275557,163.5534948547901,142.52842967305077,5887.925814772444,57.93380140000954,1032.5825335000409,4022.120722139407,300,43596.0,36,True,True,True,True,True,False,global_assignment_boundary_sova,64.0,False,137,17,137000428,spatial_seed_137,8.4,8.333333333333334,10800,1090.5163349000504,1034.0378565000135,1.9735806174251855,43596.0,1,18
pso_n300_k36_h11_sp137_ds17,pso,300,36,11,17,687.2897905411019,160.90861692941382,135.24991054298548,5792.710209458898,57.93380140000954,255.4992387999082,3854.421359645232,300,43596.0,36,True,True,True,True,True,,,,,137,17,137000428,spatial_seed_137,8.4,8.333333333333334,10800,313.43304019991774,255.53721149999183,2.2909659684703394,43596.0,1,15
aco_n300_k36_h11_sp147_ds7,aco,300,36,11,7,609.8052513611955,163.06096523996678,142.9184427416494,5870.194748638804,60.86147539992817,189.98059880000076,3207.0356284411714,300,46499.0,36,True,True,True,True,True,,,,,147,7,147000448,spatial_seed_147,8.4,8.333333333333334,10800,250.8420741999289,189.9989277999848,2.032684171203985,46499.0,1,14
ga_n300_k36_h11_sp147_ds7,ga,300,36,11,7,665.2119761544075,161.52188955126647,135.9729587346654,5814.788023845593,60.86147539992817,320.23677479999606,4219.220484299594,300,46499.0,36,True,True,True,True,True,,,,,147,7,147000448,spatial_seed_147,8.4,8.333333333333334,10800,381.0982501999242,320.28116139990743,2.217373253848025,46499.0,1,15
nn_n300_k36_h11_sp147_ds7,nn,300,36,11,7,697.342542182926,160.62937382825206,138.23258514213586,5782.657457817074,60.86147539992817,9.414392200065777,3956.134687463706,300,46499.0,36,True,True,True,True,True,,,,,147,7,147000448,spatial_seed_147,8.4,8.333333333333334,10800,70.27586759999394,9.415081900078803,2.324475140609753,46499.0,1,16
proposed_n300_k36_h11_sp147_ds7,proposed,300,36,11,7,585.03738807222,163.74896144243834,139.29684609565024,5894.96261192778,60.86147539992817,819.4371492000064,4244.246974786441,300,46499.0,36,True,True,True,True,True,False,global_assignment_boundary_sova,64.0,False,147,7,147000448,spatial_seed_147,8.4,8.333333333333334,10800,880.2986245999346,820.3506311000092,1.9501246269074,46499.0,1,18
pso_n300_k36_h11_sp147_ds7,pso,300,36,11,7,686.9538292547987,160.9179491873667,143.0810707468371,5793.046170745201,60.86147539992817,263.9776989999227,3561.1286651777527,300,46499.0,36,True,True,True,True,True,,,,,147,7,147000448,spatial_seed_147,8.4,8.333333333333334,10800,324.8391743998509,264.0184329999611,2.289846097515996,46499.0,1,16
aco_n300_k36_h11_sp147_ds17,aco,300,36,11,17,598.8596219574312,163.36501050118247,138.3134458244461,5881.140378042569,58.949609700008295,210.38393700006415,4048.6888734511977,300,43596.0,36,True,True,True,True,True,,,,,147,17,147000458,spatial_seed_147,8.4,8.333333333333334,10800,269.3335467000725,210.40594309999145,1.996198739858104,43596.0,1,16
ga_n300_k36_h11_sp147_ds17,ga,300,36,11,17,648.6445388905152,161.98209614193013,139.5639143733867,5831.355461109485,58.949609700008295,317.05329209996853,4094.585456203511,300,43596.0,36,True,True,True,True,True,,,,,147,17,147000458,spatial_seed_147,8.4,8.333333333333334,10800,376.0029017999768,317.10056030005217,2.162148462968384,43596.0,1,16
nn_n300_k36_h11_sp147_ds17,nn,300,36,11,17,664.8524540265121,161.5318762770413,139.5639143733867,5815.147545973488,58.949609700008295,9.960020800004711,4094.585456203511,300,43596.0,36,True,True,True,True,True,,,,,147,17,147000458,spatial_seed_147,8.4,8.333333333333334,10800,68.90963050001301,9.960843899985775,2.2161748467550404,43596.0,1,16
proposed_n300_k36_h11_sp147_ds17,proposed,300,36,11,17,598.2931546854771,163.3807457031812,139.50472567899362,5881.706845314523,58.949609700008295,1125.6425363000017,4052.247041610644,300,43596.0,36,True,True,True,True,True,False,global_assignment_boundary_sova,64.0,False,147,17,147000458,spatial_seed_147,8.4,8.333333333333334,10800,1184.59214600001,1127.28278889996,1.994310515618257,43596.0,1,17
pso_n300_k36_h11_sp147_ds17,pso,300,36,11,17,656.23175579898,161.771340116695,139.5639143733867,5823.76824420102,58.949609700008295,260.3616229000036,4094.585456203511,300,43596.0,36,True,True,True,True,True,,,,,147,17,147000458,spatial_seed_147,8.4,8.333333333333334,10800,319.31123260001186,260.3985072999494,2.1874391859966,43596.0,1,16
aco_n300_k36_h11_sp157_ds7,aco,300,36,11,7,615.4934927807398,162.90295853386834,141.39882591283106,5864.50650721926,62.51221509999596,157.6865571999224,3376.1359107541834,300,46499.0,36,True,True,True,True,True,,,,,157,7,157000478,spatial_seed_157,8.4,8.333333333333334,10800,220.19877229991835,157.7012191999238,2.0516449759357998,46499.0,1,14
ga_n300_k36_h11_sp157_ds7,ga,300,36,11,7,671.3738601818194,161.35072610606056,137.3172885349877,5808.6261398181805,62.51221509999596,347.86538139998447,4795.431025323176,300,46499.0,36,True,True,True,True,True,,,,,157,7,157000478,spatial_seed_157,8.4,8.333333333333334,10800,410.3775964999804,347.9094139999943,2.2379128672727315,46499.0,1,16
nn_n300_k36_h11_sp157_ds7,nn,300,36,11,7,686.879321949627,160.9200188347326,137.2453012844986,5793.1206780503735,62.51221509999596,9.669634300051255,3995.5636334142423,300,46499.0,36,True,True,True,True,True,,,,,157,7,157000478,spatial_seed_157,8.4,8.333333333333334,10800,72.18184940004721,9.670298199984243,2.28959773983209,46499.0,1,16
proposed_n300_k36_h11_sp157_ds7,proposed,300,36,11,7,604.6648186597026,163.2037550372305,141.3179878733391,5875.335181340298,62.51221509999596,1356.164567300002,4066.6996561623623,300,46499.0,36,True,True,True,True,True,False,global_assignment_boundary_sova,64.0,False,157,7,157000478,spatial_seed_157,8.4,8.333333333333334,10800,1418.676782399998,1357.3673691999866,2.015549395532342,46499.0,1,18
pso_n300_k36_h11_sp157_ds7,pso,300,36,11,7,681.7538815673154,161.06239217868568,137.2453012844986,5798.246118432685,62.51221509999596,243.7822440000018,3995.5636334142423,300,46499.0,36,True,True,True,True,True,,,,,157,7,157000478,spatial_seed_157,8.4,8.333333333333334,10800,306.29445909999777,243.82456339988855,2.272512938557718,46499.0,1,16
aco_n300_k36_h11_sp157_ds17,aco,300,36,11,17,598.7243035733103,163.36876934518585,135.19238229337276,5881.27569642669,60.57890049996786,176.5502581000328,5388.743034525487,300,43596.0,36,True,True,True,True,True,,,,,157,17,157000488,spatial_seed_157,8.4,8.333333333333334,10800,237.12915860000064,176.56829869991634,1.995747678577701,43596.0,1,15
ga_n300_k36_h11_sp157_ds17,ga,300,36,11,17,657.1496699466038,161.74584250148322,134.86422212399435,5822.850330053396,60.57890049996786,290.8058676000219,4042.657098386928,300,43596.0,36,True,True,True,True,True,,,,,157,17,157000488,spatial_seed_157,8.4,8.333333333333334,10800,351.38476809998974,290.8435469000833,2.1904988998220127,43596.0,1,19
nn_n300_k36_h11_sp157_ds17,nn,300,36,11,17,672.9843239629811,161.3059910010283,133.68382483562337,5807.015676037019,60.57890049996786,10.181954900035636,4049.484425291689,300,43596.0,36,True,True,True,True,True,,,,,157,17,157000488,spatial_seed_157,8.4,8.333333333333334,10800,70.76085540000349,10.182468999992125,2.243281079876604,43596.0,1,18
proposed_n300_k36_h11_sp157_ds17,proposed,300,36,11,17,579.2958763363644,163.90844787954543,142.78216933697416,5900.704123663636,60.57890049996786,934.017031100113,4041.78499050818,300,43596.0,36,True,True,True,True,True,False,global_assignment_boundary_sova,64.0,False,157,17,157000488,spatial_seed_157,8.4,8.333333333333334,10800,994.5959316000808,935.3603770000628,1.930986254454548,43596.0,1,19
pso_n300_k36_h11_sp157_ds17,pso,300,36,11,17,669.1830908412546,161.41158080996513,134.86422212399435,5810.816909158745,60.57890049996786,250.69288350001443,3932.210137523825,300,43596.0,36,True,True,True,True,True,,,,,157,17,157000488,spatial_seed_157,8.4,8.333333333333334,10800,311.2717839999823,250.73402779991736,2.230610302804182,43596.0,1,18
aco_n300_k36_h11_sp167_ds7,aco,300,36,11,7,611.0573523442092,163.02618465710532,127.40964235118288,5868.942647655791,59.06611230003182,166.9444997999817,3777.641891318882,300,46499.0,36,True,True,True,True,True,,,,,167,7,167000508,spatial_seed_167,8.4,8.333333333333334,10800,226.01061210001356,166.96067549998406,2.036857841147364,46499.0,1,17
ga_n300_k36_h11_sp167_ds7,ga,300,36,11,7,676.621245321952,161.2049654077235,122.33622907280524,5803.378754678048,59.06611230003182,347.9487066000001,4537.6165022291225,300,46499.0,36,True,True,True,True,True,,,,,167,7,167000508,spatial_seed_167,8.4,8.333333333333334,10800,407.014818900032,347.9950225999346,2.255404151073173,46499.0,1,14
nn_n300_k36_h11_sp167_ds7,nn,300,36,11,7,693.7551616303434,160.72902328804602,128.9906505471626,5786.2448383696565,59.06611230003182,9.39846850000322,3876.512703249362,300,46499.0,36,True,True,True,True,True,,,,,167,7,167000508,spatial_seed_167,8.4,8.333333333333334,10800,68.46458080003504,9.39935099997092,2.312517205434478,46499.0,1,15
proposed_n300_k36_h11_sp167_ds7,proposed,300,36,11,7,592.5218482404318,163.54105977109913,134.98971287962365,5887.478151759568,59.06611230003182,1113.9990200999891,4166.205790376772,300,46499.0,36,True,True,True,True,True,False,global_assignment_boundary_sova,64.0,False,167,7,167000508,spatial_seed_167,8.4,8.333333333333334,10800,1173.065132400021,1115.2470793999964,1.9750728274681064,46499.0,1,17
pso_n300_k36_h11_sp167_ds7,pso,300,36,11,7,689.5711034939615,160.84524712516773,130.03968759381064,5790.428896506039,59.06611230003182,230.80829889990852,3876.512703249362,300,46499.0,36,True,True,True,True,True,,,,,167,7,167000508,spatial_seed_167,8.4,8.333333333333334,10800,289.8744111999404,230.8446503999876,2.298570344979872,46499.0,1,15
aco_n300_k36_h11_sp167_ds17,aco,300,36,11,17,612.7666697894991,162.97870361695834,130.17692440773283,5867.233330210501,57.00765490008053,185.832625900046,3669.351132122714,300,43596.0,36,True,True,True,True,True,,,,,167,17,167000518,spatial_seed_167,8.4,8.333333333333334,10800,242.8402808001265,185.85111990000587,2.042555565964997,43596.0,1,15
ga_n300_k36_h11_sp167_ds17,ga,300,36,11,17,663.0312169133007,161.58246619685278,122.25425946493012,5816.9687830867,57.00765490008053,263.0321726000402,4589.604708050224,300,43596.0,36,True,True,True,True,True,,,,,167,17,167000518,spatial_seed_167,8.4,8.333333333333334,10800,320.03982750012074,263.065244999947,2.210104056377669,43596.0,1,16
nn_n300_k36_h11_sp167_ds17,nn,300,36,11,17,683.3785944914654,161.01726126412598,131.5944872419521,5796.621405508535,57.00765490008053,9.693144700024275,4333.328693464762,300,43596.0,36,True,True,True,True,True,,,,,167,17,167000518,spatial_seed_167,8.4,8.333333333333334,10800,66.7007996001048,9.694353099912403,2.2779286483048846,43596.0,1,16
proposed_n300_k36_h11_sp167_ds17,proposed,300,36,11,17,585.7384254866944,163.72948818092516,137.09748180504926,5894.261574513305,57.00765490008053,1490.3450731999474,3937.775860456039,300,43596.0,36,True,True,True,True,True,False,global_assignment_boundary_sova,64.0,False,167,17,167000518,spatial_seed_167,8.4,8.333333333333334,10800,1547.352728100028,1491.7291035000237,1.9524614182889808,43596.0,1,20
pso_n300_k36_h11_sp167_ds17,pso,300,36,11,17,670.741622677496,161.36828825895844,118.4358707772406,5809.258377322504,57.00765490008053,240.26528119994327,4915.353449597031,300,43596.0,36,True,True,True,True,True,,,,,167,17,167000518,spatial_seed_167,8.4,8.333333333333334,10800,297.2729361000238,240.3013511999743,2.235805408924987,43596.0,1,16
aco_n300_k36_h11_sp177_ds7,aco,300,36,11,7,618.44936255473,162.82085104014638,129.9634548268607,5861.55063744527,59.93517089996021,175.54392780002672,4079.565596650105,300,46499.0,36,True,True,True,True,True,,,,,177,7,177000538,spatial_seed_177,8.4,8.333333333333334,10800,235.4790986999869,175.56552860001102,2.0614978751824333,46499.0,1,14
ga_n300_k36_h11_sp177_ds7,ga,300,36,11,7,690.3758478601152,160.82289311499682,126.93527954950544,5789.624152139885,59.93517089996021,274.30824919999577,4923.128937298546,300,46499.0,36,True,True,True,True,True,,,,,177,7,177000538,spatial_seed_177,8.4,8.333333333333334,10800,334.243420099956,274.3476839000359,2.301252826200384,46499.0,1,14
nn_n300_k36_h11_sp177_ds7,nn,300,36,11,7,713.2402246681104,160.18777153699693,122.7627410808766,5766.75977533189,59.93517089996021,9.338148899958467,4038.188401938789,300,46499.0,36,True,True,True,True,True,,,,,177,7,177000538,spatial_seed_177,8.4,8.333333333333334,10800,69.27331979991868,9.338783900020644,2.377467415560368,46499.0,1,14
proposed_n300_k36_h11_sp177_ds7,proposed,300,36,11,7,617.9005548774876,162.83609569784755,125.53366278854348,5862.099445122512,59.93517089996021,1251.18802900007,5197.265761962085,300,46499.0,36,True,True,True,True,True,False,global_assignment_boundary_sova,64.0,False,177,7,177000538,spatial_seed_177,8.4,8.333333333333334,10800,1311.1231999000302,1252.0644171999302,2.059668516258292,46499.0,1,19
pso_n300_k36_h11_sp177_ds7,pso,300,36,11,7,702.861083457031,160.47608101508249,122.9079299370122,5777.138916542969,59.93517089996021,237.8904968000716,4038.243213363985,300,46499.0,36,True,True,True,True,True,,,,,177,7,177000538,spatial_seed_177,8.4,8.333333333333334,10800,297.8256677000318,237.9290914000012,2.3428702781901034,46499.0,1,14
aco_n300_k36_h11_sp177_ds17,aco,300,36,11,17,602.6851948077489,163.25874458867364,138.54484122860157,5877.314805192251,58.54545979993418,163.6465294000227,3777.2966679981128,300,43596.0,36,True,True,True,True,True,,,,,177,17,177000548,spatial_seed_177,8.4,8.333333333333334,10800,222.19198919995688,163.67033140000422,2.008950649359163,43596.0,1,16
ga_n300_k36_h11_sp177_ds17,ga,300,36,11,17,670.678620855528,161.37003830956868,131.9726751667636,5809.321379144472,58.54545979993418,288.01648980006576,4540.910382801253,300,43596.0,36,True,True,True,True,True,,,,,177,17,177000548,spatial_seed_177,8.4,8.333333333333334,10800,346.56194959999993,288.06270189990755,2.23559540285176,43596.0,1,17
nn_n300_k36_h11_sp177_ds17,nn,300,36,11,17,685.3473596429403,160.96257334325165,135.39166108624065,5794.65264035706,58.54545979993418,9.645541000063533,4431.976064709719,300,43596.0,36,True,True,True,True,True,,,,,177,17,177000548,spatial_seed_177,8.4,8.333333333333334,10800,68.19100079999771,9.646446200087668,2.284491198809801,43596.0,1,18
proposed_n300_k36_h11_sp177_ds17,proposed,300,36,11,17,585.1458504242489,163.74594859932645,129.30984231219813,5894.854149575751,58.54545979993418,798.8694504000014,6408.016300247163,300,43596.0,36,True,True,True,True,True,False,global_assignment_boundary_sova,64.0,False,177,17,177000548,spatial_seed_177,8.4,8.333333333333334,10800,857.4149101999355,799.6584213000024,1.9504861680808296,43596.0,1,26
pso_n300_k36_h11_sp177_ds17,pso,300,36,11,17,680.3302308323579,161.1019380324345,136.85610215635688,5799.669769167642,58.54545979993418,254.87115930009168,4431.976064709719,300,43596.0,36,True,True,True,True,True,,,,,177,17,177000548,spatial_seed_177,8.4,8.333333333333334,10800,313.41661910002586,254.90925210004207,2.26776743610786,43596.0,1,18
aco_n300_k36_h11_sp187_ds7,aco,300,36,11,7,616.3760334846277,162.8784435143159,138.39211960498614,5863.623966515373,59.75150969997048,180.7952177999541,3282.523395422755,300,46499.0,36,True,True,True,True,True,,,,,187,7,187000568,spatial_seed_187,8.4,8.333333333333334,10800,240.5467274999246,180.8123157999944,2.054586778282092,46499.0,1,14
ga_n300_k36_h11_sp187_ds7,ga,300,36,11,7,691.6643240376177,160.78710211006617,133.805078811665,5788.335675962382,59.75150969997048,277.9714570000069,4785.69391451291,300,46499.0,36,True,True,True,True,True,,,,,187,7,187000568,spatial_seed_187,8.4,8.333333333333334,10800,337.7229666999774,278.0079190999968,2.305547746792059,46499.0,1,16
nn_n300_k36_h11_sp187_ds7,nn,300,36,11,7,713.030945870907,160.19358483691926,132.9462584078736,5766.969054129093,59.75150969997048,9.649361800053155,3880.179196880052,300,46499.0,36,True,True,True,True,True,,,,,187,7,187000568,spatial_seed_187,8.4,8.333333333333334,10800,69.40087150002364,9.650041799992325,2.37676981956969,46499.0,1,16
proposed_n300_k36_h11_sp187_ds7,proposed,300,36,11,7,617.6012851545421,162.84440874570717,137.44231222955756,5862.398714845458,59.75150969997048,985.0467643999727,3982.493733530084,300,46499.0,36,True,True,True,True,True,False,global_assignment_boundary_sova,64.0,False,187,7,187000568,spatial_seed_187,8.4,8.333333333333334,10800,1044.7982740999432,985.9305823000614,2.05867095051514,46499.0,1,18
pso_n300_k36_h11_sp187_ds7,pso,300,36,11,7,705.2177074002354,160.41061923888233,133.71720287425927,5774.782292599764,59.75150969997048,233.8962983000092,3877.3390032096736,300,46499.0,36,True,True,True,True,True,,,,,187,7,187000568,spatial_seed_187,8.4,8.333333333333334,10800,293.6478079999797,233.93360400001984,2.350725691334118,46499.0,1,16
aco_n300_k36_h11_sp187_ds17,aco,300,36,11,17,606.5776666552279,163.15062037068813,130.25110668813062,5873.422333344773,56.9158269999316,181.81124090007503,4943.577366821885,300,43596.0,36,True,True,True,True,True,,,,,187,17,187000578,spatial_seed_187,8.4,8.333333333333334,10800,238.72706790000663,181.8277761999052,2.0219255555174263,43596.0,1,19
ga_n300_k36_h11_sp187_ds17,ga,300,36,11,17,643.1472852529472,162.1347976318626,139.0277353857893,5836.852714747053,56.9158269999316,279.07071880006697,4004.1132641854574,300,43596.0,36,True,True,True,True,True,,,,,187,17,187000578,spatial_seed_187,8.4,8.333333333333334,10800,335.98654579999857,279.10706680000294,2.1438242841764907,43596.0,1,17
nn_n300_k36_h11_sp187_ds17,nn,300,36,11,17,665.7483186888135,161.50699114753294,133.27555773170812,5814.251681311186,56.9158269999316,9.66596239991486,4145.997564816874,300,43596.0,36,True,True,True,True,True,,,,,187,17,187000578,spatial_seed_187,8.4,8.333333333333334,10800,66.58178939984646,9.66693970002234,2.219161062296045,43596.0,1,16
proposed_n300_k36_h11_sp187_ds17,proposed,300,36,11,17,609.9960453081051,163.0556654081082,139.15540970959455,5870.003954691895,56.9158269999316,1408.325372399995,4636.568554593614,300,43596.0,36,True,True,True,True,True,False,global_assignment_boundary_sova,64.0,False,187,17,187000578,spatial_seed_187,8.4,8.333333333333334,10800,1465.2411993999267,1410.1112730000168,2.033320151027017,43596.0,1,19
pso_n300_k36_h11_sp187_ds17,pso,300,36,11,17,652.9434781541266,161.86268116238537,137.1403579628702,5827.056521845873,56.9158269999316,244.23520100000317,4407.5119589285005,300,43596.0,36,True,True,True,True,True,,,,,187,17,187000578,spatial_seed_187,8.4,8.333333333333334,10800,301.15102799993474,244.27126870001663,2.176478260513756,43596.0,1,16
aco_n300_k36_h11_sp197_ds7,aco,300,36,11,7,609.8668730387772,163.05925352670064,136.82490703412438,5870.133126961223,59.52691130002495,177.10376550001092,4295.733734288113,300,46499.0,36,True,True,True,True,True,,,,,197,7,197000598,spatial_seed_197,8.4,8.333333333333334,10800,236.63067680003587,177.12243220000528,2.032889576795924,46499.0,1,18
ga_n300_k36_h11_sp197_ds7,ga,300,36,11,7,689.8536318556689,160.83739911512032,135.97457644284069,5790.146368144331,59.52691130002495,289.67177030001767,3443.5194080221845,300,46499.0,36,True,True,True,True,True,,,,,197,7,197000598,spatial_seed_197,8.4,8.333333333333334,10800,349.1986816000426,289.7124021999771,2.299512106185563,46499.0,1,14
nn_n300_k36_h11_sp197_ds7,nn,300,36,11,7,730.3851519765026,159.71152355620828,125.16991419584852,5749.614848023498,59.52691130002495,10.145178899983875,4230.867517134303,300,46499.0,36,True,True,True,True,True,,,,,197,7,197000598,spatial_seed_197,8.4,8.333333333333334,10800,69.67209020000882,10.14583360007964,2.434617173255009,46499.0,1,15
proposed_n300_k36_h11_sp197_ds7,proposed,300,36,11,7,582.835259994444,163.810131666821,141.2636995679511,5897.164740005556,59.52691130002495,1406.1025962000713,4386.381090138085,300,46499.0,36,True,True,True,True,True,False,global_assignment_boundary_sova,64.0,False,197,7,197000598,spatial_seed_197,8.4,8.333333333333334,10800,1465.6295075000962,1407.009740700014,1.94278419998148,46499.0,1,20
pso_n300_k36_h11_sp197_ds7,pso,300,36,11,7,718.3301946497236,160.04638348195215,130.1184639632585,5761.669805350277,59.52691130002495,256.26481139997486,3644.261999402118,300,46499.0,36,True,True,True,True,True,,,,,197,7,197000598,spatial_seed_197,8.4,8.333333333333334,10800,315.7917226999998,256.3025978000369,2.394433982165745,46499.0,1,15
aco_n300_k36_h11_sp197_ds17,aco,300,36,11,17,605.9592487139971,163.1677986468334,135.5581097182373,5874.040751286003,58.53860029997304,182.9750152999768,3578.619959704914,300,43596.0,36,True,True,True,True,True,,,,,197,17,197000608,spatial_seed_197,8.4,8.333333333333334,10800,241.51361559994984,182.9970410000533,2.0198641623799904,43596.0,1,17
ga_n300_k36_h11_sp197_ds17,ga,300,36,11,17,674.5640000743592,161.26211110904558,135.78945476456974,5805.43599992564,58.53860029997304,339.3188425999833,4226.23602428875,300,43596.0,36,True,True,True,True,True,,,,,197,17,197000608,spatial_seed_197,8.4,8.333333333333334,10800,397.8574428999564,339.38337799999863,2.248546666914531,43596.0,1,18
nn_n300_k36_h11_sp197_ds17,nn,300,36,11,17,695.5187151858042,160.68003568928322,128.69711263579308,5784.481284814196,58.53860029997304,9.517639599973336,4066.5075806989503,300,43596.0,36,True,True,True,True,True,,,,,197,17,197000608,spatial_seed_197,8.4,8.333333333333334,10800,68.05623989994638,9.518028200021943,2.3183957172860143,43596.0,1,18
proposed_n300_k36_h11_sp197_ds17,proposed,300,36,11,17,584.2520374670142,163.7707767370274,137.8243237616454,5895.747962532986,58.53860029997304,675.3273451999994,4407.3945336516,300,43596.0,36,True,True,True,True,True,False,global_assignment_boundary_sova,64.0,False,197,17,197000608,spatial_seed_197,8.4,8.333333333333334,10800,733.8659454999724,676.1679587000981,1.947506791556714,43596.0,1,23
pso_n300_k36_h11_sp197_ds17,pso,300,36,11,17,678.0978309260241,161.16394914094377,131.6704716973618,5801.902169073976,58.53860029997304,255.03777880000416,4066.5075806989503,300,43596.0,36,True,True,True,True,True,,,,,197,17,197000608,spatial_seed_197,8.4,8.333333333333334,10800,313.5763790999772,255.077208600007,2.260326103086747,43596.0,1,18
aco_n350_k42_h11_sp107_ds7,aco,350,42,11,7,701.3055817815178,163.302248052821,132.70965618698034,6858.6944182184825,73.34614260005765,255.9519148999825,5120.643320683844,350,54056.0,42,True,True,True,True,True,,,,,107,7,107000328,spatial_seed_107,8.4,8.333333333333334,14700,329.29805750004016,255.98378220002635,2.0037302336614795,54056.0,1,16
ga_n350_k42_h11_sp107_ds7,ga,350,42,11,7,777.0866562825156,161.4979367551782,139.12876043283035,6782.913343717484,73.34614260005765,404.0030362000689,3693.058700094958,350,54056.0,42,True,True,True,True,True,,,,,107,7,107000328,spatial_seed_107,8.4,8.333333333333334,14700,477.34917880012654,404.0549380000448,2.220247589378616,54056.0,1,15
nn_n350_k42_h11_sp107_ds7,nn,350,42,11,7,801.7637591509189,160.91038668688287,136.9950584804381,6758.236240849081,73.34614260005765,14.779958800063469,3997.783365003016,350,54056.0,42,True,True,True,True,True,,,,,107,7,107000328,spatial_seed_107,8.4,8.333333333333334,14700,88.12610140012112,14.78044190001674,2.290753597574054,54056.0,1,15
proposed_n350_k42_h11_sp107_ds7,proposed,350,42,11,7,665.0292075752365,164.16597124820865,143.91379585917997,6894.970792424763,73.34614260005765,1774.993690500036,4158.528854807176,350,54056.0,42,True,True,True,True,True,False,global_assignment_boundary_sova,64.0,False,107,7,107000328,spatial_seed_107,8.4,8.333333333333334,14700,1848.3398331000933,1776.3157609000336,1.9000834502149613,54056.0,1,20
pso_n350_k42_h11_sp107_ds7,pso,350,42,11,7,790.4247545459583,161.180362987001,137.62626481496324,6769.575245454042,73.34614260005765,341.645698599983,3984.882234447048,350,54056.0,42,True,True,True,True,True,,,,,107,7,107000328,spatial_seed_107,8.4,8.333333333333334,14700,414.9918412000407,341.70151590008754,2.2583564415598807,54056.0,1,15
aco_n350_k42_h11_sp107_ds17,aco,350,42,11,17,697.9042997483849,163.3832309583718,136.6086210013841,6862.095700251615,68.65167139994446,250.25408210000023,4546.417975611723,350,51217.0,42,True,True,True,True,True,,,,,107,17,107000338,spatial_seed_107,8.4,8.333333333333334,14700,318.9057534999447,250.2831852999516,1.9940122849953852,51217.0,1,17
ga_n350_k42_h11_sp107_ds17,ga,350,42,11,17,767.2345074083236,161.73251172837325,128.73798427551608,6792.765492591677,68.65167139994446,419.7239014999941,4052.7325636993855,350,51217.0,42,True,True,True,True,True,,,,,107,17,107000338,spatial_seed_107,8.4,8.333333333333334,14700,488.37557289993856,419.7786752000684,2.1920985925952103,51217.0,1,15
nn_n350_k42_h11_sp107_ds17,nn,350,42,11,17,787.4141749645578,161.2520434532248,135.31298017071575,6772.585825035442,68.65167139994446,14.938852600054815,3841.073074737949,350,51217.0,42,True,True,True,True,True,,,,,107,17,107000338,spatial_seed_107,8.4,8.333333333333334,14700,83.59052399999928,14.939750400022604,2.2497547856130224,51217.0,1,16
proposed_n350_k42_h11_sp107_ds17,proposed,350,42,11,17,652.1555413991476,164.47248710954412,140.7766707851253,6907.844458600853,68.65167139994446,3183.216832400067,4931.414058938251,350,51217.0,42,True,True,True,True,True,False,global_assignment_boundary_sova,64.0,False,107,17,107000338,spatial_seed_107,8.4,8.333333333333334,14700,3251.8685038000112,3185.216786899953,1.863301546854708,51217.0,1,20
pso_n350_k42_h11_sp107_ds17,pso,350,42,11,17,780.0864336281312,161.4265134850445,139.27393822714657,6779.913566371869,68.65167139994446,337.02413899998646,3732.070702474437,350,51217.0,42,True,True,True,True,True,,,,,107,17,107000338,spatial_seed_107,8.4,8.333333333333334,14700,405.6758103999309,337.09163939999416,2.2288183817946607,51217.0,1,16
aco_n350_k42_h11_sp117_ds7,aco,350,42,11,7,688.0661438776943,163.6174727648168,140.21754823848286,6871.933856122306,68.0740506000584,282.1774460999295,3972.195971010284,350,54056.0,42,True,True,True,True,True,,,,,117,7,117000358,spatial_seed_117,8.4,8.333333333333334,14700,350.2514966999879,282.2154140999773,1.965903268221984,54056.0,1,15
ga_n350_k42_h11_sp117_ds7,ga,350,42,11,7,778.0628110492905,161.4746949750169,138.98746182371832,6781.937188950709,68.0740506000584,502.8092780999141,4039.6880990132095,350,54056.0,42,True,True,True,True,True,,,,,117,7,117000358,spatial_seed_117,8.4,8.333333333333334,14700,570.8833286999725,502.8873426000355,2.223036602997973,54056.0,1,16
nn_n350_k42_h11_sp117_ds7,nn,350,42,11,7,803.0346494208264,160.88012739474223,139.5975885942654,6756.965350579174,68.0740506000584,14.909911699942311,4440.777315208336,350,54056.0,42,True,True,True,True,True,,,,,117,7,117000358,spatial_seed_117,8.4,8.333333333333334,14700,82.98396230000071,14.91063259996008,2.2943847126309325,54056.0,1,16
proposed_n350_k42_h11_sp117_ds7,proposed,350,42,11,7,674.4299237240712,163.9421446732364,142.68410406154538,6885.570076275929,68.0740506000584,2487.9425316000124,4202.746382173767,350,54056.0,42,True,True,True,True,True,False,global_assignment_boundary_sova,64.0,False,117,7,117000358,spatial_seed_117,8.4,8.333333333333334,14700,2556.016582200071,2489.237227600068,1.926942639211632,54056.0,1,20
pso_n350_k42_h11_sp117_ds7,pso,350,42,11,7,789.370428446255,161.2054659893749,139.5975885942654,6770.629571553745,68.0740506000584,343.8232376000378,4440.777315208336,350,54056.0,42,True,True,True,True,True,,,,,117,7,117000358,spatial_seed_117,8.4,8.333333333333334,14700,411.8972882000962,343.88059740001336,2.2553440812750143,54056.0,1,16
aco_n350_k42_h11_sp117_ds17,aco,350,42,11,17,674.3042213993814,163.945137585729,140.43275083191492,6885.695778600619,68.10016729997005,289.37027209997177,3694.650884035004,350,51217.0,42,True,True,True,True,True,,,,,117,17,117000368,spatial_seed_117,8.4,8.333333333333334,14700,357.4704393999418,289.4040071000345,1.9265834897125185,51217.0,1,16
ga_n350_k42_h11_sp117_ds17,ga,350,42,11,17,784.7550163572756,161.3153567533982,132.05648935695757,6775.244983642724,68.10016729997005,465.6084964999464,4666.484736774081,350,51217.0,42,True,True,True,True,True,,,,,117,17,117000368,spatial_seed_117,8.4,8.333333333333334,14700,533.7086637999164,465.6660899999552,2.242157189592216,51217.0,1,16
nn_n350_k42_h11_sp117_ds17,nn,350,42,11,17,814.8942128688553,160.59775683645583,134.4325979595074,6745.105787131145,68.10016729997005,17.627220800030045,4571.57234826912,350,51217.0,42,True,True,True,True,True,,,,,117,17,117000368,spatial_seed_117,8.4,8.333333333333334,14700,85.7273881000001,17.627984400023706,2.328269179625301,51217.0,1,16
proposed_n350_k42_h11_sp117_ds17,proposed,350,42,11,17,679.5677470432445,163.8198155465894,140.83975714037973,6880.432252956755,68.10016729997005,2998.3106836000225,4044.061363722955,350,51217.0,42,True,True,True,True,True,False,global_assignment_boundary_sova,64.0,False,117,17,117000368,spatial_seed_117,8.4,8.333333333333334,14700,3066.4108508999925,3000.1738702000584,1.94162213440927,51217.0,1,17
pso_n350_k42_h11_sp117_ds17,pso,350,42,11,17,801.900857396566,160.9071224429389,135.30016569607025,6758.099142603434,68.10016729997005,412.43339830008335,4451.57234826912,350,51217.0,42,True,True,True,True,True,,,,,117,17,117000368,spatial_seed_117,8.4,8.333333333333334,14700,480.5335656000534,412.49600149993785,2.291145306847332,51217.0,1,16
aco_n350_k42_h11_sp127_ds7,aco,350,42,11,7,708.5025858741799,163.1308908125195,125.63139947459314,6851.49741412582,68.54712529992685,294.0086611000588,4437.490533629469,350,54056.0,42,True,True,True,True,True,,,,,127,7,127000388,spatial_seed_127,8.4,8.333333333333334,14700,362.55578639998566,294.04204550001305,2.0242931024976567,54056.0,1,15
ga_n350_k42_h11_sp127_ds7,ga,350,42,11,7,780.6085087775087,161.41408312434504,138.5284453417888,6779.391491222492,68.54712529992685,469.5694050000748,3729.5032479139018,350,54056.0,42,True,True,True,True,True,,,,,127,7,127000388,spatial_seed_127,8.4,8.333333333333334,14700,538.1165303000016,469.6328423999949,2.2303100250785963,54056.0,1,16
nn_n350_k42_h11_sp127_ds7,nn,350,42,11,7,814.3961676644461,160.60961505560843,134.05882739516886,6745.603832335554,68.54712529992685,17.51553720002994,4098.417755066045,350,54056.0,42,True,True,True,True,True,,,,,127,7,127000388,spatial_seed_127,8.4,8.333333333333334,14700,86.06266249995679,17.516222600010224,2.326846193326989,54056.0,1,15
proposed_n350_k42_h11_sp127_ds7,proposed,350,42,11,7,678.9332012753794,163.83492377915763,139.15056955439258,6881.066798724621,68.54712529992685,2027.0759644999637,4029.5534550772495,350,54056.0,42,True,True,True,True,True,False,global_assignment_boundary_sova,64.0,False,127,7,127000388,spatial_seed_127,8.4,8.333333333333334,14700,2095.6230897998903,2028.606489600032,1.939809146501084,54056.0,1,20
pso_n350_k42_h11_sp127_ds7,pso,350,42,11,7,806.4323836387184,160.7992289609829,137.47077754521774,6753.567616361282,68.54712529992685,408.0692374000792,4098.417755066045,350,54056.0,42,True,True,True,True,True,,,,,127,7,127000388,spatial_seed_127,8.4,8.333333333333334,14700,476.616362700006,408.1449693000177,2.3040925246820527,54056.0,1,15
aco_n350_k42_h11_sp127_ds17,aco,350,42,11,17,696.8624629306036,163.4080365968904,129.19199960963545,6863.137537069397,80.74429880001117,278.99329059990123,4553.826256711821,350,51217.0,42,True,True,True,True,True,,,,,127,17,127000398,spatial_seed_127,8.4,8.333333333333334,14700,359.7375893999124,279.0238843000261,1.991035608373153,51217.0,1,15
ga_n350_k42_h11_sp127_ds17,ga,350,42,11,17,755.7777893541667,162.0052907296627,134.76227329692787,6804.222210645833,80.74429880001117,450.10209479997866,4231.58538132419,350,51217.0,42,True,True,True,True,True,,,,,127,17,127000398,spatial_seed_127,8.4,8.333333333333334,14700,530.8463935999898,450.1544477000134,2.159365112440476,51217.0,1,16
nn_n350_k42_h11_sp127_ds17,nn,350,42,11,17,769.0770742789847,161.6886410885956,134.76227329692787,6790.922925721015,80.74429880001117,17.588845400023274,4231.58538132419,350,51217.0,42,True,True,True,True,True,,,,,127,17,127000398,spatial_seed_127,8.4,8.333333333333334,14700,98.33314420003444,17.58972160005942,2.1973630693685275,51217.0,1,16
proposed_n350_k42_h11_sp127_ds17,proposed,350,42,11,17,677.3729515711337,163.87207258163966,142.602817155638,6882.627048428866,80.74429880001117,2387.358370599919,3698.834187283041,350,51217.0,42,True,True,True,True,True,False,global_assignment_boundary_sova,64.0,False,127,17,127000398,spatial_seed_127,8.4,8.333333333333334,14700,2468.10266939993,2389.0945413999725,1.9353512902032397,51217.0,1,18
pso_n350_k42_h11_sp127_ds17,pso,350,42,11,17,755.0038649334409,162.02371750158474,134.76227329692787,6804.996135066559,80.74429880001117,409.3237614000682,4231.58538132419,350,51217.0,42,True,True,True,True,True,,,,,127,17,127000398,spatial_seed_127,8.4,8.333333333333334,14700,490.06806020007934,409.3847848000005,2.157153899809831,51217.0,1,16
aco_n350_k42_h11_sp137_ds7,aco,350,42,11,7,702.1972437091914,163.281018006924,141.97368159308434,6857.802756290808,78.00079319998622,305.91116829996463,4008.047733645624,350,54056.0,42,True,True,True,True,True,,,,,137,7,137000418,spatial_seed_137,8.4,8.333333333333334,14700,383.9119614999509,305.94600790005643,2.0062778391691185,54056.0,1,15
ga_n350_k42_h11_sp137_ds7,ga,350,42,11,7,787.4322024395599,161.25161422762957,140.62618698704063,6772.56779756044,78.00079319998622,543.4983219999122,3825.4028599408816,350,54056.0,42,True,True,True,True,True,,,,,137,7,137000418,spatial_seed_137,8.4,8.333333333333334,14700,621.4991151998984,543.6058016000316,2.2498062926844566,54056.0,1,15
nn_n350_k42_h11_sp137_ds7,nn,350,42,11,7,812.7821437698894,160.648044195955,135.54853109946578,6747.217856230111,78.00079319998622,17.605553500005044,3945.8694672067472,350,54056.0,42,True,True,True,True,True,,,,,137,7,137000418,spatial_seed_137,8.4,8.333333333333334,14700,95.60634669999126,17.606270000105724,2.3222346964853986,54056.0,1,16
proposed_n350_k42_h11_sp137_ds7,proposed,350,42,11,7,685.9407626036634,163.66807708086515,144.27133372240078,6874.059237396336,78.00079319998622,3346.013446599944,3921.512242596327,350,54056.0,42,True,True,True,True,True,False,global_assignment_boundary_sova,64.0,False,137,7,137000418,spatial_seed_137,8.4,8.333333333333334,14700,3424.01423979993,3347.615843199892,1.9598307502961807,54056.0,1,20
pso_n350_k42_h11_sp137_ds7,pso,350,42,11,7,809.514141281592,160.72585377900973,135.54853109946578,6750.485858718408,78.00079319998622,397.0839518000139,3945.8694672067472,350,54056.0,42,True,True,True,True,True,,,,,137,7,137000418,spatial_seed_137,8.4,8.333333333333334,14700,475.0847450000001,397.1447266999167,2.312897546518834,54056.0,1,15
aco_n350_k42_h11_sp137_ds17,aco,350,42,11,17,698.9238449504265,163.3589560726089,146.24115932811117,6861.076155049574,77.94205249997322,267.9567038000096,3770.1910975799656,350,51217.0,42,True,True,True,True,True,,,,,137,17,137000428,spatial_seed_137,8.4,8.333333333333334,14700,345.8987562999828,268.01015129999723,1.996925271286933,51217.0,1,16
ga_n350_k42_h11_sp137_ds17,ga,350,42,11,17,783.4652577123616,161.34606529256283,131.1461096610305,6776.534742287638,77.94205249997322,463.22471679991577,3957.4819728057223,350,51217.0,42,True,True,True,True,True,,,,,137,17,137000428,spatial_seed_137,8.4,8.333333333333334,14700,541.166769299889,463.2946321999189,2.2384721648924617,51217.0,1,16
nn_n350_k42_h11_sp137_ds17,nn,350,42,11,17,806.1466002128661,160.80603332826507,130.63298953779832,6753.853399787134,77.94205249997322,18.34259289992042,4001.631017078066,350,51217.0,42,True,True,True,True,True,,,,,137,17,137000428,spatial_seed_137,8.4,8.333333333333334,14700,96.28464539989363,18.34365960001014,2.303276000608189,51217.0,1,17
proposed_n350_k42_h11_sp137_ds17,proposed,350,42,11,17,691.1216882997952,163.54472170714774,145.30468860033525,6868.878311700205,77.94205249997322,1815.6707238000815,4050.46060920472,350,51217.0,42,True,True,True,True,True,False,global_assignment_boundary_sova,64.0,False,137,17,137000428,spatial_seed_137,8.4,8.333333333333334,14700,1893.612776300055,1817.9058579000407,1.974633395142272,51217.0,1,20
pso_n350_k42_h11_sp137_ds17,pso,350,42,11,17,799.988031007815,160.95266592838536,129.0302020612296,6760.011968992185,77.94205249997322,407.354016300058,4433.597005587917,350,51217.0,42,True,True,True,True,True,,,,,137,17,137000428,spatial_seed_137,8.4,8.333333333333334,14700,485.2960688000312,407.41570759995375,2.2856800885937574,51217.0,1,17
aco_n350_k42_h11_sp147_ds7,aco,350,42,11,7,691.0225517228514,163.54708210183685,144.46472638061692,6868.977448277148,82.05581310007256,276.79468789999373,3646.965477775873,350,54056.0,42,True,True,True,True,True,,,,,147,7,147000448,spatial_seed_147,8.4,8.333333333333334,14700,358.8505010000663,276.8228984999005,1.9743501477795755,54056.0,1,16
ga_n350_k42_h11_sp147_ds7,ga,350,42,11,7,783.0320066320215,161.35638079447568,137.75926933187893,6776.967993367978,82.05581310007256,437.7676658999408,3687.7214462562224,350,54056.0,42,True,True,True,True,True,,,,,147,7,147000448,spatial_seed_147,8.4,8.333333333333334,14700,519.8234790000133,437.8246060999809,2.237234304662919,54056.0,1,15
nn_n350_k42_h11_sp147_ds7,nn,350,42,11,7,797.6272748113059,161.00887440925462,136.36889103975156,6762.372725188694,82.05581310007256,17.68691479996778,3888.771801691599,350,54056.0,42,True,True,True,True,True,,,,,147,7,147000448,spatial_seed_147,8.4,8.333333333333334,14700,99.74272790004034,17.687658400041983,2.2789350708894456,54056.0,1,15
proposed_n350_k42_h11_sp147_ds7,proposed,350,42,11,7,687.6043518056206,163.6284678141519,133.9209478157392,6872.39564819438,82.05581310007256,1065.2110689999536,5831.633464408741,350,54056.0,42,True,True,True,True,True,False,global_assignment_boundary_sova,64.0,False,147,7,147000448,spatial_seed_147,8.4,8.333333333333334,14700,1147.266882100026,1066.2293406000829,1.964583862301773,54056.0,1,22
pso_n350_k42_h11_sp147_ds7,pso,350,42,11,7,790.5337434561105,161.17776801294974,136.42152862300458,6769.466256543889,82.05581310007256,385.7213239000412,3891.682276056433,350,54056.0,42,True,True,True,True,True,,,,,147,7,147000448,spatial_seed_147,8.4,8.333333333333334,14700,467.7771370001137,385.7868767000036,2.25866783844603,54056.0,1,15
aco_n350_k42_h11_sp147_ds17,aco,350,42,11,17,678.2415815009114,163.85139091664496,142.35524454958562,6881.758418499088,77.1023550000973,323.18873890000395,3958.519163802816,350,51217.0,42,True,True,True,True,True,,,,,147,17,147000458,spatial_seed_147,8.4,8.333333333333334,14700,400.29109390010126,323.2235195999965,1.937833090002604,51217.0,1,16
ga_n350_k42_h11_sp147_ds17,ga,350,42,11,17,770.9487737598608,161.6440768152414,128.31458757995102,6789.051226240139,77.1023550000973,512.5928291000891,5191.599903420248,350,51217.0,42,True,True,True,True,True,,,,,147,17,147000458,spatial_seed_147,8.4,8.333333333333334,14700,589.6951841001865,512.696967399912,2.202710782171031,51217.0,1,17
nn_n350_k42_h11_sp147_ds17,nn,350,42,11,17,799.4352299185771,160.9658278590815,125.71821983757076,6760.564770081423,77.1023550000973,17.29249100002926,4287.544471496531,350,51217.0,42,True,True,True,True,True,,,,,147,17,147000458,spatial_seed_147,8.4,8.333333333333334,14700,94.39484600012656,17.293385799974203,2.28410065691022,51217.0,1,17
proposed_n350_k42_h11_sp147_ds17,proposed,350,42,11,17,685.7822327276801,163.6718516017219,128.57594421342984,6874.21776727232,77.1023550000973,2664.135658700019,5580.156192541066,350,51217.0,42,True,True,True,True,True,False,global_assignment_boundary_sova,64.0,False,147,17,147000458,spatial_seed_147,8.4,8.333333333333334,14700,2741.2380137001164,2665.778145299992,1.959377807793372,51217.0,1,22
pso_n350_k42_h11_sp147_ds17,pso,350,42,11,17,788.7960009159947,161.21914283533346,125.71821983757076,6771.203999084005,77.1023550000973,416.6335612999974,4287.544471496531,350,51217.0,42,True,True,True,True,True,,,,,147,17,147000458,spatial_seed_147,8.4,8.333333333333334,14700,493.7359163000947,416.70324259996414,2.2537028597599846,51217.0,1,17
aco_n350_k42_h11_sp157_ds7,aco,350,42,11,7,707.6714696690839,163.15067929359324,139.62630749225872,6852.328530330916,78.55562270001974,289.38283559994306,4071.139978197065,350,54056.0,42,True,True,True,True,True,,,,,157,7,157000478,spatial_seed_157,8.4,8.333333333333334,14700,367.9384582999628,289.41435450001154,2.021918484768811,54056.0,1,15
ga_n350_k42_h11_sp157_ds7,ga,350,42,11,7,783.7947150393024,161.3382210704928,136.29076026959154,6776.205284960698,78.55562270001974,517.8497141000116,4816.674111997991,350,54056.0,42,True,True,True,True,True,,,,,157,7,157000478,spatial_seed_157,8.4,8.333333333333334,14700,596.4053368000314,517.9480484999949,2.239413471540864,54056.0,1,15
nn_n350_k42_h11_sp157_ds7,nn,350,42,11,7,809.4437339399685,160.72753014428648,136.29076026959154,6750.556266060032,78.55562270001974,17.17982530000154,4816.674111997991,350,54056.0,42,True,True,True,True,True,,,,,157,7,157000478,spatial_seed_157,8.4,8.333333333333334,14700,95.73544800002128,17.180688499938697,2.3126963826856244,54056.0,1,15
proposed_n350_k42_h11_sp157_ds7,proposed,350,42,11,7,669.5470454423719,164.05840367994352,142.86174896164283,6890.452954557628,78.55562270001974,1407.4676833000267,3904.362506397507,350,54056.0,42,True,True,True,True,True,False,global_assignment_boundary_sova,64.0,False,157,7,157000478,spatial_seed_157,8.4,8.333333333333334,14700,1486.0233060000464,1408.715929799946,1.9129915584067767,54056.0,1,18
pso_n350_k42_h11_sp157_ds7,pso,350,42,11,7,799.7022368634995,160.95947055086904,136.29076026959154,6760.2977631365,78.55562270001974,421.093218099908,4816.674111997991,350,54056.0,42,True,True,True,True,True,,,,,157,7,157000478,spatial_seed_157,8.4,8.333333333333334,14700,499.6488407999277,421.1560173999751,2.2848635338957126,54056.0,1,15
aco_n350_k42_h11_sp157_ds17,aco,350,42,11,17,691.9503442998,163.5249918023857,143.73330442517334,6868.0496557002,88.34176430001389,300.7155128000304,4756.140718966035,350,51217.0,42,True,True,True,True,True,,,,,157,17,157000488,spatial_seed_157,8.4,8.333333333333334,14700,389.0572771000443,300.7538455000613,1.9770009837137144,51217.0,1,16
ga_n350_k42_h11_sp157_ds17,ga,350,42,11,17,759.7387656425292,161.910981770416,136.26579327452126,6800.261234357471,88.34176430001389,548.9801131000277,4866.338403610318,350,51217.0,42,True,True,True,True,True,,,,,157,17,157000488,spatial_seed_157,8.4,8.333333333333334,14700,637.3218774000416,549.0455572999781,2.1706821875500832,51217.0,1,17
nn_n350_k42_h11_sp157_ds17,nn,350,42,11,17,782.1126605586732,161.37826998669826,134.65736284784134,6777.887339441327,88.34176430001389,17.144116699928418,5034.816905095348,350,51217.0,42,True,True,True,True,True,,,,,157,17,157000488,spatial_seed_157,8.4,8.333333333333334,14700,105.48588099994232,17.145094500039704,2.234607601596209,51217.0,1,18
proposed_n350_k42_h11_sp157_ds17,proposed,350,42,11,17,679.1764522002168,163.82913209047103,140.7367255220406,6880.823547799783,88.34176430001389,6723.862234600005,4361.165122989865,350,51217.0,42,True,True,True,True,True,False,global_assignment_boundary_sova,64.0,False,157,17,157000488,spatial_seed_157,8.4,8.333333333333334,14700,6812.203998900019,6725.900277700042,1.9405041491434765,51217.0,1,20
pso_n350_k42_h11_sp157_ds17,pso,350,42,11,17,775.5554444013467,161.53439418092032,136.08791356986825,6784.444555598653,88.34176430001389,425.921868699952,4753.896215572765,350,51217.0,42,True,True,True,True,True,,,,,157,17,157000488,spatial_seed_157,8.4,8.333333333333334,14700,514.2636329999659,426.0045688999817,2.215872698289562,51217.0,1,18
aco_n350_k42_h11_sp167_ds7,aco,350,42,11,7,694.0174177825596,163.47577576708193,136.3987307139081,6865.982582217441,79.92349680000916,273.1300501000369,3668.157038621765,350,54056.0,42,True,True,True,True,True,,,,,167,7,167000508,spatial_seed_167,8.4,8.333333333333334,14700,353.05354690004606,273.1582844000077,1.9829069079501704,54056.0,1,15
ga_n350_k42_h11_sp167_ds7,ga,350,42,11,7,761.2726225173565,161.87446136863437,129.59925468332375,6798.727377482644,79.92349680000916,555.6251576000359,3959.929362013914,350,54056.0,42,True,True,True,True,True,,,,,167,7,167000508,spatial_seed_167,8.4,8.333333333333334,14700,635.548654400045,555.694150299998,2.175064635763876,54056.0,1,16
nn_n350_k42_h11_sp167_ds7,nn,350,42,11,7,790.4687651653112,161.17931511511165,129.59925468332375,6769.531234834689,79.92349680000916,19.90707040007692,4263.478468336625,350,54056.0,42,True,True,True,True,True,,,,,167,7,167000508,spatial_seed_167,8.4,8.333333333333334,14700,99.83056720008608,19.90773909993004,2.258482186186604,54056.0,1,17
proposed_n350_k42_h11_sp167_ds7,proposed,350,42,11,7,690.5688899831144,163.5578835718306,140.85960602301418,6869.431110016885,79.92349680000916,2623.63696620008,5135.507876477155,350,54056.0,42,True,True,True,True,True,False,global_assignment_boundary_sova,64.0,False,167,7,167000508,spatial_seed_167,8.4,8.333333333333334,14700,2703.560463000089,2624.7749381000176,1.973053971380327,54056.0,1,23
pso_n350_k42_h11_sp167_ds7,pso,350,42,11,7,787.199346405067,161.257158418927,129.59925468332375,6772.8006535949335,79.92349680000916,386.1269320999272,4263.478468336625,350,54056.0,42,True,True,True,True,True,,,,,167,7,167000508,spatial_seed_167,8.4,8.333333333333334,14700,466.0504288999364,386.1907223999733,2.249140989728762,54056.0,1,17
aco_n350_k42_h11_sp167_ds17,aco,350,42,11,17,689.2131521932118,163.59016304301878,135.78707573301864,6870.7868478067885,75.2837841999717,280.80923959997017,3784.85815793936,350,51217.0,42,True,True,True,True,True,,,,,167,17,167000518,spatial_seed_167,8.4,8.333333333333334,14700,356.0930237999419,280.87701070006005,1.969180434837748,51217.0,1,16
ga_n350_k42_h11_sp167_ds17,ga,350,42,11,17,749.1883876840739,162.1621812456173,136.58944368076317,6810.811612315926,75.2837841999717,687.3754808999365,3732.854190250887,350,51217.0,42,True,True,True,True,True,,,,,167,17,167000518,spatial_seed_167,8.4,8.333333333333334,14700,762.6592650999082,687.4645755999954,2.140538250525925,51217.0,1,16
nn_n350_k42_h11_sp167_ds17,nn,350,42,11,17,772.4184319850026,161.60908495273802,127.5830422579346,6787.581568014997,75.2837841999717,19.684121800004505,4016.63443717386,350,51217.0,42,True,True,True,True,True,,,,,167,17,167000518,spatial_seed_167,8.4,8.333333333333334,14700,94.9679059999762,19.684900799999014,2.206909805671436,51217.0,1,16
proposed_n350_k42_h11_sp167_ds17,proposed,350,42,11,17,686.8319094972678,163.6468592976841,141.4594916259083,6873.168090502732,75.2837841999717,2723.514842999982,4059.621268011553,350,51217.0,42,True,True,True,True,True,False,global_assignment_boundary_sova,64.0,False,167,17,167000518,spatial_seed_167,8.4,8.333333333333334,14700,2798.7986271999544,2725.679177400074,1.962376884277908,51217.0,1,21
pso_n350_k42_h11_sp167_ds17,pso,350,42,11,17,767.889405938634,161.716918906223,128.352678779081,6792.110594061366,75.2837841999717,425.91614310001023,4381.738360237098,350,51217.0,42,True,True,True,True,True,,,,,167,17,167000518,spatial_seed_167,8.4,8.333333333333334,14700,501.19992729998194,426.0005750999553,2.19396973125324,51217.0,1,16
aco_n350_k42_h11_sp177_ds7,aco,350,42,11,7,706.9026108250872,163.16898545654553,138.5186930056492,6853.097389174913,77.24391900002956,310.5230025999481,3507.0888505830253,350,54056.0,42,True,True,True,True,True,,,,,177,7,177000538,spatial_seed_177,8.4,8.333333333333334,14700,387.7669215999777,310.56310739996843,2.019721745214535,54056.0,1,15
ga_n350_k42_h11_sp177_ds7,ga,350,42,11,7,781.8284353069278,161.38503725459697,116.52209426253552,6778.1715646930725,77.24391900002956,437.55854680005,4362.167983120927,350,54056.0,42,True,True,True,True,True,,,,,177,7,177000538,spatial_seed_177,8.4,8.333333333333334,14700,514.8024658000795,437.6145958000561,2.233795529448365,54056.0,1,15
nn_n350_k42_h11_sp177_ds7,nn,350,42,11,7,800.9522914618996,160.92970734614525,138.17506964932426,6759.047708538101,77.24391900002956,16.818995899986476,4028.070408787506,350,54056.0,42,True,True,True,True,True,,,,,177,7,177000538,spatial_seed_177,8.4,8.333333333333334,14700,94.06291490001604,16.819549400010146,2.28843511846257,54056.0,1,15
proposed_n350_k42_h11_sp177_ds7,proposed,350,42,11,7,667.6104712389232,164.10451258954944,137.2267768562706,6892.389528761077,77.24391900002956,2463.2920836999547,3686.314630872895,350,54056.0,42,True,True,True,True,True,False,global_assignment_boundary_sova,64.0,False,177,7,177000538,spatial_seed_177,8.4,8.333333333333334,14700,2540.536002699984,2464.738684699987,1.9074584892540665,54056.0,1,16
pso_n350_k42_h11_sp177_ds7,pso,350,42,11,7,790.3938990096821,161.1810976426266,142.3826722089535,6769.606100990318,77.24391900002956,386.81193740002345,3608.182852277848,350,54056.0,42,True,True,True,True,True,,,,,177,7,177000538,spatial_seed_177,8.4,8.333333333333334,14700,464.055856400053,386.874221200007,2.258268282884806,54056.0,1,15
aco_n350_k42_h11_sp187_ds7,aco,350,42,11,7,700.5784920635459,163.3195597127727,136.56014453120792,6859.421507936454,75.21021699998528,289.5555725999875,3784.7239149154993,350,54056.0,42,True,True,True,True,True,,,,,187,7,187000568,spatial_seed_187,8.4,8.333333333333334,14700,364.7657895999728,289.58767259994056,2.001652834467274,54056.0,1,15
ga_n350_k42_h11_sp187_ds7,ga,350,42,11,7,764.7050434869026,161.79273705983564,139.11792382273865,6795.2949565130975,75.21021699998528,449.0064386999002,3578.651976162177,350,54056.0,42,True,True,True,True,True,,,,,187,7,187000568,spatial_seed_187,8.4,8.333333333333334,14700,524.2166556998855,449.0597605999792,2.184871552819722,54056.0,1,16
nn_n350_k42_h11_sp187_ds7,nn,350,42,11,7,778.4979660593524,161.464334141444,138.16952596842322,6781.502033940647,75.21021699998528,16.719555099960417,3937.491022706805,350,54056.0,42,True,True,True,True,True,,,,,187,7,187000568,spatial_seed_187,8.4,8.333333333333334,14700,91.9297720999457,16.720242899958976,2.224279903026721,54056.0,1,16
proposed_n350_k42_h11_sp187_ds7,proposed,350,42,11,7,682.0746391773113,163.76012763863545,137.4548422630195,6877.925360822689,75.21021699998528,2691.372323799995,4728.105492922585,350,54056.0,42,True,True,True,True,True,False,global_assignment_boundary_sova,64.0,False,187,7,187000568,spatial_seed_187,8.4,8.333333333333334,14700,2766.58254079998,2692.4995942999376,1.9487846833637463,54056.0,1,17
pso_n350_k42_h11_sp187_ds7,pso,350,42,11,7,771.062845465877,161.641360822241,138.16952596842322,6788.937154534123,75.21021699998528,376.18744270002935,3669.105516059585,350,54056.0,42,True,True,True,True,True,,,,,187,7,187000568,spatial_seed_187,8.4,8.333333333333334,14700,451.3976597000146,376.2505603999598,2.203036701331077,54056.0,1,16
aco_n350_k42_h11_sp187_ds17,aco,350,42,11,17,685.193490953504,163.68586926301182,135.39650081682515,6874.806509046496,75.37467469996773,270.2630394999869,3887.5210397485394,350,51217.0,42,True,True,True,True,True,,,,,187,17,187000578,spatial_seed_187,8.4,8.333333333333334,14700,345.63771419995464,270.2913114000112,1.957695688438583,51217.0,1,17
ga_n350_k42_h11_sp187_ds17,ga,350,42,11,17,746.9915492003169,162.214486923802,129.94297704919077,6813.008450799684,75.37467469996773,498.9004825999728,5116.970544056953,350,51217.0,42,True,True,True,True,True,,,,,187,17,187000578,spatial_seed_187,8.4,8.333333333333334,14700,574.2751572999405,498.97342629998457,2.1342615691437623,51217.0,1,18
nn_n350_k42_h11_sp187_ds17,nn,350,42,11,17,775.1495732969781,161.54405777864338,133.1482382195562,6784.850426703022,75.37467469996773,16.809122400009073,4845.609741105842,350,51217.0,42,True,True,True,True,True,,,,,187,17,187000578,spatial_seed_187,8.4,8.333333333333334,14700,92.1837970999768,16.80967840005178,2.2147130665627945,51217.0,1,18
proposed_n350_k42_h11_sp187_ds17,proposed,350,42,11,17,688.1665849699233,163.61508131023993,131.3082075774465,6871.833415030077,75.37467469996773,3523.0839903999586,5385.568380868552,350,51217.0,42,True,True,True,True,True,False,global_assignment_boundary_sova,64.0,False,187,17,187000578,spatial_seed_187,8.4,8.333333333333334,14700,3598.4586650999263,3524.83268579992,1.9661902427712092,51217.0,1,25
pso_n350_k42_h11_sp187_ds17,pso,350,42,11,17,767.5298914519404,161.7254787749538,134.8642350636989,6792.47010854806,75.37467469996773,394.299630500027,4747.565400680442,350,51217.0,42,True,True,True,True,True,,,,,187,17,187000578,spatial_seed_187,8.4,8.333333333333334,14700,469.6743051999947,394.3653279999271,2.192942547005544,51217.0,1,18
aco_n350_k42_h11_sp197_ds7,aco,350,42,11,7,704.4584613465261,163.22717949174938,140.04735156775865,6855.541538653474,78.24214009998832,273.0049222999951,4188.057025335417,350,54056.0,42,True,True,True,True,True,,,,,197,7,197000598,spatial_seed_197,8.4,8.333333333333334,14700,351.2470623999834,273.03527640004177,2.0127384609900743,54056.0,1,18
ga_n350_k42_h11_sp197_ds7,ga,350,42,11,7,767.7493552915696,161.72025344543883,126.1186088374201,6792.250644708431,78.24214009998832,480.3006192999892,4426.374863866608,350,54056.0,42,True,True,True,True,True,,,,,197,7,197000598,spatial_seed_197,8.4,8.333333333333334,14700,558.5427593999775,480.35841400001664,2.193569586547342,54056.0,1,15
nn_n350_k42_h11_sp197_ds7,nn,350,42,11,7,791.5428640762561,161.15374133151772,123.67414496304131,6768.457135923744,78.24214009998832,17.09049870003946,4620.993475401428,350,54056.0,42,True,True,True,True,True,,,,,197,7,197000598,spatial_seed_197,8.4,8.333333333333334,14700,95.33263880002778,17.09098850004375,2.2615510402178747,54056.0,1,15
proposed_n350_k42_h11_sp197_ds7,proposed,350,42,11,7,683.1428397942941,163.73469429061203,142.87766573968057,6876.857160205706,78.24214009998832,1820.5665881999305,4363.647440515666,350,54056.0,42,True,True,True,True,True,False,global_assignment_boundary_sova,64.0,False,197,7,197000598,spatial_seed_197,8.4,8.333333333333334,14700,1898.8087282999184,1821.628276500036,1.9518366851265545,54056.0,1,19
pso_n350_k42_h11_sp197_ds7,pso,350,42,11,7,781.8622991551927,161.3842309724954,123.67414496304131,6778.137700844807,78.24214009998832,368.52253960003145,4620.993475401428,350,54056.0,42,True,True,True,True,True,,,,,197,7,197000598,spatial_seed_197,8.4,8.333333333333334,14700,446.76467970001977,368.5846366999904,2.2338922833005506,54056.0,1,15
aco_n350_k42_h11_sp197_ds17,aco,350,42,11,17,684.6618278712417,163.69852790782755,140.50699737022862,6875.338172128758,75.80257269996218,268.4991524999496,3574.9158634701557,350,51217.0,42,True,True,True,True,True,,,,,197,17,197000608,spatial_seed_197,8.4,8.333333333333334,14700,344.30172519991174,268.52976429997943,1.9561766510606904,51217.0,1,16
ga_n350_k42_h11_sp197_ds17,ga,350,42,11,17,757.0695824360645,161.97453375152227,137.51691948507914,6802.930417563935,75.80257269996218,556.5246143999975,3571.8773873423897,350,51217.0,42,True,True,True,True,True,,,,,197,17,197000608,spatial_seed_197,8.4,8.333333333333334,14700,632.3271870999597,556.5982768000104,2.163055949817327,51217.0,1,16
nn_n350_k42_h11_sp197_ds17,nn,350,42,11,17,774.3930249313315,161.5620708349683,135.1606657249951,6785.606975068668,75.80257269996218,17.050944000016898,3693.543461702294,350,51217.0,42,True,True,True,True,True,,,,,197,17,197000608,spatial_seed_197,8.4,8.333333333333334,14700,92.85351669997908,17.051578299957328,2.2125514998038045,51217.0,1,16
proposed_n350_k42_h11_sp197_ds17,proposed,350,42,11,17,678.2231986996464,163.85182860238936,139.02642588246783,6881.776801300353,75.80257269996218,997.3032380000222,4227.655130811103,350,51217.0,42,True,True,True,True,True,False,global_assignment_boundary_sova,64.0,False,197,17,197000608,spatial_seed_197,8.4,8.333333333333334,14700,1073.1058106999844,998.3433093000205,1.937780567713276,51217.0,1,22
pso_n350_k42_h11_sp197_ds17,pso,350,42,11,17,765.0266468850633,161.7850798360699,137.366269547205,6794.973353114937,75.80257269996218,390.3122841999866,3693.543461702294,350,51217.0,42,True,True,True,True,True,,,,,197,17,197000608,spatial_seed_197,8.4,8.333333333333334,14700,466.1148568999488,390.375508200028,2.1857904196716094,51217.0,1,16
