run_id,method,n_bins,vehicles,start_hour,seed,energy_kwh,battery_remaining_mean_kwh,battery_remaining_min_kwh,battery_remaining_total_kwh,oracle_prep_s,runtime_s,makespan_s,served_bins,served_demand_kg,active_vehicles,exact_coverage,capacity_feasible,battery_feasible,return_feasible,feasible,exact_global_factor_graph,rounds,converged,bins_per_vehicle_target,bins_per_vehicle,assignment_edges,total_runtime_s,wall_runtime_s,energy_per_bin_kwh,total_demand_kg,minimum_route_bins,maximum_route_bins,route_message_mode
aco_n84_k10_h11_s7,aco,84,10,11,7,172.22520562321756,162.77747943767824,150.16263203148654,1627.7747943767824,14.010925700014925,20.73861599998781,2809.0542237216923,84,13168.0,10,True,True,True,True,True,,,,8.4,8.4,840,34.74954170000274,20.740189599979203,2.050300066943066,13168.0,1,13,
ga_n84_k10_h11_s7,ga,84,10,11,7,188.5221346190773,161.14778653809225,148.43964693700903,1611.4778653809226,14.010925700014925,15.416734399972484,2806.7665595966096,84,13168.0,10,True,True,True,True,True,,,,8.4,8.4,840,29.427660099987406,15.424211800040212,2.2443111264175872,13168.0,1,13,
nn_n84_k10_h11_s7,nn,84,10,11,7,211.34676048403443,158.86532395159657,141.73860231570643,1588.6532395159657,14.010925700014925,0.2110545000177808,2923.242795305274,84,13168.0,10,True,True,True,True,True,,,,8.4,8.4,840,14.221980200032704,0.2110880999825894,2.516032862905172,13168.0,1,13,
proposed_n84_k10_h11_s7,proposed,84,10,11,7,167.3520205723022,163.2647979427698,150.22699998450707,1632.647979427698,13.547501099994406,18.10267799999565,3171.040224036984,84,13168.0,10,True,True,True,True,True,False,64.0,False,8.4,8.4,840,31.65017909999005,18.11873630000628,1.9922859591940736,13168.0,1,14,global_assignment_boundary_sova
pso_n84_k10_h11_s7,pso,84,10,11,7,203.61452982349496,159.63854701765052,142.22222064390365,1596.3854701765051,14.010925700014925,10.95572450000327,2891.352817598668,84,13168.0,10,True,True,True,True,True,,,,8.4,8.4,840,24.9666502000182,10.961339999979828,2.4239824978987494,13168.0,1,12,
aco_n84_k10_h11_s17,aco,84,10,11,17,174.86670376105303,162.5133296238947,150.1406104129215,1625.133296238947,13.771650700015016,20.726593800005503,2876.5671359766984,84,12390.0,10,True,True,True,True,True,,,,8.4,8.4,840,34.49824450002052,20.728117999999085,2.0817464733458695,12390.0,1,13,
ga_n84_k10_h11_s17,ga,84,10,11,17,183.61058715379008,161.638941284621,141.60915316914995,1616.38941284621,13.771650700015016,16.468687599990517,4218.532543319156,84,12390.0,10,True,True,True,True,True,,,,8.4,8.4,840,30.240338300005533,16.47526380000636,2.1858403232594057,12390.0,1,14,
nn_n84_k10_h11_s17,nn,84,10,11,17,215.4570950942757,158.45429049057242,145.5900741295112,1584.5429049057243,13.771650700015016,0.2155606999876909,2910.58538997629,84,12390.0,10,True,True,True,True,True,,,,8.4,8.4,840,13.987211400002707,0.21563069999683648,2.5649654177889962,12390.0,1,14,
proposed_n84_k10_h11_s17,proposed,84,10,11,17,164.29587866602213,163.57041213339778,151.04529166767247,1635.7041213339778,13.771650700015016,24.325442100001965,3217.5281374537835,84,12390.0,10,True,True,True,True,True,False,64.0,False,8.4,8.4,840,38.09709280001698,24.339912800001912,1.9559033174526443,12390.0,1,15,global_assignment_boundary_sova
pso_n84_k10_h11_s17,pso,84,10,11,17,209.68440349394226,159.03155965060577,145.73151290330964,1590.3155965060578,13.771650700015016,11.820453000022098,2977.174483489099,84,12390.0,10,True,True,True,True,True,,,,8.4,8.4,840,25.592103700037114,11.826436100003775,2.4962428987374077,12390.0,1,14,
aco_n84_k10_h11_s27,aco,84,10,11,27,168.02276092523684,163.19772390747633,142.84264869135203,1631.9772390747632,13.06731139999465,19.74826639998355,3825.039868568808,84,12491.0,10,True,True,True,True,True,,,,8.4,8.4,840,32.8155777999782,19.749964799993904,2.0002709633956766,12491.0,1,15,
ga_n84_k10_h11_s27,ga,84,10,11,27,180.1481405578991,161.9851859442101,147.93046494421247,1619.851859442101,13.06731139999465,19.065614299994195,3369.0755989040804,84,12491.0,10,True,True,True,True,True,,,,8.4,8.4,840,32.132925699988846,19.073859999974957,2.14462072092737,12491.0,1,14,
nn_n84_k10_h11_s27,nn,84,10,11,27,220.4828338670069,157.9517166132993,143.901076947996,1579.517166132993,13.06731139999465,0.21920019999379292,2983.801562120172,84,12491.0,10,True,True,True,True,True,,,,8.4,8.4,840,13.286511599988444,0.21931990000302903,2.6247956412738915,12491.0,1,14,
proposed_n84_k10_h11_s27,proposed,84,10,11,27,162.3105250089235,163.76894749910767,152.82148900577602,1637.6894749910766,13.06731139999465,73.86643530000583,3319.2309993985573,84,12491.0,10,True,True,True,True,True,False,64.0,False,8.4,8.4,840,86.93374670000048,73.96308970000246,1.9322681548681369,12491.0,1,14,global_assignment_boundary_sova
pso_n84_k10_h11_s27,pso,84,10,11,27,209.62508678000347,159.03749132199965,146.95215156323314,1590.3749132199964,13.06731139999465,12.576185300014913,3351.0880518478475,84,12491.0,10,True,True,True,True,True,,,,8.4,8.4,840,25.643496700009564,12.582773800007999,2.4955367473809935,12491.0,1,14,
aco_n84_k10_h11_s37,aco,84,10,11,37,168.1376796148087,163.1862320385191,153.35086109729338,1631.8623203851912,13.135975600016536,20.75714770000195,3063.8039074662056,84,12181.0,10,True,True,True,True,True,,,,8.4,8.4,840,33.89312330001849,20.758769000007305,2.0016390430334368,12181.0,1,14,
ga_n84_k10_h11_s37,ga,84,10,11,37,177.49825161266548,162.25017483873347,144.3010865599821,1622.5017483873346,13.135975600016536,16.304987999988953,3834.638471944147,84,12181.0,10,True,True,True,True,True,,,,8.4,8.4,840,29.44096360000549,16.311978599987924,2.1130744239603034,12181.0,1,16,
nn_n84_k10_h11_s37,nn,84,10,11,37,206.67136087968902,159.3328639120311,147.46361879931118,1593.328639120311,13.135975600016536,0.22507230000337586,3204.27354764886,84,12181.0,10,True,True,True,True,True,,,,8.4,8.4,840,13.361047900019912,0.22513629999593832,2.4603733438058217,12181.0,2,17,
proposed_n84_k10_h11_s37,proposed,84,10,11,37,163.10397705734982,163.68960229426503,150.65821888643418,1636.8960229426502,13.135975600016536,36.21407859999454,3459.44228561678,84,12181.0,10,True,True,True,True,True,False,64.0,False,8.4,8.4,840,49.35005420001107,36.25467230001232,1.9417140125874979,12181.0,1,14,global_assignment_boundary_sova
pso_n84_k10_h11_s37,pso,84,10,11,37,201.99911903163957,159.80008809683605,147.46361879931118,1598.0008809683604,13.135975600016536,10.581515199999558,3204.27354764886,84,12181.0,10,True,True,True,True,True,,,,8.4,8.4,840,23.717490800016094,10.587426399986725,2.404751417043328,12181.0,1,17,
aco_n84_k10_h11_s47,aco,84,10,11,47,173.30071926240504,162.6699280737595,150.87074129726744,1626.699280737595,13.022456399980001,19.86282520001987,2910.0479731066853,84,13195.0,10,True,True,True,True,True,,,,8.4,8.4,840,32.88528159999987,19.86453230000916,2.063103800742917,13195.0,1,12,
ga_n84_k10_h11_s47,ga,84,10,11,47,185.08506053392335,161.49149394660768,149.13287421640715,1614.9149394660767,13.022456399980001,15.081107100006193,3040.212264326094,84,13195.0,10,True,True,True,True,True,,,,8.4,8.4,840,28.103563499986194,15.0875503999996,2.203393577784802,13195.0,1,13,
nn_n84_k10_h11_s47,nn,84,10,11,47,211.23732056561224,158.8762679434388,148.46993300480392,1588.7626794343878,13.022456399980001,0.2151241999818012,2886.5194988079843,84,13195.0,10,True,True,True,True,True,,,,8.4,8.4,840,13.237580599961802,0.2151523000211455,2.514730006733479,13195.0,1,14,
proposed_n84_k10_h11_s47,proposed,84,10,11,47,170.0000330207926,162.99999669792072,145.8103902219385,1629.9999669792073,13.022456399980001,19.232704699999886,3604.406536612577,84,13195.0,10,True,True,True,True,True,False,64.0,False,8.4,8.4,840,32.25516109997989,19.247832199995173,2.023809916914198,13195.0,1,14,global_assignment_boundary_sova
pso_n84_k10_h11_s47,pso,84,10,11,47,208.2019950815864,159.17980049184138,149.64464497704435,1591.7980049184137,13.022456399980001,10.152452299982542,2761.159200670518,84,13195.0,10,True,True,True,True,True,,,,8.4,8.4,840,23.174908699962543,10.157945799990557,2.4785951795426953,13195.0,1,13,
aco_n84_k10_h11_s57,aco,84,10,11,57,172.9046171093928,162.70953828906073,151.7905543793422,1627.0953828906072,13.0165752999892,19.375272699980997,2710.975655177747,84,13335.0,10,True,True,True,True,True,,,,8.4,8.4,840,32.391847999970196,19.376666200027103,2.0583882989213427,13335.0,1,13,
ga_n84_k10_h11_s57,ga,84,10,11,57,195.62627700361978,160.437372299638,154.08639498951334,1604.3737229963801,13.0165752999892,15.460022800019942,2449.792027259121,84,13335.0,10,True,True,True,True,True,,,,8.4,8.4,840,28.47659810000914,15.466729700012365,2.3288842500430924,13335.0,1,13,
nn_n84_k10_h11_s57,nn,84,10,11,57,207.64513855110806,159.2354861448892,153.42829331308934,1592.3548614488918,13.0165752999892,0.21256820001872256,2765.8700160832523,84,13335.0,10,True,True,True,True,True,,,,8.4,8.4,840,13.229143500007922,0.21262850001221523,2.4719659351322387,13335.0,2,14,
proposed_n84_k10_h11_s57,proposed,84,10,11,57,166.00973620085503,163.3990263799145,150.18093424077327,1633.990263799145,13.0165752999892,15.611670099984622,2939.7373103898026,84,13335.0,10,True,True,True,True,True,False,64.0,False,8.4,8.4,840,28.62824539997382,15.625244199996814,1.9763063833435122,13335.0,1,14,global_assignment_boundary_sova
pso_n84_k10_h11_s57,pso,84,10,11,57,204.06712772053137,159.59328722794686,153.42829331308934,1595.9328722794687,13.0165752999892,10.910867900005542,2765.8700160832523,84,13335.0,10,True,True,True,True,True,,,,8.4,8.4,840,23.92744319999474,10.916756799997529,2.429370568101564,13335.0,1,14,
aco_n84_k10_h11_s67,aco,84,10,11,67,173.4427198437957,162.65572801562044,147.32554489051105,1626.5572801562043,12.985155499976827,19.551777699991362,3712.687802777931,84,12489.0,10,True,True,True,True,True,,,,8.4,8.4,840,32.53693319996819,19.55332149998867,2.0647942838547104,12489.0,1,14,
ga_n84_k10_h11_s67,ga,84,10,11,67,182.18671663247287,161.78132833675272,149.08799447013521,1617.8132833675272,12.985155499976827,16.49659709999105,3347.1752753121455,84,12489.0,10,True,True,True,True,True,,,,8.4,8.4,840,29.481752599967876,16.50395660000504,2.168889483719915,12489.0,1,14,
nn_n84_k10_h11_s67,nn,84,10,11,67,207.091708619002,159.2908291380998,144.62163054189966,1592.908291380998,12.985155499976827,0.21604619998834096,3061.54055537898,84,12489.0,10,True,True,True,True,True,,,,8.4,8.4,840,13.201201699965168,0.2160738999955356,2.4653774835595477,12489.0,1,15,
proposed_n84_k10_h11_s67,proposed,84,10,11,67,169.45194457738114,163.05480554226187,142.97449258973768,1630.5480554226187,12.985155499976827,24.117436300002737,3480.645242675865,84,12489.0,10,True,True,True,True,True,False,64.0,False,8.4,8.4,840,37.102591799979564,24.132862500002375,2.017285054492633,12489.0,1,15,global_assignment_boundary_sova
pso_n84_k10_h11_s67,pso,84,10,11,67,199.6333766453247,160.03666233546753,148.6678423873862,1600.3666233546753,12.985155499976827,10.651468099997146,2765.8700160832523,84,12489.0,10,True,True,True,True,True,,,,8.4,8.4,840,23.636623599973973,10.656833799992455,2.3765878172062465,12489.0,1,13,
aco_n84_k10_h11_s77,aco,84,10,11,77,172.43776217494198,162.7562237825058,145.54776365620393,1627.562237825058,13.072459399991203,19.516937599983066,3868.402261517964,84,12610.0,10,True,True,True,True,True,,,,8.4,8.4,840,32.58939699997427,19.518379799992545,2.0528305020826427,12610.0,1,14,
ga_n84_k10_h11_s77,ga,84,10,11,77,188.55609980083764,161.14439001991622,146.8701834174668,1611.4439001991623,13.072459399991203,16.03631850000238,2870.9528770369034,84,12610.0,10,True,True,True,True,True,,,,8.4,8.4,840,29.108777899993584,16.04308969998965,2.244715473819496,12610.0,1,15,
nn_n84_k10_h11_s77,nn,84,10,11,77,218.99647121846687,158.1003528781533,146.05022975177116,1581.003528781533,13.072459399991203,0.22048519999952987,3053.6623971565155,84,12610.0,10,True,True,True,True,True,,,,8.4,8.4,840,13.292944599990733,0.2205563000170514,2.607100847838891,12610.0,2,15,
proposed_n84_k10_h11_s77,proposed,84,10,11,77,165.12012420505363,163.48798757949464,151.1912591991827,1634.8798757949464,13.072459399991203,30.173626999981934,3385.6971390982385,84,12610.0,10,True,True,True,True,True,False,64.0,False,8.4,8.4,840,43.24608639997314,30.20710039997357,1.9657157643458765,12610.0,1,15,global_assignment_boundary_sova
pso_n84_k10_h11_s77,pso,84,10,11,77,210.716830039874,158.9283169960126,145.67874288453288,1589.283169960126,13.072459399991203,12.154144700005418,2912.4168149778493,84,12610.0,10,True,True,True,True,True,,,,8.4,8.4,840,25.22660409999662,12.160676200001035,2.508533690950881,12610.0,1,14,
aco_n84_k10_h11_s87,aco,84,10,11,87,166.50053880049197,163.3499461199508,150.15512828601024,1633.499461199508,12.980369800003245,19.804544899991015,3293.635651192802,84,12083.0,10,True,True,True,True,True,,,,8.4,8.4,840,32.78491469999426,19.806329300015932,1.9821492714344282,12083.0,1,15,
ga_n84_k10_h11_s87,ga,84,10,11,87,183.15665623217882,161.68433437678212,148.05372021181262,1616.8433437678211,12.980369800003245,15.856079099990893,3071.311684632087,84,12083.0,10,True,True,True,True,True,,,,8.4,8.4,840,28.83644889999414,15.862996199983172,2.1804363837164145,12083.0,1,14,
nn_n84_k10_h11_s87,nn,84,10,11,87,201.59794977878042,159.84020502212195,147.09005965354254,1598.4020502212195,12.980369800003245,0.21964259998640046,3061.54055537898,84,12083.0,10,True,True,True,True,True,,,,8.4,8.4,840,13.200012399989646,0.21966879998217337,2.399975592604529,12083.0,1,15,
proposed_n84_k10_h11_s87,proposed,84,10,11,87,161.42472959935216,163.85752704006478,149.718949029138,1638.5752704006477,12.980369800003245,30.40009020001162,3715.6713373486814,84,12083.0,10,True,True,True,True,True,False,64.0,False,8.4,8.4,840,43.380460000014864,30.433342700009234,1.921722971420859,12083.0,1,17,global_assignment_boundary_sova
pso_n84_k10_h11_s87,pso,84,10,11,87,187.45028414297383,161.2549715857026,148.55772398863263,1612.549715857026,12.980369800003245,11.683489799994277,2983.643102293588,84,12083.0,10,True,True,True,True,True,,,,8.4,8.4,840,24.663859599997522,11.689449999976205,2.231551001702069,12083.0,1,15,
aco_n84_k10_h11_s97,aco,84,10,11,97,170.65175063557479,162.9348249364425,148.1333825427879,1629.348249364425,13.011049199994886,20.506918200000655,3536.581422715811,84,12159.0,10,True,True,True,True,True,,,,8.4,8.4,840,33.51796739999554,20.50898369998322,2.031568459947319,12159.0,1,15,
ga_n84_k10_h11_s97,ga,84,10,11,97,180.51985108316893,161.9480148916831,146.09744574949082,1619.480148916831,13.011049199994886,15.54070120002143,3875.252799217278,84,12159.0,10,True,True,True,True,True,,,,8.4,8.4,840,28.551750400016317,15.5476548000006,2.1490458462282014,12159.0,1,17,
nn_n84_k10_h11_s97,nn,84,10,11,97,200.50155987910992,159.94984401208902,146.54952493486618,1599.49844012089,13.011049199994886,0.22139550000429153,3295.342584913246,84,12159.0,10,True,True,True,True,True,,,,8.4,8.4,840,13.232444699999178,0.2214279999898281,2.386923331894166,12159.0,1,17,
proposed_n84_k10_h11_s97,proposed,84,10,11,97,160.1703077734462,163.98296922265538,150.75471483686863,1639.8296922265538,13.011049199994886,59.78517909999937,3416.1403036685856,84,12159.0,10,True,True,True,True,True,False,64.0,False,8.4,8.4,840,72.79622829999425,59.84628359999624,1.906789378255312,12159.0,1,15,global_assignment_boundary_sova
pso_n84_k10_h11_s97,pso,84,10,11,97,189.26413219166665,161.07358678083332,145.9904322476492,1610.7358678083333,13.011049199994886,10.896886300004553,4102.881481365417,84,12159.0,10,True,True,True,True,True,,,,8.4,8.4,840,23.90793549999944,10.90254539999296,2.2531444308531743,12159.0,1,17,
aco_n100_k12_h11_s7,aco,100,12,11,7,205.99963569726444,162.83336369189462,144.5729290426804,1954.0003643027355,16.08583749999525,25.231224599992856,3647.230495044615,100,15708.0,12,True,True,True,True,True,,,,8.4,8.333333333333334,1200,41.31706209998811,25.23379900003784,2.0599963569726443,15708.0,1,14,
ga_n100_k12_h11_s7,ga,100,12,11,7,223.9394673392456,161.33837772172953,142.1865030116662,1936.0605326607545,16.08583749999525,23.173843900032807,3532.729377338605,100,15708.0,12,True,True,True,True,True,,,,8.4,8.333333333333334,1200,39.25968140002806,23.183562099991832,2.2393946733924563,15708.0,1,13,
nn_n100_k12_h11_s7,nn,100,12,11,7,247.7262861385368,159.3561428217886,143.95013629324384,1912.2737138614632,16.08583749999525,0.3661494000116363,3145.555826611368,100,15708.0,12,True,True,True,True,True,,,,8.4,8.333333333333334,1200,16.451986900006887,0.3661843999871053,2.477262861385368,15708.0,1,14,
proposed_n100_k12_h11_s7,proposed,100,12,11,7,203.24884412376616,163.0625963230195,149.49656600797616,1956.751155876234,16.016767699999036,44.99480879999464,3468.0251847803206,100,15708.0,12,True,True,True,True,True,False,64.0,False,8.4,8.333333333333334,1200,61.01157649999368,45.0480447000009,2.032488441237662,15708.0,1,15,global_assignment_boundary_sova
pso_n100_k12_h11_s7,pso,100,12,11,7,241.0531605236024,159.91223662303312,145.42236043121915,1918.9468394763976,16.08583749999525,14.344841599988284,2984.43046203854,100,15708.0,12,True,True,True,True,True,,,,8.4,8.333333333333334,1200,30.430679099983536,14.351657300023362,2.410531605236024,15708.0,1,14,
aco_n100_k12_h11_s17,aco,100,12,11,17,209.7687516912608,162.51927069239494,142.0829738846348,1950.2312483087392,16.0084764000203,24.998200800007908,3347.5357390666704,100,14577.0,12,True,True,True,True,True,,,,8.4,8.333333333333334,1200,41.00667720002821,25.000801600021077,2.097687516912608,14577.0,1,15,
ga_n100_k12_h11_s17,ga,100,12,11,17,221.70410722418086,161.52465773131826,149.17136930244652,1938.295892775819,16.0084764000203,21.91933049997897,3320.2038039087515,100,14577.0,12,True,True,True,True,True,,,,8.4,8.333333333333334,1200,37.92780689999927,21.92803089998779,2.2170410722418086,14577.0,1,16,
nn_n100_k12_h11_s17,nn,100,12,11,17,259.24718790183914,158.39606767484673,137.2713697069879,1900.7528120981608,16.0084764000203,0.37531699999817647,3718.697372217458,100,14577.0,12,True,True,True,True,True,,,,8.4,8.333333333333334,1200,16.383793400018476,0.3753470999945421,2.5924718790183916,14577.0,1,16,
proposed_n100_k12_h11_s17,proposed,100,12,11,17,194.57011103767192,163.785824080194,148.80840064878842,1965.429888962328,16.0084764000203,34.689783900015755,3700.5653563312726,100,14577.0,12,True,True,True,True,True,False,64.0,False,8.4,8.333333333333334,1200,50.698260300036054,34.72461969999131,1.9457011103767192,14577.0,1,15,global_assignment_boundary_sova
pso_n100_k12_h11_s17,pso,100,12,11,17,252.45369664793733,158.96219194600522,137.43728765767668,1907.5463033520625,16.0084764000203,14.863783399981912,3706.888146940839,100,14577.0,12,True,True,True,True,True,,,,8.4,8.333333333333334,1200,30.87225980000221,14.87073120000423,2.5245369664793733,14577.0,1,15,
aco_n100_k12_h11_s27,aco,100,12,11,27,208.2187854485293,162.6484345459559,146.30697990314155,1951.7812145514706,16.06544780000695,24.70993250000174,3628.400676431074,100,15132.0,12,True,True,True,True,True,,,,8.4,8.333333333333334,1200,40.77538030000869,24.712812300014775,2.082187854485293,15132.0,1,15,
ga_n100_k12_h11_s27,ga,100,12,11,27,222.89841361574508,161.42513219868792,144.75095235593545,1937.101586384255,16.06544780000695,23.528287499997532,3604.642335444162,100,15132.0,12,True,True,True,True,True,,,,8.4,8.333333333333334,1200,39.59373530000448,23.53765069998917,2.2289841361574507,15132.0,1,14,
nn_n100_k12_h11_s27,nn,100,12,11,27,254.97314968932744,158.7522375258894,142.1990493737527,1905.0268503106727,16.06544780000695,0.37040889999479987,3710.296024735554,100,15132.0,12,True,True,True,True,True,,,,8.4,8.333333333333334,1200,16.43585670000175,0.3705148999870289,2.5497314968932745,15132.0,1,15,
proposed_n100_k12_h11_s27,proposed,100,12,11,27,199.86996317778875,163.34416973518427,148.77934733626552,1960.1300368222112,16.06544780000695,82.24186680000275,3518.4151581227225,100,15132.0,12,True,True,True,True,True,False,64.0,False,8.4,8.333333333333334,1200,98.3073146000097,82.32683130001533,1.9986996317778876,15132.0,1,15,global_assignment_boundary_sova
pso_n100_k12_h11_s27,pso,100,12,11,27,246.4671309125167,159.46107242395695,137.64536712816388,1913.5328690874833,16.06544780000695,16.455999199999496,4132.8188677798,100,15132.0,12,True,True,True,True,True,,,,8.4,8.333333333333334,1200,32.52144700000645,16.463411100005032,2.464671309125167,15132.0,1,15,
aco_n100_k12_h11_s37,aco,100,12,11,37,205.88455849292345,162.84295345892306,147.2629257516603,1954.1154415070766,16.03822020001826,24.268485000007786,3325.807404653518,100,14806.0,12,True,True,True,True,True,,,,8.4,8.333333333333334,1200,40.306705200026045,24.270818999997573,2.0588455849292346,14806.0,1,15,
ga_n100_k12_h11_s37,ga,100,12,11,37,211.75178018994106,162.3540183175049,144.43674417268718,1948.248219810059,16.03822020001826,25.74189049997949,3590.4756456360883,100,14806.0,12,True,True,True,True,True,,,,8.4,8.333333333333334,1200,41.78011069999775,25.752264799986733,2.1175178018994107,14806.0,1,15,
nn_n100_k12_h11_s37,nn,100,12,11,37,237.14370837850342,160.2380243017914,146.6914083509298,1922.8562916214967,16.03822020001826,0.36778609998873435,3355.8436294193457,100,14806.0,12,True,True,True,True,True,,,,8.4,8.333333333333334,1200,16.406006300006993,0.3678146000020206,2.3714370837850343,14806.0,1,14,
proposed_n100_k12_h11_s37,proposed,100,12,11,37,194.71079475280678,163.7741004372661,149.55078991879353,1965.2892052471932,16.03822020001826,61.65478969999822,3460.528015037052,100,14806.0,12,True,True,True,True,True,False,64.0,False,8.4,8.333333333333334,1200,77.69300990001648,61.72373679999146,1.9471079475280677,14806.0,1,15,global_assignment_boundary_sova
pso_n100_k12_h11_s37,pso,100,12,11,37,225.72977667662911,161.18918527694757,146.6914083509298,1934.2702233233708,16.03822020001826,15.906380100001115,3156.7862324059815,100,14806.0,12,True,True,True,True,True,,,,8.4,8.333333333333334,1200,31.944600300019374,15.91361479999614,2.2572977667662912,14806.0,1,14,
aco_n100_k12_h11_s47,aco,100,12,11,47,211.41338271129126,162.3822181073924,134.1200468223658,1948.5866172887088,16.086431300005643,24.27652090002084,4731.728063487648,100,14913.0,12,True,True,True,True,True,,,,8.4,8.333333333333334,1200,40.362952200026484,24.278468700009398,2.1141338271129126,14913.0,1,15,
ga_n100_k12_h11_s47,ga,100,12,11,47,222.1369362517295,161.4885886456892,147.8569714090459,1937.8630637482704,16.086431300005643,26.23402120001265,3636.2330267350994,100,14913.0,12,True,True,True,True,True,,,,8.4,8.333333333333334,1200,42.32045250001829,26.245057299995096,2.221369362517295,14913.0,1,13,
nn_n100_k12_h11_s47,nn,100,12,11,47,263.1946945692448,158.06710878589627,134.21577551908408,1896.8053054307552,16.086431300005643,0.3621786999865435,4164.279409828396,100,14913.0,12,True,True,True,True,True,,,,8.4,8.333333333333334,1200,16.448609999992186,0.3622042000060901,2.631946945692448,14913.0,1,16,
proposed_n100_k12_h11_s47,proposed,100,12,11,47,197.47802579646753,163.54349785029436,149.41038999236412,1962.5219742035324,16.086431300005643,41.07466199999908,3460.528015037052,100,14913.0,12,True,True,True,True,True,False,64.0,False,8.4,8.333333333333334,1200,57.16109330000472,41.11934509998537,1.9747802579646754,14913.0,1,14,global_assignment_boundary_sova
pso_n100_k12_h11_s47,pso,100,12,11,47,242.22391383331143,159.81467384722404,136.1281249980278,1917.7760861666886,16.086431300005643,16.6735769000079,4379.765689581887,100,14913.0,12,True,True,True,True,True,,,,8.4,8.333333333333334,1200,32.760008200013544,16.681456400023308,2.422239138333114,14913.0,1,16,
aco_n100_k12_h11_s57,aco,100,12,11,57,209.5139447801758,162.54050460165203,140.18998626014528,1950.4860552198243,16.0027720000071,24.450646699988283,3805.6038522167755,100,15499.0,12,True,True,True,True,True,,,,8.4,8.333333333333334,1200,40.45341869999538,24.45292330000666,2.095139447801758,15499.0,1,13,
ga_n100_k12_h11_s57,ga,100,12,11,57,225.4421534363472,161.2131538803044,147.98800581741722,1934.5578465636527,16.0027720000071,22.385921499982942,3537.1409084702054,100,15499.0,12,True,True,True,True,True,,,,8.4,8.333333333333334,1200,38.38869349999004,22.394780000002356,2.254421534363472,15499.0,1,15,
nn_n100_k12_h11_s57,nn,100,12,11,57,260.4861779786625,158.29281850177813,146.01179023228346,1899.5138220213375,16.0027720000071,0.3672081000113394,3178.9030035638284,100,15499.0,12,True,True,True,True,True,,,,8.4,8.333333333333334,1200,16.369980100018438,0.36736679999739863,2.604861779786625,15499.0,1,14,
proposed_n100_k12_h11_s57,proposed,100,12,11,57,202.8241073406857,163.09799105494287,150.27769560822594,1957.1758926593143,16.0027720000071,48.36175740000908,3331.3481401447402,100,15499.0,12,True,True,True,True,True,False,64.0,False,8.4,8.333333333333334,1200,64.36452940001618,48.410938099987106,2.028241073406857,15499.0,1,14,global_assignment_boundary_sova
pso_n100_k12_h11_s57,pso,100,12,11,57,253.69557637268235,158.85870196894314,141.0285622607458,1906.3044236273176,16.0027720000071,13.94872819999,3119.160519559034,100,15499.0,12,True,True,True,True,True,,,,8.4,8.333333333333334,1200,29.9515001999971,13.95539670001017,2.5369557637268234,15499.0,1,14,
aco_n100_k12_h11_s67,aco,100,12,11,67,212.04717779585076,162.32940185034576,149.32220566418746,1947.9528222041492,16.17609620001167,24.396540499990806,3205.3735330693185,100,14807.0,12,True,True,True,True,True,,,,8.4,8.333333333333334,1200,40.57263670000248,24.398623799992492,2.1204717779585076,14807.0,1,14,
ga_n100_k12_h11_s67,ga,100,12,11,67,222.67338142092646,161.44388488158947,145.98078626619198,1937.3266185790735,16.17609620001167,22.149577100004535,3288.6636793610323,100,14807.0,12,True,True,True,True,True,,,,8.4,8.333333333333334,1200,38.325673300016206,22.15863280001213,2.2267338142092648,14807.0,1,15,
nn_n100_k12_h11_s67,nn,100,12,11,67,249.233913440552,159.23050721328732,142.99628892706144,1910.766086559448,16.17609620001167,0.37344840000150725,3882.711546972843,100,14807.0,12,True,True,True,True,True,,,,8.4,8.333333333333334,1200,16.549544600013178,0.373475900007179,2.49233913440552,14807.0,1,15,
proposed_n100_k12_h11_s67,proposed,100,12,11,67,202.0146356544404,163.16544702879665,141.99144875155565,1957.9853643455597,16.17609620001167,38.22911149999709,3708.529275453443,100,14807.0,12,True,True,True,True,True,False,64.0,False,8.4,8.333333333333334,1200,54.40520770000876,38.254898399987724,2.020146356544404,14807.0,1,15,global_assignment_boundary_sova
pso_n100_k12_h11_s67,pso,100,12,11,67,241.16615359934428,159.90282053338797,136.37193375729163,1918.8338464006556,16.17609620001167,14.790753400011454,4413.088297992825,100,14807.0,12,True,True,True,True,True,,,,8.4,8.333333333333334,1200,30.966849600023124,14.797911400004523,2.411661535993443,14807.0,1,14,
aco_n100_k12_h11_s77,aco,100,12,11,77,205.15150558314343,162.9040412014047,136.10459086093292,1954.8484944168565,16.06036890001269,24.807631299976492,4769.672716550627,100,14614.0,12,True,True,True,True,True,,,,8.4,8.333333333333334,1200,40.86800019998918,24.80995119997533,2.0515150558314343,14614.0,1,14,
ga_n100_k12_h11_s77,ga,100,12,11,77,212.0079998305804,162.33266668078497,140.3584785480661,1947.9920001694195,16.06036890001269,22.80088959998102,4379.125076144333,100,14614.0,12,True,True,True,True,True,,,,8.4,8.333333333333334,1200,38.86125849999371,22.809954199998174,2.120079998305804,14614.0,1,15,
nn_n100_k12_h11_s77,nn,100,12,11,77,234.08740688997344,160.4927160925022,146.5274186902462,1925.9125931100266,16.06036890001269,0.37740570001187734,3473.05747393806,100,14614.0,12,True,True,True,True,True,,,,8.4,8.333333333333334,1200,16.437774600024568,0.37754700001096353,2.3408740688997343,14614.0,1,14,
proposed_n100_k12_h11_s77,proposed,100,12,11,77,194.07241903278475,163.82729841393459,148.8859327840453,1965.9275809672151,16.06036890001269,54.934928300004685,3580.565356331273,100,14614.0,12,True,True,True,True,True,False,64.0,False,8.4,8.333333333333334,1200,70.99529720001738,54.97866980000981,1.9407241903278476,14614.0,1,16,global_assignment_boundary_sova
pso_n100_k12_h11_s77,pso,100,12,11,77,228.9702550552653,160.91914541206123,147.41359381824628,1931.0297449447348,16.06036890001269,15.563511499989545,3430.0137789592463,100,14614.0,12,True,True,True,True,True,,,,8.4,8.333333333333334,1200,31.623880400002236,15.570854799996596,2.289702550552653,14614.0,1,14,
aco_n100_k12_h11_s87,aco,100,12,11,87,200.70697238094453,163.27441896825462,149.32148831748202,1959.2930276190555,16.066693400003714,25.052414600009797,3337.400863136761,100,14528.0,12,True,True,True,True,True,,,,8.4,8.333333333333334,1200,41.11910800001351,25.055967000022065,2.0070697238094453,14528.0,1,14,
ga_n100_k12_h11_s87,ga,100,12,11,87,214.77629243680892,162.1019756302659,151.43212689925107,1945.223707563191,16.066693400003714,22.17192019999493,2964.528745631649,100,14528.0,12,True,True,True,True,True,,,,8.4,8.333333333333334,1200,38.238613599998644,22.180732900014846,2.1477629243680894,14528.0,1,14,
nn_n100_k12_h11_s87,nn,100,12,11,87,245.13242682557006,159.57229776453582,148.4926370249156,1914.86757317443,16.066693400003714,0.3988676000153646,3601.6444528891684,100,14528.0,12,True,True,True,True,True,,,,8.4,8.333333333333334,1200,16.46556100001908,0.3989867999916896,2.451324268255701,14528.0,1,17,
proposed_n100_k12_h11_s87,proposed,100,12,11,87,200.2911327024124,163.30907227479898,147.82148566415918,1959.7088672975876,16.066693400003714,132.606526699994,3751.0782574911937,100,14528.0,12,True,True,True,True,True,False,64.0,False,8.4,8.333333333333334,1200,148.6732200999977,132.78458960002172,2.002911327024124,14528.0,1,15,global_assignment_boundary_sova
pso_n100_k12_h11_s87,pso,100,12,11,87,237.15057800890733,160.23745183259106,150.28301114402973,1922.8494219910926,16.066693400003714,13.927838400006294,3467.2949737327476,100,14528.0,12,True,True,True,True,True,,,,8.4,8.333333333333334,1200,29.99453180001001,13.93447589999414,2.3715057800890733,14528.0,1,16,
aco_n100_k12_h11_s97,aco,100,12,11,97,202.9646671131078,163.08627774057436,145.78902074617434,1957.0353328868923,15.99245340001653,23.985330800001975,3603.331882048584,100,14811.0,12,True,True,True,True,True,,,,8.4,8.333333333333334,1200,39.977784200018505,23.987288100004662,2.029646671131078,14811.0,1,14,
ga_n100_k12_h11_s97,ga,100,12,11,97,220.94954997869561,161.58753750177536,146.96573153390355,1939.0504500213044,15.99245340001653,21.18492260001949,3242.012253845736,100,14811.0,12,True,True,True,True,True,,,,8.4,8.333333333333334,1200,37.17737600003602,21.193452300009085,2.2094954997869563,14811.0,1,15,
nn_n100_k12_h11_s97,nn,100,12,11,97,242.69282664990885,159.77559777917426,139.07119835584686,1917.307173350091,15.99245340001653,0.38139299998874776,3831.7135636855796,100,14811.0,12,True,True,True,True,True,,,,8.4,8.333333333333334,1200,16.373846400005277,0.3815329000062775,2.4269282664990883,14811.0,1,16,
proposed_n100_k12_h11_s97,proposed,100,12,11,97,206.92882423256273,162.75593131395308,145.71459338507836,1953.0711757674371,15.99245340001653,128.27629340000567,4068.8228196457635,100,14811.0,12,True,True,True,True,True,False,64.0,False,8.4,8.333333333333334,1200,144.2687468000222,128.44091720000142,2.0692882423256274,14811.0,1,17,global_assignment_boundary_sova
pso_n100_k12_h11_s97,pso,100,12,11,97,236.89412796962972,160.2588226691975,139.07119835584686,1923.1058720303702,15.99245340001653,15.906286099983845,3831.7135636855796,100,14811.0,12,True,True,True,True,True,,,,8.4,8.333333333333334,1200,31.898739500000374,15.914200200000778,2.368941279696297,14811.0,1,16,
aco_n120_k14_h11_s7,aco,120,14,11,7,257.8080744221227,161.58513754127694,147.22269131311313,2262.191925577877,19.88820409995969,33.68833029997768,3235.4157009266014,120,18569.0,14,True,True,True,True,True,,,,8.4,8.571428571428571,1680,53.57653439993737,33.69176359998528,2.1484006201843555,18569.0,1,13,
ga_n120_k14_h11_s7,ga,120,14,11,7,274.698494166755,160.37867898808892,129.00397183486473,2245.301505833245,19.88820409995969,37.539759500010405,5069.815211256842,120,18569.0,14,True,True,True,True,True,,,,8.4,8.571428571428571,1680,57.4279635999701,37.551273999968544,2.289154118056292,18569.0,1,14,
nn_n120_k14_h11_s7,nn,120,14,11,7,306.50987436902824,158.1064375450694,141.45044152915835,2213.490125630972,19.88820409995969,0.6143900000024587,3838.062384217452,120,18569.0,14,True,True,True,True,True,,,,8.4,8.571428571428571,1680,20.50259409996216,0.6144204000011086,2.5542489530752355,18569.0,1,14,
proposed_n120_k14_h11_s7,proposed,120,14,11,7,242.98661371807637,162.6438133058517,147.69453221591235,2277.013386281924,19.530429399979766,39.75445340000442,3412.544406246597,120,18569.0,14,True,True,True,True,True,False,64.0,False,8.4,8.571428571428571,1680,59.28488279998419,39.78568929998437,2.0248884476506364,18569.0,1,15,global_assignment_boundary_sova
pso_n120_k14_h11_s7,pso,120,14,11,7,294.96320979580986,158.9311993002993,144.09526602148335,2225.0367902041903,19.88820409995969,26.45172290003393,3379.830618724345,120,18569.0,14,True,True,True,True,True,,,,8.4,8.571428571428571,1680,46.33992699999362,26.46135719999438,2.4580267482984155,18569.0,1,13,
aco_n120_k14_h11_s17,aco,120,14,11,17,257.1868693535754,161.62950933188748,128.90237067803992,2262.8131306464247,19.79938260000199,32.85609440002008,5498.170905387216,120,17271.0,14,True,True,True,True,True,,,,8.4,8.571428571428571,1680,52.655477000022074,32.85876950001693,2.143223911279795,17271.0,1,15,
ga_n120_k14_h11_s17,ga,120,14,11,17,279.46999523975074,160.03785748287495,139.2689068137125,2240.5300047602495,19.79938260000199,35.31977000000188,3351.58331712821,120,17271.0,14,True,True,True,True,True,,,,8.4,8.571428571428571,1680,55.11915260000387,35.32978520001052,2.328916626997923,17271.0,1,15,
nn_n120_k14_h11_s17,nn,120,14,11,17,307.0633454399535,158.06690389714618,138.59579675921486,2212.9366545600465,19.79938260000199,0.6147416000021622,3177.334044450219,120,17271.0,14,True,True,True,True,True,,,,8.4,8.571428571428571,1680,20.414124200004153,0.6149263000115752,2.5588612119996124,17271.0,1,16,
proposed_n120_k14_h11_s17,proposed,120,14,11,17,243.22904065931814,162.62649709576297,130.42260847741335,2276.7709593406817,19.79938260000199,81.88950589997694,5694.271070776845,120,17271.0,14,True,True,True,True,True,False,64.0,False,8.4,8.571428571428571,1680,101.68888849997893,81.968400200014,2.0269086721609844,17271.0,1,17,global_assignment_boundary_sova
pso_n120_k14_h11_s17,pso,120,14,11,17,298.2224983840491,158.69839297256792,138.48430979005227,2221.7775016159508,19.79938260000199,25.956190299999435,4113.9959322406685,120,17271.0,14,True,True,True,True,True,,,,8.4,8.571428571428571,1680,45.755572900001425,25.96532260000822,2.4851874865337424,17271.0,1,16,
aco_n120_k14_h11_s27,aco,120,14,11,27,255.11833229060798,161.77726197924227,144.58280195548048,2264.881667709392,19.73590470000636,34.6078894000093,3950.765439266345,120,17934.0,14,True,True,True,True,True,,,,8.4,8.571428571428571,1680,54.34379410001566,34.61131169999135,2.125986102421733,17934.0,1,16,
ga_n120_k14_h11_s27,ga,120,14,11,27,275.304521284915,160.3353913367918,135.0005416069527,2244.695478715085,19.73590470000636,36.10933100001421,5078.477348045738,120,17934.0,14,True,True,True,True,True,,,,8.4,8.571428571428571,1680,55.84523570002057,36.119932500005234,2.294204344040958,17934.0,1,17,
nn_n120_k14_h11_s27,nn,120,14,11,27,311.97177401339536,157.71630185618602,129.9742351292037,2208.0282259866044,19.73590470000636,0.5915539000125136,4200.283113794005,120,17934.0,14,True,True,True,True,True,,,,8.4,8.571428571428571,1680,20.327458600018872,0.5917331999808084,2.5997647834449613,17934.0,1,17,
proposed_n120_k14_h11_s27,proposed,120,14,11,27,240.84599852509547,162.7967143910646,147.09391976615436,2279.1540014749044,19.73590470000636,97.50502519999282,4028.7137522408225,120,17934.0,14,True,True,True,True,True,False,64.0,False,8.4,8.571428571428571,1680,117.24092989999917,97.56689839999308,2.007049987709129,17934.0,1,18,global_assignment_boundary_sova
pso_n120_k14_h11_s27,pso,120,14,11,27,302.0050066651104,158.428213809635,132.43852620601203,2217.99499333489,19.73590470000636,28.295211199991172,4413.018468875167,120,17934.0,14,True,True,True,True,True,,,,8.4,8.571428571428571,1680,48.03111589999753,28.304199300007895,2.51670838887592,17934.0,1,16,
aco_n120_k14_h11_s37,aco,120,14,11,37,253.48104896241563,161.89421078839888,142.4134019508144,2266.5189510375844,19.823202200001106,32.95447490000515,4019.484049156918,120,17487.0,14,True,True,True,True,True,,,,8.4,8.571428571428571,1680,52.77767710000626,32.95777680000174,2.1123420746867967,17487.0,1,14,
ga_n120_k14_h11_s37,ga,120,14,11,37,264.6741160435127,161.09470599689195,139.22878125559401,2255.3258839564874,19.823202200001106,38.58362229997874,5120.192330124209,120,17487.0,14,True,True,True,True,True,,,,8.4,8.571428571428571,1680,58.40682449997985,38.59467449999647,2.205617633695939,17487.0,1,15,
nn_n120_k14_h11_s37,nn,120,14,11,37,309.61744366075567,157.88446830994602,139.10570080578697,2210.3825563392443,19.823202200001106,0.5978912000136916,3903.1153403047247,120,17487.0,14,True,True,True,True,True,,,,8.4,8.571428571428571,1680,20.421093400014797,0.5980717999918852,2.580145363839631,17487.0,1,16,
proposed_n120_k14_h11_s37,proposed,120,14,11,37,240.64654736447613,162.8109609025374,143.8655504357011,2279.353452635524,19.823202200001106,51.44019459999981,4412.387828395171,120,17487.0,14,True,True,True,True,True,False,64.0,False,8.4,8.571428571428571,1680,71.26339680000092,51.48318080001627,2.0053878947039676,17487.0,1,15,global_assignment_boundary_sova
pso_n120_k14_h11_s37,pso,120,14,11,37,293.26514190622623,159.05248986384098,141.41494413720454,2226.7348580937737,19.823202200001106,27.105022100004135,3706.833028440561,120,17487.0,14,True,True,True,True,True,,,,8.4,8.571428571428571,1680,46.92822430000524,27.11371269999654,2.443876182551885,17487.0,1,15,
aco_n120_k14_h11_s47,aco,120,14,11,47,256.6137872514126,161.67044376775624,142.59645135546072,2263.3862127485872,19.767435699992348,32.2790872999758,3302.5758333374943,120,17613.0,14,True,True,True,True,True,,,,8.4,8.571428571428571,1680,52.04652299996815,32.282621699996525,2.138448227095105,17613.0,1,15,
ga_n120_k14_h11_s47,ga,120,14,11,47,282.62895026875884,159.8122178379458,143.38400892914075,2237.3710497312413,19.767435699992348,36.74185930000385,3394.1232428218213,120,17613.0,14,True,True,True,True,True,,,,8.4,8.571428571428571,1680,56.5092949999962,36.752887400012696,2.355241252239657,17613.0,1,16,
nn_n120_k14_h11_s47,nn,120,14,11,47,305.9360709961774,158.14742350027305,144.2894922585357,2214.0639290038225,19.767435699992348,0.6196691000077408,3228.49082430215,120,17613.0,14,True,True,True,True,True,,,,8.4,8.571428571428571,1680,20.38710480000009,0.6197049999900628,2.5494672583014784,17613.0,1,16,
proposed_n120_k14_h11_s47,proposed,120,14,11,47,244.24688545815278,162.5537938958462,140.87392301074334,2275.753114541847,19.767435699992348,81.68023389999871,3626.9066663757285,120,17613.0,14,True,True,True,True,True,False,64.0,False,8.4,8.571428571428571,1680,101.44766959999106,81.77329159999499,2.035390712151273,17613.0,1,17,global_assignment_boundary_sova
pso_n120_k14_h11_s47,pso,120,14,11,47,294.33004513012014,158.97642534784856,146.02629477237525,2225.66995486988,19.767435699992348,29.107782600010978,3464.7914301193555,120,17613.0,14,True,True,True,True,True,,,,8.4,8.571428571428571,1680,48.875218300003326,29.117637899995316,2.4527503760843343,17613.0,1,14,
aco_n120_k14_h11_s57,aco,120,14,11,57,258.4474938701163,161.5394647235631,131.20855735572633,2261.5525061298836,19.756481199990958,32.66163690001122,5057.61800865987,120,18397.0,14,True,True,True,True,True,,,,8.4,8.571428571428571,1680,52.418118100002175,32.6644374000025,2.153729115584303,18397.0,1,15,
ga_n120_k14_h11_s57,ga,120,14,11,57,286.26804202424506,159.55228271255393,142.1664357698165,2233.731957975755,19.756481199990958,46.25420979998307,3579.2676333151067,120,18397.0,14,True,True,True,True,True,,,,8.4,8.571428571428571,1680,66.01069099997403,46.26804570000968,2.3855670168687086,18397.0,1,14,
nn_n120_k14_h11_s57,nn,120,14,11,57,326.85017716259233,156.65355877410053,138.2318654740753,2193.1498228374076,19.756481199990958,0.599485500017181,3795.187215224868,120,18397.0,14,True,True,True,True,True,,,,8.4,8.571428571428571,1680,20.35596670000814,0.5995133999967948,2.723751476354936,18397.0,1,14,
proposed_n120_k14_h11_s57,proposed,120,14,11,57,241.90850230200175,162.72082126414276,131.4297742289243,2278.0914976979984,19.756481199990958,44.975979500013636,5020.237913596451,120,18397.0,14,True,True,True,True,True,False,64.0,False,8.4,8.571428571428571,1680,64.7324607000046,44.9991255000059,2.0159041858500144,18397.0,1,16,global_assignment_boundary_sova
pso_n120_k14_h11_s57,pso,120,14,11,57,317.3611267700331,157.3313480878548,138.67746896202962,2202.638873229967,19.756481199990958,25.34910839999793,3669.4299767527195,120,18397.0,14,True,True,True,True,True,,,,8.4,8.571428571428571,1680,45.10558959998889,25.358013999997638,2.6446760564169423,18397.0,1,14,
aco_n120_k14_h11_s67,aco,120,14,11,67,248.92322832628778,162.21976940526517,133.265159706652,2271.0767716737123,19.852179500012426,32.16282979998505,4854.680096169493,120,17352.0,14,True,True,True,True,True,,,,8.4,8.571428571428571,1680,52.01500929999747,32.16534330000286,2.074360236052398,17352.0,1,15,
ga_n120_k14_h11_s67,ga,120,14,11,67,266.5702789581893,160.95926578870078,136.892373210343,2253.429721041811,19.852179500012426,39.8675271999964,5099.279932840251,120,17352.0,14,True,True,True,True,True,,,,8.4,8.571428571428571,1680,59.71970670000883,39.87895399998524,2.2214189913182443,17352.0,1,15,
nn_n120_k14_h11_s67,nn,120,14,11,67,306.8140306905227,158.0847120935341,138.91282231165206,2213.1859693094775,19.852179500012426,0.6312733000086155,3602.425293135704,120,17352.0,14,True,True,True,True,True,,,,8.4,8.571428571428571,1680,20.48345280002104,0.63130030001048,2.556783589087689,17352.0,1,15,
proposed_n120_k14_h11_s67,proposed,120,14,11,67,249.26632519656556,162.1952624859596,139.1233924041169,2270.7336748034345,19.852179500012426,56.99275070001022,4771.486692982625,120,17352.0,14,True,True,True,True,True,False,64.0,False,8.4,8.571428571428571,1680,76.84493020002265,57.045117800007574,2.0772193766380465,17352.0,1,16,global_assignment_boundary_sova
pso_n120_k14_h11_s67,pso,120,14,11,67,289.0749774326383,159.35178732624013,132.79784040093506,2230.925022567362,19.852179500012426,28.376807499997085,4476.72970303972,120,17352.0,14,True,True,True,True,True,,,,8.4,8.571428571428571,1680,48.22898700000951,28.385705799999414,2.408958145271986,17352.0,1,15,
aco_n120_k14_h11_s77,aco,120,14,11,77,255.84571115328455,161.72530634619395,137.87004047108582,2264.154288846715,20.603178699995624,32.40121099998942,4731.554861118955,120,17626.0,14,True,True,True,True,True,,,,8.4,8.571428571428571,1680,53.00438969998504,32.40385949998745,2.132047592944038,17626.0,1,15,
ga_n120_k14_h11_s77,ga,120,14,11,77,270.003701025995,160.7140213552861,135.85677758675124,2249.996298974005,20.603178699995624,35.04309579997789,4444.47382151681,120,17626.0,14,True,True,True,True,True,,,,8.4,8.571428571428571,1680,55.646274499973515,35.05329929999425,2.2500308418832917,17626.0,1,16,
nn_n120_k14_h11_s77,nn,120,14,11,77,298.31908259742244,158.69149410018412,141.99416500771275,2221.6809174025775,20.603178699995624,0.6130033000081312,3538.4786295236026,120,17626.0,14,True,True,True,True,True,,,,8.4,8.571428571428571,1680,21.216182000003755,0.6130306999839377,2.4859923549785203,17626.0,1,15,
proposed_n120_k14_h11_s77,proposed,120,14,11,77,239.30934750822163,162.9064751779842,142.2258562014203,2280.6906524917786,20.603178699995624,76.45860349998111,3847.228775054453,120,17626.0,14,True,True,True,True,True,False,64.0,False,8.4,8.571428571428571,1680,97.06178219997673,76.52648890001001,1.9942445625685137,17626.0,1,16,global_assignment_boundary_sova
pso_n120_k14_h11_s77,pso,120,14,11,77,287.4732571680066,159.46619591657097,140.73593100087712,2232.5267428319935,20.603178699995624,25.921232599997893,3747.8297261938446,120,17626.0,14,True,True,True,True,True,,,,8.4,8.571428571428571,1680,46.52441129999352,25.929483299987623,2.3956104764000554,17626.0,1,15,
aco_n120_k14_h11_s87,aco,120,14,11,87,255.05758100872197,161.78160135651984,133.01020239795736,2264.942418991278,19.78057760000229,33.51694700002554,4818.892730698937,120,17824.0,14,True,True,True,True,True,,,,8.4,8.571428571428571,1680,53.29752460002783,33.52036059999955,2.1254798417393497,17824.0,1,15,
ga_n120_k14_h11_s87,ga,120,14,11,87,273.7618112497466,160.44558491073238,138.7436316054957,2246.2381887502534,19.78057760000229,34.854334300005576,4854.298732271392,120,17824.0,14,True,True,True,True,True,,,,8.4,8.571428571428571,1680,54.634911900007864,34.86430680000922,2.2813484270812214,17824.0,1,14,
nn_n120_k14_h11_s87,nn,120,14,11,87,297.0200284978471,158.7842836787252,138.5472139525223,2222.9799715021527,19.78057760000229,0.6053271999990102,3702.1337677602123,120,17824.0,14,True,True,True,True,True,,,,8.4,8.571428571428571,1680,20.3859048000013,0.605359299981501,2.475166904148726,17824.0,1,15,
proposed_n120_k14_h11_s87,proposed,120,14,11,87,241.63027450654928,162.74069467810364,133.52565448108032,2278.369725493451,19.78057760000229,55.477006999979494,5462.314678516023,120,17824.0,14,True,True,True,True,True,False,64.0,False,8.4,8.571428571428571,1680,75.25758459998178,55.53903799998807,2.013585620887911,17824.0,1,16,global_assignment_boundary_sova
pso_n120_k14_h11_s87,pso,120,14,11,87,293.2294301752905,159.05504070176497,138.5472139525223,2226.7705698247096,19.78057760000229,24.824675400013803,3702.1337677602123,120,17824.0,14,True,True,True,True,True,,,,8.4,8.571428571428571,1680,44.60525300001609,24.832450300018536,2.4435785847940874,17824.0,1,15,
aco_n120_k14_h11_s97,aco,120,14,11,97,252.78206682332305,161.94413808404835,132.19482963447768,2267.217933176677,19.840832100016996,32.80585790000623,4850.968780639719,120,17756.0,14,True,True,True,True,True,,,,8.4,8.571428571428571,1680,52.64669000002323,32.80934090001392,2.106517223527692,17756.0,1,16,
ga_n120_k14_h11_s97,ga,120,14,11,97,269.00931931216326,160.78504862055976,138.63815984772242,2250.9906806878366,19.840832100016996,40.20014400000218,3741.6861691290255,120,17756.0,14,True,True,True,True,True,,,,8.4,8.571428571428571,1680,60.04097610001918,40.21226729999762,2.2417443276013604,17756.0,1,16,
nn_n120_k14_h11_s97,nn,120,14,11,97,302.70444126062137,158.37825419566988,143.1194299486913,2217.2955587393785,19.840832100016996,0.6138156999950297,3493.8149240041043,120,17756.0,14,True,True,True,True,True,,,,8.4,8.571428571428571,1680,20.454647800012026,0.6138412999862339,2.522537010505178,17756.0,1,16,
proposed_n120_k14_h11_s97,proposed,120,14,11,97,238.44735455092527,162.96804610350532,141.38752569159226,2281.5526454490746,19.840832100016996,65.36951739998767,4016.7578713609005,120,17756.0,14,True,True,True,True,True,False,64.0,False,8.4,8.571428571428571,1680,85.21034950000467,65.43453860000591,1.9870612879243772,17756.0,1,16,global_assignment_boundary_sova
pso_n120_k14_h11_s97,pso,120,14,11,97,289.4792216134593,159.32291274189578,143.94336766985919,2230.5207783865408,19.840832100016996,27.504009800002677,3416.408638765152,120,17756.0,14,True,True,True,True,True,,,,8.4,8.571428571428571,1680,47.344841900019674,27.51289369998267,2.4123268467788272,17756.0,1,15,
aco_n140_k17_h11_s7,aco,140,17,11,7,292.44298725964285,162.79747133766807,128.94508577974975,2767.557012740357,25.32790400000522,41.41284609999275,4978.399910291796,140,21564.0,17,True,True,True,True,True,,,,8.4,8.235294117647058,2380,66.74075009999797,41.41679500002647,2.0888784804260205,21564.0,1,14,
ga_n140_k17_h11_s7,ga,140,17,11,7,325.6376807526679,160.8448423086666,135.3897699383764,2734.362319247332,25.32790400000522,52.21125190000748,4449.267112765674,140,21564.0,17,True,True,True,True,True,,,,8.4,8.235294117647058,2380,77.5391559000127,52.22471089998726,2.325983433947628,21564.0,1,14,
nn_n140_k17_h11_s7,nn,140,17,11,7,341.30727725485764,159.92310133794956,136.91047050259587,2718.6927227451424,25.32790400000522,0.9800305999815464,3901.5566091903897,140,21564.0,17,True,True,True,True,True,,,,8.4,8.235294117647058,2380,26.30793459998677,0.980149300012272,2.437909123248984,21564.0,1,15,
proposed_n140_k17_h11_s7,proposed,140,17,11,7,280.6697551160482,163.49001440493834,142.11617512355872,2779.330244883952,23.287332799984146,70.20577050000429,3682.01079154298,140,21564.0,17,True,True,True,True,True,False,64.0,False,8.4,8.235294117647058,2380,93.49310329998843,70.27336520000244,2.0047839651146298,21564.0,1,16,global_assignment_boundary_sova
pso_n140_k17_h11_s7,pso,140,17,11,7,332.5641487179627,160.43740301659042,142.0759438274487,2727.435851282037,25.32790400000522,35.64878879999742,3901.696679844513,140,21564.0,17,True,True,True,True,True,,,,8.4,8.235294117647058,2380,60.97669280000264,35.658381700050086,2.375458205128305,21564.0,1,15,
aco_n140_k17_h11_s17,aco,140,17,11,17,294.6917456663263,162.66519143139257,129.5074406229339,2765.3082543336736,23.522665299999062,40.64393079999718,4970.893367264482,140,20249.0,17,True,True,True,True,True,,,,8.4,8.235294117647058,2380,64.16659609999624,40.64906939998036,2.104941040473759,20249.0,1,15,
ga_n140_k17_h11_s17,ga,140,17,11,17,324.37274475449425,160.91925030855916,140.0018381863605,2735.6272552455057,23.522665299999062,48.77302540000528,4580.261625246385,140,20249.0,17,True,True,True,True,True,,,,8.4,8.235294117647058,2380,72.29569070000434,48.78490800000145,2.316948176817816,20249.0,1,16,
nn_n140_k17_h11_s17,nn,140,17,11,17,354.92556672409523,159.12202548681793,142.86233581587192,2705.074433275905,23.522665299999062,0.9661839999898802,3616.3359705142116,140,20249.0,17,True,True,True,True,True,,,,8.4,8.235294117647058,2380,24.488849299988942,0.9666212000011001,2.535182619457823,20249.0,1,16,
proposed_n140_k17_h11_s17,proposed,140,17,11,17,274.80837363501405,163.83480155088154,142.47482662935153,2785.191626364986,23.522665299999062,160.60905689999345,3566.4091985485775,140,20249.0,17,True,True,True,True,True,False,64.0,False,8.4,8.235294117647058,2380,184.1317221999925,160.82292729997425,1.9629169545358147,20249.0,1,15,global_assignment_boundary_sova
pso_n140_k17_h11_s17,pso,140,17,11,17,348.3433627288061,159.50921395712908,141.218690698452,2711.656637271194,23.522665299999062,35.68935749999946,3487.1636716827334,140,20249.0,17,True,True,True,True,True,,,,8.4,8.235294117647058,2380,59.21202279999852,35.69871699999203,2.4881668766343292,20249.0,1,16,
aco_n140_k17_h11_s27,aco,140,17,11,27,290.3708403887406,162.91936233007408,138.51831343404348,2769.629159611259,23.60361250001006,41.56496530000004,4535.566329483064,140,20683.0,17,True,True,True,True,True,,,,8.4,8.235294117647058,2380,65.1685778000101,41.569006700010505,2.074077431348147,20683.0,1,15,
ga_n140_k17_h11_s27,ga,140,17,11,27,320.580524676593,161.14232207784747,137.6771332244994,2739.419475323407,23.60361250001006,48.943113400018774,4069.5516439218904,140,20683.0,17,True,True,True,True,True,,,,8.4,8.235294117647058,2380,72.54672590002883,48.95489860000089,2.2898608905470925,20683.0,1,14,
nn_n140_k17_h11_s27,nn,140,17,11,27,333.11563966762986,160.40496237249238,139.88047030373,2726.8843603323703,23.60361250001006,0.9777594000042882,3515.303800559495,140,20683.0,17,True,True,True,True,True,,,,8.4,8.235294117647058,2380,24.581371900014346,0.9778705000062473,2.379397426197356,20683.0,1,15,
proposed_n140_k17_h11_s27,proposed,140,17,11,27,284.1911466652293,163.28287372557475,141.9712345805579,2775.808853334771,23.60361250001006,160.9596537000034,3880.4189584005844,140,20683.0,17,True,True,True,True,True,False,64.0,False,8.4,8.235294117647058,2380,184.56326620001346,161.12966310000047,2.0299367618944952,20683.0,1,18,global_assignment_boundary_sova
pso_n140_k17_h11_s27,pso,140,17,11,27,324.1788140909489,160.93065799465006,131.16518323165678,2735.821185909051,23.60361250001006,37.60297690000152,4388.7976748003075,140,20683.0,17,True,True,True,True,True,,,,8.4,8.235294117647058,2380,61.20658940001158,37.612729200016474,2.315562957792492,20683.0,1,15,
aco_n140_k17_h11_s37,aco,140,17,11,37,290.9737438877693,162.88389741836653,124.67931128757482,2769.026256112231,23.494772300007753,40.78921609997633,5345.040924838114,140,20585.0,17,True,True,True,True,True,,,,8.4,8.235294117647058,2380,64.28398839998408,40.79345100000501,2.0783838849126375,20585.0,1,15,
ga_n140_k17_h11_s37,ga,140,17,11,37,310.8063233142976,161.71727509915897,123.8093767211586,2749.1936766857025,23.494772300007753,65.9807179000054,5975.424721350736,140,20585.0,17,True,True,True,True,True,,,,8.4,8.235294117647058,2380,89.47549020001316,65.99706769999466,2.220045166530697,20585.0,1,15,
nn_n140_k17_h11_s37,nn,140,17,11,37,336.238702132034,160.22125281576268,132.21826935001474,2723.761297867966,23.494772300007753,0.96720740001183,4010.831372766327,140,20585.0,17,True,True,True,True,True,,,,8.4,8.235294117647058,2380,24.461979700019583,0.9673734999960288,2.4017050152288144,20585.0,1,15,
proposed_n140_k17_h11_s37,proposed,140,17,11,37,277.8828942895562,163.653947394732,143.86920050097171,2782.117105710444,23.494772300007753,242.35777410000446,4202.8880411024165,140,20585.0,17,True,True,True,True,True,False,64.0,False,8.4,8.235294117647058,2380,265.8525464000122,242.63908099997207,1.9848778163539729,20585.0,1,18,global_assignment_boundary_sova
pso_n140_k17_h11_s37,pso,140,17,11,37,329.71660282603216,160.60490571611575,135.59185704420892,2730.283397173968,23.494772300007753,35.902003900002455,4202.097314538977,140,20585.0,17,True,True,True,True,True,,,,8.4,8.235294117647058,2380,59.39677620001021,35.91133820000687,2.355118591614515,20585.0,1,15,
aco_n140_k17_h11_s47,aco,140,17,11,47,298.43562193016396,162.4449634158727,130.55434686108686,2761.564378069836,23.527046000002883,40.02655470001628,4832.924983442328,140,20797.0,17,True,True,True,True,True,,,,8.4,8.235294117647058,2380,63.55360070001916,40.029842899995856,2.1316830137868856,20797.0,1,15,
ga_n140_k17_h11_s47,ga,140,17,11,47,321.42816965959815,161.09246060825893,137.23343492503653,2738.571830340402,23.527046000002883,49.33421289999387,4523.233701281437,140,20797.0,17,True,True,True,True,True,,,,8.4,8.235294117647058,2380,72.86125889999676,49.3471643999801,2.2959154975685583,20797.0,1,15,
nn_n140_k17_h11_s47,nn,140,17,11,47,347.3755586743186,159.56614360739303,134.89539297610136,2712.6244413256813,23.527046000002883,1.0065249000035692,3634.0872513488803,140,20797.0,17,True,True,True,True,True,,,,8.4,8.235294117647058,2380,24.533570900006453,1.0066998999973293,2.4812539905308473,20797.0,1,15,
proposed_n140_k17_h11_s47,proposed,140,17,11,47,280.9831060623172,163.47158199633427,142.17760385257975,2779.0168939376827,23.527046000002883,67.48604029999115,4144.058717138769,140,20797.0,17,True,True,True,True,True,False,64.0,False,8.4,8.235294117647058,2380,91.01308629999403,67.52618159999838,2.0070221861594084,20797.0,1,16,global_assignment_boundary_sova
pso_n140_k17_h11_s47,pso,140,17,11,47,338.0553800559451,160.1143894084738,135.6611644906366,2721.944619944055,23.527046000002883,34.01806609999039,3504.9149525174016,140,20797.0,17,True,True,True,True,True,,,,8.4,8.235294117647058,2380,57.545112099993275,34.02689310000278,2.4146812861138933,20797.0,1,15,
aco_n140_k17_h11_s57,aco,140,17,11,57,300.5186641614116,162.322431519917,130.06410903568155,2759.4813358385886,23.451167599996552,40.174785499984864,4586.979935927228,140,21539.0,17,True,True,True,True,True,,,,8.4,8.235294117647058,2380,63.625953099981416,40.177936200023396,2.1465618868672256,21539.0,1,17,
ga_n140_k17_h11_s57,ga,140,17,11,57,323.88685684369744,160.94783195037076,140.55426468654437,2736.1131431563026,23.451167599996552,42.939888699998846,3265.6199407224613,140,21539.0,17,True,True,True,True,True,,,,8.4,8.235294117647058,2380,66.3910562999954,42.95023480002419,2.313477548883553,21539.0,1,13,
nn_n140_k17_h11_s57,nn,140,17,11,57,332.3534518023691,160.44979695280182,139.43658679352083,2727.646548197631,23.451167599996552,0.9637979000108317,3525.6519473132203,140,21539.0,17,True,True,True,True,True,,,,8.4,8.235294117647058,2380,24.414965500007384,0.9639548999839462,2.373953227159779,21539.0,1,14,
proposed_n140_k17_h11_s57,proposed,140,17,11,57,286.53754374046935,163.1448503682077,137.0748367210038,2773.462456259531,23.451167599996552,51.266373399994336,4547.562642901973,140,21539.0,17,True,True,True,True,True,False,64.0,False,8.4,8.235294117647058,2380,74.71754099999089,51.29300509998575,2.0466967410033523,21539.0,1,15,global_assignment_boundary_sova
pso_n140_k17_h11_s57,pso,140,17,11,57,330.2864138662896,160.57138741963004,139.43658679352083,2729.7135861337106,23.451167599996552,35.628589400002966,3525.6519473132203,140,21539.0,17,True,True,True,True,True,,,,8.4,8.235294117647058,2380,59.07975699999952,35.63788490000297,2.3591886704734972,21539.0,1,14,
aco_n140_k17_h11_s67,aco,140,17,11,67,292.91883843809734,162.76948009187663,128.55174941246352,2767.0811615619027,23.50425769999856,42.49196009998559,5203.623152753309,140,19962.0,17,True,True,True,True,True,,,,8.4,8.235294117647058,2380,65.99621779998415,42.496933100017486,2.092277417414981,19962.0,1,15,
ga_n140_k17_h11_s67,ga,140,17,11,67,317.6380470333513,161.31540899803818,135.06134270791352,2742.361952966649,23.50425769999856,53.30673129999195,3678.9649454105297,140,19962.0,17,True,True,True,True,True,,,,8.4,8.235294117647058,2380,76.81098899999051,53.32625949999783,2.2688431930953663,19962.0,1,15,
nn_n140_k17_h11_s67,nn,140,17,11,67,343.8783155720477,159.77186378987955,132.41490670547648,2716.1216844279525,23.50425769999856,0.9891929000150412,3528.0414203191453,140,19962.0,17,True,True,True,True,True,,,,8.4,8.235294117647058,2380,24.493450600013603,0.9892558999999892,2.456273682657484,19962.0,1,15,
proposed_n140_k17_h11_s67,proposed,140,17,11,67,276.4314372788195,163.73932721889298,144.08828698331232,2783.5685627211806,23.50425769999856,90.39795169999707,4128.9622367928805,140,19962.0,17,True,True,True,True,True,False,64.0,False,8.4,8.235294117647058,2380,113.90220939999563,90.4918786000053,1.974510266277282,19962.0,1,16,global_assignment_boundary_sova
pso_n140_k17_h11_s67,pso,140,17,11,67,332.72313538942035,160.42805085944588,132.1896584408164,2727.2768646105797,23.50425769999856,35.67310970000108,4246.416604256614,140,19962.0,17,True,True,True,True,True,,,,8.4,8.235294117647058,2380,59.17736739999964,35.68238789998577,2.376593824210145,19962.0,1,15,
aco_n140_k17_h11_s77,aco,140,17,11,77,299.1804655949423,162.40114908265045,129.99872229029563,2760.8195344050578,23.57228110000142,43.03852130001178,4832.924983442328,140,21097.0,17,True,True,True,True,True,,,,8.4,8.235294117647058,2380,66.6108024000132,43.04287370000384,2.137003325678159,21097.0,1,15,
ga_n140_k17_h11_s77,ga,140,17,11,77,313.82549876933837,161.5396765429801,136.6438334496525,2746.1745012306615,23.57228110000142,58.125417700008256,4627.01060100684,140,21097.0,17,True,True,True,True,True,,,,8.4,8.235294117647058,2380,81.69769880000968,58.14042750000954,2.241610705495274,21097.0,1,16,
nn_n140_k17_h11_s77,nn,140,17,11,77,337.83461030812526,160.12737586422793,144.04942010882013,2722.1653896918747,23.57228110000142,0.9744948000006843,3502.2117824192615,140,21097.0,17,True,True,True,True,True,,,,8.4,8.235294117647058,2380,24.546775900002103,0.9748370999877807,2.413104359343752,21097.0,1,16,
proposed_n140_k17_h11_s77,proposed,140,17,11,77,281.68396364211566,163.43035507987557,130.8019077812093,2778.3160363578845,23.57228110000142,98.25092859999859,5192.581673255021,140,21097.0,17,True,True,True,True,True,False,64.0,False,8.4,8.235294117647058,2380,121.8232097,98.38001419999637,2.0120283117293973,21097.0,1,15,global_assignment_boundary_sova
pso_n140_k17_h11_s77,pso,140,17,11,77,333.39615690934886,160.3884613582736,142.48141953629468,2726.603843090651,23.57228110000142,33.690963599976385,3618.4915311763943,140,21097.0,17,True,True,True,True,True,,,,8.4,8.235294117647058,2380,57.263244699977804,33.70093649998307,2.3814011207810633,21097.0,1,16,
aco_n140_k17_h11_s87,aco,140,17,11,87,292.54241607573107,162.7916225837805,128.5222504199695,2767.457583924269,23.58753649998107,42.298479100019904,5275.529932692399,140,20381.0,17,True,True,True,True,True,,,,8.4,8.235294117647058,2380,65.88601560000097,42.30300210000132,2.089588686255222,20381.0,1,15,
ga_n140_k17_h11_s87,ga,140,17,11,87,316.7936384438522,161.36508009153812,135.31556621090442,2743.206361556148,23.58753649998107,48.66373969998676,4967.77511907568,140,20381.0,17,True,True,True,True,True,,,,8.4,8.235294117647058,2380,72.25127619996783,48.676231599994935,2.262811703170373,20381.0,1,16,
nn_n140_k17_h11_s87,nn,140,17,11,87,333.5694105075417,160.3782699701446,146.5567913341625,2726.4305894924582,23.58753649998107,0.9886683000077028,3803.21201095309,140,20381.0,17,True,True,True,True,True,,,,8.4,8.235294117647058,2380,24.576204799988773,0.9890733000065666,2.382638646482441,20381.0,1,17,
proposed_n140_k17_h11_s87,proposed,140,17,11,87,291.96791107260265,162.82541699572926,143.0493508112708,2768.032088927397,23.58753649998107,473.81844900001306,3974.9745263645,140,20381.0,17,True,True,True,True,True,False,64.0,False,8.4,8.235294117647058,2380,497.40598549999413,474.41464159998577,2.085485079090019,20381.0,1,14,global_assignment_boundary_sova
pso_n140_k17_h11_s87,pso,140,17,11,87,325.1462500373576,160.8737499978025,142.1596435285136,2734.8537499626423,23.58753649998107,36.946746300003724,3579.372981084011,140,20381.0,17,True,True,True,True,True,,,,8.4,8.235294117647058,2380,60.534282799984794,36.95636729997932,2.3224732145525544,20381.0,1,16,
aco_n140_k17_h11_s97,aco,140,17,11,97,301.37234362714423,162.2722150807562,142.85587712648976,2758.6276563728557,23.57818660000339,41.3768054000102,3314.7447968643633,140,20783.0,17,True,True,True,True,True,,,,8.4,8.235294117647058,2380,64.95499200001359,41.380768300005,2.1526595973367444,20783.0,1,15,
ga_n140_k17_h11_s97,ga,140,17,11,97,322.6060732667334,161.0231721607804,141.79701883959368,2737.3939267332667,23.57818660000339,44.192919399996754,3487.3902937187318,140,20783.0,17,True,True,True,True,True,,,,8.4,8.235294117647058,2380,67.77110600000015,44.203705699997954,2.3043290947623816,20783.0,1,17,
nn_n140_k17_h11_s97,nn,140,17,11,97,355.5391662545082,159.08593139679365,137.16868900302688,2704.460833745492,23.57818660000339,1.0217813000199385,5083.934637072105,140,20783.0,17,True,True,True,True,True,,,,8.4,8.235294117647058,2380,24.59996790002333,1.0222059999941848,2.539565473246487,20783.0,1,17,
proposed_n140_k17_h11_s97,proposed,140,17,11,97,293.23631487790277,162.75080500718218,146.64263798948534,2766.7636851220973,23.57818660000339,177.1110292999947,3700.623698624186,140,20783.0,17,True,True,True,True,True,False,64.0,False,8.4,8.235294117647058,2380,200.6892158999981,177.37517870002193,2.094545106270734,20783.0,1,17,global_assignment_boundary_sova
pso_n140_k17_h11_s97,pso,140,17,11,97,342.26400554042726,159.86682320350428,135.80894220652644,2717.735994459573,23.57818660000339,38.49539019999793,5083.934637072105,140,20783.0,17,True,True,True,True,True,,,,8.4,8.235294117647058,2380,62.07357680000132,38.5055382999999,2.4447428967173375,20783.0,1,17,
aco_n160_k19_h11_s7,aco,160,19,11,7,333.772150266428,162.43304472281957,138.06440292077363,3086.227849733572,26.967526200052816,54.902556299988646,4090.997441887582,160,24638.0,19,True,True,True,True,True,,,,8.4,8.421052631578947,3040,81.87008250004146,54.90775970002869,2.086075939165174,24638.0,1,14,
ga_n160_k19_h11_s7,ga,160,19,11,7,371.6017789943829,160.44201163187458,130.6702139138972,3048.398221005617,26.967526200052816,68.76089660002617,4606.464916316271,160,24638.0,19,True,True,True,True,True,,,,8.4,8.421052631578947,3040,95.728422800079,68.77412050002022,2.322511118714893,24638.0,1,14,
nn_n160_k19_h11_s7,nn,160,19,11,7,386.5642554152297,159.65451287288266,131.47120985967695,3033.4357445847704,26.967526200052816,1.5836903000017628,4393.85997081713,160,24638.0,19,True,True,True,True,True,,,,8.4,8.421052631578947,3040,28.55121650005458,1.583745000010822,2.4160265963451857,24638.0,1,14,
proposed_n160_k19_h11_s7,proposed,160,19,11,7,326.62620877809906,162.80914690641583,142.57252258369488,3093.373791221901,28.96364880001056,141.4591877000057,3617.13492878034,160,24638.0,19,True,True,True,True,True,False,64.0,False,8.4,8.421052631578947,3040,170.42283650001627,141.63727099998505,2.041413804863119,24638.0,1,16,global_assignment_boundary_sova
pso_n160_k19_h11_s7,pso,160,19,11,7,379.76616979269625,160.012306853016,131.96579039915426,3040.233830207304,26.967526200052816,55.30979609995848,4546.211167721822,160,24638.0,19,True,True,True,True,True,,,,8.4,8.421052631578947,3040,82.27732230001129,55.32158850005362,2.373538561204352,24638.0,1,14,
aco_n160_k19_h11_s17,aco,160,19,11,17,326.22323212604647,162.8303562038923,129.52633661636162,3093.7767678739538,27.24906099998043,51.01125189999584,5268.817631716771,160,23211.0,19,True,True,True,True,True,,,,8.4,8.421052631578947,3040,78.26031289997627,51.01687079999829,2.0388952007877905,23211.0,1,14,
ga_n160_k19_h11_s17,ga,160,19,11,17,358.8069231463123,161.1154250975625,141.85461153539003,3061.1930768536877,27.24906099998043,61.5726519000018,3471.24625145503,160,23211.0,19,True,True,True,True,True,,,,8.4,8.421052631578947,3040,88.82171289998223,61.58558829998947,2.2425432696644516,23211.0,1,16,
nn_n160_k19_h11_s17,nn,160,19,11,17,382.6242401377591,159.86188209801267,138.38765977491235,3037.375759862241,27.24906099998043,1.4520896000030916,3504.1971337333016,160,23211.0,19,True,True,True,True,True,,,,8.4,8.421052631578947,3040,28.70115059998352,1.4524230000097305,2.3914015008609946,23211.0,1,16,
proposed_n160_k19_h11_s17,proposed,160,19,11,17,322.2569708821516,163.03910679567625,139.46690225810346,3097.7430291178484,27.24906099998043,268.6615875000134,3670.6624259654327,160,23211.0,19,True,True,True,True,True,False,64.0,False,8.4,8.421052631578947,3040,295.91064849999384,269.0757902000041,2.0141060680134477,23211.0,1,17,global_assignment_boundary_sova
pso_n160_k19_h11_s17,pso,160,19,11,17,375.87979191030405,160.2168530573524,140.36165288040763,3044.120208089696,27.24906099998043,47.05504739997559,3504.1971337333016,160,23211.0,19,True,True,True,True,True,,,,8.4,8.421052631578947,3040,74.30410839995602,47.06552079998073,2.3492486994394004,23211.0,1,16,
aco_n160_k19_h11_s27,aco,160,19,11,27,329.32369622486857,162.66717388290166,131.07929614863042,3090.6763037751316,27.26516390001052,49.129493699991144,5082.2377040935,160,23841.0,19,True,True,True,True,True,,,,8.4,8.421052631578947,3040,76.39465760000166,49.133788300008746,2.0582731014054287,23841.0,1,16,
ga_n160_k19_h11_s27,ga,160,19,11,27,371.60221522339646,160.44198867245282,134.8221783212556,3048.3977847766037,27.26516390001052,68.24685120000504,4053.5395469120504,160,23841.0,19,True,True,True,True,True,,,,8.4,8.421052631578947,3040,95.51201510001556,68.26165679999394,2.322513845146228,23841.0,1,15,
nn_n160_k19_h11_s27,nn,160,19,11,27,385.724058031563,159.69873378781247,134.39590214373152,3034.275941968437,27.26516390001052,1.447962899983395,4237.202037450626,160,23841.0,19,True,True,True,True,True,,,,8.4,8.421052631578947,3040,28.713126799993915,1.4482895999972243,2.4107753626972688,23841.0,1,16,
proposed_n160_k19_h11_s27,proposed,160,19,11,27,327.2177666982359,162.7780122790402,139.7056918137505,3092.782233301764,27.26516390001052,372.0495510000037,4317.030576410279,160,23841.0,19,True,True,True,True,True,False,64.0,False,8.4,8.421052631578947,3040,399.3147149000142,372.45616669999436,2.0451110418639744,23841.0,1,19,global_assignment_boundary_sova
pso_n160_k19_h11_s27,pso,160,19,11,27,373.894534134946,160.32134030868707,139.69386680990146,3046.105465865054,27.26516390001052,48.966364499996416,3804.2383576636917,160,23841.0,19,True,True,True,True,True,,,,8.4,8.421052631578947,3040,76.23152840000694,48.97742130002007,2.3368408383434125,23841.0,1,15,
aco_n160_k19_h11_s37,aco,160,19,11,37,328.54493276688123,162.70816143332203,128.44356363219484,3091.455067233119,27.240243400010513,52.098685699980706,5362.356101260435,160,23475.0,19,True,True,True,True,True,,,,8.4,8.421052631578947,3040,79.33892909999122,52.10393819998717,2.053405829793008,23475.0,1,16,
ga_n160_k19_h11_s37,ga,160,19,11,37,357.62321995357917,161.17772526560108,140.82402689305175,3062.3767800464207,27.240243400010513,63.0439725999895,4503.089089105608,160,23475.0,19,True,True,True,True,True,,,,8.4,8.421052631578947,3040,90.28421600000001,63.05706839999766,2.2351451247098697,23475.0,1,16,
nn_n160_k19_h11_s37,nn,160,19,11,37,382.6089614462781,159.86268623966959,132.94134714105752,3037.391038553722,27.240243400010513,1.4186759000003804,4283.439234308358,160,23475.0,19,True,True,True,True,True,,,,8.4,8.421052631578947,3040,28.658919300010893,1.4190776000032201,2.391306009039238,23475.0,1,16,
proposed_n160_k19_h11_s37,proposed,160,19,11,37,307.7886242848084,163.8005987218522,140.1107195146813,3112.2113757151915,27.240243400010513,135.26849819999188,4044.1959992786265,160,23475.0,19,True,True,True,True,True,False,64.0,False,8.4,8.421052631578947,3040,162.5087416000024,135.4628891000175,1.9236789017800526,23475.0,1,16,global_assignment_boundary_sova
pso_n160_k19_h11_s37,pso,160,19,11,37,373.0688394563069,160.36479792335228,138.13355633194755,3046.9311605436933,27.240243400010513,49.82451360000414,4117.197467697652,160,23475.0,19,True,True,True,True,True,,,,8.4,8.421052631578947,3040,77.06475700001465,49.83583229998476,2.331680246601918,23475.0,1,16,
aco_n160_k19_h11_s47,aco,160,19,11,47,328.01360766559065,162.73612591233731,132.30702511710956,3091.986392334409,27.239118899975438,49.027039699984016,4991.460416123581,160,23422.0,19,True,True,True,True,True,,,,8.4,8.421052631578947,3040,76.26615859995945,49.03237580001587,2.0500850479099415,23422.0,1,16,
ga_n160_k19_h11_s47,ga,160,19,11,47,363.9855918888997,160.84286358479474,137.03618750357072,3056.0144081111002,27.239118899975438,61.08854710002197,4673.058256851685,160,23422.0,19,True,True,True,True,True,,,,8.4,8.421052631578947,3040,88.32766599999741,61.1018484000233,2.274909949305623,23422.0,1,17,
nn_n160_k19_h11_s47,nn,160,19,11,47,379.67297334235406,160.0172119293498,137.66031687916947,3040.327026657646,27.239118899975438,1.4436440999852493,3734.1577050210662,160,23422.0,19,True,True,True,True,True,,,,8.4,8.421052631578947,3040,28.682762999960687,1.4440525000100024,2.3729560833897128,23422.0,1,17,
proposed_n160_k19_h11_s47,proposed,160,19,11,47,315.9339578839108,163.37189695347837,145.16493102830103,3104.066042116089,27.239118899975438,228.97031860001152,4204.549732075629,160,23422.0,19,True,True,True,True,True,False,64.0,False,8.4,8.421052631578947,3040,256.20943749998696,229.19837379999808,1.9745872367744426,23422.0,1,16,global_assignment_boundary_sova
pso_n160_k19_h11_s47,pso,160,19,11,47,372.91138490291644,160.37308500510966,138.22902188974365,3047.0886150970837,27.239118899975438,51.50769900000887,3826.024469817015,160,23422.0,19,True,True,True,True,True,,,,8.4,8.421052631578947,3040,78.74681789998431,51.518927600001916,2.3306961556432277,23422.0,1,17,
aco_n160_k19_h11_s57,aco,160,19,11,57,332.74523481587454,162.48709290442767,132.26870700621714,3087.2547651841255,27.10926360002486,51.133795700006885,4736.355238367432,160,24718.0,19,True,True,True,True,True,,,,8.4,8.421052631578947,3040,78.24305930003175,51.13844030001201,2.0796577175992157,24718.0,1,15,
ga_n160_k19_h11_s57,ga,160,19,11,57,359.6517196391222,161.0709621242567,131.9860730254556,3060.3482803608777,27.10926360002486,58.985250700003235,4743.947345577664,160,24718.0,19,True,True,True,True,True,,,,8.4,8.421052631578947,3040,86.0945143000281,58.99843239999609,2.2478232477445137,24718.0,1,15,
nn_n160_k19_h11_s57,nn,160,19,11,57,376.5029026668226,160.18405775437776,128.9659709469697,3043.4970973331774,27.10926360002486,1.4129404999839608,4668.6245561181795,160,24718.0,19,True,True,True,True,True,,,,8.4,8.421052631578947,3040,28.52220410000882,1.413074600015534,2.3531431416676414,24718.0,1,15,
proposed_n160_k19_h11_s57,proposed,160,19,11,57,322.05238210208,163.04987462620633,142.01818742659606,3097.9476178979203,27.10926360002486,154.82525349999196,3680.9981967534522,160,24718.0,19,True,True,True,True,True,False,64.0,False,8.4,8.421052631578947,3040,181.93451710001682,154.9268793000083,2.012827388138,24718.0,1,18,global_assignment_boundary_sova
pso_n160_k19_h11_s57,pso,160,19,11,57,371.34636669717327,160.45545438435929,128.9659709469697,3048.6536333028266,27.10926360002486,49.23935540000093,4668.6245561181795,160,24718.0,19,True,True,True,True,True,,,,8.4,8.421052631578947,3040,76.34861900002579,49.25081559998216,2.3209147918573327,24718.0,1,15,
aco_n160_k19_h11_s67,aco,160,19,11,67,330.20831417780926,162.6206150432732,128.85848396459417,3089.7916858221906,27.287279799988028,52.10080660000676,5437.425631193348,160,23039.0,19,True,True,True,True,True,,,,8.4,8.421052631578947,3040,79.38808639999479,52.10586529999273,2.063801963611308,23039.0,1,15,
ga_n160_k19_h11_s67,ga,160,19,11,67,357.42639000994836,161.18808473631853,132.5082730055173,3062.573609990052,27.287279799988028,61.0581433000043,4750.4299707298915,160,23039.0,19,True,True,True,True,True,,,,8.4,8.421052631578947,3040,88.34542309999233,61.07130019998294,2.233914937562177,23039.0,1,16,
nn_n160_k19_h11_s67,nn,160,19,11,67,374.2173059181562,160.30435232009702,137.69972215142317,3045.7826940818436,27.287279799988028,1.4323303000128362,4492.953578961682,160,23039.0,19,True,True,True,True,True,,,,8.4,8.421052631578947,3040,28.719610100000864,1.4325340999930631,2.3388581619884765,23039.0,1,16,
proposed_n160_k19_h11_s67,proposed,160,19,11,67,316.24335228544567,163.35561303760812,128.58414505906683,3103.756647714554,27.287279799988028,260.0405173000181,5572.7636238152,160,23039.0,19,True,True,True,True,True,False,64.0,False,8.4,8.421052631578947,3040,287.32779710000614,260.413767799997,1.9765209517840354,23039.0,1,16,global_assignment_boundary_sova
pso_n160_k19_h11_s67,pso,160,19,11,67,370.1531626094469,160.5182545995028,137.69972215142317,3049.846837390553,27.287279799988028,50.658230100001674,4492.953578961682,160,23039.0,19,True,True,True,True,True,,,,8.4,8.421052631578947,3040,77.9455098999897,50.66963730001589,2.313457266309043,23039.0,1,16,
aco_n160_k19_h11_s77,aco,160,19,11,77,339.4183708626261,162.13587521775653,130.3962761203775,3080.581629137374,27.28839450000669,49.233319799997844,4916.82308826193,160,24401.0,19,True,True,True,True,True,,,,8.4,8.421052631578947,3040,76.52171430000453,49.238918499991996,2.121364817891413,24401.0,1,15,
ga_n160_k19_h11_s77,ga,160,19,11,77,352.7157905967595,161.43601102122318,142.87156723091545,3067.2842094032403,27.28839450000669,68.12567370000761,3784.4176682890893,160,24401.0,19,True,True,True,True,True,,,,8.4,8.421052631578947,3040,95.4140682000143,68.14080850000028,2.204473691229747,24401.0,1,14,
nn_n160_k19_h11_s77,nn,160,19,11,77,373.28611879982276,160.35336216843038,144.6356557038463,3046.713881200177,27.28839450000669,1.453385700006038,3348.4038671521275,160,24401.0,19,True,True,True,True,True,,,,8.4,8.421052631578947,3040,28.741780200012727,1.453669100010302,2.3330382424988922,24401.0,1,14,
proposed_n160_k19_h11_s77,proposed,160,19,11,77,320.25600999618104,163.1444205265168,142.80421344804026,3099.743990003819,27.28839450000669,161.10814849997405,3838.8452567073446,160,24401.0,19,True,True,True,True,True,False,64.0,False,8.4,8.421052631578947,3040,188.39654299998074,161.32714770000894,2.0016000624761316,24401.0,1,16,global_assignment_boundary_sova
pso_n160_k19_h11_s77,pso,160,19,11,77,359.3117261974641,161.08885651592294,143.29890266039408,3060.688273802536,27.28839450000669,50.01105699999607,3310.117316958461,160,24401.0,19,True,True,True,True,True,,,,8.4,8.421052631578947,3040,77.29945150000276,50.022832999995444,2.245698288734151,24401.0,1,14,
aco_n160_k19_h11_s87,aco,160,19,11,87,324.0659288769524,162.9438984801604,131.87131249619114,3095.934071123048,27.175588800018886,50.330951500014635,4993.266884361119,160,23564.0,19,True,True,True,True,True,,,,8.4,8.421052631578947,3040,77.50654030003352,50.33591910000541,2.0254120554809525,23564.0,1,14,
ga_n160_k19_h11_s87,ga,160,19,11,87,365.1603169652721,160.7810359491962,144.2634038557036,3054.839683034728,27.175588800018886,60.56762909999816,4331.228863821259,160,23564.0,19,True,True,True,True,True,,,,8.4,8.421052631578947,3040,87.74321790001704,60.5802788999863,2.2822519810329505,23564.0,1,15,
nn_n160_k19_h11_s87,nn,160,19,11,87,392.4328061284263,159.3456417827144,141.0190041804468,3027.5671938715736,27.175588800018886,1.4174975999922026,3767.0408409056517,160,23564.0,19,True,True,True,True,True,,,,8.4,8.421052631578947,3040,28.59308640001109,1.4176127000246197,2.4527050383026645,23564.0,1,15,
proposed_n160_k19_h11_s87,proposed,160,19,11,87,311.2930587854537,163.6161548007656,140.62273181545504,3108.7069412145465,27.175588800018886,220.69020460001775,4401.123826657391,160,23564.0,19,True,True,True,True,True,False,64.0,False,8.4,8.421052631578947,3040,247.86579340003664,221.00278420001268,1.9455816174090856,23564.0,1,17,global_assignment_boundary_sova
pso_n160_k19_h11_s87,pso,160,19,11,87,377.38398076919646,160.13768522267387,141.0190041804468,3042.6160192308034,27.175588800018886,51.357812100002775,3618.291256032632,160,23564.0,19,True,True,True,True,True,,,,8.4,8.421052631578947,3040,78.53340090002166,51.36942839997937,2.3586498798074778,23564.0,1,15,
aco_n160_k19_h11_s97,aco,160,19,11,97,329.58492498505456,162.6534250007866,127.73533078826803,3090.4150750149456,27.175606399978278,52.975734999985434,5264.468190553662,160,24171.0,19,True,True,True,True,True,,,,8.4,8.421052631578947,3040,80.15134139996371,52.98116120000486,2.059905781156591,24171.0,1,15,
ga_n160_k19_h11_s97,ga,160,19,11,97,359.8699623857231,161.0594756639093,139.5684196387246,3060.1300376142767,27.175606399978278,66.43128729998716,3793.088796685897,160,24171.0,19,True,True,True,True,True,,,,8.4,8.421052631578947,3040,93.60689369996544,66.44568959999015,2.2491872649107694,24171.0,1,14,
nn_n160_k19_h11_s97,nn,160,19,11,97,390.57965716410445,159.44317593873134,138.23930538835984,3029.4203428358956,27.175606399978278,1.4277468000072986,3937.9682559162734,160,24171.0,19,True,True,True,True,True,,,,8.4,8.421052631578947,3040,28.603353199985577,1.4281952999881469,2.4411228572756527,24171.0,1,16,
proposed_n160_k19_h11_s97,proposed,160,19,11,97,321.78064407298984,163.0641766277374,144.2248449386856,3098.2193559270104,27.175606399978278,168.1554247000022,3684.329313685821,160,24171.0,19,True,True,True,True,True,False,64.0,False,8.4,8.421052631578947,3040,195.33103109998046,168.36332390000462,2.0111290254561864,24171.0,1,17,global_assignment_boundary_sova
pso_n160_k19_h11_s97,pso,160,19,11,97,373.1665074336162,160.35965750349388,139.9459888903254,3046.833492566384,27.175606399978278,48.22731629997725,4059.3702860977337,160,24171.0,19,True,True,True,True,True,,,,8.4,8.421052631578947,3040,75.40292269995552,48.23823180000181,2.3322906714601013,24171.0,1,15,
aco_n180_k21_h11_s7,aco,180,21,11,7,364.3121126514061,162.65180415945684,129.22202118172947,3415.687887348594,33.83768160000909,68.75909539998975,4935.542236533224,180,27591.0,21,True,True,True,True,True,,,,8.4,8.571428571428571,3780,102.59677699999884,68.7650747000007,2.0239561813967004,27591.0,1,15,
ga_n180_k21_h11_s7,ga,180,21,11,7,409.55561487991577,160.49735167238495,134.17377980960833,3370.444385120084,33.83768160000909,90.26827060000504,3898.46853341899,180,27591.0,21,True,True,True,True,True,,,,8.4,8.571428571428571,3780,124.10595220001414,90.283980600012,2.2753089715550874,27591.0,1,14,
nn_n180_k21_h11_s7,nn,180,21,11,7,425.6449859719831,159.73119114419129,136.40649864693705,3354.3550140280167,33.83768160000909,2.150338999985252,3649.549512486676,180,27591.0,21,True,True,True,True,True,,,,8.4,8.571428571428571,3780,35.98802059999434,2.1504896000260487,2.364694366511017,27591.0,1,15,
proposed_n180_k21_h11_s7,proposed,180,21,11,7,363.0609795410915,162.7113819266147,141.07746064899294,3416.9390204589085,30.25735599998734,170.4736601000186,3795.94240812626,180,27591.0,21,True,True,True,True,True,False,64.0,False,8.4,8.571428571428571,3780,200.73101610000597,170.71406169998227,2.017005441894953,27591.0,1,16,global_assignment_boundary_sova
pso_n180_k21_h11_s7,pso,180,21,11,7,421.5418723599693,159.92657750666814,136.40649864693705,3358.458127640031,33.83768160000909,66.50808040000265,3649.549512486676,180,27591.0,21,True,True,True,True,True,,,,8.4,8.571428571428571,3780,100.34576200001176,66.52014049998252,2.3418992908887186,27591.0,1,15,
aco_n180_k21_h11_s17,aco,180,21,11,17,359.65363242838805,162.87363655102914,130.55018116634372,3420.346367571612,30.915439900010824,64.81264819999342,4915.119654784356,180,25675.0,21,True,True,True,True,True,,,,8.4,8.571428571428571,3780,95.72808810000424,64.81952579997596,1.998075735713267,25675.0,1,16,
ga_n180_k21_h11_s17,ga,180,21,11,17,385.1627431431507,161.6589169931833,138.89137825141975,3394.8372568568493,30.915439900010824,83.97688799997559,4721.191664194511,180,25675.0,21,True,True,True,True,True,,,,8.4,8.571428571428571,3780,114.89232789998641,84.0005511000054,2.1397930174619484,25675.0,1,17,
nn_n180_k21_h11_s17,nn,180,21,11,17,414.9420252941062,160.2408559383759,144.43187474097812,3365.0579747058937,30.915439900010824,1.9875959000200965,3549.095629199375,180,25675.0,21,True,True,True,True,True,,,,8.4,8.571428571428571,3780,32.90303580003092,1.9894734999979846,2.3052334738561457,25675.0,1,17,
proposed_n180_k21_h11_s17,proposed,180,21,11,17,355.4269136315472,163.07490887468825,142.40766606076232,3424.573086368453,30.915439900010824,331.88758979999693,4111.123414783581,180,25675.0,21,True,True,True,True,True,False,64.0,False,8.4,8.571428571428571,3780,362.80302970000776,332.3758759999764,1.9745939646197068,25675.0,1,16,global_assignment_boundary_sova
pso_n180_k21_h11_s17,pso,180,21,11,17,406.77368205885864,160.62982466386387,145.6477735414167,3373.2263179411416,30.915439900010824,60.328624399990076,3564.7406126835263,180,25675.0,21,True,True,True,True,True,,,,8.4,8.571428571428571,3780,91.2440643000009,60.34646219998831,2.259853789215881,25675.0,1,17,
aco_n180_k21_h11_s27,aco,180,21,11,27,364.4980930112729,162.64294795184415,129.31880274818803,3415.501906988727,30.84836639999412,60.68987190001644,4926.28683014168,180,26978.0,21,True,True,True,True,True,,,,8.4,8.571428571428571,3780,91.53823830001056,60.69674849999137,2.0249894056181827,26978.0,1,15,
ga_n180_k21_h11_s27,ga,180,21,11,27,392.22720541752193,161.32251402773704,137.74883997285275,3387.772794582478,30.84836639999412,79.57301140000345,4346.639404522905,180,26978.0,21,True,True,True,True,True,,,,8.4,8.571428571428571,3780,110.42137779999757,79.59239629999502,2.1790400300973443,26978.0,1,16,
nn_n180_k21_h11_s27,nn,180,21,11,27,419.25450857023486,160.03549959189357,138.48769146214926,3360.745491429765,30.84836639999412,1.9375718999945093,3913.817045930323,180,26978.0,21,True,True,True,True,True,,,,8.4,8.571428571428571,3780,32.78593829998863,1.9378166999958921,2.329191714279083,26978.0,1,15,
proposed_n180_k21_h11_s27,proposed,180,21,11,27,347.68763318078703,163.44344603901013,140.8867221139689,3432.312366819213,30.84836639999412,234.12170739998692,4447.5191049817695,180,26978.0,21,True,True,True,True,True,False,64.0,False,8.4,8.571428571428571,3780,264.97007379998104,234.41218480002135,1.9315979621154835,26978.0,1,17,global_assignment_boundary_sova
pso_n180_k21_h11_s27,pso,180,21,11,27,410.0988780821531,160.47148199608796,137.34572366095048,3369.901121917847,30.84836639999412,62.66983430000255,4352.22704860692,180,26978.0,21,True,True,True,True,True,,,,8.4,8.571428571428571,3780,93.51820069999667,62.68214839999564,2.278327100456406,26978.0,1,15,
aco_n180_k21_h11_s37,aco,180,21,11,37,358.6653844606116,162.9206959780661,128.15091849936954,3421.3346155393883,31.040620900021167,61.99432140000863,5312.194235512562,180,26532.0,21,True,True,True,True,True,,,,8.4,8.571428571428571,3780,93.0349423000298,62.001581399992574,1.9925854692256202,26532.0,1,16,
ga_n180_k21_h11_s37,ga,180,21,11,37,395.8648054065519,161.14929498064038,139.10016214619577,3384.135194593448,31.040620900021167,91.50603059999412,4166.524203513885,180,26532.0,21,True,True,True,True,True,,,,8.4,8.571428571428571,3780,122.54665150001529,91.52309249999234,2.199248918925288,26532.0,1,15,
nn_n180_k21_h11_s37,nn,180,21,11,37,412.25211470764356,160.36894691868363,137.13263041841762,3367.7478852923564,31.040620900021167,1.9209808000014164,3983.7430190922605,180,26532.0,21,True,True,True,True,True,,,,8.4,8.571428571428571,3780,32.961601700022584,1.9213412000099197,2.2902895261535754,26532.0,1,16,
proposed_n180_k21_h11_s37,proposed,180,21,11,37,338.9665874914695,163.85873392897764,130.43462897158662,3441.0334125085305,31.040620900021167,144.079184000002,5416.073662344817,180,26532.0,21,True,True,True,True,True,False,64.0,False,8.4,8.571428571428571,3780,175.11980490002315,144.26305100001628,1.8831477082859418,26532.0,1,17,global_assignment_boundary_sova
pso_n180_k21_h11_s37,pso,180,21,11,37,404.8121756948428,160.72322972881702,137.1714231034043,3375.1878243051574,31.040620900021167,64.80942860001232,3848.2554819543598,180,26532.0,21,True,True,True,True,True,,,,8.4,8.571428571428571,3780,95.85004950003349,64.82256950001465,2.2489565316380156,26532.0,1,15,
aco_n180_k21_h11_s47,aco,180,21,11,47,358.5184243400204,162.92769407904666,125.19316693232474,3421.4815756599796,30.970899300009478,62.32211599999573,5741.369770017336,180,26313.0,21,True,True,True,True,True,,,,8.4,8.571428571428571,3780,93.29301530000521,62.32909459999064,1.9917690241112243,26313.0,1,16,
ga_n180_k21_h11_s47,ga,180,21,11,47,380.253205654305,161.89270449265214,142.19650184382485,3399.746794345695,30.970899300009478,83.63965110000572,3546.711894481134,180,26313.0,21,True,True,True,True,True,,,,8.4,8.571428571428571,3780,114.6105504000152,83.65567849998479,2.1125178091905834,26313.0,1,14,
nn_n180_k21_h11_s47,nn,180,21,11,47,396.1354910321697,161.1364051889443,142.3929985209778,3383.8645089678303,30.970899300009478,1.9333647000021301,3398.473445811592,180,26313.0,21,True,True,True,True,True,,,,8.4,8.571428571428571,3780,32.90426400001161,1.933706500014523,2.2007527279564982,26313.0,1,15,
proposed_n180_k21_h11_s47,proposed,180,21,11,47,350.29992526548426,163.3190511778341,142.38845133749666,3429.700074734516,30.970899300009478,205.62408349997713,4542.098250420324,180,26313.0,21,True,True,True,True,True,False,64.0,False,8.4,8.571428571428571,3780,236.5949827999866,205.85779750000802,1.946110695919357,26313.0,1,17,global_assignment_boundary_sova
pso_n180_k21_h11_s47,pso,180,21,11,47,389.6128265235671,161.44700826078252,144.166818631664,3390.387173476433,30.970899300009478,61.01879420000478,3246.3828954940523,180,26313.0,21,True,True,True,True,True,,,,8.4,8.571428571428571,3780,91.98969350001425,61.03079380001873,2.164515702908706,26313.0,1,15,
aco_n180_k21_h11_s57,aco,180,21,11,57,357.035306477682,162.998318739158,132.00812495374782,3422.964693522318,31.00584820000222,59.99323680001544,4862.454618451764,180,27701.0,21,True,True,True,True,True,,,,8.4,8.571428571428571,3780,90.99908500001766,59.9988052000117,1.9835294804315668,27701.0,1,14,
ga_n180_k21_h11_s57,ga,180,21,11,57,390.89790628517227,161.38581398642037,137.18003067937997,3389.102093714828,31.00584820000222,97.13591959999758,4017.3689594273137,180,27701.0,21,True,True,True,True,True,,,,8.4,8.571428571428571,3780,128.1417677999998,97.15479920001235,2.171655034917624,27701.0,1,15,
nn_n180_k21_h11_s57,nn,180,21,11,57,424.3889399343611,159.79100286026852,137.00382193493334,3355.611060065639,31.00584820000222,1.933737099985592,3823.601417740317,180,27701.0,21,True,True,True,True,True,,,,8.4,8.571428571428571,3780,32.93958529998781,1.9338846000027843,2.3577163329686726,27701.0,1,16,
proposed_n180_k21_h11_s57,proposed,180,21,11,57,347.9487854100168,163.43101021857063,141.16264833566362,3432.0512145899834,31.00584820000222,104.58717900002375,3769.9928522080354,180,27701.0,21,True,True,True,True,True,False,64.0,False,8.4,8.571428571428571,3780,135.59302720002597,104.68824350001523,1.9330488078334267,27701.0,1,15,global_assignment_boundary_sova
pso_n180_k21_h11_s57,pso,180,21,11,57,420.1097764866904,159.99477254825283,137.00382193493334,3359.8902235133096,31.00584820000222,64.39186290002544,3823.601417740317,180,27701.0,21,True,True,True,True,True,,,,8.4,8.571428571428571,3780,95.39771110002766,64.40450340000098,2.3339432027038356,27701.0,1,16,
aco_n180_k21_h11_s67,aco,180,21,11,67,360.74290184899087,162.82176657861947,127.6082478316955,3419.257098151009,30.91326180001488,57.96827499999199,5759.105251161038,180,25891.0,21,True,True,True,True,True,,,,8.4,8.571428571428571,3780,88.88153680000687,57.97462580000865,2.0041272324943935,25891.0,1,17,
ga_n180_k21_h11_s67,ga,180,21,11,67,393.18488366297214,161.27691030176325,132.43706138032766,3386.815116337028,30.91326180001488,78.69484839998768,4062.4207662666354,180,25891.0,21,True,True,True,True,True,,,,8.4,8.571428571428571,3780,109.60811020000256,78.70941819998552,2.1843604647942896,25891.0,1,16,
nn_n180_k21_h11_s67,nn,180,21,11,67,413.1772763568458,160.32489160205495,135.9493018442538,3366.822723643154,30.91326180001488,1.9672716000059154,3911.2747059674402,180,25891.0,21,True,True,True,True,True,,,,8.4,8.571428571428571,3780,32.880533400020795,1.9676968999847304,2.295429313093588,25891.0,1,15,
proposed_n180_k21_h11_s67,proposed,180,21,11,67,348.82077820430436,163.38948675217597,132.44935537059268,3431.1792217956954,30.91326180001488,296.81190169998445,5435.292487294499,180,25891.0,21,True,True,True,True,True,False,64.0,False,8.4,8.571428571428571,3780,327.7251634999993,297.2339225000178,1.9378932122461354,25891.0,1,17,global_assignment_boundary_sova
pso_n180_k21_h11_s67,pso,180,21,11,67,403.03058742208566,160.80806726561497,130.27635411915566,3376.969412577914,30.91326180001488,63.82494049999514,3802.5031603064776,180,25891.0,21,True,True,True,True,True,,,,8.4,8.571428571428571,3780,94.73820230001002,63.83720270000049,2.239058819011587,25891.0,1,15,
aco_n180_k21_h11_s77,aco,180,21,11,77,371.0841945540035,162.32932406885698,129.3631090225555,3408.9158054459963,30.917016200022772,61.85278900002595,4969.308526632488,180,27635.0,21,True,True,True,True,True,,,,8.4,8.571428571428571,3780,92.76980520004872,61.860759800008964,2.0615788586333528,27635.0,1,15,
ga_n180_k21_h11_s77,ga,180,21,11,77,389.5600252915215,161.44952260516564,142.28382744128962,3390.4399747084785,30.917016200022772,83.63584829997853,3686.2124610655333,180,27635.0,21,True,True,True,True,True,,,,8.4,8.571428571428571,3780,114.5528645000013,83.65827059998992,2.1642223627306754,27635.0,1,16,
nn_n180_k21_h11_s77,nn,180,21,11,77,415.26150009547763,160.2256428525963,141.83341192107218,3364.7384999045225,30.917016200022772,1.9085169000027236,3331.885179734838,180,27635.0,21,True,True,True,True,True,,,,8.4,8.571428571428571,3780,32.825533100025496,1.9088482000224758,2.307008333863765,27635.0,1,15,
proposed_n180_k21_h11_s77,proposed,180,21,11,77,357.0943535844088,162.995506972171,142.7930132843851,3422.905646415591,30.917016200022772,281.93895370000973,3964.8440316823326,180,27635.0,21,True,True,True,True,True,False,64.0,False,8.4,8.571428571428571,3780,312.8559699000325,282.32253740000306,1.983857519913382,27635.0,1,15,global_assignment_boundary_sova
pso_n180_k21_h11_s77,pso,180,21,11,77,408.3223891429989,160.55607670747625,141.83341192107218,3371.677610857001,30.917016200022772,62.467077400011476,3331.885179734838,180,27635.0,21,True,True,True,True,True,,,,8.4,8.571428571428571,3780,93.38409360003425,62.48056220001308,2.268457717461105,27635.0,1,15,
aco_n180_k21_h11_s87,aco,180,21,11,87,360.21117874706636,162.8470867263302,128.32547854531933,3419.7888212529338,32.07253639999544,63.24584449999384,5231.294226631353,180,26717.0,21,True,True,True,True,True,,,,8.4,8.571428571428571,3780,95.31838089998928,63.25264489999972,2.00117321526148,26717.0,1,15,
ga_n180_k21_h11_s87,ga,180,21,11,87,391.80228908411226,161.34274813885182,133.03633951684662,3388.197710915888,32.07253639999544,83.05566089999047,4617.656002770068,180,26717.0,21,True,True,True,True,True,,,,8.4,8.571428571428571,3780,115.12819729998591,83.07143050001469,2.1766793838006238,26717.0,1,15,
nn_n180_k21_h11_s87,nn,180,21,11,87,410.35583625788627,160.45924589248162,139.3213053202217,3369.644163742114,32.07253639999544,1.940339099994162,3859.6885818838655,180,26717.0,21,True,True,True,True,True,,,,8.4,8.571428571428571,3780,34.012875499989605,1.9405325000116136,2.279754645877146,26717.0,1,15,
proposed_n180_k21_h11_s87,proposed,180,21,11,87,350.56078196694864,163.3066294301453,143.3701668759436,3429.4392180330515,32.07253639999544,215.10782669999753,4401.123826657391,180,26717.0,21,True,True,True,True,True,False,64.0,False,8.4,8.571428571428571,3780,247.18036309999297,215.36190050002187,1.9475598998163812,26717.0,1,17,global_assignment_boundary_sova
pso_n180_k21_h11_s87,pso,180,21,11,87,404.1725783596048,160.75368674478074,139.69366240968725,3375.827421640395,32.07253639999544,61.259251099982066,3842.863701357824,180,26717.0,21,True,True,True,True,True,,,,8.4,8.571428571428571,3780,93.33178749997751,61.27130500000203,2.2454032131089154,26717.0,1,15,
aco_n180_k21_h11_s97,aco,180,21,11,97,359.12749099608584,162.8986909049483,129.63689083226745,3420.8725090039143,30.881726100022206,61.01300509998691,4934.452980052997,180,27298.0,21,True,True,True,True,True,,,,8.4,8.571428571428571,3780,91.89473120000912,61.019599099992774,1.9951527277560324,27298.0,1,15,
ga_n180_k21_h11_s97,ga,180,21,11,97,397.0104173235923,161.0947420322099,131.67511506837988,3382.9895826764077,30.881726100022206,83.01870950000011,4573.293709944228,180,27298.0,21,True,True,True,True,True,,,,8.4,8.571428571428571,3780,113.90043560002232,83.03496329998598,2.205613429575513,27298.0,1,16,
nn_n180_k21_h11_s97,nn,180,21,11,97,431.70808203803495,159.4424722839031,137.78457273072684,3348.291917961965,30.881726100022206,1.9362838999950327,3908.98485772936,180,27298.0,21,True,True,True,True,True,,,,8.4,8.571428571428571,3780,32.81801000001724,1.93656450000708,2.3983782335446384,27298.0,1,16,
proposed_n180_k21_h11_s97,proposed,180,21,11,97,354.0471251170717,163.14061308966325,144.15561584651405,3425.9528748829284,30.881726100022206,133.73621020000428,3690.3039207612433,180,27298.0,21,True,True,True,True,True,False,64.0,False,8.4,8.571428571428571,3780,164.61793630002649,133.8568162000156,1.9669284728726204,27298.0,1,17,global_assignment_boundary_sova
pso_n180_k21_h11_s97,pso,180,21,11,97,421.91707832740036,159.90871055583807,134.3876612599107,3358.0829216725997,30.881726100022206,65.07668929998181,3881.696620380216,180,27298.0,21,True,True,True,True,True,,,,8.4,8.571428571428571,3780,95.95841540000401,65.08995209998102,2.3439837684855576,27298.0,1,16,
aco_n200_k24_h11_s7,aco,200,24,11,7,413.1044503332651,162.7873145694473,141.39662346370164,3906.895549666735,39.72585300000355,76.36633860000438,3327.3387234768693,200,30588.0,24,True,True,True,True,True,,,,8.4,8.333333333333334,4800,116.09219160000794,76.37130140000227,2.0655222516663256,30588.0,1,15,
ga_n200_k24_h11_s7,ga,200,24,11,7,463.9580749333599,160.66841354444333,135.56643302245536,3856.04192506664,39.72585300000355,115.03357200000028,4423.259415580636,200,30588.0,24,True,True,True,True,True,,,,8.4,8.333333333333334,4800,154.75942500000383,115.04830959999526,2.319790374666799,30588.0,1,15,
nn_n200_k24_h11_s7,nn,200,24,11,7,483.4558179231329,159.85600758653612,133.02599786035955,3836.544182076867,39.72585300000355,2.978373300000385,3934.302811591251,200,30588.0,24,True,True,True,True,True,,,,8.4,8.333333333333334,4800,42.70422630000394,2.9784548000025097,2.4172790896156644,30588.0,1,15,
proposed_n200_k24_h11_s7,proposed,200,24,11,7,397.34144157934674,163.44410660086055,146.0196019358451,3922.658558420653,34.29473369999323,314.6040869000135,3500.775267832837,200,30588.0,24,True,True,True,True,True,False,64.0,False,8.4,8.333333333333334,4800,348.8988206000068,315.0711118000036,1.9867072078967336,30588.0,1,17,global_assignment_boundary_sova
pso_n200_k24_h11_s7,pso,200,24,11,7,476.10118718752256,160.16245053385322,137.34715611098636,3843.898812812477,39.72585300000355,86.25604939999903,4511.571759442312,200,30588.0,24,True,True,True,True,True,,,,8.4,8.333333333333334,4800,125.98190240000258,86.268851300003,2.3805059359376126,30588.0,1,15,
aco_n200_k24_h11_s17,aco,200,24,11,17,401.2098027074944,163.28292488718773,139.64119967979096,3918.7901972925056,34.88819440000225,72.20484600000782,3988.765726410537,200,28786.0,24,True,True,True,True,True,,,,8.4,8.333333333333334,4800,107.09304040001007,72.21181399998022,2.006049013537472,28786.0,1,16,
ga_n200_k24_h11_s17,ga,200,24,11,17,448.71245197861253,161.30364783422448,138.8140530245426,3871.2875480213875,34.88819440000225,108.90567000000738,4848.151392056651,200,28786.0,24,True,True,True,True,True,,,,8.4,8.333333333333334,4800,143.79386440000962,108.92412110001897,2.2435622598930625,28786.0,1,17,
nn_n200_k24_h11_s17,nn,200,24,11,17,467.90869120346485,160.50380453318897,136.66449722276386,3852.091308796535,34.88819440000225,2.750501600006828,3958.6329959625814,200,28786.0,24,True,True,True,True,True,,,,8.4,8.333333333333334,4800,37.63869600000908,2.750899100006791,2.3395434560173243,28786.0,1,17,
proposed_n200_k24_h11_s17,proposed,200,24,11,17,379.98550424820354,164.16727065632486,130.9809618158637,3940.0144957517964,34.88819440000225,399.2095374999917,5131.996632843323,200,28786.0,24,True,True,True,True,True,False,64.0,False,8.4,8.333333333333334,4800,434.09773189999396,399.7595585999952,1.8999275212410176,28786.0,1,20,global_assignment_boundary_sova
pso_n200_k24_h11_s17,pso,200,24,11,17,458.6731051614549,160.8886206182727,137.81353787541488,3861.3268948385453,34.88819440000225,87.35414490001858,4438.683625302174,200,28786.0,24,True,True,True,True,True,,,,8.4,8.333333333333334,4800,122.24233930002083,87.36841379999532,2.2933655258072743,28786.0,1,17,
aco_n200_k24_h11_s27,aco,200,24,11,27,397.9567510210858,163.41846870745476,141.98659602718106,3922.043248978914,34.74071400001412,70.8081547000038,3525.076376160899,200,29843.0,24,True,True,True,True,True,,,,8.4,8.333333333333334,4800,105.54886870001792,70.8133564000018,1.989783755105429,29843.0,1,15,
ga_n200_k24_h11_s27,ga,200,24,11,27,438.94969899599323,161.71042920850027,135.98611866526335,3881.0503010040065,34.74071400001412,105.6878221000079,3299.522966379527,200,29843.0,24,True,True,True,True,True,,,,8.4,8.333333333333334,4800,140.42853610002203,105.70481150000705,2.194748494979966,29843.0,1,15,
nn_n200_k24_h11_s27,nn,200,24,11,27,470.10595053254235,160.41225206114407,136.87533213717836,3849.8940494674575,34.74071400001412,2.739405700005591,3718.11355505884,200,29843.0,24,True,True,True,True,True,,,,8.4,8.333333333333334,4800,37.48011970001971,2.739785000012489,2.3505297526627116,29843.0,1,15,
proposed_n200_k24_h11_s27,proposed,200,24,11,27,403.8841475405444,163.1714938524773,139.86411916188771,3916.1158524594557,34.74071400001412,445.28188500000397,3843.7492886911086,200,29843.0,24,True,True,True,True,True,False,64.0,False,8.4,8.333333333333334,4800,480.0225990000181,445.88242840001476,2.0194207377027222,29843.0,1,16,global_assignment_boundary_sova
pso_n200_k24_h11_s27,pso,200,24,11,27,462.3733992853764,160.73444169644264,136.3000333260739,3857.6266007146237,34.74071400001412,81.19970009999815,3837.6992763719177,200,29843.0,24,True,True,True,True,True,,,,8.4,8.333333333333334,4800,115.94041410001228,81.21353229999659,2.311866996426882,29843.0,1,15,
aco_n200_k24_h11_s37,aco,200,24,11,37,400.1584289932071,163.32673212528303,131.46073908456188,3919.841571006793,34.981585599976825,73.48852590000024,5313.083833528315,200,29725.0,24,True,True,True,True,True,,,,8.4,8.333333333333334,4800,108.47011149997707,73.49657459999435,2.0007921449660357,29725.0,1,15,
ga_n200_k24_h11_s37,ga,200,24,11,37,451.48760903476284,161.1880162902182,132.8833656302582,3868.512390965237,34.981585599976825,116.5472543000069,3583.510972166187,200,29725.0,24,True,True,True,True,True,,,,8.4,8.333333333333334,4800,151.52883989998372,116.56660399999237,2.257438045173814,29725.0,1,17,
nn_n200_k24_h11_s37,nn,200,24,11,37,480.826097734143,159.96557926107738,141.16086645548688,3839.173902265857,34.981585599976825,2.7623178999929223,3517.6171958399723,200,29725.0,24,True,True,True,True,True,,,,8.4,8.333333333333334,4800,37.74390349996975,2.7629067999951076,2.404130488670715,29725.0,1,16,
proposed_n200_k24_h11_s37,proposed,200,24,11,37,391.124458679993,163.7031475550003,140.43177712330845,3928.875541320007,34.981585599976825,273.64909009999246,4039.0959055360017,200,29725.0,24,True,True,True,True,True,False,64.0,False,8.4,8.333333333333334,4800,308.6306756999693,273.98045589998947,1.955622293399965,29725.0,1,17,global_assignment_boundary_sova
pso_n200_k24_h11_s37,pso,200,24,11,37,474.31627999552336,160.2368216668532,141.38109889928302,3845.6837200044765,34.981585599976825,83.98863330000313,3441.9526481091316,200,29725.0,24,True,True,True,True,True,,,,8.4,8.333333333333334,4800,118.97021889997995,84.00272759998916,2.3715813999776167,29725.0,1,15,
aco_n200_k24_h11_s47,aco,200,24,11,47,394.30386085833715,163.57067246423597,130.7641796301987,3925.696139141663,34.88068949998706,74.12610789999599,5288.551345492164,200,28950.0,24,True,True,True,True,True,,,,8.4,8.333333333333334,4800,109.00679739998304,74.13336209999397,1.9715193042916856,28950.0,1,15,
ga_n200_k24_h11_s47,ga,200,24,11,47,440.7929882128951,161.63362549112938,129.05364251822704,3879.207011787105,34.88068949998706,122.70870350001496,4942.782888274425,200,28950.0,24,True,True,True,True,True,,,,8.4,8.333333333333334,4800,157.58939300000202,122.72943830001168,2.2039649410644757,28950.0,1,17,
nn_n200_k24_h11_s47,nn,200,24,11,47,462.77596337251765,160.71766819281177,126.76361186093536,3857.2240366274823,34.88068949998706,2.735282699984964,5049.841067580289,200,28950.0,24,True,True,True,True,True,,,,8.4,8.333333333333334,4800,37.61597219997202,2.73561730000074,2.3138798168625883,28950.0,1,17,
proposed_n200_k24_h11_s47,proposed,200,24,11,47,383.0992424235895,164.03753156568376,140.35772946338255,3936.9007575764103,34.88068949998706,426.17534100002376,4999.709255042345,200,28950.0,24,True,True,True,True,True,False,64.0,False,8.4,8.333333333333334,4800,461.0560305000108,426.5535511999915,1.9154962121179475,28950.0,1,20,global_assignment_boundary_sova
pso_n200_k24_h11_s47,pso,200,24,11,47,454.23460482040383,161.07355813248319,128.76467931347787,3865.7653951795965,34.88068949998706,86.07524070001091,5333.525576486508,200,28950.0,24,True,True,True,True,True,,,,8.4,8.333333333333334,4800,120.95593019999797,86.08929639999405,2.271173024102019,28950.0,1,17,
aco_n200_k24_h11_s57,aco,200,24,11,57,400.26616381070943,163.3222431745538,132.1897813173225,3919.7338361892907,34.74266300001182,70.69429810001748,4963.763439534509,200,30804.0,24,True,True,True,True,True,,,,8.4,8.333333333333334,4800,105.4369611000293,70.70035570001346,2.001330819053547,30804.0,1,15,
ga_n200_k24_h11_s57,ga,200,24,11,57,445.0114548822257,161.45785604657394,139.544669293812,3874.9885451177743,34.74266300001182,123.51165320002474,4022.529452035048,200,30804.0,24,True,True,True,True,True,,,,8.4,8.333333333333334,4800,158.25431620003656,123.5324324000103,2.2250572744111285,30804.0,1,14,
nn_n200_k24_h11_s57,nn,200,24,11,57,469.21389357193164,160.44942110116952,137.26509642697914,3850.7861064280683,34.74266300001182,2.692214000009699,3534.5110109714524,200,30804.0,24,True,True,True,True,True,,,,8.4,8.333333333333334,4800,37.434877000021515,2.692561800009571,2.346069467859658,30804.0,1,15,
proposed_n200_k24_h11_s57,proposed,200,24,11,57,391.90313350233134,163.6707027707362,139.6894606111447,3928.0968664976685,34.74266300001182,217.93327490001684,3645.076376160899,200,30804.0,24,True,True,True,True,True,False,64.0,False,8.4,8.333333333333334,4800,252.67593790002866,218.1717806000088,1.9595156675116567,30804.0,1,18,global_assignment_boundary_sova
pso_n200_k24_h11_s57,pso,200,24,11,57,462.97793294707384,160.7092527938719,138.47729871253594,3857.022067052926,34.74266300001182,80.73301220001304,3854.709181991978,200,30804.0,24,True,True,True,True,True,,,,8.4,8.333333333333334,4800,115.47567520002485,80.74706980001065,2.3148896647353694,30804.0,1,15,
aco_n200_k24_h11_s67,aco,200,24,11,67,395.51867557909225,163.5200551842045,132.2942999808346,3924.4813244209076,34.84631240001181,71.66697980000754,5333.247607900652,200,29387.0,24,True,True,True,True,True,,,,8.4,8.333333333333334,4800,106.51329220001935,71.6747276999813,1.9775933778954613,29387.0,1,15,
ga_n200_k24_h11_s67,ga,200,24,11,67,459.054789391435,160.8727171086902,137.58990283115966,3860.945210608565,34.84631240001181,102.7271198000235,4423.197888740805,200,29387.0,24,True,True,True,True,True,,,,8.4,8.333333333333334,4800,137.5734322000353,102.74378989997786,2.2952739469571752,29387.0,1,15,
nn_n200_k24_h11_s67,nn,200,24,11,67,476.43802381518486,160.1484156743673,136.5302572823559,3843.561976184815,34.84631240001181,2.750539700005902,3894.0955701863277,200,29387.0,24,True,True,True,True,True,,,,8.4,8.333333333333334,4800,37.59685210001771,2.7510932000004686,2.3821901190759243,29387.0,1,15,
proposed_n200_k24_h11_s67,proposed,200,24,11,67,396.034977291089,163.4985426128713,140.00665732464077,3923.965022708911,34.84631240001181,366.60049330000766,4066.851387479701,200,29387.0,24,True,True,True,True,True,False,64.0,False,8.4,8.333333333333334,4800,401.44680570001947,367.0387410999974,1.980174886455445,29387.0,1,17,global_assignment_boundary_sova
pso_n200_k24_h11_s67,pso,200,24,11,67,470.14121157321773,160.41078285111593,136.5302572823559,3849.858788426782,34.84631240001181,88.05165129998932,3894.0955701863277,200,29387.0,24,True,True,True,True,True,,,,8.4,8.333333333333334,4800,122.89796370000113,88.06720339998719,2.3507060578660885,29387.0,1,15,
aco_n200_k24_h11_s77,aco,200,24,11,77,400.70813238120223,163.3038278174499,134.120975636256,3919.291867618798,34.828507099999115,69.96484629999031,3994.0097879151454,200,30644.0,24,True,True,True,True,True,,,,8.4,8.333333333333334,4800,104.79335339998943,69.97026059997734,2.003540661906011,30644.0,1,15,
ga_n200_k24_h11_s77,ga,200,24,11,77,434.1015705351633,161.91243456103487,134.54279339919185,3885.8984294648367,34.828507099999115,97.61772740000742,4321.140486296392,200,30644.0,24,True,True,True,True,True,,,,8.4,8.333333333333334,4800,132.44623450000654,97.63377250000485,2.170507852675817,30644.0,1,16,
nn_n200_k24_h11_s77,nn,200,24,11,77,455.3397820605186,161.0275090808117,143.3234692344504,3864.6602179394813,34.828507099999115,2.734331799991196,3517.6171958399723,200,30644.0,24,True,True,True,True,True,,,,8.4,8.333333333333334,4800,37.56283889999031,2.7346192999975756,2.276698910302593,30644.0,1,16,
proposed_n200_k24_h11_s77,proposed,200,24,11,77,386.98939505821045,163.87544187257456,142.7568664091778,3933.0106049417896,34.828507099999115,255.35690189999877,3890.709686182781,200,30644.0,24,True,True,True,True,True,False,64.0,False,8.4,8.333333333333334,4800,290.1854089999979,255.65322400000878,1.9349469752910522,30644.0,1,18,global_assignment_boundary_sova
pso_n200_k24_h11_s77,pso,200,24,11,77,447.0362160733632,161.3734909969432,140.81284780386687,3872.9637839266366,34.828507099999115,80.89251910001622,3517.6171958399723,200,30644.0,24,True,True,True,True,True,,,,8.4,8.333333333333334,4800,115.72102620001533,80.90600180000183,2.235181080366816,30644.0,1,16,
aco_n200_k24_h11_s87,aco,200,24,11,87,396.2568666677693,163.48929722217628,131.7818853046956,3923.7431333322306,34.73418270002003,73.63109619999886,5212.020698256618,200,29561.0,24,True,True,True,True,True,,,,8.4,8.333333333333334,4800,108.3652789000189,73.63722489998327,1.9812843333388466,29561.0,1,16,
ga_n200_k24_h11_s87,ga,200,24,11,87,436.51483743834933,161.81188177340212,141.6624216483939,3883.4851625616507,34.73418270002003,104.59468740000739,3972.647191018434,200,29561.0,24,True,True,True,True,True,,,,8.4,8.333333333333334,4800,139.32887010002742,104.6113011999987,2.182574187191747,29561.0,1,15,
nn_n200_k24_h11_s87,nn,200,24,11,87,448.68244721487446,161.30489803271357,140.02861665051307,3871.3175527851254,34.73418270002003,2.720444699982181,3695.560938537783,200,29561.0,24,True,True,True,True,True,,,,8.4,8.333333333333334,4800,37.45462740000221,2.7208826999994926,2.2434122360743722,29561.0,1,15,
proposed_n200_k24_h11_s87,proposed,200,24,11,87,404.34504892438383,163.15228962815067,143.49477970566497,3915.6549510756163,34.73418270002003,193.71919180001714,4142.34870706468,200,29561.0,24,True,True,True,True,True,False,64.0,False,8.4,8.333333333333334,4800,228.45337450003717,193.94889970001532,2.021725244621919,29561.0,1,17,global_assignment_boundary_sova
pso_n200_k24_h11_s87,pso,200,24,11,87,441.9983962242296,161.58340015732378,140.52196653440978,3878.0016037757705,34.73418270002003,86.38576800000737,3683.304297032423,200,29561.0,24,True,True,True,True,True,,,,8.4,8.333333333333334,4800,121.1199507000274,86.3999393999984,2.209991981121148,29561.0,1,15,
aco_n200_k24_h11_s97,aco,200,24,11,97,401.9496891765614,163.25209628430994,141.45156774221644,3918.050310823439,34.6492190999852,75.34754509999766,3501.6037077014644,200,30312.0,24,True,True,True,True,True,,,,8.4,8.333333333333334,4800,109.99676419998286,75.35626989998855,2.0097484458828068,30312.0,1,14,
ga_n200_k24_h11_s97,ga,200,24,11,97,450.16595741346356,161.24308510777234,132.50389371429492,3869.8340425865363,34.6492190999852,101.63818180002272,4514.467584712713,200,30312.0,24,True,True,True,True,True,,,,8.4,8.333333333333334,4800,136.28740090000792,101.65486520002014,2.250829787067318,30312.0,1,17,
nn_n200_k24_h11_s97,nn,200,24,11,97,477.8570143574983,160.08929106843757,133.40762185796268,3842.1429856425016,34.6492190999852,2.810819700011052,3876.4828491558796,200,30312.0,24,True,True,True,True,True,,,,8.4,8.333333333333334,4800,37.460038799996255,2.8114946999994572,2.3892850717874916,30312.0,1,17,
proposed_n200_k24_h11_s97,proposed,200,24,11,97,384.7405005331016,163.96914581112077,144.29838367899373,3935.2594994668984,34.6492190999852,209.40223810001044,3604.449617232511,200,30312.0,24,True,True,True,True,True,False,64.0,False,8.4,8.333333333333334,4800,244.05145719999564,209.68789879998076,1.9237025026655081,30312.0,1,15,global_assignment_boundary_sova
pso_n200_k24_h11_s97,pso,200,24,11,97,467.11813417077605,160.536744409551,137.73530252124104,3852.881865829224,34.6492190999852,85.17797069999506,4572.89386039396,200,30312.0,24,True,True,True,True,True,,,,8.4,8.333333333333334,4800,119.82718979998026,85.19258309999714,2.3355906708538803,30312.0,1,17,
aco_n220_k26_h11_s7,aco,220,26,11,7,437.9111375054092,163.15726394209966,130.2020652788965,4242.088862494591,40.60777219999727,88.96836349999649,5076.109645828853,220,33689.0,26,True,True,True,True,True,,,,8.4,8.461538461538462,5720,129.57613569999376,88.97488550000708,1.9905051704791328,33689.0,1,14,
ga_n220_k26_h11_s7,ga,220,26,11,7,481.0598382955713,161.4976985270934,144.51458570733575,4198.940161704429,40.60777219999727,124.2326150000008,3475.6372094888493,220,33689.0,26,True,True,True,True,True,,,,8.4,8.461538461538462,5720,164.84038719999808,124.25111179999658,2.186635628616233,33689.0,1,15,
nn_n220_k26_h11_s7,nn,220,26,11,7,506.6507565562157,160.51343244014555,142.3786167471031,4173.349243443784,40.60777219999727,3.711661599998479,3116.401052774057,220,33689.0,26,True,True,True,True,True,,,,8.4,8.461538461538462,5720,44.31943379999575,3.711794999995618,2.302957984346435,33689.0,1,16,
proposed_n220_k26_h11_s7,proposed,220,26,11,7,436.8027554306431,163.19989402189836,139.47483872683864,4243.197244569357,39.61077530001057,354.4861596999981,3506.37527362659,220,33689.0,26,True,True,True,True,True,False,64.0,False,8.4,8.461538461538462,5720,394.0969350000087,354.9580168000248,1.9854670701392867,33689.0,1,17,global_assignment_boundary_sova
pso_n220_k26_h11_s7,pso,220,26,11,7,496.6591955685244,160.89772324736444,146.12159486923073,4183.340804431476,40.60777219999727,108.38110700000834,3082.8923841129963,220,33689.0,26,True,True,True,True,True,,,,8.4,8.461538461538462,5720,148.9888792000056,108.39795040000172,2.257541798038748,33689.0,1,16,
aco_n220_k26_h11_s17,aco,220,26,11,17,437.013562900078,163.1917860423047,140.0600225898298,4242.986437099922,38.713808500004234,92.10283580000396,3798.641426495913,220,31985.0,26,True,True,True,True,True,,,,8.4,8.461538461538462,5720,130.8166443000082,92.11123509999015,1.9864252859094456,31985.0,1,15,
ga_n220_k26_h11_s17,ga,220,26,11,17,458.58669422957104,162.3620502219396,140.06084062636336,4221.413305770429,38.713808500004234,151.09507850001683,3798.6414264959126,220,31985.0,26,True,True,True,True,True,,,,8.4,8.461538461538462,5720,189.80888700002106,151.1179853999929,2.0844849737707776,31985.0,1,17,
nn_n220_k26_h11_s17,nn,220,26,11,17,489.9159318229043,161.15707954527292,138.0784094431341,4190.084068177096,38.713808500004234,3.669845299998997,3945.7695245788614,220,31985.0,26,True,True,True,True,True,,,,8.4,8.461538461538462,5720,42.38365380000323,3.670464599999832,2.22689059919502,31985.0,1,18,
proposed_n220_k26_h11_s17,proposed,220,26,11,17,413.8051993565156,164.08441540936477,139.71801465110522,4266.194800643484,38.713808500004234,677.3317808000138,3962.009803209138,220,31985.0,26,True,True,True,True,True,False,64.0,False,8.4,8.461538461538462,5720,716.045589300018,678.0913748000166,1.880932724347798,31985.0,1,16,global_assignment_boundary_sova
pso_n220_k26_h11_s17,pso,220,26,11,17,485.905227757228,161.31133739395275,139.71321337375593,4194.094772242772,38.713808500004234,101.17847869999241,3817.272775259492,220,31985.0,26,True,True,True,True,True,,,,8.4,8.461538461538462,5720,139.89228719999664,101.19420460000401,2.2086601261692183,31985.0,1,18,
aco_n220_k26_h11_s27,aco,220,26,11,27,443.604838934711,162.93827542558805,138.26373007918065,4236.395161065289,38.74322529998608,83.94265499999165,4352.010654240365,220,33297.0,26,True,True,True,True,True,,,,8.4,8.461538461538462,5720,122.68588029997773,83.94962969998596,2.0163856315214135,33297.0,1,14,
ga_n220_k26_h11_s27,ga,220,26,11,27,487.059598085854,161.26693853515945,138.247145055122,4192.940401914146,38.74322529998608,129.49744780000765,4115.705143140035,220,33297.0,26,True,True,True,True,True,,,,8.4,8.461538461538462,5720,168.24067309999373,129.51675619999878,2.2139072640266093,33297.0,1,15,
nn_n220_k26_h11_s27,nn,220,26,11,27,509.25962191060387,160.4130914649768,136.63912551155983,4170.7403780893965,38.74322529998608,3.5877558999927714,3726.4086264636926,220,33297.0,26,True,True,True,True,True,,,,8.4,8.461538461538462,5720,42.33098119997885,3.5880556000047363,2.3148164632300174,33297.0,1,15,
proposed_n220_k26_h11_s27,proposed,220,26,11,27,437.7230312662547,163.16449879745173,146.29663798558326,4242.276968733745,38.74322529998608,390.7015292000142,3521.8197129969326,220,33297.0,26,True,True,True,True,True,False,64.0,False,8.4,8.461538461538462,5720,429.4447545000003,391.15347709998605,1.9896501421193395,33297.0,1,16,global_assignment_boundary_sova
pso_n220_k26_h11_s27,pso,220,26,11,27,498.66164214554556,160.82070607132516,136.63912551155983,4181.338357854454,38.74322529998608,101.39354480002658,3726.4086264636926,220,33297.0,26,True,True,True,True,True,,,,8.4,8.461538461538462,5720,140.13677010001265,101.41979289997835,2.266643827934298,33297.0,1,15,
aco_n220_k26_h11_s37,aco,220,26,11,37,431.2743536966153,163.4125248578225,139.25297409516213,4248.725646303385,38.63527889997931,91.77491720000398,3921.134451335852,220,32333.0,26,True,True,True,True,True,,,,8.4,8.461538461538462,5720,130.4101960999833,91.782068600005,1.9603379713482514,32333.0,1,16,
ga_n220_k26_h11_s37,ga,220,26,11,37,480.62208122127834,161.51453533764314,132.36064297530822,4199.377918778721,38.63527889997931,140.22589999999036,5163.32136558009,220,32333.0,26,True,True,True,True,True,,,,8.4,8.461538461538462,5720,178.86117889996967,140.246507200005,2.1846458237330832,32333.0,1,17,
nn_n220_k26_h11_s37,nn,220,26,11,37,517.3710792143655,160.101112337909,135.31712695717175,4162.628920785634,38.63527889997931,3.63716270000441,3870.965188166247,220,32333.0,26,True,True,True,True,True,,,,8.4,8.461538461538462,5720,42.27244159998372,3.63923839997733,2.3516867237016617,32333.0,1,16,
proposed_n220_k26_h11_s37,proposed,220,26,11,37,408.6798372615618,164.28154472070918,131.2702132224889,4271.320162738439,38.63527889997931,445.51337600001716,5269.60177624444,220,32333.0,26,True,True,True,True,True,False,64.0,False,8.4,8.461538461538462,5720,484.1486548999965,446.1589595999976,1.85763562391619,32333.0,1,16,global_assignment_boundary_sova
pso_n220_k26_h11_s37,pso,220,26,11,37,511.1568590676117,160.34012080509186,136.69434988686643,4168.843140932388,38.63527889997931,98.04345460000332,3870.965188166247,220,32333.0,26,True,True,True,True,True,,,,8.4,8.461538461538462,5720,136.67873349998263,98.05818459999864,2.323440268489144,32333.0,1,16,
aco_n220_k26_h11_s47,aco,220,26,11,47,429.944503976213,163.4636729239918,138.97397398354786,4250.055496023787,38.579287899978226,98.09340549999615,4020.3187517347874,220,32450.0,26,True,True,True,True,True,,,,8.4,8.461538461538462,5720,136.67269339997438,98.10205180000048,1.9542931998918773,32450.0,1,14,
ga_n220_k26_h11_s47,ga,220,26,11,47,475.60910667645453,161.7073420509056,131.5500368330297,4204.390893323545,38.579287899978226,190.9057842999755,5284.76053687907,220,32450.0,26,True,True,True,True,True,,,,8.4,8.461538461538462,5720,229.48507219995372,190.93506680001155,2.1618595758020662,32450.0,1,16,
nn_n220_k26_h11_s47,nn,220,26,11,47,510.06496280264344,160.38211681528296,132.71513222745352,4169.935037197357,38.579287899978226,3.829329800006235,4043.9085792239703,220,32450.0,26,True,True,True,True,True,,,,8.4,8.461538461538462,5720,42.40861769998446,3.829535600001691,2.3184771036483793,32450.0,1,16,
proposed_n220_k26_h11_s47,proposed,220,26,11,47,419.3655460574806,163.8705559208661,138.8814381654464,4260.634453942519,38.579287899978226,353.9611509999959,4436.2597761054385,220,32450.0,26,True,True,True,True,True,False,64.0,False,8.4,8.461538461538462,5720,392.5404388999741,354.49409160000505,1.9062070275340028,32450.0,1,18,global_assignment_boundary_sova
pso_n220_k26_h11_s47,pso,220,26,11,47,506.1901929643515,160.531146424448,134.8649347088555,4173.809807035648,38.579287899978226,102.38454120000824,3931.650379094199,220,32450.0,26,True,True,True,True,True,,,,8.4,8.461538461538462,5720,140.96382909998647,102.40021449999767,2.300864513474325,32450.0,1,16,
aco_n220_k26_h11_s57,aco,220,26,11,57,443.0732551483638,162.95872095583218,144.21806699644242,4236.926744851637,38.54104519999237,85.6006214999943,3547.4416366964692,220,33714.0,26,True,True,True,True,True,,,,8.4,8.461538461538462,5720,124.14166669998667,85.60916599998018,2.0139693415834716,33714.0,1,14,
ga_n220_k26_h11_s57,ga,220,26,11,57,489.1243931842924,161.18752333906565,139.13634335347075,4190.875606815707,38.54104519999237,128.98630320001394,3719.394692753936,220,33714.0,26,True,True,True,True,True,,,,8.4,8.461538461538462,5720,167.5273484000063,129.00517340001534,2.223292696292238,33714.0,1,15,
nn_n220_k26_h11_s57,nn,220,26,11,57,514.7642376871706,160.20137547357035,140.7767286911107,4165.235762312829,38.54104519999237,3.588678100000834,3634.7577685285255,220,33714.0,26,True,True,True,True,True,,,,8.4,8.461538461538462,5720,42.1297232999932,3.589230299985502,2.339837444032594,33714.0,1,15,
proposed_n220_k26_h11_s57,proposed,220,26,11,57,421.14342106631443,163.80217611283405,141.86053327565344,4258.856578933685,38.54104519999237,317.81810599999153,4218.04100378074,220,33714.0,26,True,True,True,True,True,False,64.0,False,8.4,8.461538461538462,5720,356.3591511999839,318.14514280000003,1.9142882775741565,33714.0,1,15,global_assignment_boundary_sova
pso_n220_k26_h11_s57,pso,220,26,11,57,504.19179704781817,160.60800780585316,137.77749952850837,4175.808202952182,38.54104519999237,104.91658039999311,3686.999154893684,220,33714.0,26,True,True,True,True,True,,,,8.4,8.461538461538462,5720,143.45762559998548,104.93282729998464,2.291780895671901,33714.0,1,15,
aco_n220_k26_h11_s67,aco,220,26,11,67,436.4754446154625,163.21248289940527,131.37868816032062,4243.524555384537,38.69647409999743,85.27360639997642,5264.395581258936,220,32562.0,26,True,True,True,True,True,,,,8.4,8.461538461538462,5720,123.97008049997385,85.28211639999063,1.9839792937066476,32562.0,1,15,
ga_n220_k26_h11_s67,ga,220,26,11,67,479.5932480752442,161.55410584325983,140.19119057251783,4200.406751924756,38.69647409999743,123.45585280001978,4023.6404250645446,220,32562.0,26,True,True,True,True,True,,,,8.4,8.461538461538462,5720,162.15232690001721,123.47882200000458,2.1799693094329284,32562.0,1,16,
nn_n220_k26_h11_s67,nn,220,26,11,67,500.5180824503787,160.7493045211393,129.56124997526638,4179.481917549621,38.69647409999743,3.6367051000124775,4126.774933751273,220,32562.0,26,True,True,True,True,True,,,,8.4,8.461538461538462,5720,42.33317920000991,3.6371551000047475,2.275082192956267,32562.0,1,16,
proposed_n220_k26_h11_s67,proposed,220,26,11,67,426.04698109383787,163.613577650237,139.40658739666117,4253.9530189061625,38.69647409999743,449.50297699999646,4038.656301288867,220,32562.0,26,True,True,True,True,True,False,64.0,False,8.4,8.461538461538462,5720,488.1994510999939,450.0681970999867,1.9365771867901722,32562.0,1,16,global_assignment_boundary_sova
pso_n220_k26_h11_s67,pso,220,26,11,67,490.4049012454555,161.13827302902095,132.39999670150573,4189.595098754545,38.69647409999743,105.31105039999238,4038.749585270357,220,32562.0,26,True,True,True,True,True,,,,8.4,8.461538461538462,5720,144.0075244999898,105.32703689998016,2.229113187479343,32562.0,1,16,
aco_n220_k26_h11_s77,aco,220,26,11,77,436.9499535664695,163.1942325551358,135.06785605062186,4243.050046433531,38.744660799973644,92.7014354999992,4044.345933446533,220,33316.0,26,True,True,True,True,True,,,,8.4,8.461538461538462,5720,131.44609629997285,92.70906989998184,1.9861361525748613,33316.0,1,15,
ga_n220_k26_h11_s77,ga,220,26,11,77,482.202479933337,161.45375077179474,138.1226902350964,4197.797520066663,38.744660799973644,126.12263440000243,3731.9055241320216,220,33316.0,26,True,True,True,True,True,,,,8.4,8.461538461538462,5720,164.86729519997607,126.14157020000857,2.191829454242441,33316.0,1,16,
nn_n220_k26_h11_s77,nn,220,26,11,77,508.3674798584299,160.44740462082962,138.2593890447015,4171.63252014157,38.744660799973644,3.6200963000010233,3723.7659681549885,220,33316.0,26,True,True,True,True,True,,,,8.4,8.461538461538462,5720,42.36475709997467,3.6204464999900665,2.3107612720837722,33316.0,1,16,
proposed_n220_k26_h11_s77,proposed,220,26,11,77,435.51039162928157,163.2496003219507,144.22158499925956,4244.489608370718,38.744660799973644,428.8738901000179,3530.616756170427,220,33316.0,26,True,True,True,True,True,False,64.0,False,8.4,8.461538461538462,5720,467.61855089999153,429.43119259999366,1.9795926892240072,33316.0,1,17,global_assignment_boundary_sova
pso_n220_k26_h11_s77,pso,220,26,11,77,499.54214736561784,160.78684048593777,138.33916401310194,4180.457852634382,38.744660799973644,107.41277329999139,3739.2215658263417,220,33316.0,26,True,True,True,True,True,,,,8.4,8.461538461538462,5720,146.15743409996503,107.43700370000442,2.270646124389172,33316.0,1,16,
aco_n220_k26_h11_s87,aco,220,26,11,87,433.67191476280584,163.32031097066132,138.73020006785015,4246.3280852371945,38.80412069999147,89.02218749999884,3547.4416366964692,220,32135.0,26,True,True,True,True,True,,,,8.4,8.461538461538462,5720,127.82630819999031,89.03055540000787,1.971235976194572,32135.0,1,15,
ga_n220_k26_h11_s87,ga,220,26,11,87,480.6229252884327,161.5145028735218,141.23966607238452,4199.377074711567,38.80412069999147,161.27336900000228,3705.515414511605,220,32135.0,26,True,True,True,True,True,,,,8.4,8.461538461538462,5720,200.07748969999375,161.2976878999907,2.1846496604019667,32135.0,1,16,
nn_n220_k26_h11_s87,nn,220,26,11,87,509.4685755120674,160.40505478799741,139.92972981942856,4170.531424487933,38.80412069999147,3.651714500010712,3690.0598168402516,220,32135.0,26,True,True,True,True,True,,,,8.4,8.461538461538462,5720,42.455835200002184,3.652515100024175,2.315766252327579,32135.0,1,17,
proposed_n220_k26_h11_s87,proposed,220,26,11,87,432.10612105730667,163.3805338054882,143.5895577758299,4247.893878942693,38.80412069999147,546.1936145999935,4026.1602473214484,220,32135.0,26,True,True,True,True,True,False,64.0,False,8.4,8.461538461538462,5720,584.9977352999849,546.9056166999799,1.9641187320786666,32135.0,1,17,global_assignment_boundary_sova
pso_n220_k26_h11_s87,pso,220,26,11,87,488.73299146278805,161.20257725143122,141.77180348706455,4191.267008537212,38.80412069999147,110.22720650001429,3705.515414511605,220,32135.0,26,True,True,True,True,True,,,,8.4,8.461538461538462,5720,149.03132720000576,110.24414059999981,2.2215135975581277,32135.0,1,16,
aco_n220_k26_h11_s97,aco,220,26,11,97,443.77145565551376,162.93186709017255,143.12938870545383,4236.228544344486,38.689425499993376,84.68463510001311,3824.2951388634724,220,33690.0,26,True,True,True,True,True,,,,8.4,8.461538461538462,5720,123.37406060000649,84.69173170000431,2.017142980252335,33690.0,1,17,
ga_n220_k26_h11_s97,ga,220,26,11,97,497.30908891719923,160.8727273493385,135.64885162772708,4182.690911082801,38.689425499993376,117.2180662000028,3956.8343552724327,220,33690.0,26,True,True,True,True,True,,,,8.4,8.461538461538462,5720,155.90749169999617,117.23542339997948,2.260495858714542,33690.0,1,17,
nn_n220_k26_h11_s97,nn,220,26,11,97,516.4500828594522,160.13653527463646,136.6542244901838,4163.549917140548,38.689425499993376,3.617260200000601,3868.625924512507,220,33690.0,26,True,True,True,True,True,,,,8.4,8.461538461538462,5720,42.30668569999398,3.6177191000024322,2.3475003766338736,33690.0,1,17,
proposed_n220_k26_h11_s97,proposed,220,26,11,97,427.3366498240533,163.56397500676718,132.04967042205465,4252.663350175947,38.689425499993376,418.02379489998566,5089.064237768096,220,33690.0,26,True,True,True,True,True,False,64.0,False,8.4,8.461538461538462,5720,456.71322039997904,418.5913340000261,1.9424393173820607,33690.0,1,16,global_assignment_boundary_sova
pso_n220_k26_h11_s97,pso,220,26,11,97,507.91937339740497,160.46463948471518,137.9414212830626,4172.080626602595,38.689425499993376,106.31994980000309,3735.6140666451292,220,33690.0,26,True,True,True,True,True,,,,8.4,8.461538461538462,5720,145.00937529999646,106.33575350002502,2.308724424533659,33690.0,1,17,
aco_n240_k29_h11_s7,aco,240,29,11,7,495.3980820330304,162.9173075161024,133.4970187622289,4724.601917966969,42.85496050000074,109.12998339999469,4971.179684791594,240,37169.0,29,True,True,True,True,True,,,,8.4,8.275862068965518,6960,151.9849438999954,109.13805709998996,2.064158675137626,37169.0,1,15,
ga_n240_k29_h11_s7,ga,240,29,11,7,535.3585841382765,161.53935916764564,129.45084750745377,4684.641415861724,42.85496050000074,155.8830178999924,4476.758625060204,240,37169.0,29,True,True,True,True,True,,,,8.4,8.275862068965518,6960,198.73797839999315,155.90132420000737,2.2306607672428185,37169.0,1,15,
nn_n240_k29_h11_s7,nn,240,29,11,7,556.0189567057581,160.82693252738767,134.4611577537435,4663.981043294242,42.85496050000074,5.045463800008292,4174.570555479128,240,37169.0,29,True,True,True,True,True,,,,8.4,8.275862068965518,6960,47.90042430000904,5.045602099999087,2.316745652940659,37169.0,1,15,
proposed_n240_k29_h11_s7,proposed,240,29,11,7,487.5968501571486,163.18631551182244,139.2599632863919,4732.403149842851,41.80989479998243,541.7401517000108,3608.1548579695886,240,37169.0,29,True,True,True,True,True,False,64.0,False,8.4,8.275862068965518,6960,583.5500464999932,542.2751804,2.031653542321453,37169.0,1,15,global_assignment_boundary_sova
pso_n240_k29_h11_s7,pso,240,29,11,7,537.634541590702,161.4608778761827,136.54643206926522,4682.365458409298,42.85496050000074,138.10905419998744,4280.732902784025,240,37169.0,29,True,True,True,True,True,,,,8.4,8.275862068965518,6960,180.96401469998816,138.12575249999645,2.240143923294592,37169.0,1,15,
aco_n240_k29_h11_s17,aco,240,29,11,17,475.23288218574186,163.61265923497442,133.4793764083022,4744.767117814258,43.68208919998142,107.15990210001473,4227.143145380394,240,34596.0,29,True,True,True,True,True,,,,8.4,8.275862068965518,6960,150.84199129999615,107.16706559999147,1.9801370091072577,34596.0,1,16,
ga_n240_k29_h11_s17,ga,240,29,11,17,529.030263129853,161.75757713345337,137.170048740048,4690.969736870147,43.68208919998142,186.42994610001915,3747.649565287532,240,34596.0,29,True,True,True,True,True,,,,8.4,8.275862068965518,6960,230.11203530000057,186.45753899999545,2.204292763041054,34596.0,1,17,
nn_n240_k29_h11_s17,nn,240,29,11,17,558.1955767180347,160.75187666489538,135.25136151632,4661.804423281966,43.68208919998142,4.794227599981241,4054.9715867645155,240,34596.0,29,True,True,True,True,True,,,,8.4,8.275862068965518,6960,48.47631679996266,4.79470160001074,2.325814902991811,34596.0,1,17,
proposed_n240_k29_h11_s17,proposed,240,29,11,17,475.3206133578989,163.60963402214142,139.69495595976468,4744.679386642101,43.68208919998142,834.6490209999902,4349.51118311657,240,34596.0,29,True,True,True,True,True,False,64.0,False,8.4,8.275862068965518,6960,878.3311101999716,835.6962416000024,1.980502555657912,34596.0,1,19,global_assignment_boundary_sova
pso_n240_k29_h11_s17,pso,240,29,11,17,549.8385919298556,161.0400485541429,136.09394799664187,4670.161408070145,43.68208919998142,136.650698500016,3944.591428609143,240,34596.0,29,True,True,True,True,True,,,,8.4,8.275862068965518,6960,180.33278769999743,136.6682049999945,2.2909941330410653,34596.0,1,17,
aco_n240_k29_h11_s27,aco,240,29,11,27,487.7654689947415,163.18050106914686,128.11534752490422,4732.234531005259,42.76490090001607,99.21282680000877,5038.058647387643,240,36422.0,29,True,True,True,True,True,,,,8.4,8.275862068965518,6960,141.97772770002484,99.22179380001035,2.032356120811423,36422.0,1,16,
ga_n240_k29_h11_s27,ga,240,29,11,27,533.3513537154691,161.6085740098114,134.16664092674978,4686.6486462845305,42.76490090001607,149.3015616000048,4855.370580647203,240,36422.0,29,True,True,True,True,True,,,,8.4,8.275862068965518,6960,192.06646250002086,149.32167480001226,2.2222973071477883,36422.0,1,15,
nn_n240_k29_h11_s27,nn,240,29,11,27,554.0524621273936,160.8947426852623,130.075309510102,4665.9475378726065,42.76490090001607,4.708849200018449,4577.555983652492,240,36422.0,29,True,True,True,True,True,,,,8.4,8.275862068965518,6960,47.47375010003452,4.709683099994436,2.3085519255308067,36422.0,1,15,
proposed_n240_k29_h11_s27,proposed,240,29,11,27,476.0597461449477,163.58414668465696,140.17495691399768,4743.940253855052,42.76490090001607,451.0470215000096,3683.736133299982,240,36422.0,29,True,True,True,True,True,False,64.0,False,8.4,8.275862068965518,6960,493.81192240002565,451.60142240001005,1.983582275603949,36422.0,1,18,global_assignment_boundary_sova
pso_n240_k29_h11_s27,pso,240,29,11,27,542.3113977130375,161.29960697541247,132.74549253513206,4677.688602286962,42.76490090001607,126.88973170000827,5070.367391895097,240,36422.0,29,True,True,True,True,True,,,,8.4,8.275862068965518,6960,169.65463260002434,126.90650440001627,2.259630823804323,36422.0,1,15,
aco_n240_k29_h11_s37,aco,240,29,11,37,483.6520563681281,163.32234288385766,132.07756349085864,4736.347943631872,42.83437729999423,106.35616509997635,5370.88943205897,240,35285.0,29,True,True,True,True,True,,,,8.4,8.275862068965518,6960,149.19054239997058,106.36499130001175,2.0152169015338672,35285.0,1,15,
ga_n240_k29_h11_s37,ga,240,29,11,37,509.4752779255871,162.4318869680832,140.2532211980748,4710.524722074413,42.83437729999423,174.47367010000744,3988.755890231157,240,35285.0,29,True,True,True,True,True,,,,8.4,8.275862068965518,6960,217.30804740000167,174.49555970000802,2.1228136580232797,35285.0,1,15,
nn_n240_k29_h11_s37,nn,240,29,11,37,527.2677769822427,161.8183525178537,139.6033495681682,4692.732223017757,42.83437729999423,4.788201099989237,3889.3650195560126,240,35285.0,29,True,True,True,True,True,,,,8.4,8.275862068965518,6960,47.62257839998347,4.788626399997156,2.1969490707593446,35285.0,1,15,
proposed_n240_k29_h11_s37,proposed,240,29,11,37,456.19997255084905,164.26896646376383,135.46741729734637,4763.8000274491515,42.83437729999423,623.4830348999822,4321.213646184362,240,35285.0,29,True,True,True,True,True,False,64.0,False,8.4,8.275862068965518,6960,666.3174121999764,624.1731929999951,1.900833218961871,35285.0,1,19,global_assignment_boundary_sova
pso_n240_k29_h11_s37,pso,240,29,11,37,517.2694215061113,162.163123396341,139.130817700885,4702.730578493889,42.83437729999423,133.06780249997973,4087.9307826940717,240,35285.0,29,True,True,True,True,True,,,,8.4,8.275862068965518,6960,175.90217979997396,133.0849390999938,2.1552892562754637,35285.0,1,15,
aco_n240_k29_h11_s47,aco,240,29,11,47,471.07261136612567,163.75611684944394,139.63418140272404,4748.927388633874,43.02639569999883,110.27186859998619,4362.949695280965,240,35779.0,29,True,True,True,True,True,,,,8.4,8.275862068965518,6960,153.29826429998502,110.28078209998785,1.962802547358857,35779.0,1,16,
ga_n240_k29_h11_s47,ga,240,29,11,47,519.3896715512728,162.09001132581818,138.82044462195935,4700.610328448727,43.02639569999883,170.27306269999826,4375.158737165012,240,35779.0,29,True,True,True,True,True,,,,8.4,8.275862068965518,6960,213.2994583999971,170.29519490001258,2.164123631463637,35779.0,1,15,
nn_n240_k29_h11_s47,nn,240,29,11,47,536.1238317857733,161.51297131773197,140.4608591796979,4683.876168214227,43.02639569999883,4.797255300014513,4153.888596261864,240,35779.0,29,True,True,True,True,True,,,,8.4,8.275862068965518,6960,47.82365100001334,4.797814099991228,2.233849299107389,35779.0,1,15,
proposed_n240_k29_h11_s47,proposed,240,29,11,47,464.6149490829575,163.97879485920836,138.90967086407693,4755.3850509170425,43.02639569999883,408.1321500999911,5188.366746426018,240,35779.0,29,True,True,True,True,True,False,64.0,False,8.4,8.275862068965518,6960,451.15854579998995,408.65799550001975,1.9358956211789895,35779.0,1,16,global_assignment_boundary_sova
pso_n240_k29_h11_s47,pso,240,29,11,47,522.7769979545341,161.97320696708505,140.4491494563745,4697.223002045466,43.02639569999883,127.28705050001736,4525.352224326186,240,35779.0,29,True,True,True,True,True,,,,8.4,8.275862068965518,6960,170.3134462000162,127.30381360001047,2.1782374914772253,35779.0,1,15,
aco_n240_k29_h11_s57,aco,240,29,11,57,484.3515696300385,163.29822173689524,143.00417179582746,4735.648430369962,42.834933500009356,97.13056709998637,3785.490838663567,240,36466.0,29,True,True,True,True,True,,,,8.4,8.275862068965518,6960,139.96550059999572,97.13887379999505,2.0181315401251605,36466.0,1,14,
ga_n240_k29_h11_s57,ga,240,29,11,57,536.2944865026459,161.50708667232257,138.1928552601508,4683.705513497354,42.834933500009356,160.73969680001028,4337.404984334383,240,36466.0,29,True,True,True,True,True,,,,8.4,8.275862068965518,6960,203.57463030001963,160.76052720000735,2.2345603604276914,36466.0,1,15,
nn_n240_k29_h11_s57,nn,240,29,11,57,573.1148794575566,160.23741794973944,133.17340030366165,4646.8851205424435,42.834933500009356,4.722598399996059,4337.496712859311,240,36466.0,29,True,True,True,True,True,,,,8.4,8.275862068965518,6960,47.557531900005415,4.723166699986905,2.387978664406486,36466.0,1,15,
proposed_n240_k29_h11_s57,proposed,240,29,11,57,465.8657762089004,163.93566288934827,141.84543335927822,4754.134223791099,42.834933500009356,540.0688200999866,4177.437047123281,240,36466.0,29,True,True,True,True,True,False,64.0,False,8.4,8.275862068965518,6960,582.903753599996,540.589792600018,1.9411074008704183,36466.0,1,17,global_assignment_boundary_sova
pso_n240_k29_h11_s57,pso,240,29,11,57,559.4001199578765,160.71034069110772,137.56480088757644,4660.599880042124,42.834933500009356,124.88529969999217,4337.457889262538,240,36466.0,29,True,True,True,True,True,,,,8.4,8.275862068965518,6960,167.72023320000153,124.90168029998313,2.330833833157819,36466.0,1,15,
aco_n240_k29_h11_s67,aco,240,29,11,67,489.9317886663822,163.1058003908144,134.24865611665533,4730.068211333618,42.90485139997327,100.10167699999874,4931.362648652476,240,35586.0,29,True,True,True,True,True,,,,8.4,8.275862068965518,6960,143.006528399972,100.10972209999454,2.0413824527765927,35586.0,1,15,
ga_n240_k29_h11_s67,ga,240,29,11,67,528.6756828097674,161.7698040410425,135.2665266318916,4691.324317190232,42.90485139997327,151.190685700014,4849.907487878219,240,35586.0,29,True,True,True,True,True,,,,8.4,8.275862068965518,6960,194.09553709998727,151.21063159999903,2.2028153450406975,35586.0,1,15,
nn_n240_k29_h11_s67,nn,240,29,11,67,543.0167877820779,161.27528317992835,137.71548736463714,4676.983212217922,42.90485139997327,4.728338499990059,3897.048698953465,240,35586.0,29,True,True,True,True,True,,,,8.4,8.275862068965518,6960,47.63318989996333,4.728862799995113,2.2625699490919913,35586.0,1,15,
proposed_n240_k29_h11_s67,proposed,240,29,11,67,484.7987396677155,163.2828020804236,130.37746954058372,4735.201260332285,42.90485139997327,663.3503962999966,5361.300595835755,240,35586.0,29,True,True,True,True,True,False,64.0,False,8.4,8.275862068965518,6960,706.2552476999699,664.1635995999968,2.0199947486154812,35586.0,1,17,global_assignment_boundary_sova
pso_n240_k29_h11_s67,pso,240,29,11,67,538.8888164388864,161.41762701934874,137.71548736463714,4681.111183561114,42.90485139997327,131.96611750000739,3897.048698953465,240,35586.0,29,True,True,True,True,True,,,,8.4,8.275862068965518,6960,174.87096889998065,131.9831216999737,2.24537006849536,35586.0,1,15,
aco_n240_k29_h11_s77,aco,240,29,11,77,484.2856930625642,163.30049334267022,140.44546730664058,4735.714306937436,42.9007147999946,113.40314229996875,5691.90583120892,240,36114.0,29,True,True,True,True,True,,,,8.4,8.275862068965518,6960,156.30385709996335,113.41301980000571,2.017857054427351,36114.0,1,18,
ga_n240_k29_h11_s77,ga,240,29,11,77,524.5250608969781,161.91292893458697,138.82097623524055,4695.474939103022,42.9007147999946,189.90302830003202,3786.562919822591,240,36114.0,29,True,True,True,True,True,,,,8.4,8.275862068965518,6960,232.80374310002662,189.92822449997766,2.1855210870707418,36114.0,1,16,
nn_n240_k29_h11_s77,nn,240,29,11,77,555.661453844267,160.83926021226665,138.65090751076025,4664.338546155733,42.9007147999946,4.752317400008906,4218.7543941378835,240,36114.0,29,True,True,True,True,True,,,,8.4,8.275862068965518,6960,47.65303220000351,4.752984599996125,2.315256057684446,36114.0,1,16,
proposed_n240_k29_h11_s77,proposed,240,29,11,77,479.0355602202844,163.4815324061971,124.74741410737741,4740.964439779716,42.9007147999946,711.2296559999813,5937.22056189908,240,36114.0,29,True,True,True,True,True,False,64.0,False,8.4,8.275862068965518,6960,754.1303707999759,712.0973678999871,1.9959815009178519,36114.0,1,19,global_assignment_boundary_sova
pso_n240_k29_h11_s77,pso,240,29,11,77,550.3645811582994,161.0219109945414,140.08680285196786,4669.635418841701,42.9007147999946,135.8313737999997,4102.180873975057,240,36114.0,29,True,True,True,True,True,,,,8.4,8.275862068965518,6960,178.7320885999943,135.84932900004787,2.2931857548262475,36114.0,1,16,
aco_n240_k29_h11_s87,aco,240,29,11,87,478.4734951861149,163.5009139590995,133.4608180033382,4741.526504813885,42.771459500014316,114.82608889997937,4976.914683644253,240,35459.0,29,True,True,True,True,True,,,,8.4,8.275862068965518,6960,157.59754839999368,114.83646850002697,1.9936395632754789,35459.0,1,16,
ga_n240_k29_h11_s87,ga,240,29,11,87,536.8309640081023,161.48858744799648,134.79473420842078,4683.1690359918975,42.771459500014316,151.96026149997488,5308.196448005619,240,35459.0,29,True,True,True,True,True,,,,8.4,8.275862068965518,6960,194.7317209999892,151.97984450001968,2.236795683367093,35459.0,1,16,
nn_n240_k29_h11_s87,nn,240,29,11,87,562.019001359769,160.62003443587002,137.01929447242998,4657.980998640231,42.771459500014316,4.727493199985474,4022.5469704868365,240,35459.0,29,True,True,True,True,True,,,,8.4,8.275862068965518,6960,47.49895269999979,4.728041300026234,2.3417458389990378,35459.0,1,16,
proposed_n240_k29_h11_s87,proposed,240,29,11,87,481.2029983288536,163.406793161074,131.52120641758447,4738.797001671146,42.771459500014316,747.0281102999579,5154.365906586013,240,35459.0,29,True,True,True,True,True,False,64.0,False,8.4,8.275862068965518,6960,789.7995697999722,747.8966806000099,2.0050124930368898,35459.0,1,22,global_assignment_boundary_sova
pso_n240_k29_h11_s87,pso,240,29,11,87,547.2690739963733,161.1286526208147,134.9075008370292,4672.730926003626,42.771459500014316,135.97874240000965,5040.734346630012,240,35459.0,29,True,True,True,True,True,,,,8.4,8.275862068965518,6960,178.75020190002397,135.9970355000114,2.280287808318222,35459.0,1,16,
aco_n240_k29_h11_s97,aco,240,29,11,97,494.1468796033564,162.96045242747044,142.04556682418007,4725.853120396643,42.88749110000208,103.68851319997339,3642.278968905509,240,36597.0,29,True,True,True,True,True,,,,8.4,8.275862068965518,6960,146.57600429997547,103.69632679998176,2.058945331680652,36597.0,1,15,
ga_n240_k29_h11_s97,ga,240,29,11,97,517.7573696324812,162.14629759887995,142.91232100830018,4702.242630367518,42.88749110000208,166.96044039999833,4038.359955628504,240,36597.0,29,True,True,True,True,True,,,,8.4,8.275862068965518,6960,209.8479315000004,166.98172939999495,2.1573223734686717,36597.0,1,17,
nn_n240_k29_h11_s97,nn,240,29,11,97,550.1934861624502,161.02781082198447,140.38299223087702,4669.80651383755,42.88749110000208,4.763959799951408,3871.413787891166,240,36597.0,29,True,True,True,True,True,,,,8.4,8.275862068965518,6960,47.65145089995349,4.764898900000844,2.2924728590102093,36597.0,1,17,
proposed_n240_k29_h11_s97,proposed,240,29,11,97,469.0714561394806,163.82512220208687,143.88359976540545,4750.928543860519,42.88749110000208,541.5604643000406,3632.3964009855695,240,36597.0,29,True,True,True,True,True,False,64.0,False,8.4,8.275862068965518,6960,584.4479554000427,542.1581414000248,1.954464400581169,36597.0,1,16,global_assignment_boundary_sova
pso_n240_k29_h11_s97,pso,240,29,11,97,538.0452357248982,161.44671600948624,145.03695674011055,4681.954764275101,42.88749110000208,130.30120460002217,3851.253275145839,240,36597.0,29,True,True,True,True,True,,,,8.4,8.275862068965518,6960,173.18869570002425,130.31868889997713,2.241855148853743,36597.0,1,17,
aco_n260_k31_h11_s7,aco,260,31,11,7,527.3401668820042,162.98902687477403,137.88210188812394,5052.659833117996,46.18048680000357,121.50598580000224,4119.717697762987,260,40005.0,31,True,True,True,True,True,,,,8.4,8.387096774193548,8060,167.6864726000058,121.5152584000025,2.028231411084632,40005.0,1,15,
ga_n260_k31_h11_s7,ga,260,31,11,7,576.621318958426,161.39931229166368,141.5715268898547,5003.378681041574,46.18048680000357,199.08919220000092,4052.380604608265,260,40005.0,31,True,True,True,True,True,,,,8.4,8.387096774193548,8060,245.2696790000045,199.1147999000096,2.217774303686254,40005.0,1,15,
nn_n260_k31_h11_s7,nn,260,31,11,7,622.3893117463426,159.92292542753734,135.96609861343805,4957.610688253658,46.18048680000357,6.159429599996656,4009.75618550154,260,40005.0,31,True,True,True,True,True,,,,8.4,8.387096774193548,8060,52.33991640000022,6.159566399990581,2.3938050451782407,40005.0,1,15,
proposed_n260_k31_h11_s7,proposed,260,31,11,7,519.0293209787943,163.2571186781034,138.50030194875131,5060.970679021206,45.97399779999978,420.50052480000886,4950.320869678718,260,40005.0,31,True,True,True,True,True,False,64.0,False,8.4,8.387096774193548,8060,466.47452260000864,421.1127577000007,1.9962666191492089,40005.0,1,18,global_assignment_boundary_sova
pso_n260_k31_h11_s7,pso,260,31,11,7,607.1367794442515,160.41494259857254,135.96609861343805,4972.863220555749,46.18048680000357,162.2369076999894,4137.5673539237305,260,40005.0,31,True,True,True,True,True,,,,8.4,8.387096774193548,8060,208.41739449999287,162.2569943999988,2.335141459400967,40005.0,1,15,
aco_n260_k31_h11_s17,aco,260,31,11,17,519.4556079773225,163.2433674846025,142.01265795554403,5060.544392022677,46.71913520002272,120.24017919995822,4025.9208433593244,260,37687.0,31,True,True,True,True,True,,,,8.4,8.387096774193548,8060,166.95931439998094,120.25075680000009,1.9979061845281636,37687.0,1,16,
ga_n260_k31_h11_s17,ga,260,31,11,17,555.6650051506499,162.0753224144952,138.28770363748694,5024.334994849351,46.71913520002272,205.04235469998093,3706.3794942544573,260,37687.0,31,True,True,True,True,True,,,,8.4,8.387096774193548,8060,251.76148990000365,205.0669465000392,2.1371730967332687,37687.0,1,17,
nn_n260_k31_h11_s17,nn,260,31,11,17,580.8830691648184,161.26183647855424,138.21484551378796,4999.116930835182,46.71913520002272,5.940020199981518,3837.5774572619703,260,37687.0,31,True,True,True,True,True,,,,8.4,8.387096774193548,8060,52.65915540000424,5.94040970003698,2.234165650633917,37687.0,1,17,
proposed_n260_k31_h11_s17,proposed,260,31,11,17,509.35121459438386,163.56931565824567,144.5520729283416,5070.648785405616,46.71913520002272,828.7579519000137,4004.558364102325,260,37687.0,31,True,True,True,True,True,False,64.0,False,8.4,8.387096774193548,8060,875.4770871000364,829.7368607000099,1.9590431330553226,37687.0,1,16,global_assignment_boundary_sova
pso_n260_k31_h11_s17,pso,260,31,11,17,566.1036500729444,161.73859193313083,141.3185973169242,5013.896349927056,46.71913520002272,164.66348259994993,3822.925281792102,260,37687.0,31,True,True,True,True,True,,,,8.4,8.387096774193548,8060,211.38261779997265,164.68617110000923,2.1773217310497865,37687.0,1,17,
aco_n260_k31_h11_s27,aco,260,31,11,27,522.7994918867602,163.13550026171743,137.69705915749154,5057.20050811324,46.900473100016825,127.6857655000058,5231.0530974720095,260,39633.0,31,True,True,True,True,True,,,,8.4,8.387096774193548,8060,174.58623860002263,127.69788619998144,2.010767276487539,39633.0,1,16,
ga_n260_k31_h11_s27,ga,260,31,11,27,570.4559156294358,161.59819627001818,131.99093596513646,5009.544084370564,46.900473100016825,199.4477400999749,4625.857071839226,260,39633.0,31,True,True,True,True,True,,,,8.4,8.387096774193548,8060,246.34821319999173,199.4728485000087,2.1940612139593685,39633.0,1,15,
nn_n260_k31_h11_s27,nn,260,31,11,27,608.5012303170541,160.37092805428858,132.34744808767988,4971.498769682946,46.900473100016825,5.834668600000441,4002.3613876539594,260,39633.0,31,True,True,True,True,True,,,,8.4,8.387096774193548,8060,52.735141700017266,5.835308900044765,2.3403893473732853,39633.0,1,15,
proposed_n260_k31_h11_s27,proposed,260,31,11,27,521.0702468242864,163.1912823605069,144.85763248857967,5058.929753175714,46.900473100016825,905.1675440999679,3917.7918137996203,260,39633.0,31,True,True,True,True,True,False,64.0,False,8.4,8.387096774193548,8060,952.0680171999848,906.0270868000225,2.0041163339395633,39633.0,1,17,global_assignment_boundary_sova
pso_n260_k31_h11_s27,pso,260,31,11,27,604.4334397800156,160.50214710387047,132.34744808767988,4975.566560219984,46.900473100016825,161.08621610002592,4002.3613876539594,260,39633.0,31,True,True,True,True,True,,,,8.4,8.387096774193548,8060,207.98668920004275,161.11380379996262,2.3247439991539065,39633.0,1,15,
aco_n260_k31_h11_s37,aco,260,31,11,37,511.2036058497795,163.50956110162002,130.58740289773655,5068.79639415022,47.036079499986954,126.86823740002,5470.928965133253,260,37983.0,31,True,True,True,True,True,,,,8.4,8.387096774193548,8060,173.90431690000696,126.87842020002427,1.9661677148068442,37983.0,1,16,
ga_n260_k31_h11_s37,ga,260,31,11,37,556.0366487117558,162.06333391252403,141.07008666999587,5023.963351288245,47.036079499986954,192.2666079000337,4364.1930666244525,260,37983.0,31,True,True,True,True,True,,,,8.4,8.387096774193548,8060,239.30268740002066,192.29022460000124,2.1386024950452147,37983.0,1,16,
nn_n260_k31_h11_s37,nn,260,31,11,37,595.707937474491,160.7836149201777,132.906067697012,4984.292062525509,47.036079499986954,5.961079699976835,4141.23558769647,260,37983.0,31,True,True,True,True,True,,,,8.4,8.387096774193548,8060,52.99715919996379,5.961615399981383,2.2911843749018885,37983.0,1,16,
proposed_n260_k31_h11_s37,proposed,260,31,11,37,504.20333552638306,163.7353762733425,136.7759138818672,5075.796664473617,47.036079499986954,867.5027623000205,4551.20931698948,260,37983.0,31,True,True,True,True,True,False,64.0,False,8.4,8.387096774193548,8060,914.5388418000075,868.6118289000005,1.9392435981783964,37983.0,1,20,global_assignment_boundary_sova
pso_n260_k31_h11_s37,pso,260,31,11,37,585.5706329617202,161.1106247431703,141.55228712183765,4994.429367038279,47.036079499986954,156.78795269998955,3749.743373576151,260,37983.0,31,True,True,True,True,True,,,,8.4,8.387096774193548,8060,203.8240321999765,156.80770609999308,2.2521947421604622,37983.0,1,16,
aco_n260_k31_h11_s47,aco,260,31,11,47,527.4054498091416,162.98692097389866,138.80187602961692,5052.594550190858,46.92718320002314,119.83315400005085,5893.125160746391,260,39353.0,31,True,True,True,True,True,,,,8.4,8.387096774193548,8060,166.760337200074,119.84228019998409,2.0284824992659294,39353.0,1,15,
ga_n260_k31_h11_s47,ga,260,31,11,47,578.9849613996294,161.32306576130227,135.16727322055323,5001.015038600371,46.92718320002314,184.11565180000616,4472.860865893426,260,39353.0,31,True,True,True,True,True,,,,8.4,8.387096774193548,8060,231.0428350000293,184.13800729997456,2.2268652361524204,39353.0,1,14,
nn_n260_k31_h11_s47,nn,260,31,11,47,625.5106623545521,159.82223669824026,133.94372114550697,4954.489337645448,46.92718320002314,5.909848300041631,3854.4740013025958,260,39353.0,31,True,True,True,True,True,,,,8.4,8.387096774193548,8060,52.83703150006477,5.91343939997023,2.4058102398252004,39353.0,1,15,
proposed_n260_k31_h11_s47,proposed,260,31,11,47,524.4382469380503,163.08263719554674,140.4389096041606,5055.561753061949,46.92718320002314,580.861480099964,4630.631136375273,260,39353.0,31,True,True,True,True,True,False,64.0,False,8.4,8.387096774193548,8060,627.7886632999871,581.4406801000005,2.0170701805309625,39353.0,1,17,global_assignment_boundary_sova
pso_n260_k31_h11_s47,pso,260,31,11,47,613.2930292173851,160.21635389621338,133.94372114550697,4966.706970782615,46.92718320002314,153.50893740000902,5017.3421920532855,260,39353.0,31,True,True,True,True,True,,,,8.4,8.387096774193548,8060,200.43612060003215,153.5288120000041,2.358819343143789,39353.0,1,15,
aco_n260_k31_h11_s57,aco,260,31,11,57,523.3574306672994,163.11750223653874,131.98629958630195,5056.642569332701,46.797231999982614,120.87770130002173,5157.71552748693,260,39645.0,31,True,True,True,True,True,,,,8.4,8.387096774193548,8060,167.67493330000434,120.88816650002263,2.0129131948742285,39645.0,1,15,
ga_n260_k31_h11_s57,ga,260,31,11,57,588.3925789144231,161.019594228567,134.18437136209343,4991.607421085577,46.797231999982614,176.79763169999933,4918.922372003338,260,39645.0,31,True,True,True,True,True,,,,8.4,8.387096774193548,8060,223.59486369998194,176.8194868999999,2.2630483804400887,39645.0,1,15,
nn_n260_k31_h11_s57,nn,260,31,11,57,607.3926983434671,160.40668715021073,132.229101045493,4972.607301656532,46.797231999982614,5.874798400036525,4076.8882239695095,260,39645.0,31,True,True,True,True,True,,,,8.4,8.387096774193548,8060,52.67203040001914,5.8752255999716,2.336125762859489,39645.0,1,15,
proposed_n260_k31_h11_s57,proposed,260,31,11,57,528.6192345603488,162.94776662708554,140.80437235355498,5051.380765439651,46.797231999982614,588.8270059999777,4239.071543625411,260,39645.0,31,True,True,True,True,True,False,64.0,False,8.4,8.387096774193548,8060,635.6242379999603,589.3840512000024,2.0331509021551875,39645.0,1,17,global_assignment_boundary_sova
pso_n260_k31_h11_s57,pso,260,31,11,57,599.167140027683,160.67202774104248,132.229101045493,4980.832859972317,46.797231999982614,157.1471100000199,4076.8882239695095,260,39645.0,31,True,True,True,True,True,,,,8.4,8.387096774193548,8060,203.9443420000025,157.16717390000122,2.304489000106473,39645.0,1,15,
aco_n260_k31_h11_s67,aco,260,31,11,67,526.2306032968012,163.0248192484903,132.93961229931452,5053.769396703199,46.844740099972114,118.61919979995582,5248.643860468565,260,38474.0,31,True,True,True,True,True,,,,8.4,8.387096774193548,8060,165.46393989992794,118.63054570002714,2.023963858833851,38474.0,1,15,
ga_n260_k31_h11_s67,ga,260,31,11,67,566.0959623895225,161.73883992291863,138.09417428268193,5013.904037610478,46.844740099972114,197.42009590001544,4393.114654278526,260,38474.0,31,True,True,True,True,True,,,,8.4,8.387096774193548,8060,244.26483599998755,197.4443966000108,2.177292163036625,38474.0,1,17,
nn_n260_k31_h11_s67,nn,260,31,11,67,589.8887537844815,160.97133052308126,134.80336202853317,4990.111246215519,46.844740099972114,5.910124699992593,4145.96044806504,260,38474.0,31,True,True,True,True,True,,,,8.4,8.387096774193548,8060,52.75486479996471,5.910493300005328,2.268802899171083,38474.0,1,17,
proposed_n260_k31_h11_s67,proposed,260,31,11,67,501.94332517402296,163.80827983309604,139.32973449227228,5078.056674825977,46.844740099972114,692.9831927000196,4312.952276254533,260,38474.0,31,True,True,True,True,True,False,64.0,False,8.4,8.387096774193548,8060,739.8279327999917,693.7237780999858,1.930551250669319,38474.0,1,16,global_assignment_boundary_sova
pso_n260_k31_h11_s67,pso,260,31,11,67,580.7893778149738,161.26485878016214,136.89771618551742,4999.210622185026,46.844740099972114,152.65728919999674,4395.63504356654,260,38474.0,31,True,True,True,True,True,,,,8.4,8.387096774193548,8060,199.50202929996885,152.6769185999874,2.233805299288361,38474.0,1,17,
aco_n260_k31_h11_s77,aco,260,31,11,77,515.5932479767696,163.36795974268483,132.14748505030082,5064.40675202323,46.79371080000419,128.5652857000241,5020.788461890885,260,38956.0,31,True,True,True,True,True,,,,8.4,8.387096774193548,8060,175.3589965000283,128.576575199957,1.9830509537568062,38956.0,1,15,
ga_n260_k31_h11_s77,ga,260,31,11,77,584.8797756941801,161.13291046147805,138.50000051486313,4995.12022430582,46.79371080000419,175.5538024000125,4394.798609615339,260,38956.0,31,True,True,True,True,True,,,,8.4,8.387096774193548,8060,222.3475132000167,175.57635879999725,2.24953759882377,38956.0,1,16,
nn_n260_k31_h11_s77,nn,260,31,11,77,610.9278184507195,160.29265101771873,138.5248905271648,4969.072181549281,46.79371080000419,5.895177500031423,4394.798609615339,260,38956.0,31,True,True,True,True,True,,,,8.4,8.387096774193548,8060,52.688888300035615,5.895702899957541,2.3497223786566135,38956.0,1,16,
proposed_n260_k31_h11_s77,proposed,260,31,11,77,511.84973539153515,163.48871821317627,139.82023399294994,5068.150264608465,46.79371080000419,728.1134515000158,3978.2524457776226,260,38956.0,31,True,True,True,True,True,False,64.0,False,8.4,8.387096774193548,8060,774.90716230002,728.849336000043,1.9686528284289813,38956.0,1,17,global_assignment_boundary_sova
pso_n260_k31_h11_s77,pso,260,31,11,77,598.2330961930346,160.70215818732146,137.3494066294002,4981.766903806965,46.79371080000419,166.90543490002165,4386.623204864054,260,38956.0,31,True,True,True,True,True,,,,8.4,8.387096774193548,8060,213.69914570002584,166.9269959999947,2.3008965238193637,38956.0,1,16,
aco_n260_k31_h11_s87,aco,260,31,11,87,524.4459009623254,163.0823902915379,134.1534971658984,5055.554099037675,46.84791229997063,121.27420129999518,4103.500253543368,260,38130.0,31,True,True,True,True,True,,,,8.4,8.387096774193548,8060,168.12211359996581,121.28443010000046,2.017099619085867,38130.0,1,17,
ga_n260_k31_h11_s87,ga,260,31,11,87,568.2678050897065,161.6687804809772,136.81997761697718,5011.732194910293,46.84791229997063,234.4647249999689,3842.5392064650937,260,38130.0,31,True,True,True,True,True,,,,8.4,8.387096774193548,8060,281.3126372999395,234.49405899998965,2.185645404191179,38130.0,1,16,
nn_n260_k31_h11_s87,nn,260,31,11,87,584.7678668348542,161.13652042468212,137.52664021374952,4995.232133165146,46.84791229997063,5.876364999974612,3675.753167342356,260,38130.0,31,True,True,True,True,True,,,,8.4,8.387096774193548,8060,52.72427729994524,5.876843300007749,2.2491071801340548,38130.0,1,16,
proposed_n260_k31_h11_s87,proposed,260,31,11,87,516.1730373454164,163.34925685982526,141.1159172268931,5063.826962654583,46.84791229997063,800.6752208999824,4006.4486992348866,260,38130.0,31,True,True,True,True,True,False,64.0,False,8.4,8.387096774193548,8060,847.523133199953,801.6526248999871,1.9852809128669864,38130.0,1,19,global_assignment_boundary_sova
pso_n260_k31_h11_s87,pso,260,31,11,87,576.2794439230978,161.41034051860976,139.5803195230336,5003.7205560769025,46.84791229997063,155.72363590000896,3800.7156195769467,260,38130.0,31,True,True,True,True,True,,,,8.4,8.387096774193548,8060,202.5715481999796,155.74520070001017,2.216459399704222,38130.0,1,16,
aco_n260_k31_h11_s97,aco,260,31,11,97,531.6669144038128,162.84945437407055,132.57699598670297,5048.333085596187,46.997750099981204,129.2096497999737,4226.119622275338,260,39146.0,31,True,True,True,True,True,,,,8.4,8.387096774193548,8060,176.2073998999549,129.22189210000215,2.0448727477069726,39146.0,1,14,
ga_n260_k31_h11_s97,ga,260,31,11,97,556.0236604712758,162.06375288802337,139.3511248186353,5023.976339528725,46.997750099981204,167.6050362000242,4378.192760612199,260,39146.0,31,True,True,True,True,True,,,,8.4,8.387096774193548,8060,214.6027863000054,167.6248978000367,2.1385525402741377,39146.0,1,17,
nn_n260_k31_h11_s97,nn,260,31,11,97,587.0612399702466,161.06254064612108,136.40852709824279,4992.938760029753,46.997750099981204,5.889047099975869,4279.873495765757,260,39146.0,31,True,True,True,True,True,,,,8.4,8.387096774193548,8060,52.88679719995707,5.88971409999067,2.2579278460394097,39146.0,1,17,
proposed_n260_k31_h11_s97,proposed,260,31,11,97,506.504628895407,163.66114100337396,142.44103897336842,5073.495371104593,46.997750099981204,727.3090067000012,4111.753743283253,260,39146.0,31,True,True,True,True,True,False,64.0,False,8.4,8.387096774193548,8060,774.3067567999824,728.158672599995,1.9480947265207962,39146.0,1,19,global_assignment_boundary_sova
pso_n260_k31_h11_s97,pso,260,31,11,97,566.9098435182516,161.71258569295964,137.43647647626761,5013.090156481749,46.997750099981204,159.3299462000141,4112.839675112265,260,39146.0,31,True,True,True,True,True,,,,8.4,8.387096774193548,8060,206.3276962999953,159.35050440003397,2.1804224750701984,39146.0,1,17,
aco_n280_k33_h11_s7,aco,280,33,11,7,582.7645689938767,162.34046760624616,146.2010255409237,5357.235431006124,50.39374840000528,137.73840740000014,3594.604905512573,280,43260.0,33,True,True,True,True,True,,,,8.4,8.484848484848484,9240,188.13215580000545,137.7515892000083,2.081302032120988,43260.0,1,14,
ga_n280_k33_h11_s7,ga,280,33,11,7,618.750275331181,161.24999165663087,134.98174423549364,5321.249724668819,50.39374840000528,247.70210400001088,5547.298414065343,280,43260.0,33,True,True,True,True,True,,,,8.4,8.484848484848484,9240,298.09585240001616,247.7339059000078,2.209822411897075,43260.0,1,15,
nn_n280_k33_h11_s7,nn,280,33,11,7,658.7891227031132,160.0366932514208,134.95505583133527,5281.210877296887,50.39374840000528,7.543115899999975,3808.5217317902298,280,43260.0,33,True,True,True,True,True,,,,8.4,8.484848484848484,9240,57.93686430000525,7.543352399996365,2.352818295368261,43260.0,1,15,
proposed_n280_k33_h11_s7,proposed,280,33,11,7,550.0742952535278,163.3310819620143,132.47333986969932,5389.925704746473,50.78790979998303,547.2372852000117,5277.788597816907,280,43260.0,33,True,True,True,True,True,False,64.0,False,8.4,8.484848484848484,9240,598.0251949999947,547.8025148999877,1.964551054476885,43260.0,1,18,global_assignment_boundary_sova
pso_n280_k33_h11_s7,pso,280,33,11,7,643.0214961639807,160.51450011624303,141.00047980842223,5296.97850383602,50.39374840000528,190.9370906999975,3741.593751840391,280,43260.0,33,True,True,True,True,True,,,,8.4,8.484848484848484,9240,241.3308391000028,190.9649527000001,2.296505343442788,43260.0,1,15,
aco_n280_k33_h11_s17,aco,280,33,11,17,551.5483574494804,163.2864134106218,130.54946221135629,5388.45164255052,50.84369040001184,160.41915689996677,4889.400933208561,280,40638.0,33,True,True,True,True,True,,,,8.4,8.484848484848484,9240,211.2628472999786,160.43956990004517,1.9698155623195728,40638.0,1,17,
ga_n280_k33_h11_s17,ga,280,33,11,17,605.9504244496811,161.63786592576724,135.59507065789657,5334.049575550319,50.84369040001184,239.49270509998314,4125.286178981398,280,40638.0,33,True,True,True,True,True,,,,8.4,8.484848484848484,9240,290.336395499995,239.52635020000162,2.164108658748861,40638.0,1,17,
nn_n280_k33_h11_s17,nn,280,33,11,17,643.9682891393358,160.48580942002013,133.55916568490392,5296.031710860664,50.84369040001184,7.313465399958659,4124.285566633889,280,40638.0,33,True,True,True,True,True,,,,8.4,8.484848484848484,9240,58.157155799970496,7.314232999982778,2.299886746926199,40638.0,1,17,
proposed_n280_k33_h11_s17,proposed,280,33,11,17,535.0669037827034,163.78585140052414,140.9046666283744,5404.933096217296,50.84369040001184,1244.7100963999983,4618.2247786131375,280,40638.0,33,True,True,True,True,True,False,64.0,False,8.4,8.484848484848484,9240,1295.5537868000101,1246.2658692999976,1.9109532277953694,40638.0,1,17,global_assignment_boundary_sova
pso_n280_k33_h11_s17,pso,280,33,11,17,630.8645227496114,160.8828932500118,134.43066062487065,5309.135477250389,50.84369040001184,191.19516209996073,3944.309058207214,280,40638.0,33,True,True,True,True,True,,,,8.4,8.484848484848484,9240,242.03885249997256,191.2252755999798,2.253087581248612,40638.0,1,17,
aco_n280_k33_h11_s27,aco,280,33,11,27,566.3472823047605,162.83796114228,137.25192518827913,5373.6527176952395,51.06465289997868,150.82076949998736,5231.625503463549,280,42452.0,33,True,True,True,True,True,,,,8.4,8.484848484848484,9240,201.88542239996605,150.83728869998595,2.0226688653741447,42452.0,1,16,
ga_n280_k33_h11_s27,ga,280,33,11,27,617.448937241545,161.28942614419563,139.16121974738036,5322.551062758455,51.06465289997868,243.40571950003505,4032.1415670859665,280,42452.0,33,True,True,True,True,True,,,,8.4,8.484848484848484,9240,294.47037240001373,243.43986869999208,2.2051747758626608,42452.0,1,16,
nn_n280_k33_h11_s27,nn,280,33,11,27,645.2300356708587,160.44757467664067,140.18640544753754,5294.769964329142,51.06465289997868,7.329278899997007,3839.0424684681425,280,42452.0,33,True,True,True,True,True,,,,8.4,8.484848484848484,9240,58.39393179997569,7.329785000008997,2.304392984538781,42452.0,1,16,
proposed_n280_k33_h11_s27,proposed,280,33,11,27,558.2358698672216,163.0837615191751,144.57343589956164,5381.7641301327785,51.06465289997868,1004.992043700011,4424.5086528490065,280,42452.0,33,True,True,True,True,True,False,64.0,False,8.4,8.484848484848484,9240,1056.0566965999897,1005.9397776999976,1.993699535240077,42452.0,1,21,global_assignment_boundary_sova
pso_n280_k33_h11_s27,pso,280,33,11,27,637.6144530265849,160.67834990828533,141.09620920313745,5302.385546973415,51.06465289997868,189.00963660003617,3839.0424684681425,280,42452.0,33,True,True,True,True,True,,,,8.4,8.484848484848484,9240,240.07428950001486,189.03940650000004,2.277194475094946,42452.0,1,15,
aco_n280_k33_h11_s37,aco,280,33,11,37,556.5938629277658,163.1335193052192,127.99025812644483,5383.406137072234,50.960479000001214,145.0892267000163,5353.662092765588,280,41115.0,33,True,True,True,True,True,,,,8.4,8.484848484848484,9240,196.0497057000175,145.10779580002418,1.9878352247420208,41115.0,1,15,
ga_n280_k33_h11_s37,ga,280,33,11,37,608.8423726182,161.55023113278182,136.8809710063087,5331.1576273818,50.960479000001214,248.59791740000946,4333.498567513105,280,41115.0,33,True,True,True,True,True,,,,8.4,8.484848484848484,9240,299.5583964000107,248.63236069999402,2.174437045065,41115.0,1,16,
nn_n280_k33_h11_s37,nn,280,33,11,37,640.9503519167451,160.57726206312896,135.5080754744634,5299.049648083255,50.960479000001214,7.228354899969418,3968.0635434892183,280,41115.0,33,True,True,True,True,True,,,,8.4,8.484848484848484,9240,58.18883389997063,7.228973900026176,2.2891083997026613,41115.0,1,16,
proposed_n280_k33_h11_s37,proposed,280,33,11,37,540.3621578763934,163.62538915526082,135.86901056283236,5399.637842123607,50.960479000001214,1093.3107402999885,5063.047533604879,280,41115.0,33,True,True,True,True,True,False,64.0,False,8.4,8.484848484848484,9240,1144.2712192999898,1094.7265810000245,1.929864849558548,41115.0,1,19,global_assignment_boundary_sova
pso_n280_k33_h11_s37,pso,280,33,11,37,626.1891315363046,161.02457177162714,132.89663882540577,5313.810868463695,50.960479000001214,194.52822350000497,4938.502104694053,280,41115.0,33,True,True,True,True,True,,,,8.4,8.484848484848484,9240,245.48870250000618,194.5582097999868,2.236389755486802,41115.0,1,16,
aco_n280_k33_h11_s47,aco,280,33,11,47,563.0993093361084,162.93638456557247,137.68504164722833,5376.9006906638915,51.17751330003375,140.28864159999648,3980.2655561642414,280,42443.0,33,True,True,True,True,True,,,,8.4,8.484848484848484,9240,191.46615490003023,140.30335179995745,2.0110689619146727,42443.0,1,16,
ga_n280_k33_h11_s47,ga,280,33,11,47,611.1807978302232,161.47936976272052,140.31437700074542,5328.819202169777,51.17751330003375,260.29602940002223,4145.994887324897,280,42443.0,33,True,True,True,True,True,,,,8.4,8.484848484848484,9240,311.473542700056,260.332892299979,2.182788563679369,42443.0,1,15,
nn_n280_k33_h11_s47,nn,280,33,11,47,637.8721207039706,160.67054179684936,135.49657029104083,5302.127879296029,51.17751330003375,7.191534999990836,4139.478286168285,280,42443.0,33,True,True,True,True,True,,,,8.4,8.484848484848484,9240,58.36904830002459,7.192006999976002,2.278114716799895,42443.0,1,15,
proposed_n280_k33_h11_s47,proposed,280,33,11,47,542.1127454603889,163.57234104665488,138.99939023816293,5397.887254539612,51.17751330003375,772.5403183999588,4293.714035096369,280,42443.0,33,True,True,True,True,True,False,64.0,False,8.4,8.484848484848484,9240,823.7178316999925,773.0533262999961,1.9361169480728173,42443.0,1,18,global_assignment_boundary_sova
pso_n280_k33_h11_s47,pso,280,33,11,47,622.7496469202413,161.1287985781745,141.054588665262,5317.2503530797585,51.17751330003375,187.6906267000013,4139.478286168285,280,42443.0,33,True,True,True,True,True,,,,8.4,8.484848484848484,9240,238.86814000003505,187.72014260001015,2.2241058818580046,42443.0,1,15,
aco_n280_k33_h11_s57,aco,280,33,11,57,564.947156444949,162.8803891986379,137.95357569291278,5375.052843555051,51.01402760000201,135.0591381000122,3972.2020257966615,280,42974.0,33,True,True,True,True,True,,,,8.4,8.484848484848484,9240,186.07316570001421,135.07238220004365,2.0176684158748177,42974.0,1,14,
ga_n280_k33_h11_s57,ga,280,33,11,57,623.6331457213436,161.102025887232,137.96306968597395,5316.366854278656,51.01402760000201,237.3578303999966,4764.789126524862,280,42974.0,33,True,True,True,True,True,,,,8.4,8.484848484848484,9240,288.3718579999986,237.39081419998547,2.227261234719084,42974.0,1,15,
nn_n280_k33_h11_s57,nn,280,33,11,57,643.3648138828636,160.50409654900412,136.93363992795318,5296.635186117136,51.01402760000201,7.3109185000066645,3780.6288961226605,280,42974.0,33,True,True,True,True,True,,,,8.4,8.484848484848484,9240,58.324946100008674,7.311620699998457,2.2977314781530844,42974.0,1,15,
proposed_n280_k33_h11_s57,proposed,280,33,11,57,561.2594275950494,162.99213855772578,134.6768506227442,5378.74057240495,51.01402760000201,724.6588515000185,3716.550727805232,280,42974.0,33,True,True,True,True,True,False,64.0,False,8.4,8.484848484848484,9240,775.6728791000205,725.3668682000134,2.0044979556966047,42974.0,1,16,global_assignment_boundary_sova
pso_n280_k33_h11_s57,pso,280,33,11,57,632.5215274459855,160.8326809864853,140.6971078038132,5307.478472554015,51.01402760000201,183.7884523999528,3713.4132113968262,280,42974.0,33,True,True,True,True,True,,,,8.4,8.484848484848484,9240,234.8024799999548,183.81837560003623,2.259005455164234,42974.0,1,15,
aco_n280_k33_h11_s67,aco,280,33,11,67,560.3401331912521,163.01999596390147,130.97772664651188,5379.659866808748,50.817155199998524,143.32884199998807,4497.751796817543,280,41522.0,33,True,True,True,True,True,,,,8.4,8.484848484848484,9240,194.1459971999866,143.34505249996437,2.001214761397329,41522.0,1,14,
ga_n280_k33_h11_s67,ga,280,33,11,67,614.684306859826,161.3732028224295,134.65410281639845,5325.315693140174,50.817155199998524,232.2058825000422,4354.702868565629,280,41522.0,33,True,True,True,True,True,,,,8.4,8.484848484848484,9240,283.02303770004073,232.23826509999344,2.19530109592795,41522.0,1,15,
nn_n280_k33_h11_s67,nn,280,33,11,67,650.0650417965813,160.30105933949753,131.74557677809668,5289.934958203418,50.817155199998524,7.212335100048222,3882.2634035240435,280,41522.0,33,True,True,True,True,True,,,,8.4,8.484848484848484,9240,58.029490300046746,7.212858499959111,2.321660863559219,41522.0,1,15,
proposed_n280_k33_h11_s67,proposed,280,33,11,67,553.124791233774,163.23864268988564,135.06700072457028,5386.875208766226,50.817155199998524,1057.01630139997,3757.2654298076664,280,41522.0,33,True,True,True,True,True,False,64.0,False,8.4,8.484848484848484,9240,1107.8334565999685,1058.13407619996,1.9754456829777642,41522.0,1,18,global_assignment_boundary_sova
pso_n280_k33_h11_s67,pso,280,33,11,67,639.6253638915911,160.61741321540632,134.20759510803728,5300.374636108409,50.817155199998524,193.1322112000198,3705.5626818622704,280,41522.0,33,True,True,True,True,True,,,,8.4,8.484848484848484,9240,243.94936640001833,193.16194890002953,2.284376299612825,41522.0,1,15,
aco_n280_k33_h11_s77,aco,280,33,11,77,567.2074032642166,162.8118968707813,136.59027880418793,5372.792596735783,50.918946099991444,151.37006079999264,3491.1667341027555,280,42220.0,33,True,True,True,True,True,,,,8.4,8.484848484848484,9240,202.2890068999841,151.38592669996433,2.025740725943631,42220.0,1,15,
ga_n280_k33_h11_s77,ga,280,33,11,77,606.3489614373652,161.62578904735258,132.55387096603113,5333.651038562635,50.918946099991444,218.3578899000422,4268.001533467029,280,42220.0,33,True,True,True,True,True,,,,8.4,8.484848484848484,9240,269.27683600003365,218.38855249999324,2.1655320051334472,42220.0,1,16,
nn_n280_k33_h11_s77,nn,280,33,11,77,645.7449344353175,160.43197168377827,129.65920349876728,5294.255065564683,50.918946099991444,7.297129600017797,4449.945919588287,280,42220.0,33,True,True,True,True,True,,,,8.4,8.484848484848484,9240,58.21607570000924,7.297717800014652,2.3062319086975624,42220.0,1,16,
proposed_n280_k33_h11_s77,proposed,280,33,11,77,550.5065417614771,163.31798358298556,137.8534549678805,5389.493458238523,50.918946099991444,2916.1130258999765,4513.210947131794,280,42220.0,33,True,True,True,True,True,False,64.0,False,8.4,8.484848484848484,9240,2967.031971999968,2917.18299380003,1.9660947920052756,42220.0,1,19,global_assignment_boundary_sova
pso_n280_k33_h11_s77,pso,280,33,11,77,631.3003078055563,160.86968764225588,133.19730042379655,5308.699692194444,50.918946099991444,191.75054339994676,4655.350709323948,280,42220.0,33,True,True,True,True,True,,,,8.4,8.484848484848484,9240,242.6694894999382,191.780781199981,2.2546439564484153,42220.0,1,16,
aco_n280_k33_h11_s87,aco,280,33,11,87,558.5828259964651,163.07324769707682,144.2553474938981,5381.417174003535,50.89738659997238,141.45319209998706,3648.5405899349435,280,40589.0,33,True,True,True,True,True,,,,8.4,8.484848484848484,9240,192.35057869995944,141.47088379994966,1.9949386642730895,40589.0,1,17,
ga_n280_k33_h11_s87,ga,280,33,11,87,616.924377535564,161.3053218928617,134.64958159468293,5323.0756224644365,50.89738659997238,238.41002909996314,3855.162164751281,280,40589.0,33,True,True,True,True,True,,,,8.4,8.484848484848484,9240,289.3074156999355,238.44457649998367,2.2033013483413,40589.0,1,15,
nn_n280_k33_h11_s87,nn,280,33,11,87,636.6355941322429,160.70801229902295,133.28766554023244,5303.364405867757,50.89738659997238,7.357787200016901,3856.6127544152605,280,40589.0,33,True,True,True,True,True,,,,8.4,8.484848484848484,9240,58.25517379998928,7.358677699987311,2.273698550472296,40589.0,1,16,
proposed_n280_k33_h11_s87,proposed,280,33,11,87,557.0238853423604,163.12048832295878,135.084980337503,5382.976114657639,50.89738659997238,1361.984175199992,4643.757789672799,280,40589.0,33,True,True,True,True,True,False,64.0,False,8.4,8.484848484848484,9240,1412.8815617999644,1363.5266600999748,1.9893710190798584,40589.0,1,18,global_assignment_boundary_sova
pso_n280_k33_h11_s87,pso,280,33,11,87,631.0425828819214,160.87749748842663,133.46696446367517,5308.957417118078,50.89738659997238,192.60676719999174,3907.006691285277,280,40589.0,33,True,True,True,True,True,,,,8.4,8.484848484848484,9240,243.50415379996412,192.63626609998755,2.253723510292576,40589.0,1,16,
aco_n280_k33_h11_s97,aco,280,33,11,97,566.8143111304286,162.82380875362335,142.3204067744668,5373.185688869571,50.99114769999869,143.82240880001336,3711.0046128325585,280,42450.0,33,True,True,True,True,True,,,,8.4,8.484848484848484,9240,194.81355650001206,143.83851889998186,2.0243368254658165,42450.0,1,18,
ga_n280_k33_h11_s97,ga,280,33,11,97,622.0943870262631,161.14865493859807,143.92805675719904,5317.905612973736,50.99114769999869,232.3655143000069,3492.9344796796086,280,42450.0,33,True,True,True,True,True,,,,8.4,8.484848484848484,9240,283.3566620000056,232.39913769997656,2.22176566795094,42450.0,1,16,
nn_n280_k33_h11_s97,nn,280,33,11,97,640.3859837326006,160.59436412931512,128.76444239935398,5299.614016267399,50.99114769999869,7.179843099962454,4162.373709904107,280,42450.0,33,True,True,True,True,True,,,,8.4,8.484848484848484,9240,58.170990799961146,7.18058490002295,2.287092799045002,42450.0,1,16,
proposed_n280_k33_h11_s97,proposed,280,33,11,97,548.9433448623483,163.36535318598945,141.2694844584067,5391.056655137651,50.99114769999869,1069.7348073000321,4407.322335219156,280,42450.0,33,True,True,True,True,True,False,64.0,False,8.4,8.484848484848484,9240,1120.7259550000308,1070.8227669000044,1.9605119459369584,42450.0,1,22,global_assignment_boundary_sova
pso_n280_k33_h11_s97,pso,280,33,11,97,635.8594573074528,160.73153159674388,128.76444239935398,5304.140542692548,50.99114769999869,186.24567340000067,3931.429890603019,280,42450.0,33,True,True,True,True,True,,,,8.4,8.484848484848484,9240,237.23682109999936,186.27537709998433,2.2709266332409026,42450.0,1,16,
aco_n300_k36_h11_s7,aco,300,36,11,7,611.3921672622565,163.0168842427151,145.6767707562465,5868.607832737744,54.10633080000116,172.7114031000092,3439.6851736343883,300,46499.0,36,True,True,True,True,True,,,,8.4,8.333333333333334,10800,226.81773390001035,172.72955869999714,2.037973890874188,46499.0,1,15,
ga_n300_k36_h11_s7,ga,300,36,11,7,658.4019062409164,161.71105815997456,141.56048195688794,5821.598093759084,54.10633080000116,269.7129486000049,3572.7366991507483,300,46499.0,36,True,True,True,True,True,,,,8.4,8.333333333333334,10800,323.81927940000605,269.747738399994,2.1946730208030547,46499.0,1,15,
nn_n300_k36_h11_s7,nn,300,36,11,7,707.372523153468,160.350763245737,138.87295593411167,5772.627476846532,54.10633080000116,9.33418000000529,3758.382724153072,300,46499.0,36,True,True,True,True,True,,,,8.4,8.333333333333334,10800,63.44051080000645,9.33440029999474,2.35790841051156,46499.0,1,15,
proposed_n300_k36_h11_s7,proposed,300,36,11,7,599.969047764771,163.33419311764524,142.43704905249314,5880.030952235229,53.88508519998868,833.2169036999985,4229.177212307272,300,46499.0,36,True,True,True,True,True,False,64.0,False,8.4,8.333333333333334,10800,887.1019888999872,834.0968483000179,1.9998968258825696,46499.0,1,16,global_assignment_boundary_sova
pso_n300_k36_h11_s7,pso,300,36,11,7,699.4470409238305,160.5709155298936,139.72569823108225,5780.55295907617,54.10633080000116,209.3678127000021,3756.7874158898826,300,46499.0,36,True,True,True,True,True,,,,8.4,8.333333333333334,10800,263.47414350000327,209.4015785999945,2.3314901364127683,46499.0,1,15,
aco_n300_k36_h11_s17,aco,300,36,11,17,589.9367386752836,163.612868370131,142.09602062946038,5890.063261324716,55.10559910000302,166.34931740001775,4295.668704622865,300,43596.0,36,True,True,True,True,True,,,,8.4,8.333333333333334,10800,221.45491650002077,166.3663675999851,1.9664557955842785,43596.0,1,16,
ga_n300_k36_h11_s17,ga,300,36,11,17,658.0953574649109,161.71957340375246,128.32406004865206,5821.904642535089,55.10559910000302,288.2551721999771,5542.383575781374,300,43596.0,36,True,True,True,True,True,,,,8.4,8.333333333333334,10800,343.3607712999801,288.2971042999998,2.193651191549703,43596.0,1,17,
nn_n300_k36_h11_s17,nn,300,36,11,17,686.5452345658688,160.929299039837,131.11909931321836,5793.454765434131,55.10559910000302,9.315062000008766,4186.985942489334,300,43596.0,36,True,True,True,True,True,,,,8.4,8.333333333333334,10800,64.42066110001178,9.316039199999068,2.2884841152195627,43596.0,1,17,
proposed_n300_k36_h11_s17,proposed,300,36,11,17,614.4212907890309,162.93274192252693,139.21253850252276,5865.5787092109695,55.10559910000302,1268.6153436999884,4662.909512127326,300,43596.0,36,True,True,True,True,True,False,64.0,False,8.4,8.333333333333334,10800,1323.7209427999915,1270.3001326000085,2.0480709692967696,43596.0,1,21,global_assignment_boundary_sova
pso_n300_k36_h11_s17,pso,300,36,11,17,680.70826240555,161.0914371554014,131.11909931321836,5799.29173759445,55.10559910000302,231.35738479997963,4186.985942489334,300,43596.0,36,True,True,True,True,True,,,,8.4,8.333333333333334,10800,286.46298389998265,231.39572780003073,2.2690275413518335,43596.0,1,17,
aco_n300_k36_h11_s27,aco,300,36,11,27,604.3708753038366,163.211920130449,143.31487562796778,5875.629124696164,55.192662800021935,175.85115200001746,4041.005730330045,300,46061.0,36,True,True,True,True,True,,,,8.4,8.333333333333334,10800,231.0438148000394,175.87422520003747,2.014569584346122,46061.0,1,16,
ga_n300_k36_h11_s27,ga,300,36,11,27,678.0873061839582,161.16424149489004,134.39452509249725,5801.912693816042,55.192662800021935,246.23940869997023,4991.373852827861,300,46061.0,36,True,True,True,True,True,,,,8.4,8.333333333333334,10800,301.43207149999216,246.27478979999432,2.260291020613194,46061.0,1,16,
nn_n300_k36_h11_s27,nn,300,36,11,27,691.6525417918369,160.78742939467122,138.56567414912726,5788.3474582081635,55.192662800021935,9.157570499985013,3763.8229422553914,300,46061.0,36,True,True,True,True,True,,,,8.4,8.333333333333334,10800,64.35023330000695,9.158177000004798,2.3055084726394566,46061.0,1,16,
proposed_n300_k36_h11_s27,proposed,300,36,11,27,586.3038155589865,163.71378290113927,142.62785070901162,5893.696184441013,55.192662800021935,1105.1992509999545,3656.217541357982,300,46061.0,36,True,True,True,True,True,False,64.0,False,8.4,8.333333333333334,10800,1160.3919137999765,1106.4627483000513,1.9543460518632882,46061.0,1,16,global_assignment_boundary_sova
pso_n300_k36_h11_s27,pso,300,36,11,27,685.6889843699696,160.95308376750083,138.56567414912726,5794.31101563003,55.192662800021935,212.16696610004874,3763.8229422553914,300,46061.0,36,True,True,True,True,True,,,,8.4,8.333333333333334,10800,267.3596289000707,212.2036086000153,2.2856299478998987,46061.0,1,16,
aco_n300_k36_h11_s37,aco,300,36,11,37,592.4655642616966,163.54262321495287,126.7724081043479,5887.534435738304,55.19158540002536,173.4496150999912,4938.154302811512,300,43903.0,36,True,True,True,True,True,,,,8.4,8.333333333333334,10800,228.64120050001657,173.47026659996482,1.9748852142056554,43903.0,1,16,
ga_n300_k36_h11_s37,ga,300,36,11,37,642.2622241947729,162.1593826612563,133.42876075712968,5837.737775805227,55.19158540002536,295.76468079996994,4141.268991810474,300,43903.0,36,True,True,True,True,True,,,,8.4,8.333333333333334,10800,350.9562661999953,295.80574059998617,2.140874080649243,43903.0,1,16,
nn_n300_k36_h11_s37,nn,300,36,11,37,674.2561828345615,161.27066158792886,132.56775672514084,5805.7438171654385,55.19158540002536,9.088284400000703,4034.0706812839635,300,43903.0,36,True,True,True,True,True,,,,8.4,8.333333333333334,10800,64.27986980002606,9.089002799999435,2.2475206094485385,43903.0,1,16,
proposed_n300_k36_h11_s37,proposed,300,36,11,37,588.0857637693175,163.66428433974116,137.70847738990742,5891.914236230682,55.19158540002536,1205.5189734000014,4092.901667532256,300,43903.0,36,True,True,True,True,True,False,64.0,False,8.4,8.333333333333334,10800,1260.7105588000268,1206.8951972000068,1.9602858792310585,43903.0,1,17,global_assignment_boundary_sova
pso_n300_k36_h11_s37,pso,300,36,11,37,668.9495527036798,161.41806798045334,134.4342056601385,5811.05044729632,55.19158540002536,217.103134999983,4051.0257255160714,300,43903.0,36,True,True,True,True,True,,,,8.4,8.333333333333334,10800,272.2947204000084,217.1398966999841,2.2298318423455994,43903.0,1,15,
aco_n300_k36_h11_s47,aco,300,36,11,47,601.4164056602104,163.29398873166082,141.92991455911925,5878.58359433979,55.57150319998618,155.9259300000267,4145.76452496427,300,45659.0,36,True,True,True,True,True,,,,8.4,8.333333333333334,10800,211.4974332000129,155.9455556999892,2.0047213522007015,45659.0,1,16,
ga_n300_k36_h11_s47,ga,300,36,11,47,661.4185749297435,161.62726180750713,130.55168797824558,5818.581425070256,55.57150319998618,322.92008710000664,5714.275580504927,300,45659.0,36,True,True,True,True,True,,,,8.4,8.333333333333334,10800,378.4915902999928,322.97720090002986,2.204728583099145,45659.0,1,15,
nn_n300_k36_h11_s47,nn,300,36,11,47,694.311237147568,160.7135767459009,133.9666887632159,5785.688762852432,55.57150319998618,9.013969299965538,4029.081238204494,300,45659.0,36,True,True,True,True,True,,,,8.4,8.333333333333334,10800,64.58547249995172,9.014920599991456,2.3143707904918935,45659.0,1,16,
proposed_n300_k36_h11_s47,proposed,300,36,11,47,594.8464047275236,163.47648875756877,144.47017455535914,5885.153595272476,55.57150319998618,1477.158279199968,3987.781984166683,300,45659.0,36,True,True,True,True,True,False,64.0,False,8.4,8.333333333333334,10800,1532.7297823999543,1478.1457315000007,1.9828213490917452,45659.0,1,17,global_assignment_boundary_sova
pso_n300_k36_h11_s47,pso,300,36,11,47,685.6386144180418,160.95448293283218,134.1986925572829,5794.3613855819585,55.57150319998618,229.94869010004913,4023.7487333452095,300,45659.0,36,True,True,True,True,True,,,,8.4,8.333333333333334,10800,285.5201933000353,229.99494870001217,2.2854620480601393,45659.0,1,16,
aco_n300_k36_h11_s57,aco,300,36,11,57,606.5057858145761,163.1526170607062,138.5977600382576,5873.4942141854235,56.39269480004441,154.2024470999604,3690.617645222909,300,46308.0,36,True,True,True,True,True,,,,8.4,8.333333333333334,10800,210.59514190000482,154.21985069999937,2.021685952715254,46308.0,1,15,
ga_n300_k36_h11_s57,ga,300,36,11,57,654.3661214894695,161.8231632919592,132.15622357560068,5825.633878510531,56.39269480004441,298.40508150000824,5829.901943033547,300,46308.0,36,True,True,True,True,True,,,,8.4,8.333333333333334,10800,354.79777630005265,298.4488456000108,2.181220404964898,46308.0,1,15,
nn_n300_k36_h11_s57,nn,300,36,11,57,671.718434613211,161.34115459407747,133.7884968343261,5808.281565386789,56.39269480004441,9.092701399989892,4079.0164353118735,300,46308.0,36,True,True,True,True,True,,,,8.4,8.333333333333334,10800,65.4853962000343,9.09303660003934,2.2390614487107032,46308.0,1,15,
proposed_n300_k36_h11_s57,proposed,300,36,11,57,620.9610921312038,162.75108077413321,139.17564703179633,5859.038907868796,56.39269480004441,1340.7131511000334,4590.1294816994305,300,46308.0,36,True,True,True,True,True,False,64.0,False,8.4,8.333333333333334,10800,1397.1058459000778,1341.63169140002,2.0698703071040128,46308.0,1,22,global_assignment_boundary_sova
pso_n300_k36_h11_s57,pso,300,36,11,57,667.6785226209232,161.45337437164102,136.32775641914918,5812.321477379077,56.39269480004441,219.83638629998313,3854.9073535993793,300,46308.0,36,True,True,True,True,True,,,,8.4,8.333333333333334,10800,276.22908110002754,219.87543350004125,2.2255950754030773,46308.0,1,15,
aco_n300_k36_h11_s67,aco,300,36,11,67,593.2096383528537,163.5219544901985,136.1319987253219,5886.790361647147,55.23033009999199,159.2030804999522,3973.58447379605,300,45007.0,36,True,True,True,True,True,,,,8.4,8.333333333333334,10800,214.43341059994418,159.21989499998745,1.977365461176179,45007.0,1,16,
ga_n300_k36_h11_s67,ga,300,36,11,67,661.7294486423032,161.61862642660267,139.72093074553123,5818.270551357697,55.23033009999199,280.05974470003275,3983.9912670497106,300,45007.0,36,True,True,True,True,True,,,,8.4,8.333333333333334,10800,335.29007480002474,280.09925839997595,2.2057648288076774,45007.0,1,15,
nn_n300_k36_h11_s67,nn,300,36,11,67,686.387426569944,160.93368259527932,138.58861133849564,5793.612573430056,55.23033009999199,9.008962899970356,4082.303615164143,300,45007.0,36,True,True,True,True,True,,,,8.4,8.333333333333334,10800,64.23929299996234,9.009673100023065,2.2879580885664796,45007.0,1,15,
proposed_n300_k36_h11_s67,proposed,300,36,11,67,610.511743335647,163.0413404628987,137.0998638405417,5869.488256664353,55.23033009999199,1085.447857399995,4942.848940690747,300,45007.0,36,True,True,True,True,True,False,64.0,False,8.4,8.333333333333334,10800,1140.678187499987,1086.6419737999677,2.0350391444521567,45007.0,1,17,global_assignment_boundary_sova
pso_n300_k36_h11_s67,pso,300,36,11,67,676.7009283888839,161.20275198919768,138.90561496279128,5803.299071611116,55.23033009999199,215.12118080002256,3968.739772466651,300,45007.0,36,True,True,True,True,True,,,,8.4,8.333333333333334,10800,270.35151090001455,215.15935049997643,2.2556697612962795,45007.0,1,15,
aco_n300_k36_h11_s77,aco,300,36,11,77,592.3538610363688,163.54572608232309,133.17671991599764,5887.6461389636315,55.20735410001362,158.53855569998268,5199.634980337334,300,45060.0,36,True,True,True,True,True,,,,8.4,8.333333333333334,10800,213.7459097999963,158.55466130003333,1.9745128701212293,45060.0,1,16,
ga_n300_k36_h11_s77,ga,300,36,11,77,656.1002006384213,161.77499442671052,129.98204963950897,5823.8997993615785,55.20735410001362,290.5093894000165,5366.863442062266,300,45060.0,36,True,True,True,True,True,,,,8.4,8.333333333333334,10800,345.71674350003013,290.55236400000285,2.1870006687947376,45060.0,1,16,
nn_n300_k36_h11_s77,nn,300,36,11,77,678.3335023104282,161.15740271359923,127.55985480595288,5801.666497689572,55.20735410001362,9.18433910002932,4129.407518583052,300,45060.0,36,True,True,True,True,True,,,,8.4,8.333333333333334,10800,64.39169320004294,9.18506809999235,2.261111674368094,45060.0,1,16,
proposed_n300_k36_h11_s77,proposed,300,36,11,77,591.8270944094917,163.5603584886252,136.46256444172545,5888.172905590508,55.20735410001362,930.4027955000056,4330.815792825425,300,45060.0,36,True,True,True,True,True,False,64.0,False,8.4,8.333333333333334,10800,985.6101496000192,931.4582501000259,1.9727569813649724,45060.0,1,18,global_assignment_boundary_sova
pso_n300_k36_h11_s77,pso,300,36,11,77,669.4601087653689,161.40388586762865,135.74484748159034,5810.539891234631,55.20735410001362,219.99235660000704,4324.801646841147,300,45060.0,36,True,True,True,True,True,,,,8.4,8.333333333333334,10800,275.19971070002066,220.02916199999163,2.231533695884563,45060.0,1,16,
aco_n300_k36_h11_s87,aco,300,36,11,87,595.0009982601148,163.47219449277458,138.1050633745842,5884.999001739885,54.85938099998748,187.86629609996453,4253.503352687743,300,43280.0,36,True,True,True,True,True,,,,8.4,8.333333333333334,10800,242.725677099952,187.88851050002268,1.9833366608670493,43280.0,1,16,
ga_n300_k36_h11_s87,ga,300,36,11,87,649.7167166809958,161.9523134255279,133.8824605767031,5830.283283319004,54.85938099998748,242.95857409999007,4022.428795925375,300,43280.0,36,True,True,True,True,True,,,,8.4,8.333333333333334,10800,297.81795509997755,242.99348559998907,2.1657223889366524,43280.0,1,16,
nn_n300_k36_h11_s87,nn,300,36,11,87,667.6648466648429,161.4537542593099,130.24521999302547,5812.335153335157,54.85938099998748,9.253158000006806,3838.438583037808,300,43280.0,36,True,True,True,True,True,,,,8.4,8.333333333333334,10800,64.11253899999429,9.25454960000934,2.22554948888281,43280.0,1,16,
proposed_n300_k36_h11_s87,proposed,300,36,11,87,586.1719085259643,163.7174469853899,138.28706068570295,5893.828091474036,54.85938099998748,1485.3492205999792,4329.048993455053,300,43280.0,36,True,True,True,True,True,False,64.0,False,8.4,8.333333333333334,10800,1540.2086015999666,1487.1405819999636,1.9539063617532144,43280.0,1,18,global_assignment_boundary_sova
pso_n300_k36_h11_s87,pso,300,36,11,87,658.0684059720949,161.7203220563307,136.00679952864255,5821.931594027905,54.85938099998748,234.97196300001815,4022.428795925375,300,43280.0,36,True,True,True,True,True,,,,8.4,8.333333333333334,10800,289.83134400000563,235.01135640003486,2.1935613532403164,43280.0,1,16,
aco_n300_k36_h11_s97,aco,300,36,11,97,610.1843304087502,163.0504352664236,136.79346920626674,5869.815669591249,55.07112719997531,305.8863965999917,3746.931972834702,300,45694.0,36,True,True,True,True,True,,,,8.4,8.333333333333334,10800,360.957523799967,306.0123663999839,2.0339477680291673,45694.0,1,15,
ga_n300_k36_h11_s97,ga,300,36,11,97,661.324188075825,161.62988366456042,137.03063856282932,5818.675811924175,55.07112719997531,413.28455019998364,4359.582465170371,300,45694.0,36,True,True,True,True,True,,,,8.4,8.333333333333334,10800,468.35567739995895,413.32708449999336,2.20441396025275,45694.0,1,17,
nn_n300_k36_h11_s97,nn,300,36,11,97,679.4164443206639,161.1273209910927,126.75226316442613,5800.583555679336,55.07112719997531,13.579291399975773,4223.764764842263,300,45694.0,36,True,True,True,True,True,,,,8.4,8.333333333333334,10800,68.65041859995108,13.580140999983996,2.2647214810688796,45694.0,1,17,
proposed_n300_k36_h11_s97,proposed,300,36,11,97,591.4606833094334,163.57053657473796,144.3294970316246,5888.539316690567,55.07112719997531,1206.209219900018,4020.486547628153,300,45694.0,36,True,True,True,True,True,False,64.0,False,8.4,8.333333333333334,10800,1261.2803470999934,1207.8910330000217,1.9715356110314448,45694.0,1,18,global_assignment_boundary_sova
pso_n300_k36_h11_s97,pso,300,36,11,97,670.9917034666556,161.36134157037066,137.65263652782224,5809.008296533344,55.07112719997531,402.25528690003557,4369.930886961684,300,45694.0,36,True,True,True,True,True,,,,8.4,8.333333333333334,10800,457.3264141000109,402.3040228000027,2.2366390115555186,45694.0,1,17,
aco_n350_k42_h11_s7,aco,350,42,11,7,696.5318579037051,163.41590814514987,141.6133578324871,6863.468142096294,64.27778290001152,285.4981431000051,3341.2269686386653,350,54056.0,42,True,True,True,True,True,,,,8.4,8.333333333333334,14700,349.7759260000166,285.5339852999896,1.9900910225820148,54056.0,1,14,
ga_n350_k42_h11_s7,ga,350,42,11,7,764.6782783518117,161.79337432495686,138.75887717561076,6795.321721648188,64.27778290001152,433.0940084999893,5374.809941676672,350,54056.0,42,True,True,True,True,True,,,,8.4,8.333333333333334,14700,497.3717914000008,433.14860709998175,2.1847950810051766,54056.0,1,15,
nn_n350_k42_h11_s7,nn,350,42,11,7,781.7904526668825,161.38594160316947,138.12197174149983,6778.209547333117,64.27778290001152,17.475671799998963,3797.080611998069,350,54056.0,42,True,True,True,True,True,,,,8.4,8.333333333333334,14700,81.75345470001048,17.475946399994427,2.233687007619664,54056.0,1,15,
proposed_n350_k42_h11_s7,proposed,350,42,11,7,683.2685875630476,163.7317002961179,138.68470562632083,6876.731412436952,72.49396279998473,2044.867318000004,4263.787569266082,350,54056.0,42,True,True,True,True,True,False,64.0,False,8.4,8.333333333333334,14700,2117.361280799989,2046.420832200005,1.9521959644658504,54056.0,1,17,global_assignment_boundary_sova
pso_n350_k42_h11_s7,pso,350,42,11,7,773.8945575084065,161.5739391069427,138.12197174149983,6786.105442491594,64.27778290001152,362.64084969999385,3797.080611998069,350,54056.0,42,True,True,True,True,True,,,,8.4,8.333333333333334,14700,426.91863260000537,362.6972773000016,2.211127307166876,54056.0,1,15,
aco_n350_k42_h11_s17,aco,350,42,11,17,681.3842358225224,163.77656581374947,134.5209959246549,6878.615764177478,99.23719970003003,353.8998309999588,4578.096569656651,350,51217.0,42,True,True,True,True,True,,,,8.4,8.333333333333334,14700,453.1370306999888,353.93207049998455,1.9468121023500642,51217.0,1,17,
ga_n350_k42_h11_s17,ga,350,42,11,17,745.4088941989918,162.2521691857383,139.42912154762908,6814.591105801008,99.23719970003003,442.0935550999711,4087.2402776385507,350,51217.0,42,True,True,True,True,True,,,,8.4,8.333333333333334,14700,541.3307548000012,442.15521990001434,2.129739697711405,51217.0,1,18,
nn_n350_k42_h11_s17,nn,350,42,11,17,757.1595993739621,161.97239049109615,138.81422377782835,6802.840400626038,99.23719970003003,21.922372500004712,3774.5563580266835,350,51217.0,42,True,True,True,True,True,,,,8.4,8.333333333333334,14700,121.15957220003475,21.923990299983416,2.163313141068463,51217.0,1,18,
proposed_n350_k42_h11_s17,proposed,350,42,11,17,668.4336327539069,164.08491350585936,139.43504842058226,6891.566367246093,99.23719970003003,2707.25315579999,5040.767040245362,350,51217.0,42,True,True,True,True,True,False,64.0,False,8.4,8.333333333333334,14700,2806.49035550002,2710.691977600043,1.9098103792968768,51217.0,1,22,global_assignment_boundary_sova
pso_n350_k42_h11_s17,pso,350,42,11,17,751.8964203783728,162.09770427670543,140.64658662867146,6808.103579621627,99.23719970003003,446.14191559999017,3774.5563580266835,350,51217.0,42,True,True,True,True,True,,,,8.4,8.333333333333334,14700,545.3791153000202,446.2005844999803,2.1482754867953506,51217.0,1,18,
aco_n350_k42_h11_s27,aco,350,42,11,27,695.0797693368195,163.45048168245668,132.76643999813408,6864.9202306631805,70.25645419995999,285.7094156999956,4265.780374984825,350,53361.0,42,True,True,True,True,True,,,,8.4,8.333333333333334,14700,355.9658698999556,285.7426582000335,1.9859421981051986,53361.0,1,16,
ga_n350_k42_h11_s27,ga,350,42,11,27,738.4078123698351,162.418861610242,136.52751729662202,6821.5921876301645,70.25645419995999,420.0383104000357,3788.1822269705854,350,53361.0,42,True,True,True,True,True,,,,8.4,8.333333333333334,14700,490.2947645999957,420.1028144999873,2.1097366067709578,53361.0,1,15,
nn_n350_k42_h11_s27,nn,350,42,11,27,757.8390377545011,161.9562133867976,132.5637022081109,6802.160962245499,70.25645419995999,15.624551500019152,3808.426736420774,350,53361.0,42,True,True,True,True,True,,,,8.4,8.333333333333334,14700,85.88100569997914,15.625417999981437,2.1652543935842887,53361.0,1,15,
proposed_n350_k42_h11_s27,proposed,350,42,11,27,683.8936324877658,163.7168182741008,143.9015122208749,6876.106367512234,70.25645419995999,1967.5247148000053,3969.934760011433,350,53361.0,42,True,True,True,True,True,False,64.0,False,8.4,8.333333333333334,14700,2037.7811689999653,1969.7093218999798,1.9539818071079023,53361.0,1,18,global_assignment_boundary_sova
pso_n350_k42_h11_s27,pso,350,42,11,27,744.3491085630201,162.27740217707094,136.52751729662202,6815.65089143698,70.25645419995999,380.410213199968,3788.1822269705854,350,53361.0,42,True,True,True,True,True,,,,8.4,8.333333333333334,14700,450.666667399928,380.47633700002916,2.126711738751486,53361.0,1,15,
aco_n350_k42_h11_s37,aco,350,42,11,37,677.19344787222,163.87634647923286,143.3832078259802,6882.80655212778,76.5830007000477,245.49829169997247,4183.74877577003,350,51219.0,42,True,True,True,True,True,,,,8.4,8.333333333333334,14700,322.0812924000202,245.5306834000512,1.934838422492057,51219.0,1,16,
ga_n350_k42_h11_s37,ga,350,42,11,37,737.4188178789102,162.4424090981212,138.76266491171174,6822.58118212109,76.5830007000477,402.33168750000186,4394.758724411805,350,51219.0,42,True,True,True,True,True,,,,8.4,8.333333333333334,14700,478.91468820004957,402.38892970001325,2.1069109082254576,51219.0,1,17,
nn_n350_k42_h11_s37,nn,350,42,11,37,753.358039607462,162.06290381886996,137.8173909531326,6806.641960392538,76.5830007000477,16.263657499977853,4247.624983408524,350,51219.0,42,True,True,True,True,True,,,,8.4,8.333333333333334,14700,92.84665820002556,16.264485499996226,2.152451541735606,51219.0,1,17,
proposed_n350_k42_h11_s37,proposed,350,42,11,37,661.243244095591,164.25611323581927,138.4260457652857,6898.756755904409,76.5830007000477,1748.1629935000092,4355.46197798022,350,51219.0,42,True,True,True,True,True,False,64.0,False,8.4,8.333333333333334,14700,1824.7459942000569,1750.0137048999895,1.8892664117016884,51219.0,1,20,global_assignment_boundary_sova
pso_n350_k42_h11_s37,pso,350,42,11,37,734.7307425905043,162.50641089070228,137.8173909531326,6825.269257409495,76.5830007000477,351.4372868000064,4247.624983408524,350,51219.0,42,True,True,True,True,True,,,,8.4,8.333333333333334,14700,428.0202875000541,351.4939948999672,2.0992306931157265,51219.0,1,17,
aco_n350_k42_h11_s47,aco,350,42,11,47,685.6761938989123,163.6743763357402,140.18809474237207,6874.323806101088,72.96193170000333,257.8961182999774,4227.430746921671,350,52876.0,42,True,True,True,True,True,,,,8.4,8.333333333333334,14700,330.8580499999807,257.9260517000221,1.959074839711178,52876.0,1,17,
ga_n350_k42_h11_s47,ga,350,42,11,47,771.5643676942481,161.62941981680362,133.93705903392296,6788.435632305752,72.96193170000333,509.9600486000418,5256.934559653946,350,52876.0,42,True,True,True,True,True,,,,8.4,8.333333333333334,14700,582.9219803000451,510.02606110001216,2.204469621983566,52876.0,1,16,
nn_n350_k42_h11_s47,nn,350,42,11,47,788.8798769010662,161.21714578806984,131.67569415786562,6771.120123098934,72.96193170000333,15.844800699967891,4333.2422104311045,350,52876.0,42,True,True,True,True,True,,,,8.4,8.333333333333334,14700,88.80673239997122,15.845795399975032,2.253942505431618,52876.0,1,15,
proposed_n350_k42_h11_s47,proposed,350,42,11,47,677.2188368737234,163.87574197919707,138.73562542834605,6882.781163126277,72.96193170000333,2861.647355000023,4607.807695339385,350,52876.0,42,True,True,True,True,True,False,64.0,False,8.4,8.333333333333334,14700,2934.609286700026,2863.7060954000335,1.9349109624963525,52876.0,1,20,global_assignment_boundary_sova
pso_n350_k42_h11_s47,pso,350,42,11,47,775.0656913488376,161.54605496788483,134.71372394126257,6784.934308651163,72.96193170000333,340.0922615000163,4333.2422104311045,350,52876.0,42,True,True,True,True,True,,,,8.4,8.333333333333334,14700,413.05419320001965,340.1641814999748,2.214473403853822,52876.0,1,15,
aco_n350_k42_h11_s57,aco,350,42,11,57,691.7861343656498,163.52890156272264,140.75246496583165,6868.21386563435,67.66988810000475,252.1766983999987,3899.317680682154,350,53925.0,42,True,True,True,True,True,,,,8.4,8.333333333333334,14700,319.84658650000347,252.20954729994992,1.9765318124732851,53925.0,1,15,
ga_n350_k42_h11_s57,ga,350,42,11,57,742.2102476813609,162.32832743615808,134.99352068545733,6817.789752318639,67.66988810000475,444.1908257000032,4082.1418375095154,350,53925.0,42,True,True,True,True,True,,,,8.4,8.333333333333334,14700,511.86071380000794,444.25896449998254,2.120600707661031,53925.0,1,16,
nn_n350_k42_h11_s57,nn,350,42,11,57,767.4581208398882,161.72718759905027,130.86231255309082,6792.541879160111,67.66988810000475,14.98547040001722,3734.817213191005,350,53925.0,42,True,True,True,True,True,,,,8.4,8.333333333333334,14700,82.65535850002198,14.986116499989294,2.1927374881139663,53925.0,1,16,
proposed_n350_k42_h11_s57,proposed,350,42,11,57,683.0575413328094,163.73672520636168,139.08527748714206,6876.94245866719,67.66988810000475,1895.5198350999854,4446.532328089797,350,53925.0,42,True,True,True,True,True,False,64.0,False,8.4,8.333333333333334,14700,1963.18972319999,1896.9137716999976,1.9515929752365981,53925.0,1,18,global_assignment_boundary_sova
pso_n350_k42_h11_s57,pso,350,42,11,57,759.607504281448,161.9141070409179,130.86231255309082,6800.392495718552,67.66988810000475,355.02902969997376,3734.817213191005,350,53925.0,42,True,True,True,True,True,,,,8.4,8.333333333333334,14700,422.6989177999785,355.0926294999663,2.1703071550898514,53925.0,1,16,
aco_n350_k42_h11_s67,aco,350,42,11,67,679.3553169417685,163.82487340614838,138.5307424201237,6880.644683058232,71.22375649999594,215.02163889998337,3741.615737672654,350,52723.0,42,True,True,True,True,True,,,,8.4,8.333333333333334,14700,286.2453953999793,215.04922929999884,1.9410151912621956,52723.0,1,16,
ga_n350_k42_h11_s67,ga,350,42,11,67,738.7058820474558,162.4117647131558,138.0411858407607,6821.294117952544,71.22375649999594,369.27677240001503,3769.4041680226837,350,52723.0,42,True,True,True,True,True,,,,8.4,8.333333333333334,14700,440.500528900011,369.32594460004475,2.1105882344213023,52723.0,1,15,
nn_n350_k42_h11_s67,nn,350,42,11,67,769.0094270274235,161.69025173744228,139.6940719432705,6790.990572972576,71.22375649999594,15.19549090001965,3719.0023126497153,350,52723.0,42,True,True,True,True,True,,,,8.4,8.333333333333334,14700,86.41924740001559,15.196127099974547,2.197169791506924,52723.0,1,16,
proposed_n350_k42_h11_s67,proposed,350,42,11,67,686.3305568247603,163.65879626607713,133.70205362612708,6873.669443175239,71.22375649999594,2077.18527050002,4954.161767104501,350,52723.0,42,True,True,True,True,True,False,64.0,False,8.4,8.333333333333334,14700,2148.409027000016,2079.380778699997,1.9609444480707436,52723.0,1,19,global_assignment_boundary_sova
pso_n350_k42_h11_s67,pso,350,42,11,67,747.2387970565039,162.20860007008324,142.50998645046286,6812.761202943496,71.22375649999594,354.30510060000233,3563.603226012194,350,52723.0,42,True,True,True,True,True,,,,8.4,8.333333333333334,14700,425.5288570999983,354.36426460003713,2.134967991590011,52723.0,1,16,
aco_n350_k42_h11_s77,aco,350,42,11,77,681.0993090732131,163.78334978397112,137.17213617960905,6878.900690926786,65.48346850002417,230.7404476000229,3757.0682052689504,350,52936.0,42,True,True,True,True,True,,,,8.4,8.333333333333334,14700,296.22391610004706,230.77079420001246,1.9459980259234662,52936.0,1,16,
ga_n350_k42_h11_s77,ga,350,42,11,77,746.1283994105137,162.2350381092735,133.1132841998952,6813.871600589487,65.48346850002417,369.75342409999575,3534.6835427059677,350,52936.0,42,True,True,True,True,True,,,,8.4,8.333333333333334,14700,435.2368926000199,369.80950880004093,2.131795426887182,52936.0,1,16,
nn_n350_k42_h11_s77,nn,350,42,11,77,759.5292318639636,161.91597066990562,131.200982366125,6800.470768136036,65.48346850002417,14.935967100027483,3601.765967779402,350,52936.0,42,True,True,True,True,True,,,,8.4,8.333333333333334,14700,80.41943560005166,14.9367898000055,2.1700835196113246,52936.0,1,16,
proposed_n350_k42_h11_s77,proposed,350,42,11,77,682.0246341112809,163.76131823544569,138.92364189134355,6877.975365888719,65.48346850002417,1784.626351999992,4637.529363690551,350,52936.0,42,True,True,True,True,True,False,64.0,False,8.4,8.333333333333334,14700,1850.1098205000162,1786.3446958000422,1.9486418117465167,52936.0,1,20,global_assignment_boundary_sova
pso_n350_k42_h11_s77,pso,350,42,11,77,747.1139268430297,162.21157317040405,137.301539425604,6812.88607315697,65.48346850002417,335.23966369999107,3506.2039133674334,350,52936.0,42,True,True,True,True,True,,,,8.4,8.333333333333334,14700,400.72313220001524,335.29899310000474,2.1346112195515135,52936.0,1,16,
aco_n350_k42_h11_s87,aco,350,42,11,87,677.4613625738671,163.86996755776508,138.7642933168467,6882.538637426133,65.59459360002074,260.9593594999751,4775.881497093665,350,51214.0,42,True,True,True,True,True,,,,8.4,8.333333333333334,14700,326.55395309999585,260.99272600002587,1.9356038930681916,51214.0,1,15,
ga_n350_k42_h11_s87,ga,350,42,11,87,748.3932666041559,162.18111269990106,136.64226299373692,6811.6067333958445,65.59459360002074,391.8472474999726,3671.7019274519607,350,51214.0,42,True,True,True,True,True,,,,8.4,8.333333333333334,14700,457.4418410999933,391.90124480001396,2.138266476011874,51214.0,1,17,
nn_n350_k42_h11_s87,nn,350,42,11,87,766.019927124853,161.76143030655112,135.44436650728238,6793.980072875147,65.59459360002074,14.851954300014768,3766.8658639572986,350,51214.0,42,True,True,True,True,True,,,,8.4,8.333333333333334,14700,80.44654790003551,14.852816400001757,2.1886283632138657,51214.0,1,17,
proposed_n350_k42_h11_s87,proposed,350,42,11,87,693.7360675096945,163.48247458310252,142.1151535512027,6866.263932490306,65.59459360002074,2270.7602349999943,5105.592729809576,350,51214.0,42,True,True,True,True,True,False,64.0,False,8.4,8.333333333333334,14700,2336.354828600015,2272.886257599981,1.9821030500276986,51214.0,1,25,global_assignment_boundary_sova
pso_n350_k42_h11_s87,pso,350,42,11,87,762.1861152226442,161.852711542318,136.64226299373692,6797.813884777356,65.59459360002074,325.3034165999852,3671.7019274519607,350,51214.0,42,True,True,True,True,True,,,,8.4,8.333333333333334,14700,390.89801020000596,325.35888430004707,2.1776746149218407,51214.0,1,17,
aco_n350_k42_h11_s97,aco,350,42,11,97,678.4225984185824,163.84708099003376,136.88535775593704,6881.577401581418,65.98423080000794,240.99525069998344,3841.0785363469827,350,53157.0,42,True,True,True,True,True,,,,8.4,8.333333333333334,14700,306.9794814999914,241.03242950001732,1.9383502811959499,53157.0,1,16,
ga_n350_k42_h11_s97,ga,350,42,11,97,763.6418452162603,161.81805130437473,131.99473538052007,6796.358154783739,65.98423080000794,387.181818400044,3748.8394048086075,350,53157.0,42,True,True,True,True,True,,,,8.4,8.333333333333334,14700,453.16604920005193,387.23463359999005,2.1818338434750295,53157.0,1,16,
nn_n350_k42_h11_s97,nn,350,42,11,97,783.7747356669004,161.3386967698357,131.05964415923887,6776.225264333099,65.98423080000794,14.561704499996267,3786.709591126829,350,53157.0,42,True,True,True,True,True,,,,8.4,8.333333333333334,14700,80.5459353000042,14.56261620001169,2.2393563876197153,53157.0,1,16,
proposed_n350_k42_h11_s97,proposed,350,42,11,97,682.0593945333995,163.76049060634764,144.22715967515828,6877.940605466601,65.98423080000794,5427.4264693000005,4114.234729103534,350,53157.0,42,True,True,True,True,True,False,64.0,False,8.4,8.333333333333334,14700,5493.410700100008,5429.264306499972,1.9487411272382844,53157.0,1,20,global_assignment_boundary_sova
pso_n350_k42_h11_s97,pso,350,42,11,97,763.6354464196118,161.8182036566759,137.39413391993605,6796.364553580388,65.98423080000794,339.6299871999654,3748.8394048086075,350,53157.0,42,True,True,True,True,True,,,,8.4,8.333333333333334,14700,405.61421799997333,339.68957639997825,2.1818155611988908,53157.0,1,16,
aco_n400_k48_h11_s7,aco,400,48,11,7,790.00369538261,163.54158967952895,141.51196006172026,7849.99630461739,80.04089949998888,322.2672735999804,3588.441672642167,400,61599.0,48,True,True,True,True,True,,,,8.4,8.333333333333334,19200,402.3081730999693,322.3023782999953,1.975009238456525,61599.0,1,16,
ga_n400_k48_h11_s7,ga,400,48,11,7,889.7088970087921,161.4643979789835,126.9429576248168,7750.291102991208,80.04089949998888,558.2013876999845,4728.734923201024,400,61599.0,48,True,True,True,True,True,,,,8.4,8.333333333333334,19200,638.2422871999734,558.2704948000028,2.2242722425219803,61599.0,1,16,
nn_n400_k48_h11_s7,nn,400,48,11,7,903.7249253526604,161.17239738848625,134.2803689455005,7736.275074647339,80.04089949998888,21.425875000015367,3980.144237504147,400,61599.0,48,True,True,True,True,True,,,,8.4,8.333333333333334,19200,101.46677450000423,21.42653659998905,2.259312313381651,61599.0,1,16,
proposed_n400_k48_h11_s7,proposed,400,48,11,7,789.7825195354962,163.54619750967717,140.2606338147128,7850.217480464504,80.04089949998888,3406.488552299997,4725.548382516779,400,61599.0,48,True,True,True,True,True,False,64.0,False,8.4,8.333333333333334,19200,3486.5294517999864,3408.667742199992,1.9744562988387409,61599.0,1,21,global_assignment_boundary_sova
pso_n400_k48_h11_s7,pso,400,48,11,7,895.9468240576864,161.33444116546488,137.76771950800105,7744.053175942314,80.04089949998888,448.728792799986,3983.04723661158,400,61599.0,48,True,True,True,True,True,,,,8.4,8.333333333333334,19200,528.7696922999748,448.8051315000048,2.239867060144216,61599.0,1,16,
aco_n400_k48_h11_s17,aco,400,48,11,17,773.8935471575796,163.87721776755043,137.37072852131644,7866.10645284242,76.66482850001194,324.856885999965,5495.725540359262,400,59039.0,48,True,True,True,True,True,,,,8.4,8.333333333333334,19200,401.52171449997695,324.8969752000412,1.9347338678939492,59039.0,1,16,
ga_n400_k48_h11_s17,ga,400,48,11,17,860.3005289312656,162.07707231393195,126.68242891720375,7779.699471068734,76.66482850001194,496.60210359998746,4968.290459578807,400,59039.0,48,True,True,True,True,True,,,,8.4,8.333333333333334,19200,573.2669320999994,496.66473969997605,2.150751322328164,59039.0,1,17,
nn_n400_k48_h11_s17,nn,400,48,11,17,875.9061934471761,161.75195430318385,123.22342304876969,7764.093806552824,76.66482850001194,21.7027020000387,4331.247976890856,400,59039.0,48,True,True,True,True,True,,,,8.4,8.333333333333334,19200,98.36753050005063,21.703430699999444,2.1897654836179403,59039.0,1,17,
proposed_n400_k48_h11_s17,proposed,400,48,11,17,789.8396922149242,163.54500641218908,136.4357379682148,7850.160307785076,76.66482850001194,4507.479468500009,5130.31746258891,400,59039.0,48,True,True,True,True,True,False,64.0,False,8.4,8.333333333333334,19200,4584.144297000021,4510.07271410001,1.9745992305373106,59039.0,1,24,global_assignment_boundary_sova
pso_n400_k48_h11_s17,pso,400,48,11,17,874.0555461689702,161.79050945481313,123.22342304876969,7765.94445383103,76.66482850001194,454.5150768000167,4331.247976890856,400,59039.0,48,True,True,True,True,True,,,,8.4,8.333333333333334,19200,531.1799053000286,454.5959928999655,2.1851388654224255,59039.0,1,17,
aco_n400_k48_h11_s27,aco,400,48,11,27,781.9011450970513,163.7103928104781,137.6473419277574,7858.098854902949,76.2765548999887,343.21695590001764,3757.6094518620785,400,60542.0,48,True,True,True,True,True,,,,8.4,8.333333333333334,19200,419.49351080000633,343.2591083999723,1.9547528627426283,60542.0,1,15,
ga_n400_k48_h11_s27,ga,400,48,11,27,880.3606914829841,161.65915226077115,130.6533841226145,7759.639308517016,76.2765548999887,498.8488220999716,3689.402186617503,400,60542.0,48,True,True,True,True,True,,,,8.4,8.333333333333334,19200,575.1253769999603,498.91210409998894,2.20090172870746,60542.0,1,16,
nn_n400_k48_h11_s27,nn,400,48,11,27,889.824235807675,161.4619950873401,125.71607544710236,7750.175764192325,76.2765548999887,21.702472499979194,3783.7635733628886,400,60542.0,48,True,True,True,True,True,,,,8.4,8.333333333333334,19200,97.97902739996789,21.703421099984553,2.2245605895191876,60542.0,1,16,
proposed_n400_k48_h11_s27,proposed,400,48,11,27,779.8106057821759,163.75394571287134,141.84679574729117,7860.189394217824,76.2765548999887,3893.1792753000045,4057.3231809393646,400,60542.0,48,True,True,True,True,True,False,64.0,False,8.4,8.333333333333334,19200,3969.455830199993,3895.5055303000263,1.9495265144554397,60542.0,1,20,global_assignment_boundary_sova
pso_n400_k48_h11_s27,pso,400,48,11,27,883.9636937765171,161.58408971298923,128.83209254576357,7756.036306223483,76.2765548999887,457.63837259996217,3713.58581141593,400,60542.0,48,True,True,True,True,True,,,,8.4,8.333333333333334,19200,533.9149274999509,457.7208443999989,2.2099092344412927,60542.0,1,16,
aco_n400_k48_h11_s37,aco,400,48,11,37,775.3416895205338,163.84704813498888,139.5011959613153,7864.658310479466,76.8443147999933,335.10734949994367,3762.6735784005045,400,58476.0,48,True,True,True,True,True,,,,8.4,8.333333333333334,19200,411.95166429993697,335.1494645999628,1.9383542238013345,58476.0,1,17,
ga_n400_k48_h11_s37,ga,400,48,11,37,845.5066049720119,162.3852790630831,138.58196466456087,7794.493395027988,76.8443147999933,662.0590837000054,3780.321972660815,400,58476.0,48,True,True,True,True,True,,,,8.4,8.333333333333334,19200,738.9033984999987,662.1430997999851,2.11376651243003,58476.0,1,17,
nn_n400_k48_h11_s37,nn,400,48,11,37,872.9081786965398,161.81441294382208,112.0055686476154,7767.09182130346,76.8443147999933,21.543954099994153,4886.829497865632,400,58476.0,48,True,True,True,True,True,,,,8.4,8.333333333333334,19200,98.38826889998745,21.544796899950597,2.1822704467413496,58476.0,1,17,
proposed_n400_k48_h11_s37,proposed,400,48,11,37,783.4754005252918,163.67759582238975,139.18996760670936,7856.524599474708,76.8443147999933,3970.9463008000166,5188.106642480839,400,58476.0,48,True,True,True,True,True,False,64.0,False,8.4,8.333333333333334,19200,4047.79061560001,3973.4511676999973,1.9586885013132294,58476.0,1,23,global_assignment_boundary_sova
pso_n400_k48_h11_s37,pso,400,48,11,37,862.3711781374387,162.03393378880335,138.73987176472951,7777.628821862561,76.8443147999933,475.6503155999817,4076.6519163567327,400,58476.0,48,True,True,True,True,True,,,,8.4,8.333333333333334,19200,552.494630399975,475.72874140000204,2.155927945343597,58476.0,1,17,
aco_n400_k48_h11_s47,aco,400,48,11,47,776.9805445171493,163.81290532255937,137.9251255380705,7863.01945548285,76.94021819997579,343.74805300001753,4505.7197603501645,400,59662.0,48,True,True,True,True,True,,,,8.4,8.333333333333334,19200,420.6882711999933,343.7901821999694,1.942451361292873,59662.0,1,18,
ga_n400_k48_h11_s47,ga,400,48,11,47,869.379714093535,161.88792262305137,125.26196956560437,7770.620285906465,76.94021819997579,547.565288999991,4479.2978306619025,400,59662.0,48,True,True,True,True,True,,,,8.4,8.333333333333334,19200,624.5055071999668,547.6383456999902,2.1734492852338376,59662.0,1,16,
nn_n400_k48_h11_s47,nn,400,48,11,47,908.7543927370536,161.06761681797806,123.92184375988727,7731.245607262947,76.94021819997579,21.664462400018238,4135.142244063484,400,59662.0,48,True,True,True,True,True,,,,8.4,8.333333333333334,19200,98.60468059999403,21.666511100018397,2.271885981842634,59662.0,1,15,
proposed_n400_k48_h11_s47,proposed,400,48,11,47,778.4732643330482,163.7818069930615,136.1517979169671,7861.526735666952,76.94021819997579,22452.62268760003,4894.654578391596,400,59662.0,48,True,True,True,True,True,False,64.0,False,8.4,8.333333333333334,19200,22529.562905800005,22454.95792690001,1.9461831608326206,59662.0,1,21,global_assignment_boundary_sova
pso_n400_k48_h11_s47,pso,400,48,11,47,896.2002144639446,161.32916219866783,125.57822797079612,7743.799785536055,76.94021819997579,480.97160619997885,4203.294912318128,400,59662.0,48,True,True,True,True,True,,,,8.4,8.333333333333334,19200,557.9118243999546,481.0623476000037,2.2405005361598613,59662.0,1,15,
aco_n400_k48_h11_s57,aco,400,48,11,57,780.4244403572359,163.7411574925576,136.0794583744674,7859.575559642764,77.12605419999454,416.337560200016,3901.646409549833,400,60690.0,48,True,True,True,True,True,,,,8.4,8.333333333333334,19200,493.46361440001056,416.3948013999616,1.9510611008930896,60690.0,1,15,
ga_n400_k48_h11_s57,ga,400,48,11,57,884.2343993643701,161.5784500132423,128.39528458068116,7755.76560063563,77.12605419999454,611.4175378999789,4821.736316227589,400,60690.0,48,True,True,True,True,True,,,,8.4,8.333333333333334,19200,688.5435920999735,611.4997862000018,2.2105859984109255,60690.0,1,16,
nn_n400_k48_h11_s57,nn,400,48,11,57,903.6340096048394,161.17429146656585,118.01396747419726,7736.36599039516,77.12605419999454,22.67221280001104,4765.469029171781,400,60690.0,48,True,True,True,True,True,,,,8.4,8.333333333333334,19200,99.79826700000558,22.67289579997305,2.2590850240120988,60690.0,1,16,
proposed_n400_k48_h11_s57,proposed,400,48,11,57,788.6916406771103,163.5689241525602,137.37521754954827,7851.308359322889,77.12605419999454,5878.0211737999925,5007.550908439156,400,60690.0,48,True,True,True,True,True,False,64.0,False,8.4,8.333333333333334,19200,5955.147227999987,5880.591171999986,1.9717291016927758,60690.0,1,18,global_assignment_boundary_sova
pso_n400_k48_h11_s57,pso,400,48,11,57,896.0001655483804,161.33332988440876,116.3404770620833,7743.99983445162,77.12605419999454,478.69398639997235,4718.122801257943,400,60690.0,48,True,True,True,True,True,,,,8.4,8.333333333333334,19200,555.8200405999669,478.7760125999921,2.240000413870951,60690.0,1,16,
aco_n400_k48_h11_s67,aco,400,48,11,67,783.1614934114654,163.6841355539278,139.09810466954127,7856.838506588535,79.46535519999452,387.80859099997906,3898.3259271534635,400,60378.0,48,True,True,True,True,True,,,,8.4,8.333333333333334,19200,467.2739461999736,387.8600489999517,1.9579037335286633,60378.0,1,15,
ga_n400_k48_h11_s67,ga,400,48,11,67,858.6346034013069,162.1117790958061,139.67879618725,7781.365396598693,79.46535519999452,632.0688051999896,3764.246824936521,400,60378.0,48,True,True,True,True,True,,,,8.4,8.333333333333334,19200,711.5341603999841,632.1897502000211,2.146586508503267,60378.0,1,15,
nn_n400_k48_h11_s67,nn,400,48,11,67,881.8849793662587,161.62739626320294,132.9806256479656,7758.115020633742,79.46535519999452,27.37139450001996,3877.7777892204303,400,60378.0,48,True,True,True,True,True,,,,8.4,8.333333333333334,19200,106.83674970001448,27.372455499949865,2.2047124484156466,60378.0,1,15,
proposed_n400_k48_h11_s67,proposed,400,48,11,67,783.9308362159242,163.6681075788349,134.77703003454624,7856.0691637840755,79.46535519999452,4442.810616300034,4103.248017945052,400,60378.0,48,True,True,True,True,True,False,64.0,False,8.4,8.333333333333334,19200,4522.275971500028,4445.197752500011,1.9598270905398103,60378.0,1,20,global_assignment_boundary_sova
pso_n400_k48_h11_s67,pso,400,48,11,67,875.7923889244238,161.75432523074116,136.38313628863608,7764.207611075576,79.46535519999452,561.5579073000117,3581.4478455245126,400,60378.0,48,True,True,True,True,True,,,,8.4,8.333333333333334,19200,641.0232625000062,561.6549686000217,2.1894809723110593,60378.0,1,15,
aco_n450_k54_h11_s7,aco,450,54,11,7,882.5109008637666,163.65720553955987,139.5778652444714,8837.489099136234,87.31098330000532,472.1895442000241,3290.0027839448417,450,69066.0,54,True,True,True,True,True,,,,8.4,8.333333333333334,24300,559.5005275000294,472.24791839998215,1.9611353352528145,69066.0,1,14,
ga_n450_k54_h11_s7,ga,450,54,11,7,991.4852273200798,161.63916245703555,138.73606261055505,8728.51477267992,87.31098330000532,790.401541899977,4018.5764617344,450,69066.0,54,True,True,True,True,True,,,,8.4,8.333333333333334,24300,877.7125251999823,790.4880935999972,2.203300505155733,69066.0,1,15,
nn_n450_k54_h11_s7,nn,450,54,11,7,1014.0039771809928,161.22214857072234,138.03986730580965,8705.996022819007,87.31098330000532,30.704087399994023,3920.1220537176714,450,69066.0,54,True,True,True,True,True,,,,8.4,8.333333333333334,24300,118.01507069999934,30.704821899998933,2.2533421715133173,69066.0,1,16,
proposed_n450_k54_h11_s7,proposed,450,54,11,7,882.9351380047547,163.64934929620827,141.62560003069098,8837.064861995246,87.31098330000532,17881.00872740001,4893.104664879556,450,69066.0,54,True,True,True,True,True,False,64.0,False,8.4,8.333333333333334,24300,17968.319710700016,17882.92718629999,1.9620780844550103,69066.0,1,21,global_assignment_boundary_sova
pso_n450_k54_h11_s7,pso,450,54,11,7,1010.7384283224676,161.28262169773208,138.24848043217912,8709.261571677533,87.31098330000532,618.4989705999906,3884.238037017325,450,69066.0,54,True,True,True,True,True,,,,8.4,8.333333333333334,24300,705.8099538999959,618.591706999985,2.24608539627215,69066.0,1,16,
aco_n500_k60_h11_s7,aco,500,60,11,7,958.838754838682,164.01935408602196,144.72272606654792,9841.161245161318,98.53377519999049,610.180861300003,3580.3497594340274,500,76673.0,60,True,True,True,True,True,,,,8.4,8.333333333333334,30000,708.7146364999935,610.2505543000007,1.917677509677364,76673.0,1,14,
ga_n500_k60_h11_s7,ga,500,60,11,7,1065.869190127459,162.23551349787567,141.0427567298522,9734.13080987254,98.53377519999049,963.1118907999772,4518.177069809317,500,76673.0,60,True,True,True,True,True,,,,8.4,8.333333333333334,30000,1061.6456659999676,963.2042299000022,2.131738380254918,76673.0,1,17,
nn_n500_k60_h11_s7,nn,500,60,11,7,1094.7351825101011,161.75441362483164,138.0643934792136,9705.2648174899,98.53377519999049,41.79867940000258,4518.177069809317,500,76673.0,60,True,True,True,True,True,,,,8.4,8.333333333333334,30000,140.33245459999307,41.79938260000199,2.189470365020202,76673.0,1,17,
proposed_n500_k60_h11_s7,proposed,500,60,11,7,956.0814708376228,164.06530881937297,138.56524210144548,9843.918529162378,98.53377519999049,40576.6183645,4553.524353774914,500,76673.0,60,True,True,True,True,True,False,64.0,False,8.4,8.333333333333334,30000,40675.15213969999,40578.34169840001,1.9121629416752453,76673.0,1,24,global_assignment_boundary_sova
pso_n500_k60_h11_s7,pso,500,60,11,7,1084.4111778428269,161.92648036928622,139.96494134757089,9715.588822157171,98.53377519999049,819.5916395999957,4518.177069809317,500,76673.0,60,True,True,True,True,True,,,,8.4,8.333333333333334,30000,918.1254147999862,819.6989407000074,2.168822355685654,76673.0,1,17,
